{
"type": "FeatureCollection",
"name": "catalytic_medicine",
"crs": { "type": "name", "properties": { "name": "urn:ogc:def:crs:OGC:1.3:CRS84" } },
"features": [
{ "type": "Feature", "properties": { "name": "Claremont Hospital", "type": "hospital" }, "geometry": { "type": "Point", "coordinates": [ 18.4665444, -33.9866104 ] } },
{ "type": "Feature", "properties": { "name": "UCT Private Academic Hospital", "type": "hospital" }, "geometry": { "type": "Point", "coordinates": [ 18.4633143, -33.942054 ] } },
{ "type": "Feature", "properties": { "name": "Clicks", "type": "pharmacy" }, "geometry": { "type": "Point", "coordinates": [ 18.4302702, -34.1395998 ] } },
{ "type": "Feature", "properties": { "name": "Culemborg Pharmacy", "type": "pharmacy" }, "geometry": { "type": "Point", "coordinates": [ 18.4253587, -33.9191885 ] } },
{ "type": "Feature", "properties": { "name": "Litekem Pharmacy", "type": "pharmacy" }, "geometry": { "type": "Point", "coordinates": [ 18.4226813, -33.9243529 ] } },
{ "type": "Feature", "properties": { "name": "Hout Bay Family Medical Center", "type": "doctors" }, "geometry": { "type": "Point", "coordinates": [ 18.3505366, -34.0415114 ] } },
{ "type": "Feature", "properties": { "name": "Reddam Pharmacy", "type": "pharmacy" }, "geometry": { "type": "Point", "coordinates": [ 18.4318257, -34.073109 ] } },
{ "type": "Feature", "properties": { "name": "Blooms", "type": "pharmacy" }, "geometry": { "type": "Point", "coordinates": [ 18.4090599, -33.932082599999987 ] } },
{ "type": "Feature", "properties": { "name": "Dr K van der Westhuizen", "type": "doctors" }, "geometry": { "type": "Point", "coordinates": [ 18.4454764, -33.934794 ] } },
{ "type": "Feature", "properties": { "name": "Goedehoop Pharmacy", "type": "pharmacy" }, "geometry": { "type": "Point", "coordinates": [ 18.8307879, -34.1007328 ] } },
{ "type": "Feature", "properties": { "name": "Rustenberg Pharmacy", "type": "pharmacy" }, "geometry": { "type": "Point", "coordinates": [ 18.4710697, -34.1073491 ] } },
{ "type": "Feature", "properties": { "name": "Clicks", "type": "pharmacy" }, "geometry": { "type": "Point", "coordinates": [ 18.8530835, -34.085317400000015 ] } },
{ "type": "Feature", "properties": { "name": "AlphaPharm", "type": "pharmacy" }, "geometry": { "type": "Point", "coordinates": [ 18.8533036, -34.0851959 ] } },
{ "type": "Feature", "properties": { "name": "Clicks", "type": "pharmacy" }, "geometry": { "type": "Point", "coordinates": [ 18.39736, -33.9081851 ] } },
{ "type": "Feature", "properties": { "name": "Cylnor Pharmacy", "type": "pharmacy" }, "geometry": { "type": "Point", "coordinates": [ 18.8339704, -34.0634414 ] } },
{ "type": "Feature", "properties": { "name": "Clicks", "type": "pharmacy" }, "geometry": { "type": "Point", "coordinates": [ 18.6719996, -33.856462 ] } },
{ "type": "Feature", "properties": { "name": "Plax Pharmacy", "type": "pharmacy" }, "geometry": { "type": "Point", "coordinates": [ 18.5042328, -33.9903836 ] } },
{ "type": "Feature", "properties": { "name": "Clicks", "type": "pharmacy" }, "geometry": { "type": "Point", "coordinates": [ 18.5583156, -33.8913005 ] } },
{ "type": "Feature", "properties": { "name": "Clicks", "type": "pharmacy" }, "geometry": { "type": "Point", "coordinates": [ 18.4644474, -33.9801585 ] } },
{ "type": "Feature", "properties": { "name": "LFY Clinic", "type": "clinic" }, "geometry": { "type": "Point", "coordinates": [ 18.4637366, -33.9817699 ] } },
{ "type": "Feature", "properties": { "name": "Clicks", "type": "pharmacy" }, "geometry": { "type": "Point", "coordinates": [ 18.6772987, -33.8442916 ] } },
{ "type": "Feature", "properties": { "name": "Clicks", "type": "pharmacy" }, "geometry": { "type": "Point", "coordinates": [ 18.3574636, -34.0426211 ] } },
{ "type": "Feature", "properties": { "name": "Clicks", "type": "pharmacy" }, "geometry": { "type": "Point", "coordinates": [ 18.8426977, -33.977388600000012 ] } },
{ "type": "Feature", "properties": { "name": "Clicks", "type": "pharmacy" }, "geometry": { "type": "Point", "coordinates": [ 18.508928, -33.8813974 ] } },
{ "type": "Feature", "properties": { "name": "Meadowridge Pharmacy", "type": "pharmacy" }, "geometry": { "type": "Point", "coordinates": [ 18.4563431, -34.0401913 ] } },
{ "type": "Feature", "properties": { "name": "Clicks", "type": "pharmacy" }, "geometry": { "type": "Point", "coordinates": [ 18.5790828, -33.8739688 ] } },
{ "type": "Feature", "properties": { "name": "Clicks", "type": "pharmacy" }, "geometry": { "type": "Point", "coordinates": [ 18.4705684, -33.9601839 ] } },
{ "type": "Feature", "properties": { "name": "Clicks", "type": "pharmacy" }, "geometry": { "type": "Point", "coordinates": [ 18.5106082, -33.9331877 ] } },
{ "type": "Feature", "properties": { "name": "Clicks", "type": "pharmacy" }, "geometry": { "type": "Point", "coordinates": [ 18.68246, -33.9087831 ] } },
{ "type": "Feature", "properties": { "name": "Clicks", "type": "pharmacy" }, "geometry": { "type": "Point", "coordinates": [ 18.4173294, -33.9341932 ] } },
{ "type": "Feature", "properties": { "name": "Clicks", "type": "pharmacy" }, "geometry": { "type": "Point", "coordinates": [ 18.6467395, -33.8315395 ] } },
{ "type": "Feature", "properties": { "name": "Dis-Chem", "type": "pharmacy" }, "geometry": { "type": "Point", "coordinates": [ 18.394699, -33.910476300000013 ] } },
{ "type": "Feature", "properties": { "name": "Clicks", "type": "pharmacy" }, "geometry": { "type": "Point", "coordinates": [ 18.6747007, -33.8151117 ] } },
{ "type": "Feature", "properties": { "name": "Clicks", "type": "pharmacy" }, "geometry": { "type": "Point", "coordinates": [ 18.4432202, -34.0210633 ] } },
{ "type": "Feature", "properties": { "name": "Clicks", "type": "pharmacy" }, "geometry": { "type": "Point", "coordinates": [ 18.4976841, -33.9404012 ] } },
{ "type": "Feature", "properties": { "name": "Clicks", "type": "pharmacy" }, "geometry": { "type": "Point", "coordinates": [ 18.822956, -34.0706019 ] } },
{ "type": "Feature", "properties": { "name": "Dis-Chem | Die Boord", "type": "pharmacy" }, "geometry": { "type": "Point", "coordinates": [ 18.8512469, -33.9441729 ] } },
{ "type": "Feature", "properties": { "name": "Essential Health Pharmacy", "type": "pharmacy" }, "geometry": { "type": "Point", "coordinates": [ 18.8494823, -34.0810226 ] } },
{ "type": "Feature", "properties": { "name": "Clicks", "type": "pharmacy" }, "geometry": { "type": "Point", "coordinates": [ 18.4813865, -34.08864 ] } },
{ "type": "Feature", "properties": { "name": "Clicks", "type": "pharmacy" }, "geometry": { "type": "Point", "coordinates": [ 18.5225415, -34.0006354 ] } },
{ "type": "Feature", "properties": { "name": "Durbell", "type": "pharmacy" }, "geometry": { "type": "Point", "coordinates": [ 18.6129234, -33.8586778 ] } },
{ "type": "Feature", "properties": { "name": "", "type": "doctors" }, "geometry": { "type": "Point", "coordinates": [ 18.5273558, -33.8830061 ] } },
{ "type": "Feature", "properties": { "name": "Akeso Stepping Stones", "type": "hospital" }, "geometry": { "type": "Point", "coordinates": [ 18.3250024, -34.1412363 ] } },
{ "type": "Feature", "properties": { "name": "Warrens", "type": "pharmacy" }, "geometry": { "type": "Point", "coordinates": [ 18.4309717, -34.1386656 ] } },
{ "type": "Feature", "properties": { "name": "", "type": "doctors" }, "geometry": { "type": "Point", "coordinates": [ 18.5035302, -33.93651040000001 ] } },
{ "type": "Feature", "properties": { "name": "A. White Chemist", "type": "pharmacy" }, "geometry": { "type": "Point", "coordinates": [ 18.421477, -33.9260486 ] } },
{ "type": "Feature", "properties": { "name": "Church Square Medical Practice", "type": "doctors" }, "geometry": { "type": "Point", "coordinates": [ 18.4215168, -33.9254069 ] } },
{ "type": "Feature", "properties": { "name": "Lady Michaelis Community Health Centre", "type": "yes" }, "geometry": { "type": "Point", "coordinates": [ 18.4653354, -34.0213818 ] } },
{ "type": "Feature", "properties": { "name": "Noyes Pharmacy", "type": "pharmacy" }, "geometry": { "type": "Point", "coordinates": [ 18.4686033, -33.9958628 ] } },
{ "type": "Feature", "properties": { "name": "Kenilworth Medicross", "type": "clinic" }, "geometry": { "type": "Point", "coordinates": [ 18.4795833, -33.9901105 ] } },
{ "type": "Feature", "properties": { "name": "Alpha", "type": "pharmacy" }, "geometry": { "type": "Point", "coordinates": [ 19.0326056, -34.3400953 ] } },
{ "type": "Feature", "properties": { "name": "Green Point Chiropractic Centre", "type": "alternative" }, "geometry": { "type": "Point", "coordinates": [ 18.400614, -33.9081814 ] } },
{ "type": "Feature", "properties": { "name": "Clicks", "type": "pharmacy" }, "geometry": { "type": "Point", "coordinates": [ 18.3820215, -33.9216488 ] } },
{ "type": "Feature", "properties": { "name": "Cape Town Dental Studio", "type": "dentist" }, "geometry": { "type": "Point", "coordinates": [ 18.3887434, -33.9171804 ] } },
{ "type": "Feature", "properties": { "name": "144 Main Road Health Centre", "type": "doctors" }, "geometry": { "type": "Point", "coordinates": [ 18.3907189, -33.914212 ] } },
{ "type": "Feature", "properties": { "name": "Stelkor Pharmacy", "type": "pharmacy" }, "geometry": { "type": "Point", "coordinates": [ 18.8597264, -33.939677 ] } },
{ "type": "Feature", "properties": { "name": "Clicks", "type": "pharmacy" }, "geometry": { "type": "Point", "coordinates": [ 18.8448342, -34.1319296 ] } },
{ "type": "Feature", "properties": { "name": "Stellenbosch Square Pharmacy", "type": "pharmacy" }, "geometry": { "type": "Point", "coordinates": [ 18.842011, -33.9781446 ] } },
{ "type": "Feature", "properties": { "name": "Dr. S. Bouwer", "type": "dentist" }, "geometry": { "type": "Point", "coordinates": [ 18.827675, -34.0706567 ] } },
{ "type": "Feature", "properties": { "name": "Dr. Bauermeister", "type": "dentist" }, "geometry": { "type": "Point", "coordinates": [ 18.8506626, -34.0769295 ] } },
{ "type": "Feature", "properties": { "name": "Gideon van Tonder", "type": "dentist" }, "geometry": { "type": "Point", "coordinates": [ 18.8501174, -34.079631 ] } },
{ "type": "Feature", "properties": { "name": "DentalWize", "type": "dentist" }, "geometry": { "type": "Point", "coordinates": [ 18.8476791, -34.0784309 ] } },
{ "type": "Feature", "properties": { "name": "Dr. Herbst", "type": "doctors" }, "geometry": { "type": "Point", "coordinates": [ 18.8540415, -34.0847605 ] } },
{ "type": "Feature", "properties": { "name": "", "type": "doctors" }, "geometry": { "type": "Point", "coordinates": [ 18.4409386, -34.194535 ] } },
{ "type": "Feature", "properties": { "name": "MSF Mobile Clinic", "type": "doctor" }, "geometry": { "type": "Point", "coordinates": [ 18.6716292, -34.0623374 ] } },
{ "type": "Feature", "properties": { "name": "Alpha Pharm", "type": "pharmacy" }, "geometry": { "type": "Point", "coordinates": [ 18.4319477, -34.1932985 ] } },
{ "type": "Feature", "properties": { "name": "Matthew Goniwe Clinic", "type": "clinic" }, "geometry": { "type": "Point", "coordinates": [ 18.7057411, -34.0441705 ] } },
{ "type": "Feature", "properties": { "name": "Kuyasa Clinic", "type": "clinic" }, "geometry": { "type": "Point", "coordinates": [ 18.6894179, -34.0558864 ] } },
{ "type": "Feature", "properties": { "name": "Site B Youth Clinic", "type": "clinic" }, "geometry": { "type": "Point", "coordinates": [ 18.6655076, -34.0294362 ] } },
{ "type": "Feature", "properties": { "name": "Site B Community Health Clinic", "type": "clinic" }, "geometry": { "type": "Point", "coordinates": [ 18.6655032, -34.028187699999989 ] } },
{ "type": "Feature", "properties": { "name": "Wellness Hub 1", "type": "clinic" }, "geometry": { "type": "Point", "coordinates": [ 18.6653318, -34.0171862 ] } },
{ "type": "Feature", "properties": { "name": "Nolungile Community Health Clinic", "type": "clinic" }, "geometry": { "type": "Point", "coordinates": [ 18.6504012, -34.0134603 ] } },
{ "type": "Feature", "properties": { "name": "Site C Youth Clinic", "type": "clinic" }, "geometry": { "type": "Point", "coordinates": [ 18.64995, -34.0135629 ] } },
{ "type": "Feature", "properties": { "name": "Site B Male Clinic", "type": "clinic" }, "geometry": { "type": "Point", "coordinates": [ 18.6660541, -34.0264014 ] } },
{ "type": "Feature", "properties": { "name": "Zakhele Clinic", "type": "clinic" }, "geometry": { "type": "Point", "coordinates": [ 18.6594467, -34.041360199999986 ] } },
{ "type": "Feature", "properties": { "name": "Mayenzeke Clinic", "type": "clinic" }, "geometry": { "type": "Point", "coordinates": [ 18.7019955, -34.0521372 ] } },
{ "type": "Feature", "properties": { "name": "Wellness Hub 2", "type": "clinic" }, "geometry": { "type": "Point", "coordinates": [ 18.6437456, -34.0066588 ] } },
{ "type": "Feature", "properties": { "name": "Kuyasa Male Clinic", "type": "clinic" }, "geometry": { "type": "Point", "coordinates": [ 18.6939032, -34.0543245 ] } },
{ "type": "Feature", "properties": { "name": "ANOVA Health Institute Male Clinic", "type": "clinic" }, "geometry": { "type": "Point", "coordinates": [ 18.649412, -34.0151185 ] } },
{ "type": "Feature", "properties": { "name": "Lizo Nobanda TB Centre", "type": "clinic" }, "geometry": { "type": "Point", "coordinates": [ 18.666642, -34.054201 ] } },
{ "type": "Feature", "properties": { "name": "Therapy in Action Somerset West", "type": "clinic" }, "geometry": { "type": "Point", "coordinates": [ 18.861026, -34.093288 ] } },
{ "type": "Feature", "properties": { "name": "Dr. B.M. Sher", "type": "dentist" }, "geometry": { "type": "Point", "coordinates": [ 18.4106385, -33.908657199999986 ] } },
{ "type": "Feature", "properties": { "name": "", "type": "pharmacy" }, "geometry": { "type": "Point", "coordinates": [ 18.5773124, -33.908122799999987 ] } },
{ "type": "Feature", "properties": { "name": "Clicks", "type": "pharmacy" }, "geometry": { "type": "Point", "coordinates": [ 18.6854286, -33.8324428 ] } },
{ "type": "Feature", "properties": { "name": "Wesfleur Private Clinic", "type": "clinic" }, "geometry": { "type": "Point", "coordinates": [ 18.4942037, -33.5652585 ] } },
{ "type": "Feature", "properties": { "name": "Durbell Pharmacy", "type": "pharmacy" }, "geometry": { "type": "Point", "coordinates": [ 18.5760805, -33.876058 ] } },
{ "type": "Feature", "properties": { "name": "Basil Adriaanse Physiotherapy", "type": "physiotherapist" }, "geometry": { "type": "Point", "coordinates": [ 18.6251407, -33.9014657 ] } },
{ "type": "Feature", "properties": { "name": "Dr Chris Steytler", "type": "doctors" }, "geometry": { "type": "Point", "coordinates": [ 18.6254257, -33.9017036 ] } },
{ "type": "Feature", "properties": { "name": "Dr Erica Cilliers", "type": "doctors" }, "geometry": { "type": "Point", "coordinates": [ 18.6254265, -33.901724 ] } },
{ "type": "Feature", "properties": { "name": "Dr Frans van Eetveldt", "type": "doctors" }, "geometry": { "type": "Point", "coordinates": [ 18.6254267, -33.9017442 ] } },
{ "type": "Feature", "properties": { "name": "Physiotherapy & Rehabilitation", "type": "physiotherapist" }, "geometry": { "type": "Point", "coordinates": [ 18.6254038, -33.9016089 ] } },
{ "type": "Feature", "properties": { "name": "Doctors Surgery", "type": "doctors" }, "geometry": { "type": "Point", "coordinates": [ 18.6789922, -33.8783761 ] } },
{ "type": "Feature", "properties": { "name": "Dentist", "type": "dentist" }, "geometry": { "type": "Point", "coordinates": [ 18.673948, -33.8146903 ] } },
{ "type": "Feature", "properties": { "name": "Doctor", "type": "doctors" }, "geometry": { "type": "Point", "coordinates": [ 18.6739732, -33.8147006 ] } },
{ "type": "Feature", "properties": { "name": "Durbell Pharmacy", "type": "pharmacy" }, "geometry": { "type": "Point", "coordinates": [ 18.6955871, -33.83952390000001 ] } },
{ "type": "Feature", "properties": { "name": "General Practitioners", "type": "doctors" }, "geometry": { "type": "Point", "coordinates": [ 18.5818788, -33.8834186 ] } },
{ "type": "Feature", "properties": { "name": "Blood Donation Centre", "type": "blood_donation" }, "geometry": { "type": "Point", "coordinates": [ 18.5610656, -33.8908138 ] } },
{ "type": "Feature", "properties": { "name": "Pharmacy City", "type": "pharmacy" }, "geometry": { "type": "Point", "coordinates": [ 18.5609068, -33.8908367 ] } },
{ "type": "Feature", "properties": { "name": "Pharmacy Spar", "type": "pharmacy" }, "geometry": { "type": "Point", "coordinates": [ 18.6953047, -33.8159864 ] } },
{ "type": "Feature", "properties": { "name": "Dis-Chem", "type": "pharmacy" }, "geometry": { "type": "Point", "coordinates": [ 18.5555117, -33.8914571 ] } },
{ "type": "Feature", "properties": { "name": "Cloetesville Community Health Clinic", "type": "clinic" }, "geometry": { "type": "Point", "coordinates": [ 18.8548978, -33.911511399999988 ] } },
{ "type": "Feature", "properties": { "name": "Dr Wentley", "type": "doctors" }, "geometry": { "type": "Point", "coordinates": [ 18.8788399, -33.9232772 ] } },
{ "type": "Feature", "properties": { "name": "Westgate Pharmacy", "type": "pharmacy" }, "geometry": { "type": "Point", "coordinates": [ 18.5855735, -34.041325 ] } },
{ "type": "Feature", "properties": { "name": "Medicross Private Hospital", "type": "clinic" }, "geometry": { "type": "Point", "coordinates": [ 18.5886423, -33.9046668 ] } },
{ "type": "Feature", "properties": { "name": "Waterfront Pharmacy", "type": "pharmacy" }, "geometry": { "type": "Point", "coordinates": [ 18.4209687, -33.9033175 ] } },
{ "type": "Feature", "properties": { "name": "Lakeside Pharmacy", "type": "pharmacy" }, "geometry": { "type": "Point", "coordinates": [ 18.4572854, -34.086258899999983 ] } },
{ "type": "Feature", "properties": { "name": "Dr Q Botha - Chiropractor", "type": "doctors" }, "geometry": { "type": "Point", "coordinates": [ 18.6517067, -33.8424653 ] } },
{ "type": "Feature", "properties": { "name": "Ivan Toms Centre for Men‘s Health", "type": "clinic" }, "geometry": { "type": "Point", "coordinates": [ 18.4150308, -33.9058181 ] } },
{ "type": "Feature", "properties": { "name": "Butterfly Centre", "type": "clinic" }, "geometry": { "type": "Point", "coordinates": [ 19.0044999, -33.7012783 ] } },
{ "type": "Feature", "properties": { "name": "Van Der Vyver & Partners", "type": "doctors" }, "geometry": { "type": "Point", "coordinates": [ 19.0229954, -34.1496226 ] } },
{ "type": "Feature", "properties": { "name": "Bosman", "type": "dentist" }, "geometry": { "type": "Point", "coordinates": [ 19.0234994, -34.149492399999986 ] } },
{ "type": "Feature", "properties": { "name": "Rustenburg Pharmacy", "type": "pharmacy" }, "geometry": { "type": "Point", "coordinates": [ 18.4702694, -33.9603182 ] } },
{ "type": "Feature", "properties": { "name": "MSF Mobile Clinic", "type": "doctor" }, "geometry": { "type": "Point", "coordinates": [ 18.6712866, -34.061221 ] } },
{ "type": "Feature", "properties": { "name": "Medicross Langeberg", "type": "doctors" }, "geometry": { "type": "Point", "coordinates": [ 18.7052624, -33.83901920000001 ] } },
{ "type": "Feature", "properties": { "name": "", "type": "pharmacy" }, "geometry": { "type": "Point", "coordinates": [ 18.7053697, -33.838988 ] } },
{ "type": "Feature", "properties": { "name": "Clicks", "type": "pharmacy" }, "geometry": { "type": "Point", "coordinates": [ 18.5032074, -33.8620582 ] } },
{ "type": "Feature", "properties": { "name": "Physiotherapist", "type": "physiotherapist" }, "geometry": { "type": "Point", "coordinates": [ 18.8777288, -33.9264221 ] } },
{ "type": "Feature", "properties": { "name": "Medical Doctor", "type": "doctors" }, "geometry": { "type": "Point", "coordinates": [ 18.8777878, -33.9264132 ] } },
{ "type": "Feature", "properties": { "name": "Stelkor Pharmacy", "type": "pharmacy" }, "geometry": { "type": "Point", "coordinates": [ 18.8779058, -33.9263865 ] } },
{ "type": "Feature", "properties": { "name": "Van Neel Optometrist", "type": "optometrist" }, "geometry": { "type": "Point", "coordinates": [ 18.8779756, -33.9263664 ] } },
{ "type": "Feature", "properties": { "name": "Simonsrust Dentist", "type": "dentist" }, "geometry": { "type": "Point", "coordinates": [ 18.8781714, -33.9263064 ] } },
{ "type": "Feature", "properties": { "name": "Clicks", "type": "pharmacy" }, "geometry": { "type": "Point", "coordinates": [ 18.8819464, -34.150412699999983 ] } },
{ "type": "Feature", "properties": { "name": "Pharma Kem", "type": "pharmacy" }, "geometry": { "type": "Point", "coordinates": [ 18.8294409, -34.1159504 ] } },
{ "type": "Feature", "properties": { "name": "Clicks", "type": "pharmacy" }, "geometry": { "type": "Point", "coordinates": [ 18.4509161, -34.063968 ] } },
{ "type": "Feature", "properties": { "name": "Stelkor Pharmacy", "type": "pharmacy" }, "geometry": { "type": "Point", "coordinates": [ 18.8652627, -33.9328644 ] } },
{ "type": "Feature", "properties": { "name": "PathCare MediClinic Cape Town", "type": "hospital" }, "geometry": { "type": "Point", "coordinates": [ 18.4103896, -33.9365369 ] } },
{ "type": "Feature", "properties": { "name": "Adringa Medical Centre", "type": "doctors" }, "geometry": { "type": "Point", "coordinates": [ 18.8604895, -33.932909 ] } },
{ "type": "Feature", "properties": { "name": "", "type": "dentist" }, "geometry": { "type": "Point", "coordinates": [ 18.8603384, -33.9339294 ] } },
{ "type": "Feature", "properties": { "name": "Bosman, Brink, Groeneveld, Van Zyl", "type": "doctors" }, "geometry": { "type": "Point", "coordinates": [ 18.861417, -33.9388591 ] } },
{ "type": "Feature", "properties": { "name": "Stelkor Doctors", "type": "doctors" }, "geometry": { "type": "Point", "coordinates": [ 18.859753, -33.93974690000001 ] } },
{ "type": "Feature", "properties": { "name": "Rene Visagie & Associates", "type": "audiologist" }, "geometry": { "type": "Point", "coordinates": [ 18.8513073, -33.943223 ] } },
{ "type": "Feature", "properties": { "name": "Clicks", "type": "pharmacy" }, "geometry": { "type": "Point", "coordinates": [ 18.4556049, -34.0396618 ] } },
{ "type": "Feature", "properties": { "name": "Durbanville Health & Spine", "type": "doctors" }, "geometry": { "type": "Point", "coordinates": [ 18.6517365, -33.8425942 ] } },
{ "type": "Feature", "properties": { "name": "Nu-Crane Pharmacy", "type": "pharmacy" }, "geometry": { "type": "Point", "coordinates": [ 18.5664314, -33.9091913 ] } },
{ "type": "Feature", "properties": { "name": "Surgery", "type": "clinic" }, "geometry": { "type": "Point", "coordinates": [ 18.5665279, -33.909178799999985 ] } },
{ "type": "Feature", "properties": { "name": "", "type": "pharmacy" }, "geometry": { "type": "Point", "coordinates": [ 18.5967967, -33.9120142 ] } },
{ "type": "Feature", "properties": { "name": "", "type": "doctors" }, "geometry": { "type": "Point", "coordinates": [ 18.4890313, -33.8999432 ] } },
{ "type": "Feature", "properties": { "name": "Doctors on Kloof", "type": "doctors" }, "geometry": { "type": "Point", "coordinates": [ 18.4088398, -33.9302239 ] } },
{ "type": "Feature", "properties": { "name": "Netcare Christiaan Barnard Memorial Hospital", "type": "hospital" }, "geometry": { "type": "Point", "coordinates": [ 18.4303698, -33.9178545 ] } },
{ "type": "Feature", "properties": { "name": "Dr. Lionel Jedeikin Alchimia Clinic", "type": "clinic" }, "geometry": { "type": "Point", "coordinates": [ 18.4066931, -33.9344269 ] } },
{ "type": "Feature", "properties": { "name": "Living Hope", "type": "centre" }, "geometry": { "type": "Point", "coordinates": [ 18.3843493, -34.1323547 ] } },
{ "type": "Feature", "properties": { "name": "Dr J Lalloo", "type": "doctors" }, "geometry": { "type": "Point", "coordinates": [ 18.5491619, -34.0717894 ] } },
{ "type": "Feature", "properties": { "name": "Wavecrest Pharmacy", "type": "pharmacy" }, "geometry": { "type": "Point", "coordinates": [ 18.549319, -34.0719681 ] } },
{ "type": "Feature", "properties": { "name": "Dis-Chem", "type": "pharmacy" }, "geometry": { "type": "Point", "coordinates": [ 18.4849605, -33.9892764 ] } },
{ "type": "Feature", "properties": { "name": "Clicks", "type": "pharmacy" }, "geometry": { "type": "Point", "coordinates": [ 18.4854111, -33.989223 ] } },
{ "type": "Feature", "properties": { "name": "Institute of Healthy Aging", "type": "yes" }, "geometry": { "type": "Point", "coordinates": [ 18.3864978, -33.919506 ] } },
{ "type": "Feature", "properties": { "name": "Openways Surgery", "type": "doctors" }, "geometry": { "type": "Point", "coordinates": [ 18.4853071, -33.9766437 ] } },
{ "type": "Feature", "properties": { "name": "Mediplace Pharmacy", "type": "pharmacy" }, "geometry": { "type": "Point", "coordinates": [ 18.4548487, -33.9312911 ] } },
{ "type": "Feature", "properties": { "name": "Victoria Medi-Place", "type": "doctors" }, "geometry": { "type": "Point", "coordinates": [ 18.4504146, -33.9295035 ] } },
{ "type": "Feature", "properties": { "name": "Dr Faeza Arnold", "type": "doctors" }, "geometry": { "type": "Point", "coordinates": [ 18.4564435, -33.9317748 ] } },
{ "type": "Feature", "properties": { "name": "Clicks", "type": "pharmacy" }, "geometry": { "type": "Point", "coordinates": [ 18.4625152, -33.9371071 ] } },
{ "type": "Feature", "properties": { "name": "Lifestyle Pharmacy", "type": "pharmacy" }, "geometry": { "type": "Point", "coordinates": [ 18.4665991, -33.941802 ] } },
{ "type": "Feature", "properties": { "name": "JJS Dentistry", "type": "dentist" }, "geometry": { "type": "Point", "coordinates": [ 18.4225189, -33.91231470000001 ] } },
{ "type": "Feature", "properties": { "name": "Covid Testing", "type": "hospital" }, "geometry": { "type": "Point", "coordinates": [ 18.6115614, -33.9011923 ] } },
{ "type": "Feature", "properties": { "name": "St. Lukes Hospice", "type": "hospice" }, "geometry": { "type": "Point", "coordinates": [ 18.5124036, -33.831332 ] } },
{ "type": "Feature", "properties": { "name": "", "type": "doctor" }, "geometry": { "type": "Point", "coordinates": [ 18.6771335, -33.98234750000001 ] } },
{ "type": "Feature", "properties": { "name": "", "type": "yes" }, "geometry": { "type": "Point", "coordinates": [ 18.6444506, -33.9655288 ] } },
{ "type": "Feature", "properties": { "name": "Dr van der Merwe", "type": "doctors" }, "geometry": { "type": "Point", "coordinates": [ 18.5159538, -34.020855100000013 ] } },
{ "type": "Feature", "properties": { "name": "UCT Community of Hope Vaccination Centre", "type": "vaccination_centre" }, "geometry": { "type": "Point", "coordinates": [ 18.4691258, -33.9470869 ] } },
{ "type": "Feature", "properties": { "name": "Clicks", "type": "pharmacy" }, "geometry": { "type": "Point", "coordinates": [ 18.4429056, -33.9276696 ] } },
{ "type": "Feature", "properties": { "name": "Dr. Sehaam Abrahams", "type": "doctors" }, "geometry": { "type": "Point", "coordinates": [ 18.447983, -33.9293161 ] } },
{ "type": "Feature", "properties": { "name": "Pathcare", "type": "laboratory" }, "geometry": { "type": "Point", "coordinates": [ 18.8520591, -33.9451532 ] } },
{ "type": "Feature", "properties": { "name": "Lanzet Laboratories", "type": "doctors" }, "geometry": { "type": "Point", "coordinates": [ 18.8513154, -33.9433758 ] } },
{ "type": "Feature", "properties": { "name": "Woodstock Dental Studio", "type": "dentist" }, "geometry": { "type": "Point", "coordinates": [ 18.4547308, -33.9312467 ] } },
{ "type": "Feature", "properties": { "name": "Clicks", "type": "pharmacy" }, "geometry": { "type": "Point", "coordinates": [ 18.4922204, -33.5640119 ] } },
{ "type": "Feature", "properties": { "name": "Panorama Dermatology Clinic", "type": "clinic" }, "geometry": { "type": "Point", "coordinates": [ 18.5763113, -33.8782048 ] } },
{ "type": "Feature", "properties": { "name": "Dr. Faizal B. Khalfa", "type": "doctors" }, "geometry": { "type": "Point", "coordinates": [ 18.4476593, -33.9289408 ] } },
{ "type": "Feature", "properties": { "name": "Doctor’s Surgery", "type": "doctors" }, "geometry": { "type": "Point", "coordinates": [ 18.546481, -33.8713799 ] } },
{ "type": "Feature", "properties": { "name": "Majdah Bardien Physiotherapy", "type": "physiotherapist" }, "geometry": { "type": "Point", "coordinates": [ 18.4547813, -33.9314087 ] } },
{ "type": "Feature", "properties": { "name": "", "type": "clinic" }, "geometry": { "type": "Point", "coordinates": [ 18.6599328, -33.8963312 ] } },
{ "type": "Feature", "properties": { "name": "", "type": "physiotherapist" }, "geometry": { "type": "Point", "coordinates": [ 18.4917733, -33.8489907 ] } },
{ "type": "Feature", "properties": { "name": "Jubilee Health Centre", "type": "clinic" }, "geometry": { "type": "Point", "coordinates": [ 18.4696334, -33.932925 ] } },
{ "type": "Feature", "properties": { "name": "DentalWize", "type": "dentist" }, "geometry": { "type": "Point", "coordinates": [ 18.4945902, -33.5650367 ] } },
{ "type": "Feature", "properties": { "name": "Clicks", "type": "pharmacy" }, "geometry": { "type": "Point", "coordinates": [ 18.5784849, -33.874022600000011 ] } },
{ "type": "Feature", "properties": { "name": "Lize-Jeanne Coetzee Biokineticist", "type": "alternative" }, "geometry": { "type": "Point", "coordinates": [ 18.8577667, -33.9022257 ] } },
{ "type": "Feature", "properties": { "name": "St Vincent Community Health Clinic", "type": "clinic" }, "geometry": { "type": "Point", "coordinates": [ 18.6485822, -33.9452291 ] } },
{ "type": "Feature", "properties": { "name": "Helderberg Hospice", "type": "hospice" }, "geometry": { "type": "Point", "coordinates": [ 18.8343771, -34.0669227 ] } },
{ "type": "Feature", "properties": { "name": "Clicks", "type": "pharmacy" }, "geometry": { "type": "Point", "coordinates": [ 18.5386562, -33.84860230000001 ] } },
{ "type": "Feature", "properties": { "name": "City-Kem", "type": "pharmacy" }, "geometry": { "type": "Point", "coordinates": [ 18.6309021, -33.9012652 ] } },
{ "type": "Feature", "properties": { "name": "Dr Schalk V Burger", "type": "doctors" }, "geometry": { "type": "Point", "coordinates": [ 18.6609171, -33.822197899999985 ] } },
{ "type": "Feature", "properties": { "name": "Kinnell Physiotherapy", "type": "physiotherapist" }, "geometry": { "type": "Point", "coordinates": [ 18.4880735, -33.9619172 ] } },
{ "type": "Feature", "properties": { "name": "WP Physio Gardens", "type": "physiotherapist" }, "geometry": { "type": "Point", "coordinates": [ 18.4096829, -33.9344369 ] } },
{ "type": "Feature", "properties": { "name": "Athletic Recovery Centre", "type": "occupational_therapist" }, "geometry": { "type": "Point", "coordinates": [ 18.4097828, -33.934343 ] } },
{ "type": "Feature", "properties": { "name": "Stellenbosch Eye Centre", "type": "doctors" }, "geometry": { "type": "Point", "coordinates": [ 18.8622742, -33.9401128 ] } },
{ "type": "Feature", "properties": { "name": "Cape Health Collective", "type": "clinic" }, "geometry": { "type": "Point", "coordinates": [ 18.4780324, -33.98401040000001 ] } },
{ "type": "Feature", "properties": { "name": "Clicks", "type": "pharmacy" }, "geometry": { "type": "Point", "coordinates": [ 18.5113991, -33.8920577 ] } },
{ "type": "Feature", "properties": { "name": "Faircape Hospital", "type": "hospital" }, "geometry": { "type": "Point", "coordinates": [ 18.4538934, -34.0606207 ] } },
{ "type": "Feature", "properties": { "name": "Spescare Helderberg", "type": "hospital" }, "geometry": { "type": "Point", "coordinates": [ 18.8383396, -34.112913 ] } },
{ "type": "Feature", "properties": { "name": "Twin Palms Pharmacy", "type": "pharmacy" }, "geometry": { "type": "Point", "coordinates": [ 18.8416417, -34.1135603 ] } },
{ "type": "Feature", "properties": { "name": "Clicks", "type": "pharmacy" }, "geometry": { "type": "Point", "coordinates": [ 18.8603872, -33.9360128 ] } },
{ "type": "Feature", "properties": { "name": "Kendalwood Surgery", "type": "doctors" }, "geometry": { "type": "Point", "coordinates": [ 18.4650099, -34.0333134 ] } },
{ "type": "Feature", "properties": { "name": "StellDoc", "type": "doctors" }, "geometry": { "type": "Point", "coordinates": [ 18.8590213, -33.934940199999986 ] } },
{ "type": "Feature", "properties": { "name": "Clicks", "type": "pharmacy" }, "geometry": { "type": "Point", "coordinates": [ 18.7294668, -33.455562799999988 ] } },
{ "type": "Feature", "properties": { "name": "Clicks", "type": "pharmacy" }, "geometry": { "type": "Point", "coordinates": [ 18.4224015, -33.9075125 ] } },
{ "type": "Feature", "properties": { "name": "Medical Practice", "type": "doctors" }, "geometry": { "type": "Point", "coordinates": [ 18.8577519, -33.9322074 ] } },
{ "type": "Feature", "properties": { "name": "Anton Böhmer", "type": "psychotherapist" }, "geometry": { "type": "Point", "coordinates": [ 18.854827, -33.9375499 ] } },
{ "type": "Feature", "properties": { "name": "Fairview Family Practice", "type": "doctors" }, "geometry": { "type": "Point", "coordinates": [ 18.8525846, -34.0838037 ] } },
{ "type": "Feature", "properties": { "name": "Nanette Rosslee", "type": "audiologist" }, "geometry": { "type": "Point", "coordinates": [ 18.8504739, -34.0815036 ] } },
{ "type": "Feature", "properties": { "name": "Herbs, Health & Healing", "type": "alternative" }, "geometry": { "type": "Point", "coordinates": [ 18.8496865, -34.0811024 ] } },
{ "type": "Feature", "properties": { "name": "Strand Community Day Centre", "type": "clinic" }, "geometry": { "type": "Point", "coordinates": [ 18.8299987, -34.116862399999988 ] } },
{ "type": "Feature", "properties": { "name": "Netmed", "type": "doctors" }, "geometry": { "type": "Point", "coordinates": [ 18.831955, -34.1170233 ] } },
{ "type": "Feature", "properties": { "name": "BUISMed Family Doctors", "type": "doctors" }, "geometry": { "type": "Point", "coordinates": [ 18.8579884, -33.902458 ] } },
{ "type": "Feature", "properties": { "name": "Idas Valley Clinic", "type": "clinic" }, "geometry": { "type": "Point", "coordinates": [ 18.8748188, -33.9252721 ] } },
{ "type": "Feature", "properties": { "name": "Clicks", "type": "pharmacy" }, "geometry": { "type": "Point", "coordinates": [ 18.6974147, -33.8536371 ] } },
{ "type": "Feature", "properties": { "name": "Dr Barry Richard Paulse", "type": "doctors" }, "geometry": { "type": "Point", "coordinates": [ 18.4465871, -33.9286998 ] } },
{ "type": "Feature", "properties": { "name": "Clicks", "type": "pharmacy" }, "geometry": { "type": "Point", "coordinates": [ 18.4747285, -33.934121 ] } },
{ "type": "Feature", "properties": { "name": "Stellenbosch Medical Centre", "type": "doctors" }, "geometry": { "type": "Point", "coordinates": [ 18.8550168, -33.9233486 ] } },
{ "type": "Feature", "properties": { "name": "Clicks", "type": "pharmacy" }, "geometry": { "type": "Point", "coordinates": [ 18.5284699, -34.0540108 ] } },
{ "type": "Feature", "properties": { "name": "Dis-Chem", "type": "pharmacy" }, "geometry": { "type": "Point", "coordinates": [ 18.464496, -33.9802224 ] } },
{ "type": "Feature", "properties": { "name": "Dis-Chem", "type": "pharmacy" }, "geometry": { "type": "Point", "coordinates": [ 18.517179, -34.0188909 ] } },
{ "type": "Feature", "properties": { "name": "Wynberg Family Practice", "type": "doctors" }, "geometry": { "type": "Point", "coordinates": [ 18.4772339, -34.0100868 ] } },
{ "type": "Feature", "properties": { "name": "Process Oriented Psychotherapist", "type": "psychotherapist" }, "geometry": { "type": "Point", "coordinates": [ 18.3790143, -34.2024827 ] } },
{ "type": "Feature", "properties": { "name": "#OneHealthCare", "type": "doctors" }, "geometry": { "type": "Point", "coordinates": [ 18.5292764, -34.0546045 ] } },
{ "type": "Feature", "properties": { "name": "Chris Pistorius Dental Practice", "type": "dentist" }, "geometry": { "type": "Point", "coordinates": [ 18.8502853, -33.9638705 ] } },
{ "type": "Feature", "properties": { "name": "Panorama Annex", "type": "doctors" }, "geometry": { "type": "Point", "coordinates": [ 18.5768532, -33.8768999 ] } },
{ "type": "Feature", "properties": { "name": "Clicks", "type": "pharmacy" }, "geometry": { "type": "Point", "coordinates": [ 18.4232198, -33.91837 ] } },
{ "type": "Feature", "properties": { "name": "Medicape", "type": "clinic" }, "geometry": { "type": "Point", "coordinates": [ 18.4212864, -33.9104336 ] } },
{ "type": "Feature", "properties": { "name": "Dental Studio", "type": "dentist" }, "geometry": { "type": "Point", "coordinates": [ 18.4203539, -33.9215378 ] } },
{ "type": "Feature", "properties": { "name": "Winelands Radiology", "type": "medical_imaging" }, "geometry": { "type": "Point", "coordinates": [ 18.8503385, -33.9447044 ] } },
{ "type": "Feature", "properties": { "name": "Cape Town Med: Dr Laylah Fayker CT", "type": "doctors" }, "geometry": { "type": "Point", "coordinates": [ 18.419075, -33.9212753 ] } },
{ "type": "Feature", "properties": { "name": "Morton & Partners Radiologists", "type": "clinic" }, "geometry": { "type": "Point", "coordinates": [ 18.4300266, -33.9181157 ] } },
{ "type": "Feature", "properties": { "name": "HART Fertility Clinic Inc", "type": "clinic" }, "geometry": { "type": "Point", "coordinates": [ 18.432584, -33.919260199999982 ] } },
{ "type": "Feature", "properties": { "name": "Barr’s Pharmacy", "type": "pharmacy" }, "geometry": { "type": "Point", "coordinates": [ 18.4218629, -33.919803 ] } },
{ "type": "Feature", "properties": { "name": "Amanda Kuit", "type": "counselling" }, "geometry": { "type": "Point", "coordinates": [ 18.9530832, -33.78305 ] } },
{ "type": "Feature", "properties": { "name": "Swish", "type": "doctors" }, "geometry": { "type": "Point", "coordinates": [ 18.8711591, -33.8045731 ] } },
{ "type": "Feature", "properties": { "name": "Clicks", "type": "pharmacy" }, "geometry": { "type": "Point", "coordinates": [ 18.5726383, -33.8653938 ] } },
{ "type": "Feature", "properties": { "name": "Dr V Van Rooyen, Van Der Merwe and Kellerman", "type": "doctors" }, "geometry": { "type": "Point", "coordinates": [ 18.5520097, -33.910328 ] } },
{ "type": "Feature", "properties": { "name": "Constantia Medisuites", "type": "doctors" }, "geometry": { "type": "Point", "coordinates": [ 18.4600234, -34.0269841 ] } },
{ "type": "Feature", "properties": { "name": "Clicks", "type": "pharmacy" }, "geometry": { "type": "Point", "coordinates": [ 18.5533375, -33.8876458 ] } },
{ "type": "Feature", "properties": { "name": "Dis-Chem", "type": "pharmacy" }, "geometry": { "type": "Point", "coordinates": [ 18.6502295, -33.8287502 ] } },
{ "type": "Feature", "properties": { "name": "Pocket Power Health", "type": "rehabilitation" }, "geometry": { "type": "Point", "coordinates": [ 18.4204821, -33.9310911 ] } },
{ "type": "Feature", "properties": { "name": "Dr Johann Lochner Inc.", "type": "dentist" }, "geometry": { "type": "Point", "coordinates": [ 18.8508969, -34.0781728 ] } },
{ "type": "Feature", "properties": { "name": "Drs Chris Stander and Sigrid Bouwer", "type": "dentist" }, "geometry": { "type": "Point", "coordinates": [ 18.8499635, -34.0793421 ] } },
{ "type": "Feature", "properties": { "name": "Dr Anton Smuts Chiropractor", "type": "alternative" }, "geometry": { "type": "Point", "coordinates": [ 18.8500546, -34.078068 ] } },
{ "type": "Feature", "properties": { "name": "Tasker Chiropractic", "type": "alternative" }, "geometry": { "type": "Point", "coordinates": [ 18.8497175, -34.0783479 ] } },
{ "type": "Feature", "properties": { "name": "Breitenbach Chiropractic", "type": "doctors" }, "geometry": { "type": "Point", "coordinates": [ 18.844117, -34.081963 ] } },
{ "type": "Feature", "properties": { "name": "Helderberg Chiropractic Centre", "type": "doctors" }, "geometry": { "type": "Point", "coordinates": [ 18.8433325, -34.0817838 ] } },
{ "type": "Feature", "properties": { "name": "The Wellness Pod", "type": "psychotherapist" }, "geometry": { "type": "Point", "coordinates": [ 18.8448994, -34.081011 ] } },
{ "type": "Feature", "properties": { "name": "Elize Morkel Clinical Psychologist", "type": "psychotherapist" }, "geometry": { "type": "Point", "coordinates": [ 18.8459943, -34.0803308 ] } },
{ "type": "Feature", "properties": { "name": "Dr Azel Biermann", "type": "doctors" }, "geometry": { "type": "Point", "coordinates": [ 18.847033, -34.0786938 ] } },
{ "type": "Feature", "properties": { "name": "Dr Bridget Dower", "type": "doctors" }, "geometry": { "type": "Point", "coordinates": [ 18.8469465, -34.078747 ] } },
{ "type": "Feature", "properties": { "name": "Dr Rory Dower", "type": "doctors" }, "geometry": { "type": "Point", "coordinates": [ 18.8470729, -34.078669399999988 ] } },
{ "type": "Feature", "properties": { "name": "Et Al Therapy and Learning Centre", "type": "therapist" }, "geometry": { "type": "Point", "coordinates": [ 18.8464282, -34.0794835 ] } },
{ "type": "Feature", "properties": { "name": "Life Path Tijger Hospital", "type": "clinic" }, "geometry": { "type": "Point", "coordinates": [ 18.6060031, -33.886413099999984 ] } },
{ "type": "Feature", "properties": { "name": "Blaauw & Partners Biokineticists", "type": "physiotherapist" }, "geometry": { "type": "Point", "coordinates": [ 18.8442007, -34.0794667 ] } },
{ "type": "Feature", "properties": { "name": "Dr Karla van Zyl", "type": "alternative" }, "geometry": { "type": "Point", "coordinates": [ 18.8443213, -34.075328899999988 ] } },
{ "type": "Feature", "properties": { "name": "Domenico Balsamo", "type": "psychotherapist" }, "geometry": { "type": "Point", "coordinates": [ 18.8443869, -34.0752664 ] } },
{ "type": "Feature", "properties": { "name": "Nicolise Goosen Physiotherapist", "type": "physiotherapist" }, "geometry": { "type": "Point", "coordinates": [ 18.8443541, -34.0752976 ] } },
{ "type": "Feature", "properties": { "name": "", "type": "hospital" }, "geometry": { "type": "Point", "coordinates": [ 18.908454923135643, -34.119242292360617 ] } },
{ "type": "Feature", "properties": { "name": "Mowbray Maternity Hospital", "type": "hospital" }, "geometry": { "type": "Point", "coordinates": [ 18.474390565208171, -33.949593676732803 ] } },
{ "type": "Feature", "properties": { "name": "Milnerton MediClinic", "type": "hospital" }, "geometry": { "type": "Point", "coordinates": [ 18.506139788995476, -33.865436899153622 ] } },
{ "type": "Feature", "properties": { "name": "Mitchell's Plain District Hospital", "type": "hospital" }, "geometry": { "type": "Point", "coordinates": [ 18.614108757118277, -34.022039670363171 ] } },
{ "type": "Feature", "properties": { "name": "", "type": "hospital" }, "geometry": { "type": "Point", "coordinates": [ 18.718817898061854, -33.997989354191333 ] } },
{ "type": "Feature", "properties": { "name": "Paarl Mediclinic", "type": "hospital" }, "geometry": { "type": "Point", "coordinates": [ 18.969703517235587, -33.718222526505578 ] } },
{ "type": "Feature", "properties": { "name": "Karl Bremer Hospital", "type": "hospital" }, "geometry": { "type": "Point", "coordinates": [ 18.608035266777332, -33.892004263924854 ] } },
{ "type": "Feature", "properties": { "name": "Michael Mapongwana Community Health Centre", "type": "hospital" }, "geometry": { "type": "Point", "coordinates": [ 18.670357084374071, -34.051848781057132 ] } },
{ "type": "Feature", "properties": { "name": "Town 2 Clinic", "type": "clinic" }, "geometry": { "type": "Point", "coordinates": [ 18.683017540136888, -34.039862220677747 ] } },
{ "type": "Feature", "properties": { "name": "Mediclinic Milnerton", "type": "hospital" }, "geometry": { "type": "Point", "coordinates": [ 18.506993585651557, -33.866046015209953 ] } },
{ "type": "Feature", "properties": { "name": "", "type": "hospital" }, "geometry": { "type": "Point", "coordinates": [ 18.55871968359239, -33.894288176208889 ] } },
{ "type": "Feature", "properties": { "name": "Mediclinic Constantiaberg", "type": "hospital" }, "geometry": { "type": "Point", "coordinates": [ 18.46212501975695, -34.027078036178231 ] } },
{ "type": "Feature", "properties": { "name": "False Bay Hospital", "type": "hospital" }, "geometry": { "type": "Point", "coordinates": [ 18.414721006625726, -34.131078055108482 ] } },
{ "type": "Feature", "properties": { "name": "DP Marais Hospital", "type": "hospital" }, "geometry": { "type": "Point", "coordinates": [ 18.460533750861554, -34.062066699977137 ] } },
{ "type": "Feature", "properties": { "name": "Tygerberg Hospital", "type": "hospital" }, "geometry": { "type": "Point", "coordinates": [ 18.613090846266161, -33.910417751380059 ] } },
{ "type": "Feature", "properties": { "name": "", "type": "hospital" }, "geometry": { "type": "Point", "coordinates": [ 18.487345322273075, -33.954776659822691 ] } },
{ "type": "Feature", "properties": { "name": "", "type": "hospital" }, "geometry": { "type": "Point", "coordinates": [ 18.838438240147354, -34.113350929086664 ] } },
{ "type": "Feature", "properties": { "name": "", "type": "hospital" }, "geometry": { "type": "Point", "coordinates": [ 18.4797650032801, -33.936953107632959 ] } },
{ "type": "Feature", "properties": { "name": "Cissie Gool House", "type": "hospital" }, "geometry": { "type": "Point", "coordinates": [ 18.448870497411196, -33.932094196579818 ] } },
{ "type": "Feature", "properties": { "name": "", "type": "hospital" }, "geometry": { "type": "Point", "coordinates": [ 18.675045432252922, -33.918591564463483 ] } },
{ "type": "Feature", "properties": { "name": "Kasselsvlei Clinic", "type": "clinic" }, "geometry": { "type": "Point", "coordinates": [ 18.644063102194984, -33.915252300485399 ] } },
{ "type": "Feature", "properties": { "name": "Observatory Forensic Pathology Institute", "type": "laboratory" }, "geometry": { "type": "Point", "coordinates": [ 18.464410670925886, -33.939026465899282 ] } },
{ "type": "Feature", "properties": { "name": "Mamre Community Health Clinic", "type": "clinic" }, "geometry": { "type": "Point", "coordinates": [ 18.476951969552193, -33.512664662043349 ] } },
{ "type": "Feature", "properties": { "name": "", "type": "hospital" }, "geometry": { "type": "Point", "coordinates": [ 18.490006975702752, -33.944180371222352 ] } },
{ "type": "Feature", "properties": { "name": "", "type": "hospital" }, "geometry": { "type": "Point", "coordinates": [ 18.479297276034277, -33.939349877426537 ] } },
{ "type": "Feature", "properties": { "name": "Ruyterwacht Community Health Clinic", "type": "clinic" }, "geometry": { "type": "Point", "coordinates": [ 18.553431784387637, -33.922765265247349 ] } },
{ "type": "Feature", "properties": { "name": "", "type": "clinic" }, "geometry": { "type": "Point", "coordinates": [ 18.524368307060808, -34.060037521124123 ] } },
{ "type": "Feature", "properties": { "name": "Pelikan Park CDC", "type": "clinic" }, "geometry": { "type": "Point", "coordinates": [ 18.524354135485829, -34.060037177828896 ] } },
{ "type": "Feature", "properties": { "name": "", "type": "hospital" }, "geometry": { "type": "Point", "coordinates": [ 18.816697140905529, -34.095101829166332 ] } },
{ "type": "Feature", "properties": { "name": "", "type": "hospital" }, "geometry": { "type": "Point", "coordinates": [ 18.858979280792383, -34.090876899683927 ] } },
{ "type": "Feature", "properties": { "name": "", "type": "hospital" }, "geometry": { "type": "Point", "coordinates": [ 18.856832349494617, -34.076116926220713 ] } },
{ "type": "Feature", "properties": { "name": "", "type": "hospital" }, "geometry": { "type": "Point", "coordinates": [ 18.857348460684467, -34.076648956436536 ] } },
{ "type": "Feature", "properties": { "name": "", "type": "hospital" }, "geometry": { "type": "Point", "coordinates": [ 18.613209514536798, -33.900911034029235 ] } },
{ "type": "Feature", "properties": { "name": "Nyanga Community Day Clinic", "type": "clinic" }, "geometry": { "type": "Point", "coordinates": [ 18.585188031372461, -33.991673696723396 ] } },
{ "type": "Feature", "properties": { "name": "", "type": "hospital" }, "geometry": { "type": "Point", "coordinates": [ 18.607694230314049, -33.892874557710087 ] } },
{ "type": "Feature", "properties": { "name": "", "type": "hospital" }, "geometry": { "type": "Point", "coordinates": [ 18.607141788457639, -33.892307380247509 ] } },
{ "type": "Feature", "properties": { "name": "Ramot Treatment Centre", "type": "rehabilitation" }, "geometry": { "type": "Point", "coordinates": [ 18.601863316784158, -33.895171362588414 ] } },
{ "type": "Feature", "properties": { "name": "Lotus River Community Health Centre", "type": "clinic" }, "geometry": { "type": "Point", "coordinates": [ 18.50775933163694, -34.026654206972296 ] } },
{ "type": "Feature", "properties": { "name": "", "type": "hospital" }, "geometry": { "type": "Point", "coordinates": [ 18.482545464707165, -33.931099332285086 ] } },
{ "type": "Feature", "properties": { "name": "", "type": "hospital" }, "geometry": { "type": "Point", "coordinates": [ 18.581644807369862, -33.949168851145373 ] } },
{ "type": "Feature", "properties": { "name": "", "type": "hospital" }, "geometry": { "type": "Point", "coordinates": [ 18.879935892302615, -34.083028937221918 ] } },
{ "type": "Feature", "properties": { "name": "", "type": "hospital" }, "geometry": { "type": "Point", "coordinates": [ 18.907901070966009, -34.127046779179715 ] } },
{ "type": "Feature", "properties": { "name": "", "type": "hospital" }, "geometry": { "type": "Point", "coordinates": [ 18.495288894047302, -33.564685739200144 ] } },
{ "type": "Feature", "properties": { "name": "", "type": "hospital" }, "geometry": { "type": "Point", "coordinates": [ 18.45854216822833, -34.012241983086611 ] } },
{ "type": "Feature", "properties": { "name": "", "type": "hospital" }, "geometry": { "type": "Point", "coordinates": [ 18.696833512985556, -33.84827341489094 ] } },
{ "type": "Feature", "properties": { "name": "Red Cross War Memorial Children's Hospital", "type": "hospital" }, "geometry": { "type": "Point", "coordinates": [ 18.488059235482105, -33.954489882525806 ] } },
{ "type": "Feature", "properties": { "name": "Valkenberg Psychiatric Hospital", "type": "hospital" }, "geometry": { "type": "Point", "coordinates": [ 18.480713722923543, -33.939129610001956 ] } },
{ "type": "Feature", "properties": { "name": "Brooklyn Chest Hospital", "type": "hospital" }, "geometry": { "type": "Point", "coordinates": [ 18.485319574846866, -33.900003801625907 ] } },
{ "type": "Feature", "properties": { "name": "2 Military Hospital", "type": "hospital" }, "geometry": { "type": "Point", "coordinates": [ 18.453601878239787, -34.004095726837882 ] } },
{ "type": "Feature", "properties": { "name": "Groote Schuur Hospital", "type": "hospital" }, "geometry": { "type": "Point", "coordinates": [ 18.46252554430011, -33.941235388390695 ] } },
{ "type": "Feature", "properties": { "name": "", "type": "hospital" }, "geometry": { "type": "Point", "coordinates": [ 18.463614155865148, -33.941396424936848 ] } },
{ "type": "Feature", "properties": { "name": "", "type": "hospital" }, "geometry": { "type": "Point", "coordinates": [ 18.461309159661948, -33.940930036881412 ] } },
{ "type": "Feature", "properties": { "name": "", "type": "hospital" }, "geometry": { "type": "Point", "coordinates": [ 18.461186111133511, -33.942266166455362 ] } },
{ "type": "Feature", "properties": { "name": "Child Guidance Clinic", "type": "clinic" }, "geometry": { "type": "Point", "coordinates": [ 18.471128622228225, -33.954027023115039 ] } },
{ "type": "Feature", "properties": { "name": "Mediclinic Durbanville Hospital", "type": "hospital" }, "geometry": { "type": "Point", "coordinates": [ 18.654594694667221, -33.82561377949505 ] } },
{ "type": "Feature", "properties": { "name": "St. Joseph's Home", "type": "rehabilitation" }, "geometry": { "type": "Point", "coordinates": [ 18.573124783210869, -33.964444556717027 ] } },
{ "type": "Feature", "properties": { "name": "", "type": "hospital" }, "geometry": { "type": "Point", "coordinates": [ 18.461972971932251, -34.026992482516285 ] } },
{ "type": "Feature", "properties": { "name": "", "type": "hospital" }, "geometry": { "type": "Point", "coordinates": [ 18.608943821010723, -33.892395184198115 ] } },
{ "type": "Feature", "properties": { "name": "Medi clinic", "type": "hospital" }, "geometry": { "type": "Point", "coordinates": [ 18.410298890683009, -33.936647366361399 ] } },
{ "type": "Feature", "properties": { "name": "", "type": "hospital" }, "geometry": { "type": "Point", "coordinates": [ 18.870122118509254, -33.930220064736325 ] } },
{ "type": "Feature", "properties": { "name": "Vincent Pallotti Hospital", "type": "hospital" }, "geometry": { "type": "Point", "coordinates": [ 18.489775830403453, -33.944419740959901 ] } },
{ "type": "Feature", "properties": { "name": "", "type": "hospital" }, "geometry": { "type": "Point", "coordinates": [ 18.414759784987517, -33.937741807263428 ] } },
{ "type": "Feature", "properties": { "name": "", "type": "yes" }, "geometry": { "type": "Point", "coordinates": [ 18.40972801359413, -33.934387093283213 ] } },
{ "type": "Feature", "properties": { "name": "Helderberg Hospital", "type": "hospital" }, "geometry": { "type": "Point", "coordinates": [ 18.8571867659095, -34.075866285779114 ] } },
{ "type": "Feature", "properties": { "name": "Kayamandi Clinic", "type": "hospital" }, "geometry": { "type": "Point", "coordinates": [ 18.846362657344201, -33.919202300218153 ] } },
{ "type": "Feature", "properties": { "name": "", "type": "hospital" }, "geometry": { "type": "Point", "coordinates": [ 18.850023525525131, -33.944452687125036 ] } },
{ "type": "Feature", "properties": { "name": "", "type": "hospital" }, "geometry": { "type": "Point", "coordinates": [ 18.416541237882679, -33.905844507317724 ] } },
{ "type": "Feature", "properties": { "name": "", "type": "hospital" }, "geometry": { "type": "Point", "coordinates": [ 18.415958587045083, -33.904230509865073 ] } },
{ "type": "Feature", "properties": { "name": "", "type": "hospital" }, "geometry": { "type": "Point", "coordinates": [ 18.579035620535805, -33.876498060286686 ] } },
{ "type": "Feature", "properties": { "name": "", "type": "hospital" }, "geometry": { "type": "Point", "coordinates": [ 18.577803366285391, -33.875923391761845 ] } },
{ "type": "Feature", "properties": { "name": "Panorama Medi-Clinic", "type": "hospital" }, "geometry": { "type": "Point", "coordinates": [ 18.578635749216073, -33.876197528019269 ] } },
{ "type": "Feature", "properties": { "name": "Medicross Fish Hoek", "type": "clinic" }, "geometry": { "type": "Point", "coordinates": [ 18.427523339775664, -34.137327208749717 ] } },
{ "type": "Feature", "properties": { "name": "Wesfleur Hospital", "type": "hospital" }, "geometry": { "type": "Point", "coordinates": [ 18.495253021897028, -33.564733807051255 ] } },
{ "type": "Feature", "properties": { "name": "", "type": "hospital" }, "geometry": { "type": "Point", "coordinates": [ 18.483531524279975, -33.803896819143489 ] } },
{ "type": "Feature", "properties": { "name": "Victoria House Medical & Dental Centre", "type": "doctors" }, "geometry": { "type": "Point", "coordinates": [ 18.476934018944206, -33.959461861378557 ] } },
{ "type": "Feature", "properties": { "name": "Panorama Medical Centre", "type": "clinic" }, "geometry": { "type": "Point", "coordinates": [ 18.576821577082278, -33.876964886802881 ] } },
{ "type": "Feature", "properties": { "name": "Stikland Psychiatric Hospital", "type": "hospital" }, "geometry": { "type": "Point", "coordinates": [ 18.659916092981742, -33.896290206715818 ] } },
{ "type": "Feature", "properties": { "name": "Red Cross War Memorial Children's Hospital: Division of Child and Adolescent Psychiatry", "type": "hospital" }, "geometry": { "type": "Point", "coordinates": [ 18.4812952553523, -33.952873879924319 ] } },
{ "type": "Feature", "properties": { "name": "Chinn's Corner Pharmacy", "type": "pharmacy" }, "geometry": { "type": "Point", "coordinates": [ 18.41955293064655, -33.933458546415373 ] } },
{ "type": "Feature", "properties": { "name": "Campus Health Service", "type": "doctors" }, "geometry": { "type": "Point", "coordinates": [ 18.869491077174924, -33.935614157388549 ] } },
{ "type": "Feature", "properties": { "name": "Eerste River Hospital", "type": "hospital" }, "geometry": { "type": "Point", "coordinates": [ 18.719126551270985, -33.997967858178626 ] } },
{ "type": "Feature", "properties": { "name": "False Bay Hospital", "type": "hospital" }, "geometry": { "type": "Point", "coordinates": [ 18.414911012221044, -34.131086521941725 ] } },
{ "type": "Feature", "properties": { "name": "Khayelitsha Hospital", "type": "hospital" }, "geometry": { "type": "Point", "coordinates": [ 18.674580435003378, -34.051042167084141 ] } },
{ "type": "Feature", "properties": { "name": "Mitchells Plain Hospital", "type": "hospital" }, "geometry": { "type": "Point", "coordinates": [ 18.613494960878821, -34.021515920225674 ] } },
{ "type": "Feature", "properties": { "name": "New Somerset Hospital", "type": "hospital" }, "geometry": { "type": "Point", "coordinates": [ 18.416238511041303, -33.905063722061534 ] } },
{ "type": "Feature", "properties": { "name": "Victoria Hospital", "type": "hospital" }, "geometry": { "type": "Point", "coordinates": [ 18.458704816014396, -34.012032145874265 ] } },
{ "type": "Feature", "properties": { "name": "Steps to Health", "type": "pharmacy" }, "geometry": { "type": "Point", "coordinates": [ 18.460858899998268, -34.033919399986424 ] } },
{ "type": "Feature", "properties": { "name": "Hospitaal Swartland", "type": "hospital" }, "geometry": { "type": "Point", "coordinates": [ 18.722430483249425, -33.454878558670515 ] } },
{ "type": "Feature", "properties": { "name": "Netcare Kuils River Hospital", "type": "hospital" }, "geometry": { "type": "Point", "coordinates": [ 18.675061269737924, -33.918502492626828 ] } },
{ "type": "Feature", "properties": { "name": "", "type": "hospital" }, "geometry": { "type": "Point", "coordinates": [ 18.608362211769016, -33.892857364054834 ] } },
{ "type": "Feature", "properties": { "name": "", "type": "hospital" }, "geometry": { "type": "Point", "coordinates": [ 18.608537080751415, -33.891881326554554 ] } },
{ "type": "Feature", "properties": { "name": "", "type": "hospital" }, "geometry": { "type": "Point", "coordinates": [ 18.607410577031818, -33.891641286747202 ] } },
{ "type": "Feature", "properties": { "name": "", "type": "hospital" }, "geometry": { "type": "Point", "coordinates": [ 18.606705317880373, -33.89107325233153 ] } },
{ "type": "Feature", "properties": { "name": "", "type": "hospital" }, "geometry": { "type": "Point", "coordinates": [ 18.609121006908936, -33.890494376076475 ] } },
{ "type": "Feature", "properties": { "name": "", "type": "hospital" }, "geometry": { "type": "Point", "coordinates": [ 18.608443700045175, -33.891797050043607 ] } },
{ "type": "Feature", "properties": { "name": "", "type": "hospital" }, "geometry": { "type": "Point", "coordinates": [ 18.608041101153553, -33.891055630379306 ] } },
{ "type": "Feature", "properties": { "name": "Dr's Te Boekhorst", "type": "dentist" }, "geometry": { "type": "Point", "coordinates": [ 18.871124794855092, -34.156899870643009 ] } },
{ "type": "Feature", "properties": { "name": "Fagan Street Clinic", "type": "clinic" }, "geometry": { "type": "Point", "coordinates": [ 18.829796242545861, -34.116221890385027 ] } },
{ "type": "Feature", "properties": { "name": "Melomed Mitchells Plain Private Hospital", "type": "hospital" }, "geometry": { "type": "Point", "coordinates": [ 18.623255202643694, -34.049536231054006 ] } },
{ "type": "Feature", "properties": { "name": "", "type": "hospital" }, "geometry": { "type": "Point", "coordinates": [ 18.837980694548826, -34.112913476738115 ] } },
{ "type": "Feature", "properties": { "name": "Adriaanse Clinic", "type": "clinic" }, "geometry": { "type": "Point", "coordinates": [ 18.585006116698221, -33.937724902585629 ] } },
{ "type": "Feature", "properties": { "name": "Mediclinic Paarl", "type": "hospital" }, "geometry": { "type": "Point", "coordinates": [ 18.969705206225637, -33.718537887419174 ] } },
{ "type": "Feature", "properties": { "name": "Paarl Mediclinic", "type": "hospital" }, "geometry": { "type": "Point", "coordinates": [ 18.969949103727764, -33.718501535324116 ] } },
{ "type": "Feature", "properties": { "name": "Dr. G. Stockton", "type": "clinic" }, "geometry": { "type": "Point", "coordinates": [ 18.35925855672037, -34.032222797258584 ] } },
{ "type": "Feature", "properties": { "name": "Traditional Healer", "type": "doctors" }, "geometry": { "type": "Point", "coordinates": [ 18.658097569235853, -34.023223847856144 ] } },
{ "type": "Feature", "properties": { "name": "", "type": "clinic" }, "geometry": { "type": "Point", "coordinates": [ 18.350615327583515, -34.04143290951297 ] } },
{ "type": "Feature", "properties": { "name": "Site B Community Health Clinic", "type": "clinic" }, "geometry": { "type": "Point", "coordinates": [ 18.66548396717781, -34.028295516347931 ] } },
{ "type": "Feature", "properties": { "name": "Zakhele Clinic", "type": "clinic" }, "geometry": { "type": "Point", "coordinates": [ 18.659415067958861, -34.041333322188336 ] } },
{ "type": "Feature", "properties": { "name": "Luvuyo Clinic", "type": "clinic" }, "geometry": { "type": "Point", "coordinates": [ 18.709542300084038, -34.050468000037057 ] } },
{ "type": "Feature", "properties": { "name": "Vanguard Community Health Centre", "type": "hospital" }, "geometry": { "type": "Point", "coordinates": [ 18.543729649832898, -33.947542405288068 ] } },
{ "type": "Feature", "properties": { "name": "Booth Memorial Hospital", "type": "hospital" }, "geometry": { "type": "Point", "coordinates": [ 18.414640106662805, -33.937731772099532 ] } },
{ "type": "Feature", "properties": { "name": "Mediclinic Cape Town", "type": "hospital" }, "geometry": { "type": "Point", "coordinates": [ 18.410391538719026, -33.936507261452633 ] } },
{ "type": "Feature", "properties": { "name": "Strandfontein Clinic", "type": "clinic" }, "geometry": { "type": "Point", "coordinates": [ 18.554831585803075, -34.073102188169173 ] } },
{ "type": "Feature", "properties": { "name": "Medical & Dental Centre", "type": "doctors" }, "geometry": { "type": "Point", "coordinates": [ 18.840172565049372, -33.967240395652681 ] } },
{ "type": "Feature", "properties": { "name": "Mediclinic Panorama", "type": "hospital" }, "geometry": { "type": "Point", "coordinates": [ 18.577655994337544, -33.87611140148806 ] } },
{ "type": "Feature", "properties": { "name": "Richwood Surgery", "type": "doctors" }, "geometry": { "type": "Point", "coordinates": [ 18.54732296917863, -33.832188869800049 ] } },
{ "type": "Feature", "properties": { "name": "Melomed Private Hospital Bellville", "type": "hospital" }, "geometry": { "type": "Point", "coordinates": [ 18.624409415315149, -33.901538700542041 ] } },
{ "type": "Feature", "properties": { "name": "Intercare Medical & Dental Centre", "type": "hospital" }, "geometry": { "type": "Point", "coordinates": [ 18.636850408739669, -33.871985056390749 ] } },
{ "type": "Feature", "properties": { "name": "Netcare N1 City Hospital", "type": "hospital" }, "geometry": { "type": "Point", "coordinates": [ 18.55907151145237, -33.894003756931475 ] } },
{ "type": "Feature", "properties": { "name": "Mediclinic Louis Leipoldt", "type": "hospital" }, "geometry": { "type": "Point", "coordinates": [ 18.613222897124672, -33.901200678209413 ] } },
{ "type": "Feature", "properties": { "name": "", "type": "dentist" }, "geometry": { "type": "Point", "coordinates": [ 18.589903372319323, -33.895755320752528 ] } },
{ "type": "Feature", "properties": { "name": "Mediclinic Cape Gate", "type": "hospital" }, "geometry": { "type": "Point", "coordinates": [ 18.696750584159737, -33.848476640255143 ] } },
{ "type": "Feature", "properties": { "name": "Busamed Paardevlei Private Hospital", "type": "hospital" }, "geometry": { "type": "Point", "coordinates": [ 18.816947773904474, -34.095191756346608 ] } },
{ "type": "Feature", "properties": { "name": "", "type": "hospital" }, "geometry": { "type": "Point", "coordinates": [ 18.477997758982315, -33.937484453401801 ] } },
{ "type": "Feature", "properties": { "name": "", "type": "hospital" }, "geometry": { "type": "Point", "coordinates": [ 18.478099508746055, -33.93794484751097 ] } },
{ "type": "Feature", "properties": { "name": "", "type": "hospital" }, "geometry": { "type": "Point", "coordinates": [ 18.478665266836639, -33.937668076636619 ] } },
{ "type": "Feature", "properties": { "name": "", "type": "hospital" }, "geometry": { "type": "Point", "coordinates": [ 18.47832147416246, -33.938528734049456 ] } },
{ "type": "Feature", "properties": { "name": "", "type": "hospital" }, "geometry": { "type": "Point", "coordinates": [ 18.478519002918052, -33.938944970652855 ] } },
{ "type": "Feature", "properties": { "name": "", "type": "hospital" }, "geometry": { "type": "Point", "coordinates": [ 18.479090121559381, -33.938876186647597 ] } },
{ "type": "Feature", "properties": { "name": "", "type": "hospital" }, "geometry": { "type": "Point", "coordinates": [ 18.479037111002182, -33.938389871621617 ] } },
{ "type": "Feature", "properties": { "name": "", "type": "hospital" }, "geometry": { "type": "Point", "coordinates": [ 18.478692858431764, -33.937181712721433 ] } },
{ "type": "Feature", "properties": { "name": "", "type": "hospital" }, "geometry": { "type": "Point", "coordinates": [ 18.477713083190437, -33.936927645506202 ] } },
{ "type": "Feature", "properties": { "name": "Rocklands Community Clinic", "type": "clinic" }, "geometry": { "type": "Point", "coordinates": [ 18.610746492682207, -34.06439375054083 ] } },
{ "type": "Feature", "properties": { "name": "Doctor S. Adams", "type": "doctors" }, "geometry": { "type": "Point", "coordinates": [ 18.610284844695908, -34.065339071515339 ] } },
{ "type": "Feature", "properties": { "name": "", "type": "doctors" }, "geometry": { "type": "Point", "coordinates": [ 18.610492347927615, -34.065429503184625 ] } },
{ "type": "Feature", "properties": { "name": "", "type": "doctors" }, "geometry": { "type": "Point", "coordinates": [ 18.59831068257629, -34.049927952015295 ] } },
{ "type": "Feature", "properties": { "name": "Kingsbury Hospital", "type": "hospital" }, "geometry": { "type": "Point", "coordinates": [ 18.468316046940576, -33.986531643921424 ] } },
{ "type": "Feature", "properties": { "name": "Cape Eye Hospital", "type": "hospital" }, "geometry": { "type": "Point", "coordinates": [ 18.608985350018166, -33.899958149960526 ] } },
{ "type": "Feature", "properties": { "name": "Dalvale Clinic", "type": "clinic" }, "geometry": { "type": "Point", "coordinates": [ 18.991462554379382, -33.702139638403047 ] } },
{ "type": "Feature", "properties": { "name": "Muizenberg Medical Practice", "type": "centre" }, "geometry": { "type": "Point", "coordinates": [ 18.467894687827194, -34.103574277523663 ] } },
{ "type": "Feature", "properties": { "name": "The Happy Tooth", "type": "dentist" }, "geometry": { "type": "Point", "coordinates": [ 18.854332846177083, -34.144084266694108 ] } },
{ "type": "Feature", "properties": { "name": "", "type": "hospital" }, "geometry": { "type": "Point", "coordinates": [ 18.415977879190592, -34.13171855635759 ] } },
{ "type": "Feature", "properties": { "name": "Rondebosch Medical Centre", "type": "hospital" }, "geometry": { "type": "Point", "coordinates": [ 18.491224464522009, -33.954648270868987 ] } },
{ "type": "Feature", "properties": { "name": "Tushita Kadampa Meditation Centre", "type": "alternative" }, "geometry": { "type": "Point", "coordinates": [ 18.469591920242205, -33.938941015486648 ] } },
{ "type": "Feature", "properties": { "name": "Melomed Private Hospital", "type": "hospital" }, "geometry": { "type": "Point", "coordinates": [ 18.459285024633164, -34.067883175065631 ] } },
{ "type": "Feature", "properties": { "name": "D.P. Marais Hospital", "type": "hospital" }, "geometry": { "type": "Point", "coordinates": [ 18.460907996819895, -34.062339778555724 ] } },
{ "type": "Feature", "properties": { "name": "Medicross", "type": "yes" }, "geometry": { "type": "Point", "coordinates": [ 18.450976457749604, -34.064233575536477 ] } },
{ "type": "Feature", "properties": { "name": "Tygerberg Hospital", "type": "hospital" }, "geometry": { "type": "Point", "coordinates": [ 18.61437738329575, -33.912527014401697 ] } },
{ "type": "Feature", "properties": { "name": "", "type": "hospital" }, "geometry": { "type": "Point", "coordinates": [ 18.61274466858718, -33.909103043799604 ] } },
{ "type": "Feature", "properties": { "name": "Elsies River Day Hospital", "type": "hospital" }, "geometry": { "type": "Point", "coordinates": [ 18.57707331209664, -33.931674324866442 ] } },
{ "type": "Feature", "properties": { "name": "Elsies River Clinic", "type": "clinic" }, "geometry": { "type": "Point", "coordinates": [ 18.575178033684089, -33.929709439839414 ] } },
{ "type": "Feature", "properties": { "name": "", "type": "hospital" }, "geometry": { "type": "Point", "coordinates": [ 18.728493067038077, -33.8689918939127 ] } },
{ "type": "Feature", "properties": { "name": "Symphony Way Community Day Centre", "type": "clinic" }, "geometry": { "type": "Point", "coordinates": [ 18.627330138482716, -33.964364132770129 ] } },
{ "type": "Feature", "properties": { "name": "Netreg Clinic", "type": "clinic" }, "geometry": { "type": "Point", "coordinates": [ 18.560404750036835, -33.948808447232388 ] } },
{ "type": "Feature", "properties": { "name": "", "type": "dentist" }, "geometry": { "type": "Point", "coordinates": [ 18.55548747810769, -33.900043629486845 ] } },
{ "type": "Feature", "properties": { "name": "Apffelstaedt & Associates", "type": "clinic" }, "geometry": { "type": "Point", "coordinates": [ 18.576094711969056, -33.877695234488293 ] } },
{ "type": "Feature", "properties": { "name": "Panorama Oncology Centre", "type": "clinic" }, "geometry": { "type": "Point", "coordinates": [ 18.575801427623947, -33.87796575777466 ] } },
{ "type": "Feature", "properties": { "name": "", "type": "dentist" }, "geometry": { "type": "Point", "coordinates": [ 18.575804502803795, -33.876807799490294 ] } },
{ "type": "Feature", "properties": { "name": "Panorama Plastic Surgery Clinic", "type": "clinic" }, "geometry": { "type": "Point", "coordinates": [ 18.576221915990399, -33.877429745181281 ] } },
{ "type": "Feature", "properties": { "name": "Panorama Psychiatry and Memory", "type": "clinic" }, "geometry": { "type": "Point", "coordinates": [ 18.576491995873745, -33.878057929090531 ] } },
{ "type": "Feature", "properties": { "name": "Paarl General Hospital", "type": "hospital" }, "geometry": { "type": "Point", "coordinates": [ 18.969967668336526, -33.725904429257149 ] } },
{ "type": "Feature", "properties": { "name": "Vergelegen Medi-Clinic", "type": "hospital" }, "geometry": { "type": "Point", "coordinates": [ 18.858834112334382, -34.091015139787331 ] } },
{ "type": "Feature", "properties": { "name": "Vergelegen Medi-Clinic", "type": "hospital" }, "geometry": { "type": "Point", "coordinates": [ 18.858834112334382, -34.091015139787331 ] } },
{ "type": "Feature", "properties": { "name": "Cape Town Forensics Chemist Laboratory", "type": "laboratory" }, "geometry": { "type": "Point", "coordinates": [ 18.448849270649962, -33.927003590553824 ] } },
{ "type": "Feature", "properties": { "name": "Hartt's Dental Laboratory", "type": "laboratory" }, "geometry": { "type": "Point", "coordinates": [ 18.618265785214472, -33.892498437631623 ] } },
{ "type": "Feature", "properties": { "name": "Med", "type": "occupational_therapist" }, "geometry": { "type": "Point", "coordinates": [ 18.634095635570581, -33.899779805545812 ] } },
{ "type": "Feature", "properties": { "name": "Homeopath", "type": "alternative" }, "geometry": { "type": "Point", "coordinates": [ 18.465162483218425, -33.937653901209686 ] } },
{ "type": "Feature", "properties": { "name": "Sports Rehab Centre", "type": "physiotherapist" }, "geometry": { "type": "Point", "coordinates": [ 18.464380484048291, -33.937068338806213 ] } },
{ "type": "Feature", "properties": { "name": "Community Medical Care", "type": "doctors" }, "geometry": { "type": "Point", "coordinates": [ 18.495535636196553, -33.943571452665907 ] } },
{ "type": "Feature", "properties": { "name": "Welgemoed Medical Centre", "type": "clinic" }, "geometry": { "type": "Point", "coordinates": [ 18.621866922301582, -33.869381217926922 ] } },
{ "type": "Feature", "properties": { "name": "REO Family Pharmacy", "type": "pharmacy" }, "geometry": { "type": "Point", "coordinates": [ 18.565900589856692, -33.917150722005971 ] } },
{ "type": "Feature", "properties": { "name": "Comprehensive Health Care", "type": "clinic" }, "geometry": { "type": "Point", "coordinates": [ 18.588233041166088, -33.912943021621174 ] } },
{ "type": "Feature", "properties": { "name": "Dr. B.C. Setzer Family Practice", "type": "clinic" }, "geometry": { "type": "Point", "coordinates": [ 18.489251584659456, -33.89925228411461 ] } },
{ "type": "Feature", "properties": { "name": "Bobs Way Surgery", "type": "doctors" }, "geometry": { "type": "Point", "coordinates": [ 18.720744895941273, -34.010912982138457 ] } },
{ "type": "Feature", "properties": { "name": "Medipraxx Clinic", "type": "clinic" }, "geometry": { "type": "Point", "coordinates": [ 18.580822963197186, -34.01739149836208 ] } },
{ "type": "Feature", "properties": { "name": "Mountcare Dental", "type": "dentist" }, "geometry": { "type": "Point", "coordinates": [ 18.522873730460397, -33.987522984046734 ] } },
{ "type": "Feature", "properties": { "name": "Penlyn Medicentre", "type": "clinic" }, "geometry": { "type": "Point", "coordinates": [ 18.524567408989878, -33.983918857524607 ] } },
{ "type": "Feature", "properties": { "name": "Chiropractor", "type": "clinic" }, "geometry": { "type": "Point", "coordinates": [ 18.502003099977063, -34.045167600007595 ] } },
{ "type": "Feature", "properties": { "name": "Surgery - Dr. Rhoda Conrad", "type": "doctors" }, "geometry": { "type": "Point", "coordinates": [ 18.502258727440569, -34.045012581463119 ] } },
{ "type": "Feature", "properties": { "name": "Fifth Avenue Family Practice", "type": "doctors" }, "geometry": { "type": "Point", "coordinates": [ 18.497325322041647, -34.048186186735855 ] } },
{ "type": "Feature", "properties": { "name": "Dr Lotter, Dr Zachary et al", "type": "doctors" }, "geometry": { "type": "Point", "coordinates": [ 18.554597359134387, -34.073869671694467 ] } },
{ "type": "Feature", "properties": { "name": "", "type": "hospital" }, "geometry": { "type": "Point", "coordinates": [ 18.462124161276311, -33.942353571361991 ] } },
{ "type": "Feature", "properties": { "name": "Crescent Clinic Psychiatric Hospital", "type": "clinic" }, "geometry": { "type": "Point", "coordinates": [ 18.467065732925128, -33.989228325009293 ] } },
{ "type": "Feature", "properties": { "name": "Mediclinic Strand Private Hospital", "type": "hospital" }, "geometry": { "type": "Point", "coordinates": [ 18.838379262145899, -34.113365728199639 ] } },
{ "type": "Feature", "properties": { "name": "Netcare Blaauwberg Hospital", "type": "hospital" }, "geometry": { "type": "Point", "coordinates": [ 18.483371951475778, -33.803386842806532 ] } },
{ "type": "Feature", "properties": { "name": "Life Peninsula Eye Hospital", "type": "hospital" }, "geometry": { "type": "Point", "coordinates": [ 18.466564649054508, -33.986619143702363 ] } },
{ "type": "Feature", "properties": { "name": "Bettiesbaai Oord / Mooihawens", "type": "hospital" }, "geometry": { "type": "Point", "coordinates": [ 18.889163950693774, -34.371706476278064 ] } },
{ "type": "Feature", "properties": { "name": "Ocean View Clinic", "type": "hospital" }, "geometry": { "type": "Point", "coordinates": [ 18.35102928065173, -34.148066823507378 ] } },
{ "type": "Feature", "properties": { "name": "TC Newman Hospital", "type": "hospital" }, "geometry": { "type": "Point", "coordinates": [ 18.987913340585969, -33.722453652596201 ] } },
{ "type": "Feature", "properties": { "name": "", "type": "hospital" }, "geometry": { "type": "Point", "coordinates": [ 18.554112180521024, -33.916842628842929 ] } },
{ "type": "Feature", "properties": { "name": "Mediclinic Stellenbosch", "type": "hospital" }, "geometry": { "type": "Point", "coordinates": [ 18.857474845238013, -33.954525492165949 ] } },
{ "type": "Feature", "properties": { "name": "Drs Moses and Kathree", "type": "dentist" }, "geometry": { "type": "Point", "coordinates": [ 18.56240707537463, -34.073519401144402 ] } },
{ "type": "Feature", "properties": { "name": "Dr RB Daya", "type": "doctors" }, "geometry": { "type": "Point", "coordinates": [ 18.556056079312558, -34.077007720723479 ] } },
{ "type": "Feature", "properties": { "name": "Dr Hayley James", "type": "dentist" }, "geometry": { "type": "Point", "coordinates": [ 18.548203352416827, -34.073338211316589 ] } },
{ "type": "Feature", "properties": { "name": "Dr Hassan Goolam", "type": "doctors" }, "geometry": { "type": "Point", "coordinates": [ 18.548272805902144, -34.073165186518224 ] } },
{ "type": "Feature", "properties": { "name": "Dr David Kathan", "type": "doctors" }, "geometry": { "type": "Point", "coordinates": [ 18.569723967860131, -34.069540133212641 ] } },
{ "type": "Feature", "properties": { "name": "", "type": "hospital" }, "geometry": { "type": "Point", "coordinates": [ 18.4816260800248, -33.938001386001915 ] } },
{ "type": "Feature", "properties": { "name": "", "type": "hospital" }, "geometry": { "type": "Point", "coordinates": [ 18.481092133033961, -33.937577500480458 ] } },
{ "type": "Feature", "properties": { "name": "", "type": "hospital" }, "geometry": { "type": "Point", "coordinates": [ 18.480379144204665, -33.937779545098124 ] } },
{ "type": "Feature", "properties": { "name": "", "type": "hospital" }, "geometry": { "type": "Point", "coordinates": [ 18.478392120154904, -33.936582255041941 ] } },
{ "type": "Feature", "properties": { "name": "", "type": "hospital" }, "geometry": { "type": "Point", "coordinates": [ 18.479659119679102, -33.939094893988894 ] } },
{ "type": "Feature", "properties": { "name": "", "type": "hospital" }, "geometry": { "type": "Point", "coordinates": [ 18.479126136636008, -33.937921111854507 ] } },
{ "type": "Feature", "properties": { "name": "", "type": "hospital" }, "geometry": { "type": "Point", "coordinates": [ 18.479961467089076, -33.938471437935384 ] } },
{ "type": "Feature", "properties": { "name": "", "type": "hospital" }, "geometry": { "type": "Point", "coordinates": [ 18.480912835593891, -33.941174331541909 ] } },
{ "type": "Feature", "properties": { "name": "", "type": "hospital" }, "geometry": { "type": "Point", "coordinates": [ 18.482166053148706, -33.939223578541025 ] } },
{ "type": "Feature", "properties": { "name": "", "type": "hospital" }, "geometry": { "type": "Point", "coordinates": [ 18.482100584196992, -33.941469692750061 ] } },
{ "type": "Feature", "properties": { "name": "", "type": "hospital" }, "geometry": { "type": "Point", "coordinates": [ 18.481767204640949, -33.940946838909461 ] } },
{ "type": "Feature", "properties": { "name": "Mediclinic Winelands Orthopaedic Hospital", "type": "hospital" }, "geometry": { "type": "Point", "coordinates": [ 18.850015152414944, -33.94447522127259 ] } },
{ "type": "Feature", "properties": { "name": "Melomed", "type": "clinic" }, "geometry": { "type": "Point", "coordinates": [ 18.479855166282064, -33.984018485176911 ] } },
{ "type": "Feature", "properties": { "name": "Fairfield Medical Suites", "type": "doctors" }, "geometry": { "type": "Point", "coordinates": [ 18.467590232805449, -33.986624043363292 ] } },
{ "type": "Feature", "properties": { "name": "Life Kingsbury Hospital", "type": "hospital" }, "geometry": { "type": "Point", "coordinates": [ 18.4689630514229, -33.986459964005014 ] } },
{ "type": "Feature", "properties": { "name": "Pelikan Park Satellite Clinic", "type": "clinic" }, "geometry": { "type": "Point", "coordinates": [ 18.527186127648552, -34.064728659410079 ] } },
{ "type": "Feature", "properties": { "name": "Lavender Hill Clinic", "type": "clinic" }, "geometry": { "type": "Point", "coordinates": [ 18.48613364108121, -34.068463331751609 ] } },
{ "type": "Feature", "properties": { "name": "", "type": "hospital" }, "geometry": { "type": "Point", "coordinates": [ 18.607871830456737, -33.893913585216232 ] } },
{ "type": "Feature", "properties": { "name": "NOAH Clinic", "type": "clinic" }, "geometry": { "type": "Point", "coordinates": [ 18.452377256950811, -33.928550071282494 ] } },
{ "type": "Feature", "properties": { "name": "District Six Community Day Centre", "type": "clinic" }, "geometry": { "type": "Point", "coordinates": [ 18.426077838593436, -33.928712752382829 ] } },
{ "type": "Feature", "properties": { "name": "", "type": "hospital" }, "geometry": { "type": "Point", "coordinates": [ 18.416169517008655, -33.904461297777466 ] } },
{ "type": "Feature", "properties": { "name": "", "type": "hospital" }, "geometry": { "type": "Point", "coordinates": [ 18.415294405770727, -33.904666656787278 ] } },
{ "type": "Feature", "properties": { "name": "", "type": "hospital" }, "geometry": { "type": "Point", "coordinates": [ 18.415849758726878, -33.904945057295933 ] } },
{ "type": "Feature", "properties": { "name": "", "type": "hospital" }, "geometry": { "type": "Point", "coordinates": [ 18.415504948257013, -33.904571104459542 ] } },
{ "type": "Feature", "properties": { "name": "", "type": "hospital" }, "geometry": { "type": "Point", "coordinates": [ 18.415855133342461, -33.904658701831345 ] } },
{ "type": "Feature", "properties": { "name": "", "type": "hospital" }, "geometry": { "type": "Point", "coordinates": [ 18.415484413939918, -33.904894891036911 ] } },
{ "type": "Feature", "properties": { "name": "", "type": "hospital" }, "geometry": { "type": "Point", "coordinates": [ 18.415594539220052, -33.904826026160322 ] } },
{ "type": "Feature", "properties": { "name": "", "type": "hospital" }, "geometry": { "type": "Point", "coordinates": [ 18.415656349993942, -33.904918150005734 ] } },
{ "type": "Feature", "properties": { "name": "", "type": "hospital" }, "geometry": { "type": "Point", "coordinates": [ 18.415924299956895, -33.904911100002209 ] } },
{ "type": "Feature", "properties": { "name": "", "type": "hospital" }, "geometry": { "type": "Point", "coordinates": [ 18.416218242359346, -33.904925335209029 ] } },
{ "type": "Feature", "properties": { "name": "", "type": "hospital" }, "geometry": { "type": "Point", "coordinates": [ 18.416156163062034, -33.90466800968872 ] } },
{ "type": "Feature", "properties": { "name": "", "type": "hospital" }, "geometry": { "type": "Point", "coordinates": [ 18.416291696258295, -33.904588726954778 ] } },
{ "type": "Feature", "properties": { "name": "", "type": "hospital" }, "geometry": { "type": "Point", "coordinates": [ 18.416398949977758, -33.904676300005619 ] } },
{ "type": "Feature", "properties": { "name": "", "type": "hospital" }, "geometry": { "type": "Point", "coordinates": [ 18.416453700015136, -33.904785150016757 ] } },
{ "type": "Feature", "properties": { "name": "", "type": "hospital" }, "geometry": { "type": "Point", "coordinates": [ 18.416488865705833, -33.904611373919359 ] } },
{ "type": "Feature", "properties": { "name": "", "type": "hospital" }, "geometry": { "type": "Point", "coordinates": [ 18.416455550023752, -33.905745600026471 ] } },
{ "type": "Feature", "properties": { "name": "Spencer Road Clinic", "type": "clinic" }, "geometry": { "type": "Point", "coordinates": [ 18.464839634719144, -33.929019150205235 ] } },
{ "type": "Feature", "properties": { "name": "Chapel Street Clinic", "type": "clinic" }, "geometry": { "type": "Point", "coordinates": [ 18.439889660232925, -33.928858426037614 ] } },
{ "type": "Feature", "properties": { "name": "", "type": "hospital" }, "geometry": { "type": "Point", "coordinates": [ 18.449038811945869, -33.931428737880587 ] } },
{ "type": "Feature", "properties": { "name": "Surgery", "type": "doctors" }, "geometry": { "type": "Point", "coordinates": [ 18.474859580155275, -33.511363068759984 ] } },
{ "type": "Feature", "properties": { "name": "Harmony Dental Laboratory", "type": "dentist" }, "geometry": { "type": "Point", "coordinates": [ 18.534280221458594, -33.825617553450286 ] } },
{ "type": "Feature", "properties": { "name": "Orthotic and Prosthetic Centre", "type": "hospital" }, "geometry": { "type": "Point", "coordinates": [ 18.524064583620476, -33.922819640539565 ] } },
{ "type": "Feature", "properties": { "name": "Harbour Bay Medical Centre", "type": "clinic" }, "geometry": { "type": "Point", "coordinates": [ 18.427897829354801, -34.170574500795681 ] } },
{ "type": "Feature", "properties": { "name": "", "type": "hospital" }, "geometry": { "type": "Point", "coordinates": [ 18.495777030985117, -33.564177166290222 ] } },
{ "type": "Feature", "properties": { "name": "", "type": "hospital" }, "geometry": { "type": "Point", "coordinates": [ 18.495211214623207, -33.564073028053919 ] } },
{ "type": "Feature", "properties": { "name": "", "type": "hospital" }, "geometry": { "type": "Point", "coordinates": [ 18.495836108488216, -33.563952641879297 ] } },
{ "type": "Feature", "properties": { "name": "", "type": "hospital" }, "geometry": { "type": "Point", "coordinates": [ 18.495603689570274, -33.56443297488817 ] } },
{ "type": "Feature", "properties": { "name": "", "type": "hospital" }, "geometry": { "type": "Point", "coordinates": [ 18.4816249225257, -33.952970187661904 ] } },
{ "type": "Feature", "properties": { "name": "", "type": "hospital" }, "geometry": { "type": "Point", "coordinates": [ 18.481436088309561, -33.95313023084038 ] } },
{ "type": "Feature", "properties": { "name": "", "type": "hospital" }, "geometry": { "type": "Point", "coordinates": [ 18.481727217420008, -33.952689171799612 ] } },
{ "type": "Feature", "properties": { "name": "", "type": "hospital" }, "geometry": { "type": "Point", "coordinates": [ 18.481478786058894, -33.952617986880938 ] } },
{ "type": "Feature", "properties": { "name": "", "type": "hospital" }, "geometry": { "type": "Point", "coordinates": [ 18.48118299672592, -33.953193612766704 ] } },
{ "type": "Feature", "properties": { "name": "", "type": "hospital" }, "geometry": { "type": "Point", "coordinates": [ 18.48125808513625, -33.953320877992738 ] } },
{ "type": "Feature", "properties": { "name": "", "type": "hospital" }, "geometry": { "type": "Point", "coordinates": [ 18.481318639174969, -33.953353382366124 ] } },
{ "type": "Feature", "properties": { "name": "", "type": "hospital" }, "geometry": { "type": "Point", "coordinates": [ 18.481262844092505, -33.953272277329312 ] } },
{ "type": "Feature", "properties": { "name": "", "type": "hospital" }, "geometry": { "type": "Point", "coordinates": [ 18.48126109148421, -33.952845177324662 ] } },
{ "type": "Feature", "properties": { "name": "", "type": "hospital" }, "geometry": { "type": "Point", "coordinates": [ 18.481217877818391, -33.952645108317924 ] } },
{ "type": "Feature", "properties": { "name": "", "type": "hospital" }, "geometry": { "type": "Point", "coordinates": [ 18.481117102214832, -33.952744351328739 ] } },
{ "type": "Feature", "properties": { "name": "", "type": "hospital" }, "geometry": { "type": "Point", "coordinates": [ 18.480701943235541, -33.952493136874914 ] } },
{ "type": "Feature", "properties": { "name": "", "type": "hospital" }, "geometry": { "type": "Point", "coordinates": [ 18.48081952191702, -33.952503115326309 ] } },
{ "type": "Feature", "properties": { "name": "", "type": "hospital" }, "geometry": { "type": "Point", "coordinates": [ 18.481019406763611, -33.952546551473674 ] } },
{ "type": "Feature", "properties": { "name": "", "type": "clinic" }, "geometry": { "type": "Point", "coordinates": [ 18.350986522687453, -34.148020874160629 ] } },
{ "type": "Feature", "properties": { "name": "Bellville South Community Day Centre", "type": "clinic" }, "geometry": { "type": "Point", "coordinates": [ 18.643385332461222, -33.915318204871205 ] } },
{ "type": "Feature", "properties": { "name": "", "type": "clinic" }, "geometry": { "type": "Point", "coordinates": [ 18.642697008947987, -33.915263935224324 ] } },
{ "type": "Feature", "properties": { "name": "Medisphere", "type": "pharmacy" }, "geometry": { "type": "Point", "coordinates": [ 18.472202818116145, -33.949839433714104 ] } },
{ "type": "Feature", "properties": { "name": "Salt River Mortuary", "type": "centre" }, "geometry": { "type": "Point", "coordinates": [ 18.459628351345415, -33.932750143921069 ] } },
{ "type": "Feature", "properties": { "name": "Westridge Clinic", "type": "clinic" }, "geometry": { "type": "Point", "coordinates": [ 18.604009378889412, -34.051670833014825 ] } },
{ "type": "Feature", "properties": { "name": "Maitland Community Health Clinic", "type": "clinic" }, "geometry": { "type": "Point", "coordinates": [ 18.489075037457571, -33.922079016997905 ] } },
{ "type": "Feature", "properties": { "name": "Maitland Clinic", "type": "clinic" }, "geometry": { "type": "Point", "coordinates": [ 18.489519542357993, -33.921986073468773 ] } },
{ "type": "Feature", "properties": { "name": "Panorama Dermatology Clinic", "type": "clinic" }, "geometry": { "type": "Point", "coordinates": [ 18.576401483587738, -33.878277873104047 ] } },
{ "type": "Feature", "properties": { "name": "", "type": "hospital" }, "geometry": { "type": "Point", "coordinates": [ 18.462680196771615, -33.942539015792114 ] } },
{ "type": "Feature", "properties": { "name": "Fouza Physiotherapy", "type": "physiotherapist" }, "geometry": { "type": "Point", "coordinates": [ 18.444849759652268, -33.933122734686037 ] } },
{ "type": "Feature", "properties": { "name": "Butterfly Centre", "type": "clinic" }, "geometry": { "type": "Point", "coordinates": [ 19.004575912123929, -33.701261909917839 ] } },
{ "type": "Feature", "properties": { "name": "", "type": "clinic" }, "geometry": { "type": "Point", "coordinates": [ 19.004368249006834, -33.701446201999978 ] } },
{ "type": "Feature", "properties": { "name": "", "type": "hospital" }, "geometry": { "type": "Point", "coordinates": [ 18.857636988704073, -33.954490938729606 ] } },
{ "type": "Feature", "properties": { "name": "", "type": "hospital" }, "geometry": { "type": "Point", "coordinates": [ 18.650346341257929, -34.013449478340007 ] } },
{ "type": "Feature", "properties": { "name": "Dr. Abdurahman Community Health Clinic", "type": "clinic" }, "geometry": { "type": "Point", "coordinates": [ 18.518004381009352, -33.958920623150895 ] } },
{ "type": "Feature", "properties": { "name": "", "type": "hospital" }, "geometry": { "type": "Point", "coordinates": [ 18.533004304015176, -33.970434527812607 ] } },
{ "type": "Feature", "properties": { "name": "Melomed Gatesville Private Hospital", "type": "hospital" }, "geometry": { "type": "Point", "coordinates": [ 18.533080480177031, -33.970478064613708 ] } },
{ "type": "Feature", "properties": { "name": "", "type": "hospital" }, "geometry": { "type": "Point", "coordinates": [ 18.96984770093221, -33.726015187922961 ] } },
{ "type": "Feature", "properties": { "name": "Paarl Provincial Hospital", "type": "hospital" }, "geometry": { "type": "Point", "coordinates": [ 18.970458405372177, -33.726195323215855 ] } },
{ "type": "Feature", "properties": { "name": "Paarl Provincial Hospital", "type": "hospital" }, "geometry": { "type": "Point", "coordinates": [ 18.971007644254119, -33.726002252986895 ] } },
{ "type": "Feature", "properties": { "name": "", "type": "hospital" }, "geometry": { "type": "Point", "coordinates": [ 18.970573455307935, -33.725842177112057 ] } },
{ "type": "Feature", "properties": { "name": "", "type": "hospital" }, "geometry": { "type": "Point", "coordinates": [ 18.970091019896394, -33.725570981296762 ] } },
{ "type": "Feature", "properties": { "name": "Riverside Cottage Clinic", "type": "doctors" }, "geometry": { "type": "Point", "coordinates": [ 18.470509678903493, -33.962927709073817 ] } },
{ "type": "Feature", "properties": { "name": "", "type": "hospital" }, "geometry": { "type": "Point", "coordinates": [ 18.489064554664839, -33.944359703919751 ] } },
{ "type": "Feature", "properties": { "name": "Robin Trust Sub-acute and Rehab Unit", "type": "rehabilitation" }, "geometry": { "type": "Point", "coordinates": [ 18.48913950972133, -33.940933583418932 ] } },
{ "type": "Feature", "properties": { "name": "Cloetesville State Clinic", "type": "clinic" }, "geometry": { "type": "Point", "coordinates": [ 18.856831125501891, -33.922683483527479 ] } },
{ "type": "Feature", "properties": { "name": "", "type": "hospital" }, "geometry": { "type": "Point", "coordinates": [ 18.816668856541085, -34.09226461860414 ] } },
{ "type": "Feature", "properties": { "name": "Delft Community Health Centre", "type": "clinic" }, "geometry": { "type": "Point", "coordinates": [ 18.64166978064959, -33.973937768808838 ] } },
{ "type": "Feature", "properties": { "name": "Ikhwezi Clinic", "type": "clinic" }, "geometry": { "type": "Point", "coordinates": [ 18.866242963428626, -34.113636024371822 ] } },
{ "type": "Feature", "properties": { "name": "Somerset West CDC", "type": "clinic" }, "geometry": { "type": "Point", "coordinates": [ 18.848180009002682, -34.085833152057965 ] } },
{ "type": "Feature", "properties": { "name": "Sir Lowry's Pass Sun City Satellite Clinic", "type": "clinic" }, "geometry": { "type": "Point", "coordinates": [ 18.9085054252083, -34.119260691936539 ] } },
{ "type": "Feature", "properties": { "name": "Cure Somerset West Day Hospital", "type": "hospital" }, "geometry": { "type": "Point", "coordinates": [ 18.816685394461917, -34.092251935042412 ] } },
{ "type": "Feature", "properties": { "name": "Gordon's Bay Community Day Centre", "type": "clinic" }, "geometry": { "type": "Point", "coordinates": [ 18.879141302869911, -34.153354832416952 ] } },
{ "type": "Feature", "properties": { "name": "Blue Downs Clinic", "type": "clinic" }, "geometry": { "type": "Point", "coordinates": [ 18.686287513812655, -33.977572448784478 ] } },
{ "type": "Feature", "properties": { "name": "Brighton Clinic", "type": "clinic" }, "geometry": { "type": "Point", "coordinates": [ 18.705730450061509, -33.841872533084299 ] } },
{ "type": "Feature", "properties": { "name": "B. Braun Avitum Cape Gate Dialysis Centre", "type": "clinic" }, "geometry": { "type": "Point", "coordinates": [ 18.698381960141468, -33.849894672983837 ] } },
{ "type": "Feature", "properties": { "name": "Kensington Treatment Centre", "type": "social_facility" }, "geometry": { "type": "Point", "coordinates": [ 18.494863268021366, -33.918048067548661 ] } },
{ "type": "Feature", "properties": { "name": "Helderberg Clinic", "type": "hospital" }, "geometry": { "type": "Point", "coordinates": [ 18.83802076578641, -34.112843644556875 ] } },
{ "type": "Feature", "properties": { "name": "Dr. Coombes and Acc", "type": "doctors" }, "geometry": { "type": "Point", "coordinates": [ 18.775122523880583, -34.063558048929806 ] } },
{ "type": "Feature", "properties": { "name": "", "type": "hospital" }, "geometry": { "type": "Point", "coordinates": [ 18.608002468173304, -33.89305790124174 ] } },
{ "type": "Feature", "properties": { "name": "Macassar Community Day Centre", "type": "clinic" }, "geometry": { "type": "Point", "coordinates": [ 18.763608976016911, -34.060974329791918 ] } },
{ "type": "Feature", "properties": { "name": "Stellenbosch Provincial Hospital", "type": "hospital" }, "geometry": { "type": "Point", "coordinates": [ 18.870005239415441, -33.930328800758645 ] } },
{ "type": "Feature", "properties": { "name": "Sherwood Clinic", "type": "doctors" }, "geometry": { "type": "Point", "coordinates": [ 18.481951199996193, -33.981825849968381 ] } },
{ "type": "Feature", "properties": { "name": "", "type": "doctors" }, "geometry": { "type": "Point", "coordinates": [ 18.481666066655659, -33.981305087917946 ] } },
{ "type": "Feature", "properties": { "name": "Welgevallen Community Psychology Clinic", "type": "psychotherapist" }, "geometry": { "type": "Point", "coordinates": [ 18.866866382123568, -33.939613018329538 ] } },
{ "type": "Feature", "properties": { "name": "Bishop Lavis Community Health Centre", "type": "clinic" }, "geometry": { "type": "Point", "coordinates": [ 18.581706920010465, -33.949189405942981 ] } },
{ "type": "Feature", "properties": { "name": "Valhalla Park Clinic", "type": "clinic" }, "geometry": { "type": "Point", "coordinates": [ 18.570447166359259, -33.953593588709808 ] } },
{ "type": "Feature", "properties": { "name": "", "type": "hospital" }, "geometry": { "type": "Point", "coordinates": [ 18.469237197588484, -33.986776380724216 ] } },
{ "type": "Feature", "properties": { "name": "", "type": "hospital" }, "geometry": { "type": "Point", "coordinates": [ 18.46948061867225, -33.986803477084742 ] } },
{ "type": "Feature", "properties": { "name": "", "type": "hospital" }, "geometry": { "type": "Point", "coordinates": [ 18.469469876061879, -33.986682783345955 ] } },
{ "type": "Feature", "properties": { "name": "", "type": "hospital" }, "geometry": { "type": "Point", "coordinates": [ 18.468072107773306, -33.986142067928739 ] } },
{ "type": "Feature", "properties": { "name": "", "type": "hospital" }, "geometry": { "type": "Point", "coordinates": [ 18.467872840506633, -33.986164981540185 ] } },
{ "type": "Feature", "properties": { "name": "", "type": "hospital" }, "geometry": { "type": "Point", "coordinates": [ 18.454308948682659, -34.004401304737478 ] } },
{ "type": "Feature", "properties": { "name": "Clicks", "type": "pharmacy" }, "geometry": { "type": "Point", "coordinates": [ 18.481781408236628, -33.914164271363681 ] } },
{ "type": "Feature", "properties": { "name": "Wesbank Clinic", "type": "clinic" }, "geometry": { "type": "Point", "coordinates": [ 18.659490421115187, -33.96938133633244 ] } },
{ "type": "Feature", "properties": { "name": "Delft South Clinic", "type": "clinic" }, "geometry": { "type": "Point", "coordinates": [ 18.63346764244071, -33.991619735355663 ] } },
{ "type": "Feature", "properties": { "name": "Lentegeur Psychiatric Hospital", "type": "hospital" }, "geometry": { "type": "Point", "coordinates": [ 18.619942366252712, -34.024059644671475 ] } },
{ "type": "Feature", "properties": { "name": "Lancet Laboritories", "type": "laboratory" }, "geometry": { "type": "Point", "coordinates": [ 18.491397109545623, -33.984002539492586 ] } },
{ "type": "Feature", "properties": { "name": "", "type": "doctors" }, "geometry": { "type": "Point", "coordinates": [ 18.497126300031624, -33.98640525000134 ] } },
{ "type": "Feature", "properties": { "name": "", "type": "doctors" }, "geometry": { "type": "Point", "coordinates": [ 18.465879193567989, -34.0207613819559 ] } },
{ "type": "Feature", "properties": { "name": "Essential Health Pharmacy - Bergrivier", "type": "pharmacy" }, "geometry": { "type": "Point", "coordinates": [ 19.009666173990926, -33.638859310448595 ] } },
{ "type": "Feature", "properties": { "name": "Protea Park Clinic", "type": "clinic" }, "geometry": { "type": "Point", "coordinates": [ 18.497641845269492, -33.576688967383966 ] } },
{ "type": "Feature", "properties": { "name": "Simondium Clinic", "type": "clinic" }, "geometry": { "type": "Point", "coordinates": [ 18.95911897482776, -33.840212125100571 ] } },
{ "type": "Feature", "properties": { "name": "", "type": "hospital" }, "geometry": { "type": "Point", "coordinates": [ 18.717925500046089, -33.997566399976492 ] } },
{ "type": "Feature", "properties": { "name": "", "type": "hospital" }, "geometry": { "type": "Point", "coordinates": [ 18.717774787617245, -33.99806363224566 ] } },
{ "type": "Feature", "properties": { "name": "Dr J. R. Robinson", "type": "doctors" }, "geometry": { "type": "Point", "coordinates": [ 18.47095567007494, -33.938919319773746 ] } },
{ "type": "Feature", "properties": { "name": "Durbanville Mental Health and Memory Clinic", "type": "clinic" }, "geometry": { "type": "Point", "coordinates": [ 18.653426847008085, -33.827390943472011 ] } },
{ "type": "Feature", "properties": { "name": "", "type": "doctors" }, "geometry": { "type": "Point", "coordinates": [ 18.652444720532973, -33.833264819682874 ] } },
{ "type": "Feature", "properties": { "name": "The Newhaven", "type": "hospital" }, "geometry": { "type": "Point", "coordinates": [ 18.653347356851299, -33.831401522256066 ] } },
{ "type": "Feature", "properties": { "name": "Durbanville Natural Health Centre", "type": "clinic" }, "geometry": { "type": "Point", "coordinates": [ 18.641673813478825, -33.833657141211923 ] } },
{ "type": "Feature", "properties": { "name": "Danie de Villiers Surgery", "type": "doctors" }, "geometry": { "type": "Point", "coordinates": [ 18.645430854313776, -33.880189769672036 ] } },
{ "type": "Feature", "properties": { "name": "Optima Rustenvrede", "type": "clinic" }, "geometry": { "type": "Point", "coordinates": [ 18.945481557372219, -33.909832655935446 ] } },
{ "type": "Feature", "properties": { "name": "Chestnut Way Clinic", "type": "clinic" }, "geometry": { "type": "Point", "coordinates": [ 18.620651744266723, -33.948976768821232 ] } },
{ "type": "Feature", "properties": { "name": "", "type": "audiologist" }, "geometry": { "type": "Point", "coordinates": [ 18.842213460663128, -34.082666021998797 ] } }
]
}
