{
"type": "FeatureCollection",
"name": "gini_index",
"crs": { "type": "name", "properties": { "name": "urn:ogc:def:crs:OGC:1.3:CRS84" } },
"features": [
{ "type": "Feature", "properties": { "gini": 0.68248626323437778, "tax_year": 2024 }, "geometry": { "type": "Polygon", "coordinates": [ [ [ 18.484978932499683, -34.022267972529356 ], [ 18.471131495917902, -34.026536405093445 ], [ 18.458719920187566, -34.01892361000796 ], [ 18.460155159470229, -34.007042543028419 ], [ 18.47400057844434, -34.002773626780638 ], [ 18.486412775453029, -34.01038626143562 ], [ 18.484978932499683, -34.022267972529356 ] ] ] } },
{ "type": "Feature", "properties": { "gini": 0.64699376442797263, "tax_year": 2024 }, "geometry": { "type": "Polygon", "coordinates": [ [ [ 18.384289381184924, -33.973215880217602 ], [ 18.370451084852409, -33.977476474199435 ], [ 18.358053733008099, -33.969852556231373 ], [ 18.359494044354214, -33.957968205533057 ], [ 18.37333031639351, -33.95370712155637 ], [ 18.385728301088502, -33.961330878511518 ], [ 18.384289381184924, -33.973215880217602 ] ] ] } },
{ "type": "Feature", "properties": { "gini": 0.58997164891175369, "tax_year": 2024 }, "geometry": { "type": "Polygon", "coordinates": [ [ [ 18.539401429272228, -33.902408897737878 ], [ 18.525559677120253, -33.906695398207873 ], [ 18.513149934712231, -33.899079146151969 ], [ 18.514581330100132, -33.887176556149321 ], [ 18.528421071359727, -33.882889573258517 ], [ 18.540831427834579, -33.890505663030766 ], [ 18.539401429272228, -33.902408897737878 ] ] ] } },
{ "type": "Feature", "properties": { "gini": 0.60427226039579729, "tax_year": 2024 }, "geometry": { "type": "Polygon", "coordinates": [ [ [ 18.517443621666011, -33.863365512915735 ], [ 18.50360589173496, -33.867652979117494 ], [ 18.491201070089467, -33.860032477188128 ], [ 18.492633361674127, -33.848124672147428 ], [ 18.506469079841398, -33.843836721745213 ], [ 18.51887451789846, -33.851457060823449 ], [ 18.517443621666011, -33.863365512915735 ] ] ] } },
{ "type": "Feature", "properties": { "gini": 0.53489924569442238, "tax_year": 2024 }, "geometry": { "type": "Polygon", "coordinates": [ [ [ 18.425807049504009, -33.960421384025956 ], [ 18.411967365102239, -33.964688335073056 ], [ 18.399566282014437, -33.957066861575562 ], [ 18.401004255171149, -33.945178598537382 ], [ 18.414841918728097, -33.940911159610842 ], [ 18.42724362968228, -33.948532471840821 ], [ 18.425807049504009, -33.960421384025956 ] ] ] } },
{ "type": "Feature", "properties": { "gini": null, "tax_year": 2024 }, "geometry": { "type": "Polygon", "coordinates": [ [ [ 18.599898273502781, -33.619501893581614 ], [ 18.586073602407627, -33.623822467092019 ], [ 18.573675551640221, -33.616192880783821 ], [ 18.575101566560189, -33.60424288792256 ], [ 18.588924237336339, -33.599921831425277 ], [ 18.601322893224328, -33.607551251015359 ], [ 18.599898273502781, -33.619501893581614 ] ] ] } },
{ "type": "Feature", "properties": { "gini": 0.52307463968448964, "tax_year": 2024 }, "geometry": { "type": "Polygon", "coordinates": [ [ [ 18.598629598203082, -33.964257962273685 ], [ 18.584780148582123, -33.968545961398675 ], [ 18.572359955808651, -33.960938405738389 ], [ 18.573788604916729, -33.949043012615164 ], [ 18.587636046922086, -33.944754535246048 ], [ 18.600056847146195, -33.952361929484489 ], [ 18.598629598203082, -33.964257962273685 ] ] ] } },
{ "type": "Feature", "properties": { "gini": 0.61918174584574026, "tax_year": 2024 }, "geometry": { "type": "Polygon", "coordinates": [ [ [ 18.421875121635075, -34.21299828198741 ], [ 18.408017329420336, -34.217240783538337 ], [ 18.395600259269024, -34.20963544436119 ], [ 18.39704035104268, -34.197787761445944 ], [ 18.410896116753811, -34.193544775625611 ], [ 18.423313816902805, -34.201149957229532 ], [ 18.421875121635075, -34.21299828198741 ] ] ] } },
{ "type": "Feature", "properties": { "gini": null, "tax_year": 2024 }, "geometry": { "type": "Polygon", "coordinates": [ [ [ 18.540775490543279, -33.557433782974783 ], [ 18.526958488739318, -33.561752891699953 ], [ 18.514570850449289, -33.554114743985458 ], [ 18.515999601973967, -33.5421576554618 ], [ 18.52981460019932, -33.537838059616156 ], [ 18.54220285019095, -33.545476039653224 ], [ 18.540775490543279, -33.557433782974783 ] ] ] } },
{ "type": "Feature", "properties": { "gini": 0.65023633940184278, "tax_year": 2024 }, "geometry": { "type": "Polygon", "coordinates": [ [ [ 18.364690614827829, -34.024991675368597 ], [ 18.350849666683185, -34.029244930259296 ], [ 18.338451114161415, -34.021622814341384 ], [ 18.339892873985416, -34.009747603978553 ], [ 18.353731795241337, -34.005493858779083 ], [ 18.366130983270089, -34.013115814489822 ], [ 18.364690614827829, -34.024991675368597 ] ] ] } },
{ "type": "Feature", "properties": { "gini": 0.64420165772597549, "tax_year": 2024 }, "geometry": { "type": "Polygon", "coordinates": [ [ [ 18.927873640316982, -34.113983173010745 ], [ 18.913995900020044, -34.118297878141057 ], [ 18.901530572361448, -34.110726510915612 ], [ 18.902942415511326, -34.098840598295268 ], [ 18.916818170811386, -34.094525435237266 ], [ 18.92928406767308, -34.102096642970338 ], [ 18.927873640316982, -34.113983173010745 ] ] ] } },
{ "type": "Feature", "properties": { "gini": 0.61838498166061084, "tax_year": 2024 }, "geometry": { "type": "Polygon", "coordinates": [ [ [ 18.491201070089467, -33.860032477188128 ], [ 18.477365022791869, -33.864317011468536 ], [ 18.46496328108022, -33.856694226175762 ], [ 18.466396966886471, -33.844787069714116 ], [ 18.480231000472401, -33.840502049727078 ], [ 18.492633361674127, -33.848124672147428 ], [ 18.491201070089467, -33.860032477188128 ] ] ] } },
{ "type": "Feature", "properties": { "gini": 0.63857886669784791, "tax_year": 2024 }, "geometry": { "type": "Polygon", "coordinates": [ [ [ 18.864145519611466, -34.088003364418924 ], [ 18.850272975183923, -34.092312610338816 ], [ 18.837816137559642, -34.084734385481106 ], [ 18.839231267423322, -34.07284707477659 ], [ 18.853101822370405, -34.068537367053061 ], [ 18.865559236648242, -34.076115432080201 ], [ 18.864145519611466, -34.088003364418924 ] ] ] } },
{ "type": "Feature", "properties": { "gini": 0.57492700860570389, "tax_year": 2024 }, "geometry": { "type": "Polygon", "coordinates": [ [ [ 18.63345656399531, -33.896162885235576 ], [ 18.619610154338424, -33.900461613093178 ], [ 18.607190600419759, -33.892852405343206 ], [ 18.608616852976638, -33.880944632443516 ], [ 18.622461259141772, -33.876645427291315 ], [ 18.634881415953735, -33.884254472573694 ], [ 18.63345656399531, -33.896162885235576 ] ] ] } },
{ "type": "Feature", "properties": { "gini": 0.57930004906310528, "tax_year": 2024 }, "geometry": { "type": "Polygon", "coordinates": [ [ [ 18.456357666976356, -33.928096133877631 ], [ 18.442518626222352, -33.932369927220215 ], [ 18.43011628931141, -33.92474877652225 ], [ 18.431552368816845, -33.912853994517086 ], [ 18.445389391751021, -33.908579714516691 ], [ 18.457792352709259, -33.91620070341834 ], [ 18.456357666976356, -33.928096133877631 ] ] ] } },
{ "type": "Feature", "properties": { "gini": 0.50612444356794084, "tax_year": 2024 }, "geometry": { "type": "Polygon", "coordinates": [ [ [ 18.762346539880589, -33.821612965142727 ], [ 18.748498623262499, -33.82593463225087 ], [ 18.736069994905101, -33.818330840319106 ], [ 18.737488695734573, -33.806405545188049 ], [ 18.7513346204355, -33.802083406881145 ], [ 18.763763835938008, -33.809687035145103 ], [ 18.762346539880589, -33.821612965142727 ] ] ] } },
{ "type": "Feature", "properties": { "gini": 0.74411832911823794, "tax_year": 2024 }, "geometry": { "type": "Polygon", "coordinates": [ [ [ 18.708019756041324, -33.941782107790615 ], [ 18.694166047104371, -33.946085768916241 ], [ 18.681735477207322, -33.938485450291672 ], [ 18.683158021624493, -33.926581632629123 ], [ 18.697009731908828, -33.922277498987171 ], [ 18.709440896141292, -33.929877655765061 ], [ 18.708019756041324, -33.941782107790615 ] ] ] } },
{ "type": "Feature", "properties": { "gini": null, "tax_year": 2024 }, "geometry": { "type": "Polygon", "coordinates": [ [ [ 18.577953099489708, -33.580337079852988 ], [ 18.564132429471588, -33.584658620212139 ], [ 18.551739279000643, -33.577024831040561 ], [ 18.553166190797018, -33.565069669080302 ], [ 18.566984859619023, -33.560747643984989 ], [ 18.579378617553473, -33.568381265825003 ], [ 18.577953099489708, -33.580337079852988 ] ] ] } },
{ "type": "Feature", "properties": { "gini": 0.50857453531571184, "tax_year": 2024 }, "geometry": { "type": "Polygon", "coordinates": [ [ [ 18.747080376851518, -33.83785731631508 ], [ 18.7332320974085, -33.842175573452558 ], [ 18.720804058107799, -33.834571618104228 ], [ 18.722223708907038, -33.822649569275981 ], [ 18.736069994905101, -33.818330840319106 ], [ 18.748498623262499, -33.82593463225087 ], [ 18.747080376851518, -33.83785731631508 ] ] ] } },
{ "type": "Feature", "properties": { "gini": 0.48779922232427142, "tax_year": 2024 }, "geometry": { "type": "Polygon", "coordinates": [ [ [ 18.503614415156846, -33.534517416510525 ], [ 18.48980109129463, -33.53883409860844 ], [ 18.477418971924873, -33.53119160340357 ], [ 18.478849560196949, -33.519232594362727 ], [ 18.492660878106872, -33.514915422759003 ], [ 18.505043613409008, -33.522557749940177 ], [ 18.503614415156846, -33.534517416510525 ] ] ] } },
{ "type": "Feature", "properties": { "gini": 0.50831038993382682, "tax_year": 2024 }, "geometry": { "type": "Polygon", "coordinates": [ [ [ 18.736069994905101, -33.818330840319106 ], [ 18.722223708907038, -33.822649569275981 ], [ 18.709798117921952, -33.815043475561509 ], [ 18.711218222405545, -33.803118816836687 ], [ 18.725062514506501, -33.79879961517927 ], [ 18.737488695734573, -33.806405545188049 ], [ 18.736069994905101, -33.818330840319106 ] ] ] } },
{ "type": "Feature", "properties": { "gini": 0.65230647768831396, "tax_year": 2024 }, "geometry": { "type": "Polygon", "coordinates": [ [ [ 18.463451258914667, -34.200258014838809 ], [ 18.449592087980935, -34.204506897586171 ], [ 18.437171287944395, -34.196904023524922 ], [ 18.438609033559597, -34.185052424780473 ], [ 18.45246618145854, -34.180803059858725 ], [ 18.464887606485551, -34.188405776095664 ], [ 18.463451258914667, -34.200258014838809 ] ] ] } },
{ "type": "Feature", "properties": { "gini": 0.54497958324351192, "tax_year": 2024 }, "geometry": { "type": "Polygon", "coordinates": [ [ [ 18.445389391751021, -33.908579714516691 ], [ 18.431552368816845, -33.912853994517086 ], [ 18.419152497024559, -33.90523072219775 ], [ 18.420589022661218, -33.893333332193784 ], [ 18.43442402734577, -33.889058564641928 ], [ 18.446824524352895, -33.896681674884405 ], [ 18.445389391751021, -33.908579714516691 ] ] ] } },
{ "type": "Feature", "properties": { "gini": null, "tax_year": 2024 }, "geometry": { "type": "Polygon", "coordinates": [ [ [ 18.52981460019932, -33.537838059616156 ], [ 18.515999601973967, -33.5421576554618 ], [ 18.503614415156846, -33.534517416510525 ], [ 18.505043613409008, -33.522557749940177 ], [ 18.51885660762175, -33.518237666100461 ], [ 18.531242407307239, -33.525877737063617 ], [ 18.52981460019932, -33.537838059616156 ] ] ] } },
{ "type": "Feature", "properties": { "gini": null, "tax_year": 2024 }, "geometry": { "type": "Polygon", "coordinates": [ [ [ 18.424224045270932, -34.303479744243099 ], [ 18.410359530577335, -34.307713927800883 ], [ 18.397936296799429, -34.300114735196374 ], [ 18.399376947103118, -34.288281515581268 ], [ 18.41323943354498, -34.284046849304495 ], [ 18.425663297642419, -34.291645885601682 ], [ 18.424224045270932, -34.303479744243099 ] ] ] } },
{ "type": "Feature", "properties": { "gini": null, "tax_year": 2024 }, "geometry": { "type": "Polygon", "coordinates": [ [ [ 18.555203189259473, -34.103530208006589 ], [ 18.541346007634285, -34.107799661744515 ], [ 18.52892148641396, -34.100197738421862 ], [ 18.530353533040568, -34.088326520941301 ], [ 18.544208700759409, -34.084056588615965 ], [ 18.556633835468055, -34.09165835259887 ], [ 18.555203189259473, -34.103530208006589 ] ] ] } },
{ "type": "Feature", "properties": { "gini": 0.53520300388791098, "tax_year": 2024 }, "geometry": { "type": "Polygon", "coordinates": [ [ [ 18.605344668836739, -34.019425110320874 ], [ 18.591490860547381, -34.023708734992617 ], [ 18.579066356911831, -34.016105303472415 ], [ 18.580495054271339, -34.004218408138584 ], [ 18.5943468543067, -33.999934306399538 ], [ 18.606771964947608, -34.007537577302053 ], [ 18.605344668836739, -34.019425110320874 ] ] ] } },
{ "type": "Feature", "properties": { "gini": 0.52869227390892215, "tax_year": 2024 }, "geometry": { "type": "Polygon", "coordinates": [ [ [ 18.552792782150227, -34.012780247910953 ], [ 18.53894231325981, -34.017057985811867 ], [ 18.5265239543176, -34.009449947416456 ], [ 18.527955450785722, -33.997564332016537 ], [ 18.54180390749648, -33.993286114044672 ], [ 18.554222879629222, -34.000893991783691 ], [ 18.552792782150227, -34.012780247910953 ] ] ] } },
{ "type": "Feature", "properties": { "gini": 0.53711808815714823, "tax_year": 2024 }, "geometry": { "type": "Polygon", "coordinates": [ [ [ 18.574779266683841, -34.051754220891034 ], [ 18.560924774752216, -34.056031001337324 ], [ 18.548501490872177, -34.048427249339213 ], [ 18.549932087798993, -34.036546877247723 ], [ 18.563784568430023, -34.0322696185222 ], [ 18.576208463145353, -34.039873210407684 ], [ 18.574779266683841, -34.051754220891034 ] ] ] } },
{ "type": "Feature", "properties": { "gini": null, "tax_year": 2024 }, "geometry": { "type": "Polygon", "coordinates": [ [ [ 18.353731795241337, -34.005493858779083 ], [ 18.339892873985416, -34.009747603978553 ], [ 18.327496793571044, -34.002123364784588 ], [ 18.328938997450859, -33.990245541109196 ], [ 18.34277589139483, -33.985991304700207 ], [ 18.355172608478988, -33.993615383414607 ], [ 18.353731795241337, -34.005493858779083 ] ] ] } },
{ "type": "Feature", "properties": { "gini": 0.76160842169007414, "tax_year": 2024 }, "geometry": { "type": "Polygon", "coordinates": [ [ [ 18.530817944120162, -33.973787221917433 ], [ 18.516971500027083, -33.97806592085518 ], [ 18.504558066199223, -33.97045360783742 ], [ 18.505990460633569, -33.958562757327876 ], [ 18.519834891671945, -33.954283576529903 ], [ 18.532248941041015, -33.961895728341425 ], [ 18.530817944120162, -33.973787221917433 ] ] ] } },
{ "type": "Feature", "properties": { "gini": 0.56137012841605938, "tax_year": 2024 }, "geometry": { "type": "Polygon", "coordinates": [ [ [ 18.5217358113985, -33.827634298541163 ], [ 18.50790042431958, -33.831925664072479 ], [ 18.495497445535591, -33.824303204789253 ], [ 18.496929237866834, -33.812389543615602 ], [ 18.510762614261925, -33.808097693613412 ], [ 18.523166208720511, -33.815719989494994 ], [ 18.5217358113985, -33.827634298541163 ] ] ] } },
{ "type": "Feature", "properties": { "gini": 0.61956958932856154, "tax_year": 2024 }, "geometry": { "type": "Polygon", "coordinates": [ [ [ 18.395600259269024, -34.20963544436119 ], [ 18.381744175872416, -34.213874997688109 ], [ 18.369330212990878, -34.206267353631631 ], [ 18.370771700128991, -34.194420314061752 ], [ 18.384625755076563, -34.190180274963588 ], [ 18.39704035104268, -34.197787761445944 ], [ 18.395600259269024, -34.20963544436119 ] ] ] } },
{ "type": "Feature", "properties": { "gini": 0.53589167242316704, "tax_year": 2024 }, "geometry": { "type": "Polygon", "coordinates": [ [ [ 18.583351950079216, -33.980438736540108 ], [ 18.569502158740072, -33.984723316240185 ], [ 18.557082575330313, -33.977115599412983 ], [ 18.55851217360695, -33.96522346429272 ], [ 18.572359955808651, -33.960938405738389 ], [ 18.584780148582123, -33.968545961398675 ], [ 18.583351950079216, -33.980438736540108 ] ] ] } },
{ "type": "Feature", "properties": { "gini": 0.65909433976405907, "tax_year": 2024 }, "geometry": { "type": "Polygon", "coordinates": [ [ [ 18.734308719531079, -33.945073511105569 ], [ 18.720453371975726, -33.949380116489287 ], [ 18.708019756041324, -33.941782107790615 ], [ 18.709440896141292, -33.929877655765061 ], [ 18.723294247023976, -33.925570579365143 ], [ 18.735728454192355, -33.933168426248152 ], [ 18.734308719531079, -33.945073511105569 ] ] ] } },
{ "type": "Feature", "properties": { "gini": 0.52367406705185493, "tax_year": 2024 }, "geometry": { "type": "Polygon", "coordinates": [ [ [ 18.859903377580459, -34.123655365187695 ], [ 18.846028465275168, -34.127960730249178 ], [ 18.833569756337738, -34.12038452292586 ], [ 18.834985382044092, -34.108503110112316 ], [ 18.848858303792102, -34.104197283534617 ], [ 18.861317590104782, -34.111773331529264 ], [ 18.859903377580459, -34.123655365187695 ] ] ] } },
{ "type": "Feature", "properties": { "gini": 0.63946657263366302, "tax_year": 2024 }, "geometry": { "type": "Polygon", "coordinates": [ [ [ 18.912584517209769, -34.130181148910381 ], [ 18.898706391040331, -34.134492434905219 ], [ 18.886241634507812, -34.126920908418036 ], [ 18.887654432733047, -34.115038255440723 ], [ 18.901530572361448, -34.110726510915612 ], [ 18.913995900020044, -34.118297878141057 ], [ 18.912584517209769, -34.130181148910381 ] ] ] } },
{ "type": "Feature", "properties": { "gini": 0.51174526810521792, "tax_year": 2024 }, "geometry": { "type": "Polygon", "coordinates": [ [ [ 18.609626058604857, -33.983756629521302 ], [ 18.595774601810596, -33.988044151294126 ], [ 18.583351950079216, -33.980438736540108 ], [ 18.584780148582123, -33.968545961398675 ], [ 18.598629598203082, -33.964257962273685 ], [ 18.61105285620571, -33.971863215882614 ], [ 18.609626058604857, -33.983756629521302 ] ] ] } },
{ "type": "Feature", "properties": { "gini": 0.61387165898314211, "tax_year": 2024 }, "geometry": { "type": "Polygon", "coordinates": [ [ [ 18.388605639534724, -33.937555002861487 ], [ 18.374769681391882, -33.941819509183212 ], [ 18.362374165346097, -33.934193632730377 ], [ 18.363813975046469, -33.922303411751649 ], [ 18.37764790998072, -33.918038415147564 ], [ 18.390044058131995, -33.925664130043153 ], [ 18.388605639534724, -33.937555002861487 ] ] ] } },
{ "type": "Feature", "properties": { "gini": 0.5374954341196686, "tax_year": 2024 }, "geometry": { "type": "Polygon", "coordinates": [ [ [ 18.727554318304509, -33.889841595132303 ], [ 18.713703323030522, -33.894152557084389 ], [ 18.701274016949171, -33.886550417553636 ], [ 18.702695114160356, -33.874637478940357 ], [ 18.716544113386281, -33.870326044815393 ], [ 18.728974011162251, -33.877928021717558 ], [ 18.727554318304509, -33.889841595132303 ] ] ] } },
{ "type": "Feature", "properties": { "gini": 0.51443037670209757, "tax_year": 2024 }, "geometry": { "type": "Polygon", "coordinates": [ [ [ 18.710505092454067, -34.032651775210859 ], [ 18.696644670860316, -34.036947186897919 ], [ 18.684207929762255, -34.029353000885095 ], [ 18.685631015364759, -34.017463563949235 ], [ 18.699489436600167, -34.013167681194687 ], [ 18.711926772303702, -34.020761706684731 ], [ 18.710505092454067, -34.032651775210859 ] ] ] } },
{ "type": "Feature", "properties": { "gini": 0.52258380739573185, "tax_year": 2024 }, "geometry": { "type": "Polygon", "coordinates": [ [ [ 18.897294052814694, -34.146372445163877 ], [ 18.883415542735243, -34.150680311015613 ], [ 18.870951359252025, -34.14310862549749 ], [ 18.87236511251308, -34.131229233401456 ], [ 18.886241634507812, -34.126920908418036 ], [ 18.898706391040331, -34.134492434905219 ], [ 18.897294052814694, -34.146372445163877 ] ] ] } },
{ "type": "Feature", "properties": { "gini": 0.62321435590342578, "tax_year": 2024 }, "geometry": { "type": "Polygon", "coordinates": [ [ [ 18.662188437880953, -33.990376667968292 ], [ 18.64833366653794, -33.994670077251413 ], [ 18.635904891133752, -33.987069274585544 ], [ 18.637330286705506, -33.975175223974368 ], [ 18.651183054814634, -33.970881340341371 ], [ 18.663612430297764, -33.97848198191015 ], [ 18.662188437880953, -33.990376667968292 ] ] ] } },
{ "type": "Feature", "properties": { "gini": 0.54224471341996161, "tax_year": 2024 }, "geometry": { "type": "Polygon", "coordinates": [ [ [ 18.587636046922086, -33.944754535246048 ], [ 18.573788604916729, -33.949043012615164 ], [ 18.561370871148711, -33.941433318996921 ], [ 18.562799970468326, -33.929535309949742 ], [ 18.576645404416738, -33.925246353445125 ], [ 18.589063746813647, -33.93285588536326 ], [ 18.587636046922086, -33.944754535246048 ] ] ] } },
{ "type": "Feature", "properties": { "gini": 0.63807874219137517, "tax_year": 2024 }, "geometry": { "type": "Polygon", "coordinates": [ [ [ 18.511242717805185, -34.025607097319366 ], [ 18.497393594434431, -34.029878470799275 ], [ 18.484978932499683, -34.022267972529356 ], [ 18.486412775453029, -34.01038626143562 ], [ 18.500259883168088, -34.006114405775399 ], [ 18.512675163295381, -34.013724743628956 ], [ 18.511242717805185, -34.025607097319366 ] ] ] } },
{ "type": "Feature", "properties": { "gini": 0.66639741915716733, "tax_year": 2024 }, "geometry": { "type": "Polygon", "coordinates": [ [ [ 18.44774604987742, -33.999427614231486 ], [ 18.433902325072882, -34.003693592210212 ], [ 18.421496307186882, -33.99607637193359 ], [ 18.422933388283607, -33.984193334633893 ], [ 18.436775093101577, -33.979926870569606 ], [ 18.449181736518614, -33.987543930129775 ], [ 18.44774604987742, -33.999427614231486 ] ] ] } },
{ "type": "Feature", "properties": { "gini": 0.50485936726327518, "tax_year": 2024 }, "geometry": { "type": "Polygon", "coordinates": [ [ [ 18.742824645994904, -33.873613647131705 ], [ 18.728974011162251, -33.877928021717558 ], [ 18.716544113386281, -33.870326044815393 ], [ 18.717964260374579, -33.858409856447309 ], [ 18.731812900687078, -33.854095010305613 ], [ 18.744243388244865, -33.861696824328874 ], [ 18.742824645994904, -33.873613647131705 ] ] ] } },
{ "type": "Feature", "properties": { "gini": 0.46249359500788279, "tax_year": 2024 }, "geometry": { "type": "Polygon", "coordinates": [ [ [ 18.468831956046561, -33.602904961444167 ], [ 18.455015644889286, -33.607210941593259 ], [ 18.442632928539421, -33.599570033444323 ], [ 18.444065902591799, -33.587623312270246 ], [ 18.45788020370826, -33.583316841584022 ], [ 18.470263540524424, -33.590957582847217 ], [ 18.468831956046561, -33.602904961444167 ] ] ] } },
{ "type": "Feature", "properties": { "gini": 0.63414815733373653, "tax_year": 2024 }, "geometry": { "type": "Polygon", "coordinates": [ [ [ 18.670729904671759, -33.91897916859304 ], [ 18.656879840448667, -33.923280360584066 ], [ 18.6444547751132, -33.915675591929386 ], [ 18.645879175095068, -33.903769793681292 ], [ 18.659727238241512, -33.899468126785422 ], [ 18.672152902195037, -33.907072733283137 ], [ 18.670729904671759, -33.91897916859304 ] ] ] } },
{ "type": "Feature", "properties": { "gini": null, "tax_year": 2024 }, "geometry": { "type": "Polygon", "coordinates": [ [ [ 18.498809953364642, -34.349038585663735 ], [ 18.484937987721352, -34.353277722802581 ], [ 18.472503599284401, -34.345687496423302 ], [ 18.473940554425582, -34.333858288958986 ], [ 18.487810496596484, -34.329618673923299 ], [ 18.500245506806827, -34.337208744489295 ], [ 18.498809953364642, -34.349038585663735 ] ] ] } },
{ "type": "Feature", "properties": { "gini": 0.71308461106088861, "tax_year": 2024 }, "geometry": { "type": "Polygon", "coordinates": [ [ [ 18.901530572361448, -34.110726510915612 ], [ 18.887654432733047, -34.115038255440723 ], [ 18.875192123548555, -34.107464546522927 ], [ 18.876605381377431, -34.095579252851053 ], [ 18.890479533997453, -34.09126704890565 ], [ 18.902942415511326, -34.098840598295268 ], [ 18.901530572361448, -34.110726510915612 ] ] ] } },
{ "type": "Feature", "properties": { "gini": 0.52203834673430061, "tax_year": 2024 }, "geometry": { "type": "Polygon", "coordinates": [ [ [ 18.705536812042364, -33.850805737933868 ], [ 18.691689809315491, -33.855117645115918 ], [ 18.679265404549803, -33.84751122474885 ], [ 18.680687408158686, -33.835593060640186 ], [ 18.694532413936503, -33.831280679517441 ], [ 18.706957412767519, -33.838886936684752 ], [ 18.705536812042364, -33.850805737933868 ] ] ] } },
{ "type": "Feature", "properties": { "gini": 0.52355440369230977, "tax_year": 2024 }, "geometry": { "type": "Polygon", "coordinates": [ [ [ 18.88200224913345, -34.162557059527877 ], [ 18.868123357107173, -34.166861504233069 ], [ 18.855659748596736, -34.159289659915075 ], [ 18.857074456853653, -34.14741352993461 ], [ 18.870951359252025, -34.14310862549749 ], [ 18.883415542735243, -34.150680311015613 ], [ 18.88200224913345, -34.162557059527877 ] ] ] } },
{ "type": "Feature", "properties": { "gini": 0.4628551477498013, "tax_year": 2024 }, "geometry": { "type": "Polygon", "coordinates": [ [ [ 18.499325825174477, -33.570384790637199 ], [ 18.485510166583705, -33.574697580691478 ], [ 18.473126211201027, -33.567057006589998 ], [ 18.474557297454009, -33.555103810109877 ], [ 18.488370949017082, -33.55079053078763 ], [ 18.500755521066676, -33.558430937451746 ], [ 18.499325825174477, -33.570384790637199 ] ] ] } },
{ "type": "Feature", "properties": { "gini": 0.56555370475485356, "tax_year": 2024 }, "geometry": { "type": "Polygon", "coordinates": [ [ [ 18.526026504644545, -33.79188551845877 ], [ 18.512193459780505, -33.796180781973526 ], [ 18.499792323466362, -33.788556369145219 ], [ 18.501223616789062, -33.776636856997534 ], [ 18.515054652048512, -33.772341108745636 ], [ 18.527456403300956, -33.779965357617769 ], [ 18.526026504644545, -33.79188551845877 ] ] ] } },
{ "type": "Feature", "properties": { "gini": 0.42563425321024478, "tax_year": 2024 }, "geometry": { "type": "Polygon", "coordinates": [ [ [ 18.408555057803529, -34.102935466932465 ], [ 18.394706006356035, -34.107186769608063 ], [ 18.382297565713436, -34.099573176260435 ], [ 18.383737545382239, -34.087708439609287 ], [ 18.397584571643836, -34.083456650234112 ], [ 18.409993643130793, -34.09107008444883 ], [ 18.408555057803529, -34.102935466932465 ] ] ] } },
{ "type": "Feature", "properties": { "gini": 0.61926376873025224, "tax_year": 2024 }, "geometry": { "type": "Polygon", "coordinates": [ [ [ 18.697009731908828, -33.922277498987171 ], [ 18.683158021624493, -33.926581632629123 ], [ 18.670729904671759, -33.91897916859304 ], [ 18.672152902195037, -33.907072733283137 ], [ 18.68600261337691, -33.902768126237689 ], [ 18.698431325850599, -33.910370428146493 ], [ 18.697009731908828, -33.922277498987171 ] ] ] } },
{ "type": "Feature", "properties": { "gini": 0.62172778564011244, "tax_year": 2024 }, "geometry": { "type": "Polygon", "coordinates": [ [ [ 18.454413200845352, -34.054555044704891 ], [ 18.44056511242178, -34.058816628182669 ], [ 18.428154784986731, -34.051203513013554 ], [ 18.429591920580144, -34.03932897451822 ], [ 18.443437988363229, -34.035066906146923 ], [ 18.455848940902428, -34.042679861403855 ], [ 18.454413200845352, -34.054555044704891 ] ] ] } },
{ "type": "Feature", "properties": { "gini": 0.48778134474776708, "tax_year": 2024 }, "geometry": { "type": "Polygon", "coordinates": [ [ [ 18.466469893547181, -33.511588013625456 ], [ 18.45266025733094, -33.515902274109195 ], [ 18.440283663596212, -33.508255442480419 ], [ 18.441716085633633, -33.496294518976171 ], [ 18.455523713532703, -33.491979766600224 ], [ 18.467900927423173, -33.499626429858615 ], [ 18.466469893547181, -33.511588013625456 ] ] ] } },
{ "type": "Feature", "properties": { "gini": 0.61706739040219205, "tax_year": 2024 }, "geometry": { "type": "Polygon", "coordinates": [ [ [ 18.439128423889482, -34.07068854575774 ], [ 18.425280012492156, -34.07494670325368 ], [ 18.412870312074443, -34.067333428431908 ], [ 18.414308395745518, -34.055462156006172 ], [ 18.428154784986731, -34.051203513013554 ], [ 18.44056511242178, -34.058816628182669 ], [ 18.439128423889482, -34.07068854575774 ] ] ] } },
{ "type": "Feature", "properties": { "gini": 0.60992291634607487, "tax_year": 2024 }, "geometry": { "type": "Polygon", "coordinates": [ [ [ 18.652998688002373, -33.844211474492141 ], [ 18.63915497681672, -33.848517507065246 ], [ 18.626736672181682, -33.840906490911784 ], [ 18.628161478193054, -33.828989605690218 ], [ 18.642003188487038, -33.824683096170844 ], [ 18.654422093373761, -33.83229394905959 ], [ 18.652998688002373, -33.844211474492141 ] ] ] } },
{ "type": "Feature", "properties": { "gini": 0.6328456107068573, "tax_year": 2024 }, "geometry": { "type": "Polygon", "coordinates": [ [ [ 18.894715948337097, -34.05559549600742 ], [ 18.880844164435153, -34.059911577586703 ], [ 18.8683861754247, -34.052333672625075 ], [ 18.869799397218781, -34.040439846627024 ], [ 18.883669194721527, -34.036123304455288 ], [ 18.896127756543891, -34.043701049116692 ], [ 18.894715948337097, -34.05559549600742 ] ] ] } },
{ "type": "Feature", "properties": { "gini": 0.59505612761758631, "tax_year": 2024 }, "geometry": { "type": "Polygon", "coordinates": [ [ [ 18.432465690595912, -34.015574013558883 ], [ 18.418621643883831, -34.019836567723374 ], [ 18.406216253440288, -34.012219186992318 ], [ 18.407654281975336, -34.000339412790318 ], [ 18.421496307186882, -33.99607637193359 ], [ 18.433902325072882, -34.003693592210212 ], [ 18.432465690595912, -34.015574013558883 ] ] ] } },
{ "type": "Feature", "properties": { "gini": 0.71096665220668509, "tax_year": 2024 }, "geometry": { "type": "Polygon", "coordinates": [ [ [ 18.721523656949294, -34.052131082980431 ], [ 18.707661235448896, -34.056426024491984 ], [ 18.695222039256709, -34.048833996204536 ], [ 18.696644670860316, -34.036947186897919 ], [ 18.710505092454067, -34.032651775210859 ], [ 18.72294488206321, -34.040243643247294 ], [ 18.721523656949294, -34.052131082980431 ] ] ] } },
{ "type": "Feature", "properties": { "gini": 0.55752534405053833, "tax_year": 2024 }, "geometry": { "type": "Polygon", "coordinates": [ [ [ 18.674998400107718, -33.883253994556767 ], [ 18.6611506884771, -33.887559075892312 ], [ 18.64872747757682, -33.879952329885803 ], [ 18.650151380131085, -33.868040665477253 ], [ 18.663997091762621, -33.863735108965628 ], [ 18.676420900551488, -33.871341692279188 ], [ 18.674998400107718, -33.883253994556767 ] ] ] } },
{ "type": "Feature", "properties": { "gini": 0.50817474622431313, "tax_year": 2024 }, "geometry": { "type": "Polygon", "coordinates": [ [ [ 18.709798117921952, -33.815043475561509 ], [ 18.695953468005012, -33.819359267463227 ], [ 18.683530918731783, -33.811750874602495 ], [ 18.684952425750289, -33.799826853822736 ], [ 18.69879507979384, -33.795510587718027 ], [ 18.711218222405545, -33.803118816836687 ], [ 18.709798117921952, -33.815043475561509 ] ] ] } },
{ "type": "Feature", "properties": { "gini": 0.51171078883585641, "tax_year": 2024 }, "geometry": { "type": "Polygon", "coordinates": [ [ [ 18.716544113386281, -33.870326044815393 ], [ 18.702695114160356, -33.874637478940357 ], [ 18.690268258708688, -33.8670331975135 ], [ 18.691689809315491, -33.855117645115918 ], [ 18.705536812042364, -33.850805737933868 ], [ 18.717964260374579, -33.858409856447309 ], [ 18.716544113386281, -33.870326044815393 ] ] ] } },
{ "type": "Feature", "properties": { "gini": 0.57007187640647761, "tax_year": 2024 }, "geometry": { "type": "Polygon", "coordinates": [ [ [ 18.495497445535591, -33.824303204789253 ], [ 18.481663739566333, -33.82859164028082 ], [ 18.469263838848907, -33.820966900337289 ], [ 18.470697025059561, -33.809053888565913 ], [ 18.48452871839762, -33.804764967096752 ], [ 18.496929237866834, -33.812389543615602 ], [ 18.495497445535591, -33.824303204789253 ] ] ] } },
{ "type": "Feature", "properties": { "gini": 0.40829771872549897, "tax_year": 2024 }, "geometry": { "type": "Polygon", "coordinates": [ [ [ 18.679265404549803, -33.84751122474885 ], [ 18.665420044866917, -33.851820194073483 ], [ 18.652998688002373, -33.844211474492141 ], [ 18.654422093373761, -33.83229394905959 ], [ 18.668265454134449, -33.827984504291805 ], [ 18.680687408158686, -33.835593060640186 ], [ 18.679265404549803, -33.84751122474885 ] ] ] } },
{ "type": "Feature", "properties": { "gini": 0.56330600859530322, "tax_year": 2024 }, "geometry": { "type": "Polygon", "coordinates": [ [ [ 18.565657670341231, -33.905733421884264 ], [ 18.551814244890096, -33.910022858415125 ], [ 18.539401429272228, -33.902408897737878 ], [ 18.540831427834579, -33.890505663030766 ], [ 18.554672844349138, -33.886215745583485 ], [ 18.567086270949002, -33.893829543999516 ], [ 18.565657670341231, -33.905733421884264 ] ] ] } },
{ "type": "Feature", "properties": { "gini": 0.56596559777017252, "tax_year": 2024 }, "geometry": { "type": "Polygon", "coordinates": [ [ [ 18.471196289799639, -33.694116387868192 ], [ 18.457373297292612, -33.698414083914805 ], [ 18.444984452313779, -33.690779131020733 ], [ 18.446417978775958, -33.678846647748941 ], [ 18.460238959516325, -33.674548462545232 ], [ 18.472628425272056, -33.682183250008869 ], [ 18.471196289799639, -33.694116387868192 ] ] ] } },
{ "type": "Feature", "properties": { "gini": 0.5584407163000471, "tax_year": 2024 }, "geometry": { "type": "Polygon", "coordinates": [ [ [ 18.48452871839762, -33.804764967096752 ], [ 18.470697025059561, -33.809053888565913 ], [ 18.458299584866182, -33.801427034070073 ], [ 18.45973321780119, -33.789511422057672 ], [ 18.473562898075834, -33.785222013723242 ], [ 18.485960958189416, -33.792848704505367 ], [ 18.48452871839762, -33.804764967096752 ] ] ] } },
{ "type": "Feature", "properties": { "gini": 0.61075807055868347, "tax_year": 2024 }, "geometry": { "type": "Polygon", "coordinates": [ [ [ 18.450104978688149, -34.090168818346186 ], [ 18.436254545565099, -34.094426491246907 ], [ 18.423842375536324, -34.086815353888319 ], [ 18.425280012492156, -34.07494670325368 ], [ 18.439128423889482, -34.07068854575774 ], [ 18.451541219765542, -34.07829952373114 ], [ 18.450104978688149, -34.090168818346186 ] ] ] } },
{ "type": "Feature", "properties": { "gini": 0.67341892974282891, "tax_year": 2024 }, "geometry": { "type": "Polygon", "coordinates": [ [ [ 18.351719765432595, -34.131786132386388 ], [ 18.337871798389493, -34.136027634247291 ], [ 18.325467737243123, -34.128411429215859 ], [ 18.326911005095972, -34.116553881176124 ], [ 18.340756941988456, -34.1123118899133 ], [ 18.353161640886167, -34.119927936330939 ], [ 18.351719765432595, -34.131786132386388 ] ] ] } },
{ "type": "Feature", "properties": { "gini": 0.53950980782595259, "tax_year": 2024 }, "geometry": { "type": "Polygon", "coordinates": [ [ [ 18.668925116325838, -34.045531641499188 ], [ 18.65506598658898, -34.049820684269768 ], [ 18.642632897975783, -34.042224022616438 ], [ 18.644058339185545, -34.030338478734585 ], [ 18.657915465056305, -34.026048962791037 ], [ 18.670349153295149, -34.03364546414327 ], [ 18.668925116325838, -34.045531641499188 ] ] ] } },
{ "type": "Feature", "properties": { "gini": 0.54900125164134594, "tax_year": 2024 }, "geometry": { "type": "Polygon", "coordinates": [ [ [ 18.528421071359727, -33.882889573258517 ], [ 18.514581330100132, -33.887176556149321 ], [ 18.502174048052243, -33.879558177675761 ], [ 18.50360589173496, -33.867652979117494 ], [ 18.517443621666011, -33.863365512915735 ], [ 18.529851518953631, -33.870983728822651 ], [ 18.528421071359727, -33.882889573258517 ] ] ] } },
{ "type": "Feature", "properties": { "gini": 0.63708628350334051, "tax_year": 2024 }, "geometry": { "type": "Polygon", "coordinates": [ [ [ 18.500259883168088, -34.006114405775399 ], [ 18.486412775453029, -34.01038626143562 ], [ 18.47400057844434, -34.002773626780638 ], [ 18.475434869494766, -33.990889297394347 ], [ 18.489279961119305, -33.986616958657066 ], [ 18.501692777493766, -33.994229432622753 ], [ 18.500259883168088, -34.006114405775399 ] ] ] } },
{ "type": "Feature", "properties": { "gini": 0.54035416755148602, "tax_year": 2024 }, "geometry": { "type": "Polygon", "coordinates": [ [ [ 18.54180390749648, -33.993286114044672 ], [ 18.527955450785722, -33.997564332016537 ], [ 18.515539554379036, -33.989954154836589 ], [ 18.516971500027083, -33.97806592085518 ], [ 18.530817944120162, -33.973787221917433 ], [ 18.54323445489328, -33.981397238166821 ], [ 18.54180390749648, -33.993286114044672 ] ] ] } },
{ "type": "Feature", "properties": { "gini": 0.64037463256243266, "tax_year": 2024 }, "geometry": { "type": "Polygon", "coordinates": [ [ [ 18.848858303792102, -34.104197283534617 ], [ 18.834985382044092, -34.108503110112316 ], [ 18.822529122994574, -34.100924725659254 ], [ 18.823945206832033, -34.08904067446629 ], [ 18.837816137559642, -34.084734385481106 ], [ 18.850272975183923, -34.092312610338816 ], [ 18.848858303792102, -34.104197283534617 ] ] ] } },
{ "type": "Feature", "properties": { "gini": 0.63963087250181272, "tax_year": 2024 }, "geometry": { "type": "Polygon", "coordinates": [ [ [ 18.456776067672056, -34.145232542631469 ], [ 18.442921266832649, -34.149485820314176 ], [ 18.430504783111449, -34.141878808092841 ], [ 18.431942474518856, -34.130018677027564 ], [ 18.445795252977973, -34.125764915955912 ], [ 18.45821236211863, -34.133371769578154 ], [ 18.456776067672056, -34.145232542631469 ] ] ] } },
{ "type": "Feature", "properties": { "gini": 0.5616610467762948, "tax_year": 2024 }, "geometry": { "type": "Polygon", "coordinates": [ [ [ 18.458299584866182, -33.801427034070073 ], [ 18.444469579998938, -33.805713028138136 ], [ 18.432075223361458, -33.798083898328237 ], [ 18.433510248308522, -33.786168938424488 ], [ 18.447338238170754, -33.781882455983265 ], [ 18.45973321780119, -33.789511422057672 ], [ 18.458299584866182, -33.801427034070073 ] ] ] } },
{ "type": "Feature", "properties": { "gini": null, "tax_year": 2024 }, "geometry": { "type": "Polygon", "coordinates": [ [ [ 18.769884717829616, -34.094363740114545 ], [ 18.756016664185143, -34.098660697984336 ], [ 18.743569513210446, -34.091075319895346 ], [ 18.744989827668253, -34.079193143863506 ], [ 18.758855884301894, -34.074895719100475 ], [ 18.771303623201305, -34.082480937504407 ], [ 18.769884717829616, -34.094363740114545 ] ] ] } },
{ "type": "Feature", "properties": { "gini": 0.54602662067822849, "tax_year": 2024 }, "geometry": { "type": "Polygon", "coordinates": [ [ [ 18.570490678658668, -34.087385473713724 ], [ 18.556633835468055, -34.09165835259887 ], [ 18.544208700759409, -34.084056588615965 ], [ 18.545639797379682, -34.072182105579763 ], [ 18.559494628187117, -34.067908748709094 ], [ 18.571920374467776, -34.075510353100498 ], [ 18.570490678658668, -34.087385473713724 ] ] ] } },
{ "type": "Feature", "properties": { "gini": null, "tax_year": 2024 }, "geometry": { "type": "Polygon", "coordinates": [ [ [ 18.410896116753811, -34.193544775625611 ], [ 18.39704035104268, -34.197787761445944 ], [ 18.384625755076563, -34.190180274963588 ], [ 18.386066293361448, -34.178329960731105 ], [ 18.399920032139967, -34.174086489733376 ], [ 18.41233525927408, -34.181693818384986 ], [ 18.410896116753811, -34.193544775625611 ] ] ] } },
{ "type": "Feature", "properties": { "gini": 0.60156404704729916, "tax_year": 2024 }, "geometry": { "type": "Polygon", "coordinates": [ [ [ 18.502644543867138, -34.096860014418525 ], [ 18.488790725609064, -34.101123575449833 ], [ 18.476372371376552, -34.093517039792509 ], [ 18.477807215438776, -34.081647102709127 ], [ 18.491659015873413, -34.077383060087747 ], [ 18.504077989778708, -34.084989436379693 ], [ 18.502644543867138, -34.096860014418525 ] ] ] } },
{ "type": "Feature", "properties": { "gini": 0.57398965907996269, "tax_year": 2024 }, "geometry": { "type": "Polygon", "coordinates": [ [ [ 18.547978926724703, -33.830960177806389 ], [ 18.534141863958709, -33.83525447450517 ], [ 18.5217358113985, -33.827634298541163 ], [ 18.523166208720511, -33.815719989494994 ], [ 18.537001262753719, -33.811425209831476 ], [ 18.549407927908899, -33.819045222418346 ], [ 18.547978926724703, -33.830960177806389 ] ] ] } },
{ "type": "Feature", "properties": { "gini": null, "tax_year": 2024 }, "geometry": { "type": "Polygon", "coordinates": [ [ [ 18.338451114161415, -34.021622814341384 ], [ 18.324611883389917, -34.025873133720928 ], [ 18.312216441555176, -34.018248734314398 ], [ 18.313659591620095, -34.006374175979296 ], [ 18.327496793571044, -34.002123364784588 ], [ 18.339892873985416, -34.009747603978553 ], [ 18.338451114161415, -34.021622814341384 ] ] ] } },
{ "type": "Feature", "properties": { "gini": 0.69532166102289361, "tax_year": 2024 }, "geometry": { "type": "Polygon", "coordinates": [ [ [ 18.5265239543176, -34.009449947416456 ], [ 18.512675163295381, -34.013724743628956 ], [ 18.500259883168088, -34.006114405775399 ], [ 18.501692777493766, -33.994229432622753 ], [ 18.515539554379036, -33.989954154836589 ], [ 18.527955450785722, -33.997564332016537 ], [ 18.5265239543176, -34.009449947416456 ] ] ] } },
{ "type": "Feature", "properties": { "gini": 0.58951796827614655, "tax_year": 2024 }, "geometry": { "type": "Polygon", "coordinates": [ [ [ 18.694532413936503, -33.831280679517441 ], [ 18.680687408158686, -33.835593060640186 ], [ 18.668265454134449, -33.827984504291805 ], [ 18.669687910352017, -33.816063730548876 ], [ 18.683530918731783, -33.811750874602495 ], [ 18.695953468005012, -33.819359267463227 ], [ 18.694532413936503, -33.831280679517441 ] ] ] } },
{ "type": "Feature", "properties": { "gini": 0.61957477455349608, "tax_year": 2024 }, "geometry": { "type": "Polygon", "coordinates": [ [ [ 18.388946867433848, -34.154623429255864 ], [ 18.375095156015963, -34.158867386338386 ], [ 18.362685508520194, -34.151255614025281 ], [ 18.364126938644876, -34.139400043219062 ], [ 18.377976622275142, -34.135155599144959 ], [ 18.390386903276152, -34.142767213107838 ], [ 18.388946867433848, -34.154623429255864 ] ] ] } },
{ "type": "Feature", "properties": { "gini": null, "tax_year": 2024 }, "geometry": { "type": "Polygon", "coordinates": [ [ [ 18.480231000472401, -33.840502049727078 ], [ 18.466396966886471, -33.844787069714116 ], [ 18.453997686827904, -33.837162166612018 ], [ 18.455431819406755, -33.825252406920434 ], [ 18.469263838848907, -33.820966900337289 ], [ 18.481663739566333, -33.82859164028082 ], [ 18.480231000472401, -33.840502049727078 ] ] ] } },
{ "type": "Feature", "properties": { "gini": 0.50373510152656653, "tax_year": 2024 }, "geometry": { "type": "Polygon", "coordinates": [ [ [ 18.651183054814634, -33.970881340341371 ], [ 18.637330286705506, -33.975175223974368 ], [ 18.624903967797536, -33.967572275063525 ], [ 18.626329815448408, -33.955675604133837 ], [ 18.640180579877129, -33.951381245260173 ], [ 18.652607500047228, -33.958984032797495 ], [ 18.651183054814634, -33.970881340341371 ] ] ] } },
{ "type": "Feature", "properties": { "gini": null, "tax_year": 2024 }, "geometry": { "type": "Polygon", "coordinates": [ [ [ 18.615147221705662, -33.603227274021961 ], [ 18.601322893224328, -33.607551251015359 ], [ 18.588924237336339, -33.599921831425277 ], [ 18.590349306424752, -33.587968602067072 ], [ 18.60417163610132, -33.583644142720637 ], [ 18.616570895207296, -33.591273395324741 ], [ 18.615147221705662, -33.603227274021961 ] ] ] } },
{ "type": "Feature", "properties": { "gini": 0.5180285055896533, "tax_year": 2024 }, "geometry": { "type": "Polygon", "coordinates": [ [ [ 18.613905953088164, -33.948070511923312 ], [ 18.600056847146195, -33.952361929484489 ], [ 18.587636046922086, -33.944754535246048 ], [ 18.589063746813647, -33.93285588536326 ], [ 18.602910846662319, -33.928563990169231 ], [ 18.61533225242421, -33.936171222731133 ], [ 18.613905953088164, -33.948070511923312 ] ] ] } },
{ "type": "Feature", "properties": { "gini": 0.4674026378437508, "tax_year": 2024 }, "geometry": { "type": "Polygon", "coordinates": [ [ [ 18.642632897975783, -34.042224022616438 ], [ 18.628775422325702, -34.046510117690673 ], [ 18.616345394014232, -34.038911143314913 ], [ 18.617772238337949, -34.02702623442962 ], [ 18.631627708147779, -34.022739664682774 ], [ 18.644058339185545, -34.030338478734585 ], [ 18.642632897975783, -34.042224022616438 ] ] ] } },
{ "type": "Feature", "properties": { "gini": null, "tax_year": 2024 }, "geometry": { "type": "Polygon", "coordinates": [ [ [ 18.7513346204355, -33.802083406881145 ], [ 18.737488695734573, -33.806405545188049 ], [ 18.725062514506501, -33.79879961517927 ], [ 18.726481669361, -33.786871711062737 ], [ 18.740325601691506, -33.782549100677087 ], [ 18.75275237125177, -33.790154866727597 ], [ 18.7513346204355, -33.802083406881145 ] ] ] } },
{ "type": "Feature", "properties": { "gini": null, "tax_year": 2024 }, "geometry": { "type": "Polygon", "coordinates": [ [ [ 18.562705965917733, -33.596611198684435 ], [ 18.548884958262459, -33.600929335792102 ], [ 18.536492417156285, -33.593295379559919 ], [ 18.537920274053029, -33.581343453519565 ], [ 18.551739279000643, -33.577024831040561 ], [ 18.564132429471588, -33.584658620212139 ], [ 18.562705965917733, -33.596611198684435 ] ] ] } },
{ "type": "Feature", "properties": { "gini": 0.52288430046253342, "tax_year": 2024 }, "geometry": { "type": "Polygon", "coordinates": [ [ [ 18.855659748596736, -34.159289659915075 ], [ 18.841782467758126, -34.163591142805437 ], [ 18.829321887097656, -34.156016956697329 ], [ 18.830738008891764, -34.144141446772359 ], [ 18.844613298095609, -34.139839502657331 ], [ 18.857074456853653, -34.14741352993461 ], [ 18.855659748596736, -34.159289659915075 ] ] ] } },
{ "type": "Feature", "properties": { "gini": 0.60820933794960874, "tax_year": 2024 }, "geometry": { "type": "Polygon", "coordinates": [ [ [ 18.875192123548555, -34.107464546522927 ], [ 18.861317590104782, -34.111773331529264 ], [ 18.848858303792102, -34.104197283534617 ], [ 18.850272975183923, -34.092312610338816 ], [ 18.864145519611466, -34.088003364418924 ], [ 18.876605381377431, -34.095579252851053 ], [ 18.875192123548555, -34.107464546522927 ] ] ] } },
{ "type": "Feature", "properties": { "gini": 0.53839904466244082, "tax_year": 2024 }, "geometry": { "type": "Polygon", "coordinates": [ [ [ 18.471631068697508, -33.91192349038824 ], [ 18.457792352709259, -33.91620070341834 ], [ 18.445389391751021, -33.908579714516691 ], [ 18.446824524352895, -33.896681674884405 ], [ 18.460661224034581, -33.892403975809088 ], [ 18.473064807130879, -33.900024802650364 ], [ 18.471631068697508, -33.91192349038824 ] ] ] } },
{ "type": "Feature", "properties": { "gini": null, "tax_year": 2024 }, "geometry": { "type": "Polygon", "coordinates": [ [ [ 18.718316264972508, -33.743466264644411 ], [ 18.704476318738603, -33.747789821825066 ], [ 18.692057479248284, -33.74017749537802 ], [ 18.693477993818899, -33.728241776829613 ], [ 18.707315946328613, -33.723917744933949 ], [ 18.719735377705586, -33.731529906542193 ], [ 18.718316264972508, -33.743466264644411 ] ] ] } },
{ "type": "Feature", "properties": { "gini": 0.66101846191178182, "tax_year": 2024 }, "geometry": { "type": "Polygon", "coordinates": [ [ [ 18.886241634507812, -34.126920908418036 ], [ 18.87236511251308, -34.131229233401456 ], [ 18.859903377580459, -34.123655365187695 ], [ 18.861317590104782, -34.111773331529264 ], [ 18.875192123548555, -34.107464546522927 ], [ 18.887654432733047, -34.115038255440723 ], [ 18.886241634507812, -34.126920908418036 ] ] ] } },
{ "type": "Feature", "properties": { "gini": null, "tax_year": 2024 }, "geometry": { "type": "Polygon", "coordinates": [ [ [ 18.547457549266468, -33.612878677403103 ], [ 18.533636205924005, -33.617193410225987 ], [ 18.521244276084079, -33.609559287204334 ], [ 18.52267307803255, -33.597610598388059 ], [ 18.536492417156285, -33.593295379559919 ], [ 18.548884958262459, -33.600929335792102 ], [ 18.547457549266468, -33.612878677403103 ] ] ] } },
{ "type": "Feature", "properties": { "gini": 0.52476179535105016, "tax_year": 2024 }, "geometry": { "type": "Polygon", "coordinates": [ [ [ 18.908349378793943, -34.165819151826852 ], [ 18.894468881097094, -34.170126559438721 ], [ 18.88200224913345, -34.162557059527877 ], [ 18.883415542735243, -34.150680311015613 ], [ 18.897294052814694, -34.146372445163877 ], [ 18.909761256623941, -34.153941786307307 ], [ 18.908349378793943, -34.165819151826852 ] ] ] } },
{ "type": "Feature", "properties": { "gini": 0.56763457670368411, "tax_year": 2024 }, "geometry": { "type": "Polygon", "coordinates": [ [ [ 18.443437988363229, -34.035066906146923 ], [ 18.429591920580144, -34.03932897451822 ], [ 18.41718406162288, -34.031713725095535 ], [ 18.418621643883831, -34.019836567723374 ], [ 18.432465690595912, -34.015574013558883 ], [ 18.444874175827049, -34.023189102799023 ], [ 18.443437988363229, -34.035066906146923 ] ] ] } },
{ "type": "Feature", "properties": { "gini": 0.52330459721693323, "tax_year": 2024 }, "geometry": { "type": "Polygon", "coordinates": [ [ [ 18.72578683517407, -34.01646287588909 ], [ 18.711926772303702, -34.020761706684731 ], [ 18.699489436600167, -34.013167681194687 ], [ 18.700911570790872, -34.001274985918862 ], [ 18.714769634833271, -33.996975684663312 ], [ 18.727207563225491, -34.004569549384811 ], [ 18.72578683517407, -34.01646287588909 ] ] ] } },
{ "type": "Feature", "properties": { "gini": 0.6413253520401776, "tax_year": 2024 }, "geometry": { "type": "Polygon", "coordinates": [ [ [ 18.720804058107799, -33.834571618104228 ], [ 18.706957412767519, -33.838886936684752 ], [ 18.694532413936503, -33.831280679517441 ], [ 18.695953468005012, -33.819359267463227 ], [ 18.709798117921952, -33.815043475561509 ], [ 18.722223708907038, -33.822649569275981 ], [ 18.720804058107799, -33.834571618104228 ] ] ] } },
{ "type": "Feature", "properties": { "gini": 0.58129391729810831, "tax_year": 2024 }, "geometry": { "type": "Polygon", "coordinates": [ [ [ 18.419152497024559, -33.90523072219775 ], [ 18.405317172559702, -33.909502070311213 ], [ 18.392920394211242, -33.901876517240296 ], [ 18.394358311747794, -33.88997977838654 ], [ 18.408191616023633, -33.885707941214783 ], [ 18.420589022661218, -33.893333332193784 ], [ 18.419152497024559, -33.90523072219775 ] ] ] } },
{ "type": "Feature", "properties": { "gini": 0.66831138578388116, "tax_year": 2024 }, "geometry": { "type": "Polygon", "coordinates": [ [ [ 18.741067265411328, -34.00026730047896 ], [ 18.727207563225491, -34.004569549384811 ], [ 18.714769634833271, -33.996975684663312 ], [ 18.716190817567639, -33.985079732291396 ], [ 18.730048522456375, -33.980777013534414 ], [ 18.742487041620684, -33.988370717241835 ], [ 18.741067265411328, -34.00026730047896 ] ] ] } },
{ "type": "Feature", "properties": { "gini": 0.50335892352138756, "tax_year": 2024 }, "geometry": { "type": "Polygon", "coordinates": [ [ [ 18.616345394014232, -34.038911143314913 ], [ 18.602489577914135, -34.043194291813741 ], [ 18.590062614237397, -34.035593007359644 ], [ 18.591490860547381, -34.023708734992617 ], [ 18.605344668836739, -34.019425110320874 ], [ 18.617772238337949, -34.02702623442962 ], [ 18.616345394014232, -34.038911143314913 ] ] ] } },
{ "type": "Feature", "properties": { "gini": 0.67067283977122338, "tax_year": 2024 }, "geometry": { "type": "Polygon", "coordinates": [ [ [ 18.495960199971837, -34.041757561552537 ], [ 18.482110746216097, -34.046025511330832 ], [ 18.469696704387278, -34.038414852901987 ], [ 18.471131495917902, -34.026536405093445 ], [ 18.484978932499683, -34.022267972529356 ], [ 18.497393594434431, -34.029878470799275 ], [ 18.495960199971837, -34.041757561552537 ] ] ] } },
{ "type": "Feature", "properties": { "gini": 0.46795239510534359, "tax_year": 2024 }, "geometry": { "type": "Polygon", "coordinates": [ [ [ 18.664652009456972, -34.081178394289083 ], [ 18.650790523466476, -34.085463542701767 ], [ 18.638355577688028, -34.077868876597478 ], [ 18.639781517254296, -34.065989222105664 ], [ 18.653640998298275, -34.061703600809693 ], [ 18.66607654443402, -34.069298107129882 ], [ 18.664652009456972, -34.081178394289083 ] ] ] } },
{ "type": "Feature", "properties": { "gini": 0.64620264152028395, "tax_year": 2024 }, "geometry": { "type": "Polygon", "coordinates": [ [ [ 18.489279961119305, -33.986616958657066 ], [ 18.475434869494766, -33.990889297394347 ], [ 18.46302513745232, -33.983274529301013 ], [ 18.464459876206341, -33.971387583673661 ], [ 18.478302951306514, -33.967114760963248 ], [ 18.490713303886828, -33.974729368092802 ], [ 18.489279961119305, -33.986616958657066 ] ] ] } },
{ "type": "Feature", "properties": { "gini": 0.62094364480200792, "tax_year": 2024 }, "geometry": { "type": "Polygon", "coordinates": [ [ [ 18.404238298071679, -34.138519825656616 ], [ 18.390386903276152, -34.142767213107838 ], [ 18.377976622275142, -34.135155599144959 ], [ 18.379417104187254, -34.12329675657945 ], [ 18.393266472709861, -34.119048882734013 ], [ 18.405677385301342, -34.126660338087568 ], [ 18.404238298071679, -34.138519825656616 ] ] ] } },
{ "type": "Feature", "properties": { "gini": 0.48828235563817268, "tax_year": 2024 }, "geometry": { "type": "Polygon", "coordinates": [ [ [ 18.631627708147779, -34.022739664682774 ], [ 18.617772238337949, -34.02702623442962 ], [ 18.605344668836739, -34.019425110320874 ], [ 18.606771964947608, -34.007537577302053 ], [ 18.620625428471822, -34.003250531988812 ], [ 18.633053601882128, -34.010851495501406 ], [ 18.631627708147779, -34.022739664682774 ] ] ] } },
{ "type": "Feature", "properties": { "gini": null, "tax_year": 2024 }, "geometry": { "type": "Polygon", "coordinates": [ [ [ 18.755587377479483, -33.766291934369484 ], [ 18.741743806873231, -33.770617952451701 ], [ 18.729319483315209, -33.763010051579592 ], [ 18.730738142469161, -33.751076297370098 ], [ 18.744579721778795, -33.746749806953979 ], [ 18.757004632945147, -33.754357543322065 ], [ 18.755587377479483, -33.766291934369484 ] ] ] } },
{ "type": "Feature", "properties": { "gini": 0.52406353185114141, "tax_year": 2024 }, "geometry": { "type": "Polygon", "coordinates": [ [ [ 18.833569756337738, -34.12038452292586 ], [ 18.819696459231682, -34.124686929158599 ], [ 18.807240780678402, -34.117108385345581 ], [ 18.808657818448381, -34.105227594902175 ], [ 18.822529122994574, -34.100924725659254 ], [ 18.834985382044092, -34.108503110112316 ], [ 18.833569756337738, -34.12038452292586 ] ] ] } },
{ "type": "Feature", "properties": { "gini": 0.69745833736465102, "tax_year": 2024 }, "geometry": { "type": "Polygon", "coordinates": [ [ [ 18.681735477207322, -33.938485450291672 ], [ 18.667883412355302, -33.942786168265606 ], [ 18.655455892837018, -33.935183542353307 ], [ 18.656879840448667, -33.923280360584066 ], [ 18.670729904671759, -33.91897916859304 ], [ 18.683158021624493, -33.926581632629123 ], [ 18.681735477207322, -33.938485450291672 ] ] ] } },
{ "type": "Feature", "properties": { "gini": null, "tax_year": 2024 }, "geometry": { "type": "Polygon", "coordinates": [ [ [ 18.369011218255036, -33.989358213346335 ], [ 18.355172608478988, -33.993615383414607 ], [ 18.34277589139483, -33.985991304700207 ], [ 18.34421714903489, -33.974110216902424 ], [ 18.358053733008099, -33.969852556231373 ], [ 18.370451084852409, -33.977476474199435 ], [ 18.369011218255036, -33.989358213346335 ] ] ] } },
{ "type": "Feature", "properties": { "gini": 0.47804959212474218, "tax_year": 2024 }, "geometry": { "type": "Polygon", "coordinates": [ [ [ 18.788627743036468, -33.824889846306277 ], [ 18.774778201264517, -33.82921445265815 ], [ 18.762346539880589, -33.821612965142727 ], [ 18.763763835938008, -33.809687035145103 ], [ 18.777611387776417, -33.805361959095613 ], [ 18.790043633205151, -33.812963282982587 ], [ 18.788627743036468, -33.824889846306277 ] ] ] } },
{ "type": "Feature", "properties": { "gini": 0.62384828189703678, "tax_year": 2024 }, "geometry": { "type": "Polygon", "coordinates": [ [ [ 18.758855884301894, -34.074895719100475 ], [ 18.744989827668253, -34.079193143863506 ], [ 18.732545130422707, -34.071605599530635 ], [ 18.733965900406051, -34.059720790630124 ], [ 18.747829959573053, -34.055422898081311 ], [ 18.760275245936029, -34.063010282460517 ], [ 18.758855884301894, -34.074895719100475 ] ] ] } },
{ "type": "Feature", "properties": { "gini": 0.66559759221483406, "tax_year": 2024 }, "geometry": { "type": "Polygon", "coordinates": [ [ [ 18.837816137559642, -34.084734385481106 ], [ 18.823945206832033, -34.08904067446629 ], [ 18.811491397736951, -34.081460115802848 ], [ 18.812907939309991, -34.06957342826005 ], [ 18.826776878555084, -34.065266675976673 ], [ 18.839231267423322, -34.07284707477659 ], [ 18.837816137559642, -34.084734385481106 ] ] ] } },
{ "type": "Feature", "properties": { "gini": 0.56468019646613499, "tax_year": 2024 }, "geometry": { "type": "Polygon", "coordinates": [ [ [ 18.455940216674747, -33.710343977162502 ], [ 18.44211690019354, -33.714638262812699 ], [ 18.429728677894317, -33.707003144760677 ], [ 18.431163149107302, -33.695073906454837 ], [ 18.444984452313779, -33.690779131020733 ], [ 18.457373297292612, -33.698414083914805 ], [ 18.455940216674747, -33.710343977162502 ] ] ] } },
{ "type": "Feature", "properties": { "gini": null, "tax_year": 2024 }, "geometry": { "type": "Polygon", "coordinates": [ [ [ 18.444984452313779, -33.690779131020733 ], [ 18.431163149107302, -33.695073906454837 ], [ 18.418777386355501, -33.687436689046123 ], [ 18.420212302677577, -33.675504861897537 ], [ 18.43403159218099, -33.671209595796192 ], [ 18.446417978775958, -33.678846647748941 ], [ 18.444984452313779, -33.690779131020733 ] ] ] } },
{ "type": "Feature", "properties": { "gini": 0.52521039793527335, "tax_year": 2024 }, "geometry": { "type": "Polygon", "coordinates": [ [ [ 18.635904891133752, -33.987069274585544 ], [ 18.622051774336494, -33.991359739553943 ], [ 18.609626058604857, -33.983756629521302 ], [ 18.61105285620571, -33.971863215882614 ], [ 18.624903967797536, -33.967572275063525 ], [ 18.637330286705506, -33.975175223974368 ], [ 18.635904891133752, -33.987069274585544 ] ] ] } },
{ "type": "Feature", "properties": { "gini": 0.52564296104715635, "tax_year": 2024 }, "geometry": { "type": "Polygon", "coordinates": [ [ [ 18.640180579877129, -33.951381245260173 ], [ 18.626329815448408, -33.955675604133837 ], [ 18.613905953088164, -33.948070511923312 ], [ 18.61533225242421, -33.936171222731133 ], [ 18.629181012726988, -33.931876387726625 ], [ 18.641605477531439, -33.939481318285658 ], [ 18.640180579877129, -33.951381245260173 ] ] ] } },
{ "type": "Feature", "properties": { "gini": null, "tax_year": 2024 }, "geometry": { "type": "Polygon", "coordinates": [ [ [ 18.690953149184161, -34.084482643237862 ], [ 18.677090013061548, -34.088770742344451 ], [ 18.664652009456972, -34.081178394289083 ], [ 18.66607654443402, -34.069298107129882 ], [ 18.679937677588491, -34.065009536638463 ], [ 18.692376278445884, -34.072601724932312 ], [ 18.690953149184161, -34.084482643237862 ] ] ] } },
{ "type": "Feature", "properties": { "gini": 0.46221862382343148, "tax_year": 2024 }, "geometry": { "type": "Polygon", "coordinates": [ [ [ 18.488370949017082, -33.55079053078763 ], [ 18.474557297454009, -33.555103810109877 ], [ 18.462175795915243, -33.54746114715816 ], [ 18.463607327820291, -33.535505372869203 ], [ 18.477418971924873, -33.53119160340357 ], [ 18.48980109129463, -33.53883409860844 ], [ 18.488370949017082, -33.55079053078763 ] ] ] } },
{ "type": "Feature", "properties": { "gini": 0.56401748409735952, "tax_year": 2024 }, "geometry": { "type": "Polygon", "coordinates": [ [ [ 18.537001262753719, -33.811425209831476 ], [ 18.523166208720511, -33.815719989494994 ], [ 18.510762614261925, -33.808097693613412 ], [ 18.512193459780505, -33.796180781973526 ], [ 18.526026504644545, -33.79188551845877 ], [ 18.538430712870319, -33.799507650674457 ], [ 18.537001262753719, -33.811425209831476 ] ] ] } },
{ "type": "Feature", "properties": { "gini": 0.60796236138229154, "tax_year": 2024 }, "geometry": { "type": "Polygon", "coordinates": [ [ [ 18.642003188487038, -33.824683096170844 ], [ 18.628161478193054, -33.828989605690218 ], [ 18.615745626768337, -33.821376458904645 ], [ 18.617170883918472, -33.80945696639273 ], [ 18.631010592875999, -33.805149979042966 ], [ 18.643427045732228, -33.812762962275663 ], [ 18.642003188487038, -33.824683096170844 ] ] ] } },
{ "type": "Feature", "properties": { "gini": null, "tax_year": 2024 }, "geometry": { "type": "Polygon", "coordinates": [ [ [ 18.397584571643836, -34.083456650234112 ], [ 18.383737545382239, -34.087708439609287 ], [ 18.371331576721868, -34.08009271120514 ], [ 18.372772002019609, -34.068225353064101 ], [ 18.386617002668103, -34.063973076086178 ], [ 18.399023603340186, -34.071588645091083 ], [ 18.397584571643836, -34.083456650234112 ] ] ] } },
{ "type": "Feature", "properties": { "gini": 0.6159902358362177, "tax_year": 2024 }, "geometry": { "type": "Polygon", "coordinates": [ [ [ 18.445795252977973, -34.125764915955912 ], [ 18.431942474518856, -34.130018677027564 ], [ 18.419528461506516, -34.122409521207658 ], [ 18.420966600070852, -34.110546763417823 ], [ 18.43481735571833, -34.106292518053365 ], [ 18.447231995321708, -34.113901515011094 ], [ 18.445795252977973, -34.125764915955912 ] ] ] } },
{ "type": "Feature", "properties": { "gini": 0.59138892158557987, "tax_year": 2024 }, "geometry": { "type": "Polygon", "coordinates": [ [ [ 18.497877518159331, -33.915262046009822 ], [ 18.48403711453745, -33.919542193208819 ], [ 18.471631068697508, -33.91192349038824 ], [ 18.473064807130879, -33.900024802650364 ], [ 18.486903196392962, -33.895744170911797 ], [ 18.499309861291668, -33.903362711689972 ], [ 18.497877518159331, -33.915262046009822 ] ] ] } },
{ "type": "Feature", "properties": { "gini": 0.58884269050279281, "tax_year": 2024 }, "geometry": { "type": "Polygon", "coordinates": [ [ [ 18.533217126250214, -34.064578193721928 ], [ 18.519363972876558, -34.06884860553378 ], [ 18.506944381213625, -34.061242388862134 ], [ 18.508377326791621, -34.049365920493656 ], [ 18.522228465382238, -34.045095028296736 ], [ 18.534648672887869, -34.052701085093361 ], [ 18.533217126250214, -34.064578193721928 ] ] ] } },
{ "type": "Feature", "properties": { "gini": 0.71606624916255246, "tax_year": 2024 }, "geometry": { "type": "Polygon", "coordinates": [ [ [ 18.607190600419759, -33.892852405343206 ], [ 18.593345849701425, -33.897148195277509 ], [ 18.580929357284834, -33.889536690869839 ], [ 18.58235700931462, -33.877629559262438 ], [ 18.596199754576446, -33.873333290530354 ], [ 18.608616852976638, -33.880944632443516 ], [ 18.607190600419759, -33.892852405343206 ] ] ] } },
{ "type": "Feature", "properties": { "gini": 0.58684660556598622, "tax_year": 2024 }, "geometry": { "type": "Polygon", "coordinates": [ [ [ 18.703755341950021, -33.977483713327146 ], [ 18.689899277187344, -33.981783485932773 ], [ 18.677466849465549, -33.974185154347104 ], [ 18.678889891155062, -33.962287211716209 ], [ 18.692743956187279, -33.957986966870926 ], [ 18.705176978972897, -33.965585137137225 ], [ 18.703755341950021, -33.977483713327146 ] ] ] } },
{ "type": "Feature", "properties": { "gini": 0.59409184944102944, "tax_year": 2024 }, "geometry": { "type": "Polygon", "coordinates": [ [ [ 18.544208700759409, -34.084056588615965 ], [ 18.530353533040568, -34.088326520941301 ], [ 18.517931476577168, -34.080722449476809 ], [ 18.519363972876558, -34.06884860553378 ], [ 18.533217126250214, -34.064578193721928 ], [ 18.545639797379682, -34.072182105579763 ], [ 18.544208700759409, -34.084056588615965 ] ] ] } },
{ "type": "Feature", "properties": { "gini": 0.50832845946664396, "tax_year": 2024 }, "geometry": { "type": "Polygon", "coordinates": [ [ [ 18.699489436600167, -34.013167681194687 ], [ 18.685631015364759, -34.017463563949235 ], [ 18.673196729416802, -34.009867223145719 ], [ 18.674620268623642, -33.997975160624819 ], [ 18.688476689050052, -33.993678805911408 ], [ 18.700911570790872, -34.001274985918862 ], [ 18.699489436600167, -34.013167681194687 ] ] ] } },
{ "type": "Feature", "properties": { "gini": 0.50741292780521208, "tax_year": 2024 }, "geometry": { "type": "Polygon", "coordinates": [ [ [ 18.758093660679634, -33.857379038129004 ], [ 18.744243388244865, -33.861696824328874 ], [ 18.731812900687078, -33.854095010305613 ], [ 18.7332320974085, -33.842175573452558 ], [ 18.747080376851518, -33.83785731631508 ], [ 18.759511452278534, -33.845458967209353 ], [ 18.758093660679634, -33.857379038129004 ] ] ] } },
{ "type": "Feature", "properties": { "gini": 0.4621370338077867, "tax_year": 2024 }, "geometry": { "type": "Polygon", "coordinates": [ [ [ 18.514570850449289, -33.554114743985458 ], [ 18.500755521066676, -33.558430937451746 ], [ 18.488370949017082, -33.55079053078763 ], [ 18.48980109129463, -33.53883409860844 ], [ 18.503614415156846, -33.534517416510525 ], [ 18.515999601973967, -33.5421576554618 ], [ 18.514570850449289, -33.554114743985458 ] ] ] } },
{ "type": "Feature", "properties": { "gini": 0.56025946931171289, "tax_year": 2024 }, "geometry": { "type": "Polygon", "coordinates": [ [ [ 18.473562898075834, -33.785222013723242 ], [ 18.45973321780119, -33.789511422057672 ], [ 18.447338238170754, -33.781882455983265 ], [ 18.448772317437939, -33.769964245817526 ], [ 18.46259998421791, -33.765674349730837 ], [ 18.474995584935861, -33.773303151800903 ], [ 18.473562898075834, -33.785222013723242 ] ] ] } },
{ "type": "Feature", "properties": { "gini": null, "tax_year": 2024 }, "geometry": { "type": "Polygon", "coordinates": [ [ [ 18.47978660944457, -33.622488406140583 ], [ 18.465968288676102, -33.626793896630971 ], [ 18.453583116194139, -33.619155080947891 ], [ 18.455015644889286, -33.607210941593259 ], [ 18.468831956046561, -33.602904961444167 ], [ 18.481217747831199, -33.610543610546706 ], [ 18.47978660944457, -33.622488406140583 ] ] ] } },
{ "type": "Feature", "properties": { "gini": 0.56761134395591029, "tax_year": 2024 }, "geometry": { "type": "Polygon", "coordinates": [ [ [ 18.56324465415619, -33.814747511968825 ], [ 18.549407927908899, -33.819045222418346 ], [ 18.537001262753719, -33.811425209831476 ], [ 18.538430712870319, -33.799507650674457 ], [ 18.552265431901095, -33.7952094578798 ], [ 18.564672707743231, -33.802829306826844 ], [ 18.56324465415619, -33.814747511968825 ] ] ] } },
{ "type": "Feature", "properties": { "gini": 0.62695452721766465, "tax_year": 2024 }, "geometry": { "type": "Polygon", "coordinates": [ [ [ 18.890479533997453, -34.09126704890565 ], [ 18.876605381377431, -34.095579252851053 ], [ 18.864145519611466, -34.088003364418924 ], [ 18.865559236648242, -34.076115432080201 ], [ 18.879431401793525, -34.071802767825062 ], [ 18.891891837091059, -34.079378496461096 ], [ 18.890479533997453, -34.09126704890565 ] ] ] } },
{ "type": "Feature", "properties": { "gini": 0.59085452262143989, "tax_year": 2024 }, "geometry": { "type": "Polygon", "coordinates": [ [ [ 18.532711915225907, -33.847166178875348 ], [ 18.51887451789846, -33.851457060823449 ], [ 18.506469079841398, -33.843836721745213 ], [ 18.50790042431958, -33.831925664072479 ], [ 18.5217358113985, -33.827634298541163 ], [ 18.534141863958709, -33.83525447450517 ], [ 18.532711915225907, -33.847166178875348 ] ] ] } },
{ "type": "Feature", "properties": { "gini": 0.59091089845541744, "tax_year": 2024 }, "geometry": { "type": "Polygon", "coordinates": [ [ [ 18.428154784986731, -34.051203513013554 ], [ 18.414308395745518, -34.055462156006172 ], [ 18.401901164974532, -34.047846746661811 ], [ 18.403339694967222, -34.035972854485721 ], [ 18.41718406162288, -34.031713725095535 ], [ 18.429591920580144, -34.03932897451822 ], [ 18.428154784986731, -34.051203513013554 ] ] ] } },
{ "type": "Feature", "properties": { "gini": null, "tax_year": 2024 }, "geometry": { "type": "Polygon", "coordinates": [ [ [ 18.496424008683491, -34.258594136903092 ], [ 18.482558771248751, -34.262841578570686 ], [ 18.47013055601969, -34.255245171175872 ], [ 18.47156695646952, -34.243401479411069 ], [ 18.485430172172162, -34.239153558291378 ], [ 18.497859008865706, -34.246749808628877 ], [ 18.496424008683491, -34.258594136903092 ] ] ] } },
{ "type": "Feature", "properties": { "gini": null, "tax_year": 2024 }, "geometry": { "type": "Polygon", "coordinates": [ [ [ 18.384625755076563, -34.190180274963588 ], [ 18.370771700128991, -34.194420314061752 ], [ 18.358360212634647, -34.186810525367974 ], [ 18.359802145542488, -34.174960855647043 ], [ 18.373654171614135, -34.170720329869084 ], [ 18.386066293361448, -34.178329960731105 ], [ 18.384625755076563, -34.190180274963588 ] ] ] } },
{ "type": "Feature", "properties": { "gini": 0.4942172403722857, "tax_year": 2024 }, "geometry": { "type": "Polygon", "coordinates": [ [ [ 18.382297565713436, -34.099573176260435 ], [ 18.368450223890829, -34.103821537405103 ], [ 18.356044889155186, -34.096205649863293 ], [ 18.357486262025386, -34.084341560553455 ], [ 18.371331576721868, -34.08009271120514 ], [ 18.383737545382239, -34.087708439609287 ], [ 18.382297565713436, -34.099573176260435 ] ] ] } },
{ "type": "Feature", "properties": { "gini": 0.5815474717427529, "tax_year": 2024 }, "geometry": { "type": "Polygon", "coordinates": [ [ [ 18.572359955808651, -33.960938405738389 ], [ 18.55851217360695, -33.96522346429272 ], [ 18.546095050380128, -33.957613609230648 ], [ 18.547525098524698, -33.945718857298054 ], [ 18.561370871148711, -33.941433318996921 ], [ 18.573788604916729, -33.949043012615164 ], [ 18.572359955808651, -33.960938405738389 ] ] ] } },
{ "type": "Feature", "properties": { "gini": null, "tax_year": 2024 }, "geometry": { "type": "Polygon", "coordinates": [ [ [ 18.532207851534267, -33.629139513674062 ], [ 18.51838617445517, -33.633450841183091 ], [ 18.505994857783207, -33.625816551643339 ], [ 18.5074246047343, -33.613871101351371 ], [ 18.521244276084079, -33.609559287204334 ], [ 18.533636205924005, -33.617193410225987 ], [ 18.532207851534267, -33.629139513674062 ] ] ] } },
{ "type": "Feature", "properties": { "gini": 0.59659475785680138, "tax_year": 2024 }, "geometry": { "type": "Polygon", "coordinates": [ [ [ 18.712282679608698, -33.906062879843795 ], [ 18.698431325850599, -33.910370428146493 ], [ 18.68600261337691, -33.902768126237689 ], [ 18.68742466076656, -33.890858438645139 ], [ 18.701274016949171, -33.886550417553636 ], [ 18.713703323030522, -33.894152557084389 ], [ 18.712282679608698, -33.906062879843795 ] ] ] } },
{ "type": "Feature", "properties": { "gini": 0.61153850623099171, "tax_year": 2024 }, "geometry": { "type": "Polygon", "coordinates": [ [ [ 18.423842375536324, -34.086815353888319 ], [ 18.409993643130793, -34.09107008444883 ], [ 18.397584571643836, -34.083456650234112 ], [ 18.399023603340186, -34.071588645091083 ], [ 18.412870312074443, -34.067333428431908 ], [ 18.425280012492156, -34.07494670325368 ], [ 18.423842375536324, -34.086815353888319 ] ] ] } },
{ "type": "Feature", "properties": { "gini": null, "tax_year": 2024 }, "geometry": { "type": "Polygon", "coordinates": [ [ [ 18.412870312074443, -34.067333428431908 ], [ 18.399023603340186, -34.071588645091083 ], [ 18.386617002668103, -34.063973076086178 ], [ 18.388056480339859, -34.052102450321755 ], [ 18.401901164974532, -34.047846746661811 ], [ 18.414308395745518, -34.055462156006172 ], [ 18.412870312074443, -34.067333428431908 ] ] ] } },
{ "type": "Feature", "properties": { "gini": 0.52579658096305182, "tax_year": 2024 }, "geometry": { "type": "Polygon", "coordinates": [ [ [ 18.701274016949171, -33.886550417553636 ], [ 18.68742466076656, -33.890858438645139 ], [ 18.674998400107718, -33.883253994556767 ], [ 18.676420900551488, -33.871341692279188 ], [ 18.690268258708688, -33.8670331975135 ], [ 18.702695114160356, -33.874637478940357 ], [ 18.701274016949171, -33.886550417553636 ] ] ] } },
{ "type": "Feature", "properties": { "gini": 0.55597915050128965, "tax_year": 2024 }, "geometry": { "type": "Polygon", "coordinates": [ [ [ 18.482156523842875, -33.713679620236846 ], [ 18.468331519999623, -33.717976828009093 ], [ 18.455940216674747, -33.710343977162502 ], [ 18.457373297292612, -33.698414083914805 ], [ 18.471196289799639, -33.694116387868192 ], [ 18.483588212735938, -33.701749073582263 ], [ 18.482156523842875, -33.713679620236846 ] ] ] } },
{ "type": "Feature", "properties": { "gini": 0.74935181967665199, "tax_year": 2024 }, "geometry": { "type": "Polygon", "coordinates": [ [ [ 18.580370344783834, -33.671600429756936 ], [ 18.56654299140444, -33.675913709827022 ], [ 18.554143704165359, -33.668285897415657 ], [ 18.555571162263139, -33.656344971053208 ], [ 18.569396512734411, -33.652031207609966 ], [ 18.581796407728348, -33.65965885414154 ], [ 18.580370344783834, -33.671600429756936 ] ] ] } },
{ "type": "Feature", "properties": { "gini": 0.52619256014770122, "tax_year": 2024 }, "geometry": { "type": "Polygon", "coordinates": [ [ [ 18.602910846662319, -33.928563990169231 ], [ 18.589063746813647, -33.93285588536326 ], [ 18.576645404416738, -33.925246353445125 ], [ 18.578073554863114, -33.913345088529283 ], [ 18.591918648176094, -33.909052714812191 ], [ 18.604337597289813, -33.916662084774153 ], [ 18.602910846662319, -33.928563990169231 ] ] ] } },
{ "type": "Feature", "properties": { "gini": 0.5842630889545799, "tax_year": 2024 }, "geometry": { "type": "Polygon", "coordinates": [ [ [ 18.629181012726988, -33.931876387726625 ], [ 18.61533225242421, -33.936171222731133 ], [ 18.602910846662319, -33.928563990169231 ], [ 18.604337597289813, -33.916662084774153 ], [ 18.618184353022112, -33.912366772749252 ], [ 18.630606362409154, -33.919973843380156 ], [ 18.629181012726988, -33.931876387726625 ] ] ] } },
{ "type": "Feature", "properties": { "gini": 0.5853934308728691, "tax_year": 2024 }, "geometry": { "type": "Polygon", "coordinates": [ [ [ 18.491659015873413, -34.077383060087747 ], [ 18.477807215438776, -34.081647102709127 ], [ 18.465391328398074, -34.074038424246602 ], [ 18.466826620654683, -34.062165863034956 ], [ 18.480676402831229, -34.057901337923177 ], [ 18.493092910718644, -34.06550985675316 ], [ 18.491659015873413, -34.077383060087747 ] ] ] } },
{ "type": "Feature", "properties": { "gini": 0.74935300364476243, "tax_year": 2024 }, "geometry": { "type": "Polygon", "coordinates": [ [ [ 18.606601705086856, -33.674909762688941 ], [ 18.59277269098061, -33.679225967072995 ], [ 18.580370344783834, -33.671600429756936 ], [ 18.581796407728348, -33.65965885414154 ], [ 18.595623420880791, -33.65534216789208 ], [ 18.608026371755134, -33.662967539362874 ], [ 18.606601705086856, -33.674909762688941 ] ] ] } },
{ "type": "Feature", "properties": { "gini": 0.64999795772568647, "tax_year": 2024 }, "geometry": { "type": "Polygon", "coordinates": [ [ [ 18.406216253440288, -34.012219186992318 ], [ 18.392373909798597, -34.016478803680272 ], [ 18.379971618424655, -34.008859134124748 ], [ 18.381411039880319, -33.996980008584451 ], [ 18.395251360080628, -33.992719903699076 ], [ 18.407654281975336, -34.000339412790318 ], [ 18.406216253440288, -34.012219186992318 ] ] ] } },
{ "type": "Feature", "properties": { "gini": 0.63636168936064008, "tax_year": 2024 }, "geometry": { "type": "Polygon", "coordinates": [ [ [ 18.677466849465549, -33.974185154347104 ], [ 18.663612430297764, -33.97848198191015 ], [ 18.651183054814634, -33.970881340341371 ], [ 18.652607500047228, -33.958984032797495 ], [ 18.666459917507726, -33.954686731494576 ], [ 18.678889891155062, -33.962287211716209 ], [ 18.677466849465549, -33.974185154347104 ] ] ] } },
{ "type": "Feature", "properties": { "gini": 0.60720760740336011, "tax_year": 2024 }, "geometry": { "type": "Polygon", "coordinates": [ [ [ 18.663997091762621, -33.863735108965628 ], [ 18.650151380131085, -33.868040665477253 ], [ 18.637730622337251, -33.860431782917821 ], [ 18.63915497681672, -33.848517507065246 ], [ 18.652998688002373, -33.844211474492141 ], [ 18.665420044866917, -33.851820194073483 ], [ 18.663997091762621, -33.863735108965628 ] ] ] } },
{ "type": "Feature", "properties": { "gini": null, "tax_year": 2024 }, "geometry": { "type": "Polygon", "coordinates": [ [ [ 18.582229157014392, -33.544463820739963 ], [ 18.568410826266781, -33.548789247413005 ], [ 18.556019517379806, -33.541153528947994 ], [ 18.557445932220375, -33.529192551961437 ], [ 18.571262262845782, -33.524866640316041 ], [ 18.583654178465729, -33.532502190868428 ], [ 18.582229157014392, -33.544463820739963 ] ] ] } },
{ "type": "Feature", "properties": { "gini": 0.60503248263762976, "tax_year": 2024 }, "geometry": { "type": "Polygon", "coordinates": [ [ [ 18.487356330135285, -34.112990886369687 ], [ 18.473502182383417, -34.117251020571025 ], [ 18.46108444973904, -34.109644325803529 ], [ 18.462520242967589, -34.097777656184718 ], [ 18.476372371376552, -34.093517039792509 ], [ 18.488790725609064, -34.101123575449833 ], [ 18.487356330135285, -34.112990886369687 ] ] ] } },
{ "type": "Feature", "properties": { "gini": 0.62737212595127001, "tax_year": 2024 }, "geometry": { "type": "Polygon", "coordinates": [ [ [ 18.8683861754247, -34.052333672625075 ], [ 18.854515998219487, -34.056646798078852 ], [ 18.842061031498531, -34.049066559379064 ], [ 18.843475665764458, -34.037173355804384 ], [ 18.857343854565304, -34.032859768263705 ], [ 18.869799397218781, -34.040439846627024 ], [ 18.8683861754247, -34.052333672625075 ] ] ] } },
{ "type": "Feature", "properties": { "gini": 0.62914299017551079, "tax_year": 2024 }, "geometry": { "type": "Polygon", "coordinates": [ [ [ 18.336428975124456, -34.147882558206746 ], [ 18.322580698423103, -34.152120629022654 ], [ 18.310177276941673, -34.144504265639668 ], [ 18.311621492203852, -34.132649990031076 ], [ 18.325467737243123, -34.128411429215859 ], [ 18.337871798389493, -34.136027634247291 ], [ 18.336428975124456, -34.147882558206746 ] ] ] } },
{ "type": "Feature", "properties": { "gini": 0.59553837340504423, "tax_year": 2024 }, "geometry": { "type": "Polygon", "coordinates": [ [ [ 18.683530918731783, -33.811750874602495 ], [ 18.669687910352017, -33.816063730548876 ], [ 18.657268407123833, -33.808453041181124 ], [ 18.658691315556851, -33.796529659884435 ], [ 18.6725323260906, -33.792216328232016 ], [ 18.684952425750289, -33.799826853822736 ], [ 18.683530918731783, -33.811750874602495 ] ] ] } },
{ "type": "Feature", "properties": { "gini": 0.63623850200441712, "tax_year": 2024 }, "geometry": { "type": "Polygon", "coordinates": [ [ [ 18.377976622275142, -34.135155599144959 ], [ 18.364126938644876, -34.139400043219062 ], [ 18.351719765432595, -34.131786132386388 ], [ 18.353161640886167, -34.119927936330939 ], [ 18.367009296302804, -34.115683004359063 ], [ 18.379417104187254, -34.12329675657945 ], [ 18.377976622275142, -34.135155599144959 ] ] ] } },
{ "type": "Feature", "properties": { "gini": 0.62869272069983761, "tax_year": 2024 }, "geometry": { "type": "Polygon", "coordinates": [ [ [ 18.612063863688714, -34.074554093924185 ], [ 18.598205694369046, -34.078833344311811 ], [ 18.585776877258915, -34.071234050036686 ], [ 18.587205622620452, -34.059355665439426 ], [ 18.601061783047882, -34.055075939169662 ], [ 18.613491206716883, -34.062675073619943 ], [ 18.612063863688714, -34.074554093924185 ] ] ] } },
{ "type": "Feature", "properties": { "gini": 0.57809218651467531, "tax_year": 2024 }, "geometry": { "type": "Polygon", "coordinates": [ [ [ 18.486903196392962, -33.895744170911797 ], [ 18.473064807130879, -33.900024802650364 ], [ 18.460661224034581, -33.892403975809088 ], [ 18.462095409681528, -33.880502679792563 ], [ 18.475931784150799, -33.876221562622504 ], [ 18.488335987476116, -33.883842227139631 ], [ 18.486903196392962, -33.895744170911797 ] ] ] } },
{ "type": "Feature", "properties": { "gini": 0.56187067191536855, "tax_year": 2024 }, "geometry": { "type": "Polygon", "coordinates": [ [ [ 18.506469079841398, -33.843836721745213 ], [ 18.492633361674127, -33.848124672147428 ], [ 18.480231000472401, -33.840502049727078 ], [ 18.481663739566333, -33.82859164028082 ], [ 18.495497445535591, -33.824303204789253 ], [ 18.50790042431958, -33.831925664072479 ], [ 18.506469079841398, -33.843836721745213 ] ] ] } },
{ "type": "Feature", "properties": { "gini": 0.68208103639475348, "tax_year": 2024 }, "geometry": { "type": "Polygon", "coordinates": [ [ [ 18.467328853376756, -33.947607817699399 ], [ 18.453487795233755, -33.95188112527844 ], [ 18.441082993241004, -33.944262099160625 ], [ 18.442518626222352, -33.932369927220215 ], [ 18.456357666976356, -33.928096133877631 ], [ 18.468763091847713, -33.935714998478176 ], [ 18.467328853376756, -33.947607817699399 ] ] ] } },
{ "type": "Feature", "properties": { "gini": 0.6070239754975687, "tax_year": 2024 }, "geometry": { "type": "Polygon", "coordinates": [ [ [ 18.472066837397826, -34.129115063161088 ], [ 18.45821236211863, -34.133371769578154 ], [ 18.445795252977973, -34.125764915955912 ], [ 18.447231995321708, -34.113901515011094 ], [ 18.46108444973904, -34.109644325803529 ], [ 18.473502182383417, -34.117251020571025 ], [ 18.472066837397826, -34.129115063161088 ] ] ] } },
{ "type": "Feature", "properties": { "gini": 0.61612153198559128, "tax_year": 2024 }, "geometry": { "type": "Polygon", "coordinates": [ [ [ 18.502174048052243, -33.879558177675761 ], [ 18.488335987476116, -33.883842227139631 ], [ 18.475931784150799, -33.876221562622504 ], [ 18.477365022791869, -33.864317011468536 ], [ 18.491201070089467, -33.860032477188128 ], [ 18.50360589173496, -33.867652979117494 ], [ 18.502174048052243, -33.879558177675761 ] ] ] } },
{ "type": "Feature", "properties": { "gini": 0.61882541611238351, "tax_year": 2024 }, "geometry": { "type": "Polygon", "coordinates": [ [ [ 18.47443925570078, -34.219708182627592 ], [ 18.460578062165457, -34.223956584107405 ], [ 18.448154790359428, -34.216355862683137 ], [ 18.449592087980935, -34.204506897586171 ], [ 18.463451258914667, -34.200258014838809 ], [ 18.475875154537004, -34.207858578695948 ], [ 18.47443925570078, -34.219708182627592 ] ] ] } },
{ "type": "Feature", "properties": { "gini": 0.61328436337435266, "tax_year": 2024 }, "geometry": { "type": "Polygon", "coordinates": [ [ [ 18.853101822370405, -34.068537367053061 ], [ 18.839231267423322, -34.07284707477659 ], [ 18.826776878555084, -34.065266675976673 ], [ 18.828192466495125, -34.05337672979573 ], [ 18.842061031498531, -34.049066559379064 ], [ 18.854515998219487, -34.056646798078852 ], [ 18.853101822370405, -34.068537367053061 ] ] ] } },
{ "type": "Feature", "properties": { "gini": null, "tax_year": 2024 }, "geometry": { "type": "Polygon", "coordinates": [ [ [ 18.432857047142775, -34.232447003880182 ], [ 18.418997228854444, -34.236689022070301 ], [ 18.406577684552339, -34.229085833120877 ], [ 18.408017329420336, -34.217240783538337 ], [ 18.421875121635075, -34.21299828198741 ], [ 18.43429529476338, -34.220601313619561 ], [ 18.432857047142775, -34.232447003880182 ] ] ] } },
{ "type": "Feature", "properties": { "gini": 0.59551219067216832, "tax_year": 2024 }, "geometry": { "type": "Polygon", "coordinates": [ [ [ 18.626736672181682, -33.840906490911784 ], [ 18.612894614941428, -33.845209587842888 ], [ 18.600479366857893, -33.837596277762337 ], [ 18.601905572385554, -33.825680034285732 ], [ 18.615745626768337, -33.821376458904645 ], [ 18.628161478193054, -33.828989605690218 ], [ 18.626736672181682, -33.840906490911784 ] ] ] } },
{ "type": "Feature", "properties": { "gini": null, "tax_year": 2024 }, "geometry": { "type": "Polygon", "coordinates": [ [ [ 18.76659793270127, -33.785829320101108 ], [ 18.75275237125177, -33.790154866727597 ], [ 18.740325601691506, -33.782549100677087 ], [ 18.741743806873231, -33.770617952451701 ], [ 18.755587377479483, -33.766291934369484 ], [ 18.76801473346136, -33.773897536209361 ], [ 18.76659793270127, -33.785829320101108 ] ] ] } },
{ "type": "Feature", "properties": { "gini": null, "tax_year": 2024 }, "geometry": { "type": "Polygon", "coordinates": [ [ [ 18.840366804545699, -34.175464009439985 ], [ 18.826489147230944, -34.179762069787294 ], [ 18.814029146591235, -34.172187725081294 ], [ 18.815446222958798, -34.160315478868462 ], [ 18.829321887097656, -34.156016956697329 ], [ 18.841782467758126, -34.163591142805437 ], [ 18.840366804545699, -34.175464009439985 ] ] ] } },
{ "type": "Feature", "properties": { "gini": 0.63823749444406941, "tax_year": 2024 }, "geometry": { "type": "Polygon", "coordinates": [ [ [ 18.938932015764973, -34.133436082964927 ], [ 18.925052290940645, -34.137750331056957 ], [ 18.912584517209769, -34.130181148910381 ], [ 18.913995900020044, -34.118297878141057 ], [ 18.927873640316982, -34.113983173010745 ], [ 18.940341982045734, -34.121552195931237 ], [ 18.938932015764973, -34.133436082964927 ] ] ] } },
{ "type": "Feature", "properties": { "gini": 0.53997493901679761, "tax_year": 2024 }, "geometry": { "type": "Polygon", "coordinates": [ [ [ 18.557082575330313, -33.977115599412983 ], [ 18.54323445489328, -33.981397238166821 ], [ 18.530817944120162, -33.973787221917433 ], [ 18.532248941041015, -33.961895728341425 ], [ 18.546095050380128, -33.957613609230648 ], [ 18.55851217360695, -33.96522346429272 ], [ 18.557082575330313, -33.977115599412983 ] ] ] } },
{ "type": "Feature", "properties": { "gini": null, "tax_year": 2024 }, "geometry": { "type": "Polygon", "coordinates": [ [ [ 18.485430172172162, -34.239153558291378 ], [ 18.47156695646952, -34.243401479411069 ], [ 18.459141212932359, -34.235802913543274 ], [ 18.460578062165457, -34.223956584107405 ], [ 18.47443925570078, -34.219708182627592 ], [ 18.486865621878902, -34.227306591183904 ], [ 18.485430172172162, -34.239153558291378 ] ] ] } },
{ "type": "Feature", "properties": { "gini": 0.63355058676161791, "tax_year": 2024 }, "geometry": { "type": "Polygon", "coordinates": [ [ [ 18.905765606925787, -34.075062874586578 ], [ 18.891891837091059, -34.079378496461096 ], [ 18.879431401793525, -34.071802767825062 ], [ 18.880844164435153, -34.059911577586703 ], [ 18.894715948337097, -34.05559549600742 ], [ 18.907176955244751, -34.063171064614011 ], [ 18.905765606925787, -34.075062874586578 ] ] ] } },
{ "type": "Feature", "properties": { "gini": 0.52281183994016955, "tax_year": 2024 }, "geometry": { "type": "Polygon", "coordinates": [ [ [ 18.870951359252025, -34.14310862549749 ], [ 18.857074456853653, -34.14741352993461 ], [ 18.844613298095609, -34.139839502657331 ], [ 18.846028465275168, -34.127960730249178 ], [ 18.859903377580459, -34.123655365187695 ], [ 18.87236511251308, -34.131229233401456 ], [ 18.870951359252025, -34.14310862549749 ] ] ] } },
{ "type": "Feature", "properties": { "gini": 0.5394437390350395, "tax_year": 2024 }, "geometry": { "type": "Polygon", "coordinates": [ [ [ 18.591918648176094, -33.909052714812191 ], [ 18.578073554863114, -33.913345088529283 ], [ 18.565657670341231, -33.905733421884264 ], [ 18.567086270949002, -33.893829543999516 ], [ 18.580929357284834, -33.889536690869839 ], [ 18.593345849701425, -33.897148195277509 ], [ 18.591918648176094, -33.909052714812191 ] ] ] } },
{ "type": "Feature", "properties": { "gini": 0.5688757240587119, "tax_year": 2024 }, "geometry": { "type": "Polygon", "coordinates": [ [ [ 18.558959496905448, -33.850490417332757 ], [ 18.545120425844111, -33.854784231953879 ], [ 18.532711915225907, -33.847166178875348 ], [ 18.534141863958709, -33.83525447450517 ], [ 18.547978926724703, -33.830960177806389 ], [ 18.560388048764494, -33.838578067795027 ], [ 18.558959496905448, -33.850490417332757 ] ] ] } },
{ "type": "Feature", "properties": { "gini": 0.57197705292901158, "tax_year": 2024 }, "geometry": { "type": "Polygon", "coordinates": [ [ [ 18.725062514506501, -33.79879961517927 ], [ 18.711218222405545, -33.803118816836687 ], [ 18.69879507979384, -33.795510587718027 ], [ 18.700215637568423, -33.783583321178916 ], [ 18.714057935321105, -33.779263645940361 ], [ 18.726481669361, -33.786871711062737 ], [ 18.725062514506501, -33.79879961517927 ] ] ] } },
{ "type": "Feature", "properties": { "gini": null, "tax_year": 2024 }, "geometry": { "type": "Polygon", "coordinates": [ [ [ 18.373654171614135, -34.170720329869084 ], [ 18.359802145542488, -34.174960855647043 ], [ 18.347393133466959, -34.16734892524299 ], [ 18.348835511750387, -34.155496627391031 ], [ 18.362685508520194, -34.151255614025281 ], [ 18.375095156015963, -34.158867386338386 ], [ 18.373654171614135, -34.170720329869084 ] ] ] } },
{ "type": "Feature", "properties": { "gini": 0.63168728924328343, "tax_year": 2024 }, "geometry": { "type": "Polygon", "coordinates": [ [ [ 18.493579489427027, -33.950948311422046 ], [ 18.479736742122412, -33.955224555041568 ], [ 18.467328853376756, -33.947607817699399 ], [ 18.468763091847713, -33.935714998478176 ], [ 18.482603823710612, -33.931438270600218 ], [ 18.495012332254248, -33.939054846441294 ], [ 18.493579489427027, -33.950948311422046 ] ] ] } },
{ "type": "Feature", "properties": { "gini": 0.59551706148737793, "tax_year": 2024 }, "geometry": { "type": "Polygon", "coordinates": [ [ [ 18.657268407123833, -33.808453041181124 ], [ 18.643427045732228, -33.812762962275663 ], [ 18.631010592875999, -33.805149979042966 ], [ 18.632434901601897, -33.79322723876647 ], [ 18.646274263178512, -33.788916840462264 ], [ 18.658691315556851, -33.796529659884435 ], [ 18.657268407123833, -33.808453041181124 ] ] ] } },
{ "type": "Feature", "properties": { "gini": 0.57565830819776276, "tax_year": 2024 }, "geometry": { "type": "Polygon", "coordinates": [ [ [ 18.519834891671945, -33.954283576529903 ], [ 18.505990460633569, -33.958562757327876 ], [ 18.493579489427027, -33.950948311422046 ], [ 18.495012332254248, -33.939054846441294 ], [ 18.508854749801881, -33.934775182889375 ], [ 18.521266337723311, -33.942389467311749 ], [ 18.519834891671945, -33.954283576529903 ] ] ] } },
{ "type": "Feature", "properties": { "gini": 0.57785938856894292, "tax_year": 2024 }, "geometry": { "type": "Polygon", "coordinates": [ [ [ 18.622461259141772, -33.876645427291315 ], [ 18.608616852976638, -33.880944632443516 ], [ 18.596199754576446, -33.873333290530354 ], [ 18.597626457980528, -33.861422906456617 ], [ 18.611468860210273, -33.857123223122684 ], [ 18.623886562683222, -33.864734402284334 ], [ 18.622461259141772, -33.876645427291315 ] ] ] } },
{ "type": "Feature", "properties": { "gini": 0.57863908678749865, "tax_year": 2024 }, "geometry": { "type": "Polygon", "coordinates": [ [ [ 18.684207929762255, -34.029353000885095 ], [ 18.670349153295149, -34.03364546414327 ], [ 18.657915465056305, -34.026048962791037 ], [ 18.659339955287457, -34.014160158970377 ], [ 18.673196729416802, -34.009867223145719 ], [ 18.685631015364759, -34.017463563949235 ], [ 18.684207929762255, -34.029353000885095 ] ] ] } },
{ "type": "Feature", "properties": { "gini": null, "tax_year": 2024 }, "geometry": { "type": "Polygon", "coordinates": [ [ [ 18.574226781789786, -33.83428083880473 ], [ 18.560388048764494, -33.838578067795027 ], [ 18.547978926724703, -33.830960177806389 ], [ 18.549407927908899, -33.819045222418346 ], [ 18.56324465415619, -33.814747511968825 ], [ 18.575654385708791, -33.822365238606238 ], [ 18.574226781789786, -33.83428083880473 ] ] ] } },
{ "type": "Feature", "properties": { "gini": null, "tax_year": 2024 }, "geometry": { "type": "Polygon", "coordinates": [ [ [ 18.46108444973904, -34.109644325803529 ], [ 18.447231995321708, -34.113901515011094 ], [ 18.43481735571833, -34.106292518053365 ], [ 18.436254545565099, -34.094426491246907 ], [ 18.450104978688149, -34.090168818346186 ], [ 18.462520242967589, -34.097777656184718 ], [ 18.46108444973904, -34.109644325803529 ] ] ] } },
{ "type": "Feature", "properties": { "gini": 0.60200530232605942, "tax_year": 2024 }, "geometry": { "type": "Polygon", "coordinates": [ [ [ 18.390934933877766, -34.028355313562436 ], [ 18.377092273769993, -34.032611505124535 ], [ 18.364690614827829, -34.024991675368597 ], [ 18.366130983270089, -34.013115814489822 ], [ 18.379971618424655, -34.008859134124748 ], [ 18.392373909798597, -34.016478803680272 ], [ 18.390934933877766, -34.028355313562436 ] ] ] } },
{ "type": "Feature", "properties": { "gini": 0.6088271974104783, "tax_year": 2024 }, "geometry": { "type": "Polygon", "coordinates": [ [ [ 18.668265454134449, -33.827984504291805 ], [ 18.654422093373761, -33.83229394905959 ], [ 18.642003188487038, -33.824683096170844 ], [ 18.643427045732228, -33.812762962275663 ], [ 18.657268407123833, -33.808453041181124 ], [ 18.669687910352017, -33.816063730548876 ], [ 18.668265454134449, -33.827984504291805 ] ] ] } },
{ "type": "Feature", "properties": { "gini": 0.63100737392818407, "tax_year": 2024 }, "geometry": { "type": "Polygon", "coordinates": [ [ [ 18.747829959573053, -34.055422898081311 ], [ 18.733965900406051, -34.059720790630124 ], [ 18.721523656949294, -34.052131082980431 ], [ 18.72294488206321, -34.040243643247294 ], [ 18.736806943308771, -34.035945282020741 ], [ 18.74924977707451, -34.043534829446678 ], [ 18.747829959573053, -34.055422898081311 ] ] ] } },
{ "type": "Feature", "properties": { "gini": 0.52462802927121044, "tax_year": 2024 }, "geometry": { "type": "Polygon", "coordinates": [ [ [ 18.866709108168887, -34.178734989767186 ], [ 18.852829836159625, -34.183036012326504 ], [ 18.840366804545699, -34.175464009439985 ], [ 18.841782467758126, -34.163591142805437 ], [ 18.855659748596736, -34.159289659915075 ], [ 18.868123357107173, -34.166861504233069 ], [ 18.866709108168887, -34.178734989767186 ] ] ] } },
{ "type": "Feature", "properties": { "gini": 0.50948958232396802, "tax_year": 2024 }, "geometry": { "type": "Polygon", "coordinates": [ [ [ 18.601061783047882, -34.055075939169662 ], [ 18.587205622620452, -34.059355665439426 ], [ 18.574779266683841, -34.051754220891034 ], [ 18.576208463145353, -34.039873210407684 ], [ 18.590062614237397, -34.035593007359644 ], [ 18.602489577914135, -34.043194291813741 ], [ 18.601061783047882, -34.055075939169662 ] ] ] } },
{ "type": "Feature", "properties": { "gini": 0.61974039888050481, "tax_year": 2024 }, "geometry": { "type": "Polygon", "coordinates": [ [ [ 18.362685508520194, -34.151255614025281 ], [ 18.348835511750387, -34.155496627391031 ], [ 18.336428975124456, -34.147882558206746 ], [ 18.337871798389493, -34.136027634247291 ], [ 18.351719765432595, -34.131786132386388 ], [ 18.364126938644876, -34.139400043219062 ], [ 18.362685508520194, -34.151255614025281 ] ] ] } },
{ "type": "Feature", "properties": { "gini": 0.53291299552244009, "tax_year": 2024 }, "geometry": { "type": "Polygon", "coordinates": [ [ [ 18.646908723439363, -34.006561505491732 ], [ 18.633053601882128, -34.010851495501406 ], [ 18.620625428471822, -34.003250531988812 ], [ 18.622051774336494, -33.991359739553943 ], [ 18.635904891133752, -33.987069274585544 ], [ 18.64833366653794, -33.994670077251413 ], [ 18.646908723439363, -34.006561505491732 ] ] ] } },
{ "type": "Feature", "properties": { "gini": 0.57645735002941223, "tax_year": 2024 }, "geometry": { "type": "Polygon", "coordinates": [ [ [ 18.611468860210273, -33.857123223122684 ], [ 18.597626457980528, -33.861422906456617 ], [ 18.585211815148057, -33.853809433339158 ], [ 18.586638969006124, -33.841896440164625 ], [ 18.600479366857893, -33.837596277762337 ], [ 18.612894614941428, -33.845209587842888 ], [ 18.611468860210273, -33.857123223122684 ] ] ] } },
{ "type": "Feature", "properties": { "gini": 0.60201826784822776, "tax_year": 2024 }, "geometry": { "type": "Polygon", "coordinates": [ [ [ 18.508854749801881, -33.934775182889375 ], [ 18.495012332254248, -33.939054846441294 ], [ 18.482603823710612, -33.931438270600218 ], [ 18.48403711453745, -33.919542193208819 ], [ 18.497877518159331, -33.915262046009822 ], [ 18.510286644590359, -33.922878460088747 ], [ 18.508854749801881, -33.934775182889375 ] ] ] } },
{ "type": "Feature", "properties": { "gini": 0.53284833142916121, "tax_year": 2024 }, "geometry": { "type": "Polygon", "coordinates": [ [ [ 18.504558066199223, -33.97045360783742 ], [ 18.490713303886828, -33.974729368092802 ], [ 18.478302951306514, -33.967114760963248 ], [ 18.479736742122412, -33.955224555041568 ], [ 18.493579489427027, -33.950948311422046 ], [ 18.505990460633569, -33.958562757327876 ], [ 18.504558066199223, -33.97045360783742 ] ] ] } },
{ "type": "Feature", "properties": { "gini": 0.61252643384612826, "tax_year": 2024 }, "geometry": { "type": "Polygon", "coordinates": [ [ [ 18.826776878555084, -34.065266675976673 ], [ 18.812907939309991, -34.06957342826005 ], [ 18.800456580234957, -34.06199069830862 ], [ 18.801873579148221, -34.050101376449227 ], [ 18.815740526449691, -34.045794159977547 ], [ 18.828192466495125, -34.05337672979573 ], [ 18.826776878555084, -34.065266675976673 ] ] ] } },
{ "type": "Feature", "properties": { "gini": 0.72892397267756071, "tax_year": 2024 }, "geometry": { "type": "Polygon", "coordinates": [ [ [ 18.666459917507726, -33.954686731494576 ], [ 18.652607500047228, -33.958984032797495 ], [ 18.640180579877129, -33.951381245260173 ], [ 18.641605477531439, -33.939481318285658 ], [ 18.655455892837018, -33.935183542353307 ], [ 18.667883412355302, -33.942786168265606 ], [ 18.666459917507726, -33.954686731494576 ] ] ] } },
{ "type": "Feature", "properties": { "gini": 0.6625574405427499, "tax_year": 2024 }, "geometry": { "type": "Polygon", "coordinates": [ [ [ 18.822529122994574, -34.100924725659254 ], [ 18.808657818448381, -34.105227594902175 ], [ 18.79620459104714, -34.097646876611975 ], [ 18.797622086211629, -34.085763448947837 ], [ 18.811491397736951, -34.081460115802848 ], [ 18.823945206832033, -34.08904067446629 ], [ 18.822529122994574, -34.100924725659254 ] ] ] } },
{ "type": "Feature", "properties": { "gini": null, "tax_year": 2024 }, "geometry": { "type": "Polygon", "coordinates": [ [ [ 18.386617002668103, -34.063973076086178 ], [ 18.372772002019609, -34.068225353064101 ], [ 18.360368505374002, -34.060607492544094 ], [ 18.361809375907157, -34.048737514952066 ], [ 18.375652350516322, -34.044484749468751 ], [ 18.388056480339859, -34.052102450321755 ], [ 18.386617002668103, -34.063973076086178 ] ] ] } },
{ "type": "Feature", "properties": { "gini": 0.59429053541993337, "tax_year": 2024 }, "geometry": { "type": "Polygon", "coordinates": [ [ [ 18.437171287944395, -34.196904023524922 ], [ 18.423313816902805, -34.201149957229532 ], [ 18.410896116753811, -34.193544775625611 ], [ 18.41233525927408, -34.181693818384986 ], [ 18.426190705330097, -34.177447401004798 ], [ 18.438609033559597, -34.185052424780473 ], [ 18.437171287944395, -34.196904023524922 ] ] ] } },
{ "type": "Feature", "properties": { "gini": null, "tax_year": 2024 }, "geometry": { "type": "Polygon", "coordinates": [ [ [ 18.596777400501914, -34.090709100985087 ], [ 18.582918887293296, -34.094984927563765 ], [ 18.570490678658668, -34.087385473713724 ], [ 18.571920374467776, -34.075510353100498 ], [ 18.585776877258915, -34.071234050036686 ], [ 18.598205694369046, -34.078833344311811 ], [ 18.596777400501914, -34.090709100985087 ] ] ] } },
{ "type": "Feature", "properties": { "gini": null, "tax_year": 2024 }, "geometry": { "type": "Polygon", "coordinates": [ [ [ 18.347393133466959, -34.16734892524299 ], [ 18.333542825526305, -34.171586506967536 ], [ 18.321136927401135, -34.163972279692565 ], [ 18.322580698423103, -34.152120629022654 ], [ 18.336428975124456, -34.147882558206746 ], [ 18.348835511750387, -34.155496627391031 ], [ 18.347393133466959, -34.16734892524299 ] ] ] } },
{ "type": "Feature", "properties": { "gini": 0.4877982922097287, "tax_year": 2024 }, "geometry": { "type": "Polygon", "coordinates": [ [ [ 18.492660878106872, -33.514915422759003 ], [ 18.478849560196949, -33.519232594362727 ], [ 18.466469893547181, -33.511588013625456 ], [ 18.467900927423173, -33.499626429858615 ], [ 18.481710238949884, -33.495308767875557 ], [ 18.494090522695757, -33.502953180276762 ], [ 18.492660878106872, -33.514915422759003 ] ] ] } },
{ "type": "Feature", "properties": { "gini": null, "tax_year": 2024 }, "geometry": { "type": "Polygon", "coordinates": [ [ [ 18.811491397736951, -34.081460115802848 ], [ 18.797622086211629, -34.085763448947837 ], [ 18.785171310026943, -34.078180559101355 ], [ 18.78658926219056, -34.066294496247039 ], [ 18.800456580234957, -34.06199069830862 ], [ 18.812907939309991, -34.06957342826005 ], [ 18.811491397736951, -34.081460115802848 ] ] ] } },
{ "type": "Feature", "properties": { "gini": 0.65924459916318345, "tax_year": 2024 }, "geometry": { "type": "Polygon", "coordinates": [ [ [ 18.45246618145854, -34.180803059858725 ], [ 18.438609033559597, -34.185052424780473 ], [ 18.426190705330097, -34.177447401004798 ], [ 18.427628898544441, -34.165593170630125 ], [ 18.441484022976347, -34.161343322627751 ], [ 18.453902977369371, -34.168948188320428 ], [ 18.45246618145854, -34.180803059858725 ] ] ] } },
{ "type": "Feature", "properties": { "gini": null, "tax_year": 2024 }, "geometry": { "type": "Polygon", "coordinates": [ [ [ 18.417558031286735, -34.248531436308291 ], [ 18.403697892276774, -34.252770020820847 ], [ 18.391278978719029, -34.245166674808026 ], [ 18.392719573134613, -34.233324901585725 ], [ 18.406577684552339, -34.229085833120877 ], [ 18.418997228854444, -34.236689022070301 ], [ 18.417558031286735, -34.248531436308291 ] ] ] } },
{ "type": "Feature", "properties": { "gini": 0.52799680357729128, "tax_year": 2024 }, "geometry": { "type": "Polygon", "coordinates": [ [ [ 18.561370871148711, -33.941433318996921 ], [ 18.547525098524698, -33.945718857298054 ], [ 18.535110435526363, -33.938106866950896 ], [ 18.536540933145339, -33.926209500264704 ], [ 18.550384695752438, -33.921923481324825 ], [ 18.562799970468326, -33.929535309949742 ], [ 18.561370871148711, -33.941433318996921 ] ] ] } },
{ "type": "Feature", "properties": { "gini": 0.50737663677723144, "tax_year": 2024 }, "geometry": { "type": "Polygon", "coordinates": [ [ [ 18.731812900687078, -33.854095010305613 ], [ 18.717964260374579, -33.858409856447309 ], [ 18.705536812042364, -33.850805737933868 ], [ 18.706957412767519, -33.838886936684752 ], [ 18.720804058107799, -33.834571618104228 ], [ 18.7332320974085, -33.842175573452558 ], [ 18.731812900687078, -33.854095010305613 ] ] ] } },
{ "type": "Feature", "properties": { "gini": 0.62702599188397712, "tax_year": 2024 }, "geometry": { "type": "Polygon", "coordinates": [ [ [ 18.46302513745232, -33.983274529301013 ], [ 18.449181736518614, -33.987543930129775 ], [ 18.436775093101577, -33.979926870569606 ], [ 18.438211226707907, -33.968040571398141 ], [ 18.452052609169481, -33.96377068509171 ], [ 18.464459876206341, -33.971387583673661 ], [ 18.46302513745232, -33.983274529301013 ] ] ] } },
{ "type": "Feature", "properties": { "gini": 0.67803228238063007, "tax_year": 2024 }, "geometry": { "type": "Polygon", "coordinates": [ [ [ 18.763113472492005, -34.039233517573734 ], [ 18.74924977707451, -34.043534829446678 ], [ 18.736806943308771, -34.035945282020741 ], [ 18.738227216282596, -34.024054583430114 ], [ 18.752088915311717, -34.019752803485808 ], [ 18.76453233746831, -34.027342190445161 ], [ 18.763113472492005, -34.039233517573734 ] ] ] } },
{ "type": "Feature", "properties": { "gini": 0.65195732635027137, "tax_year": 2024 }, "geometry": { "type": "Polygon", "coordinates": [ [ [ 18.37333031639351, -33.95370712155637 ], [ 18.359494044354214, -33.957968205533057 ], [ 18.347099162322383, -33.950342167790687 ], [ 18.348539918024429, -33.938455207599702 ], [ 18.362374165346097, -33.934193632730377 ], [ 18.374769681391882, -33.941819509183212 ], [ 18.37333031639351, -33.95370712155637 ] ] ] } },
{ "type": "Feature", "properties": { "gini": 0.62427663483760487, "tax_year": 2024 }, "geometry": { "type": "Polygon", "coordinates": [ [ [ 18.64872747757682, -33.879952329885803 ], [ 18.634881415953735, -33.884254472573694 ], [ 18.622461259141772, -33.876645427291315 ], [ 18.623886562683222, -33.864734402284334 ], [ 18.637730622337251, -33.860431782917821 ], [ 18.650151380131085, -33.868040665477253 ], [ 18.64872747757682, -33.879952329885803 ] ] ] } },
{ "type": "Feature", "properties": { "gini": null, "tax_year": 2024 }, "geometry": { "type": "Polygon", "coordinates": [ [ [ 18.448154790359428, -34.216355862683137 ], [ 18.43429529476338, -34.220601313619561 ], [ 18.421875121635075, -34.21299828198741 ], [ 18.423313816902805, -34.201149957229532 ], [ 18.437171287944395, -34.196904023524922 ], [ 18.449592087980935, -34.204506897586171 ], [ 18.448154790359428, -34.216355862683137 ] ] ] } },
{ "type": "Feature", "properties": { "gini": 0.46311986711378827, "tax_year": 2024 }, "geometry": { "type": "Polygon", "coordinates": [ [ [ 18.510283600747034, -33.589974377818514 ], [ 18.496465935560362, -33.594286679480838 ], [ 18.48407952637363, -33.58664819723338 ], [ 18.485510166583705, -33.574697580691478 ], [ 18.499325825174477, -33.570384790637199 ], [ 18.511712849862928, -33.578023105755229 ], [ 18.510283600747034, -33.589974377818514 ] ] ] } },
{ "type": "Feature", "properties": { "gini": 0.48779394332345699, "tax_year": 2024 }, "geometry": { "type": "Polygon", "coordinates": [ [ [ 18.477418971924873, -33.53119160340357 ], [ 18.463607327820291, -33.535505372869203 ], [ 18.451228280164443, -33.52786062407408 ], [ 18.45266025733094, -33.515902274109195 ], [ 18.466469893547181, -33.511588013625456 ], [ 18.478849560196949, -33.519232594362727 ], [ 18.477418971924873, -33.53119160340357 ] ] ] } },
{ "type": "Feature", "properties": { "gini": 0.51070094946158551, "tax_year": 2024 }, "geometry": { "type": "Polygon", "coordinates": [ [ [ 18.548501490872177, -34.048427249339213 ], [ 18.534648672887869, -34.052701085093361 ], [ 18.522228465382238, -34.045095028296736 ], [ 18.523660461643139, -34.033215296115564 ], [ 18.537511266365378, -34.028940980580607 ], [ 18.549932087798993, -34.036546877247723 ], [ 18.548501490872177, -34.048427249339213 ] ] ] } },
{ "type": "Feature", "properties": { "gini": 0.60748614569215931, "tax_year": 2024 }, "geometry": { "type": "Polygon", "coordinates": [ [ [ 18.476372371376552, -34.093517039792509 ], [ 18.462520242967589, -34.097777656184718 ], [ 18.450104978688149, -34.090168818346186 ], [ 18.451541219765542, -34.07829952373114 ], [ 18.465391328398074, -34.074038424246602 ], [ 18.477807215438776, -34.081647102709127 ], [ 18.476372371376552, -34.093517039792509 ] ] ] } },
{ "type": "Feature", "properties": { "gini": 0.67101042494145346, "tax_year": 2024 }, "geometry": { "type": "Polygon", "coordinates": [ [ [ 18.736806943308771, -34.035945282020741 ], [ 18.72294488206321, -34.040243643247294 ], [ 18.710505092454067, -34.032651775210859 ], [ 18.711926772303702, -34.020761706684731 ], [ 18.72578683517407, -34.01646287588909 ], [ 18.738227216282596, -34.024054583430114 ], [ 18.736806943308771, -34.035945282020741 ] ] ] } },
{ "type": "Feature", "properties": { "gini": 0.51961281738689724, "tax_year": 2024 }, "geometry": { "type": "Polygon", "coordinates": [ [ [ 18.638355577688028, -34.077868876597478 ], [ 18.624495747300216, -34.082151075435959 ], [ 18.612063863688714, -34.074554093924185 ], [ 18.613491206716883, -34.062675073619943 ], [ 18.627349030183474, -34.058392400399072 ], [ 18.639781517254296, -34.065989222105664 ], [ 18.638355577688028, -34.077868876597478 ] ] ] } },
{ "type": "Feature", "properties": { "gini": 0.60410764762221547, "tax_year": 2024 }, "geometry": { "type": "Polygon", "coordinates": [ [ [ 18.41718406162288, -34.031713725095535 ], [ 18.403339694967222, -34.035972854485721 ], [ 18.390934933877766, -34.028355313562436 ], [ 18.392373909798597, -34.016478803680272 ], [ 18.406216253440288, -34.012219186992318 ], [ 18.418621643883831, -34.019836567723374 ], [ 18.41718406162288, -34.031713725095535 ] ] ] } },
{ "type": "Feature", "properties": { "gini": 0.55377886024739642, "tax_year": 2024 }, "geometry": { "type": "Polygon", "coordinates": [ [ [ 18.576645404416738, -33.925246353445125 ], [ 18.562799970468326, -33.929535309949742 ], [ 18.550384695752438, -33.921923481324825 ], [ 18.551814244890096, -33.910022858415125 ], [ 18.565657670341231, -33.905733421884264 ], [ 18.578073554863114, -33.913345088529283 ], [ 18.576645404416738, -33.925246353445125 ] ] ] } },
{ "type": "Feature", "properties": { "gini": null, "tax_year": 2024 }, "geometry": { "type": "Polygon", "coordinates": [ [ [ 18.379971618424655, -34.008859134124748 ], [ 18.366130983270089, -34.013115814489822 ], [ 18.353731795241337, -34.005493858779083 ], [ 18.355172608478988, -33.993615383414607 ], [ 18.369011218255036, -33.989358213346335 ], [ 18.381411039880319, -33.996980008584451 ], [ 18.379971618424655, -34.008859134124748 ] ] ] } },
{ "type": "Feature", "properties": { "gini": 0.55610720773059752, "tax_year": 2024 }, "geometry": { "type": "Polygon", "coordinates": [ [ [ 18.466898885617681, -33.729904129128727 ], [ 18.453073556291059, -33.73419792587891 ], [ 18.44068287448113, -33.726564910170922 ], [ 18.44211690019354, -33.714638262812699 ], [ 18.455940216674747, -33.710343977162502 ], [ 18.468331519999623, -33.717976828009093 ], [ 18.466898885617681, -33.729904129128727 ] ] ] } },
{ "type": "Feature", "properties": { "gini": 0.56703204815964847, "tax_year": 2024 }, "geometry": { "type": "Polygon", "coordinates": [ [ [ 18.559494628187117, -34.067908748709094 ], [ 18.545639797379682, -34.072182105579763 ], [ 18.533217126250214, -34.064578193721928 ], [ 18.534648672887869, -34.052701085093361 ], [ 18.548501490872177, -34.048427249339213 ], [ 18.560924774752216, -34.056031001337324 ], [ 18.559494628187117, -34.067908748709094 ] ] ] } },
{ "type": "Feature", "properties": { "gini": 0.60740842097477488, "tax_year": 2024 }, "geometry": { "type": "Polygon", "coordinates": [ [ [ 18.550384695752438, -33.921923481324825 ], [ 18.536540933145339, -33.926209500264704 ], [ 18.524128730420223, -33.918595377585284 ], [ 18.525559677120253, -33.906695398207873 ], [ 18.539401429272228, -33.902408897737878 ], [ 18.551814244890096, -33.910022858415125 ], [ 18.550384695752438, -33.921923481324825 ] ] ] } },
{ "type": "Feature", "properties": { "gini": 0.64590787687658213, "tax_year": 2024 }, "geometry": { "type": "Polygon", "coordinates": [ [ [ 18.774140937286045, -34.058709437768194 ], [ 18.760275245936029, -34.063010282460517 ], [ 18.747829959573053, -34.055422898081311 ], [ 18.74924977707451, -34.043534829446678 ], [ 18.763113472492005, -34.039233517573734 ], [ 18.775559346053541, -34.046820741757855 ], [ 18.774140937286045, -34.058709437768194 ] ] ] } },
{ "type": "Feature", "properties": { "gini": 0.54413100263473524, "tax_year": 2024 }, "geometry": { "type": "Polygon", "coordinates": [ [ [ 18.5943468543067, -33.999934306399538 ], [ 18.580495054271339, -34.004218408138584 ], [ 18.568073010725069, -33.996612832493 ], [ 18.569502158740072, -33.984723316240185 ], [ 18.583351950079216, -33.980438736540108 ], [ 18.595774601810596, -33.988044151294126 ], [ 18.5943468543067, -33.999934306399538 ] ] ] } },
{ "type": "Feature", "properties": { "gini": 0.4676497767571402, "tax_year": 2024 }, "geometry": { "type": "Polygon", "coordinates": [ [ [ 18.653640998298275, -34.061703600809693 ], [ 18.639781517254296, -34.065989222105664 ], [ 18.627349030183474, -34.058392400399072 ], [ 18.628775422325702, -34.046510117690673 ], [ 18.642632897975783, -34.042224022616438 ], [ 18.65506598658898, -34.049820684269768 ], [ 18.653640998298275, -34.061703600809693 ] ] ] } },
{ "type": "Feature", "properties": { "gini": 0.59051679742195939, "tax_year": 2024 }, "geometry": { "type": "Polygon", "coordinates": [ [ [ 18.393266472709861, -34.119048882734013 ], [ 18.379417104187254, -34.12329675657945 ], [ 18.367009296302804, -34.115683004359063 ], [ 18.368450223890829, -34.103821537405103 ], [ 18.382297565713436, -34.099573176260435 ], [ 18.394706006356035, -34.107186769608063 ], [ 18.393266472709861, -34.119048882734013 ] ] ] } },
{ "type": "Feature", "properties": { "gini": 0.53730213646039171, "tax_year": 2024 }, "geometry": { "type": "Polygon", "coordinates": [ [ [ 18.579066356911831, -34.016105303472415 ], [ 18.565214215597315, -34.020385984194299 ], [ 18.552792782150227, -34.012780247910953 ], [ 18.554222879629222, -34.000893991783691 ], [ 18.568073010725069, -33.996612832493 ], [ 18.580495054271339, -34.004218408138584 ], [ 18.579066356911831, -34.016105303472415 ] ] ] } },
{ "type": "Feature", "properties": { "gini": 0.62399419523350308, "tax_year": 2024 }, "geometry": { "type": "Polygon", "coordinates": [ [ [ 18.430504783111449, -34.141878808092841 ], [ 18.416651682577807, -34.146129140081456 ], [ 18.404238298071679, -34.138519825656616 ], [ 18.405677385301342, -34.126660338087568 ], [ 18.419528461506516, -34.122409521207658 ], [ 18.431942474518856, -34.130018677027564 ], [ 18.430504783111449, -34.141878808092841 ] ] ] } },
{ "type": "Feature", "properties": { "gini": 0.59659098434504609, "tax_year": 2024 }, "geometry": { "type": "Polygon", "coordinates": [ [ [ 18.657915465056305, -34.026048962791037 ], [ 18.644058339185545, -34.030338478734585 ], [ 18.631627708147779, -34.022739664682774 ], [ 18.633053601882128, -34.010851495501406 ], [ 18.646908723439363, -34.006561505491732 ], [ 18.659339955287457, -34.014160158970377 ], [ 18.657915465056305, -34.026048962791037 ] ] ] } },
{ "type": "Feature", "properties": { "gini": 0.68771030028276647, "tax_year": 2024 }, "geometry": { "type": "Polygon", "coordinates": [ [ [ 18.732545130422707, -34.071605599530635 ], [ 18.718680709468305, -34.075900071759236 ], [ 18.706239058238868, -34.068310204128807 ], [ 18.707661235448896, -34.056426024491984 ], [ 18.721523656949294, -34.052131082980431 ], [ 18.733965900406051, -34.059720790630124 ], [ 18.732545130422707, -34.071605599530635 ] ] ] } },
{ "type": "Feature", "properties": { "gini": null, "tax_year": 2024 }, "geometry": { "type": "Polygon", "coordinates": [ [ [ 18.536492417156285, -33.593295379559919 ], [ 18.52267307803255, -33.597610598388059 ], [ 18.510283600747034, -33.589974377818514 ], [ 18.511712849862928, -33.578023105755229 ], [ 18.525530184333061, -33.573707400045741 ], [ 18.537920274053029, -33.581343453519565 ], [ 18.536492417156285, -33.593295379559919 ] ] ] } },
{ "type": "Feature", "properties": { "gini": 0.57581814224848493, "tax_year": 2024 }, "geometry": { "type": "Polygon", "coordinates": [ [ [ 18.535110435526363, -33.938106866950896 ], [ 18.521266337723311, -33.942389467311749 ], [ 18.508854749801881, -33.934775182889375 ], [ 18.510286644590359, -33.922878460088747 ], [ 18.524128730420223, -33.918595377585284 ], [ 18.536540933145339, -33.926209500264704 ], [ 18.535110435526363, -33.938106866950896 ] ] ] } },
{ "type": "Feature", "properties": { "gini": 0.64743192168715569, "tax_year": 2024 }, "geometry": { "type": "Polygon", "coordinates": [ [ [ 18.71903268611166, -33.96128194764011 ], [ 18.705176978972897, -33.965585137137225 ], [ 18.692743956187279, -33.957986966870926 ], [ 18.694166047104371, -33.946085768916241 ], [ 18.708019756041324, -33.941782107790615 ], [ 18.720453371975726, -33.949380116489287 ], [ 18.71903268611166, -33.96128194764011 ] ] ] } },
{ "type": "Feature", "properties": { "gini": 0.60435729587558507, "tax_year": 2024 }, "geometry": { "type": "Polygon", "coordinates": [ [ [ 18.465391328398074, -34.074038424246602 ], [ 18.451541219765542, -34.07829952373114 ], [ 18.439128423889482, -34.07068854575774 ], [ 18.44056511242178, -34.058816628182669 ], [ 18.454413200845352, -34.054555044704891 ], [ 18.466826620654683, -34.062165863034956 ], [ 18.465391328398074, -34.074038424246602 ] ] ] } },
{ "type": "Feature", "properties": { "gini": null, "tax_year": 2024 }, "geometry": { "type": "Polygon", "coordinates": [ [ [ 18.367009296302804, -34.115683004359063 ], [ 18.353161640886167, -34.119927936330939 ], [ 18.340756941988456, -34.1123118899133 ], [ 18.342199262377171, -34.100451070638535 ], [ 18.356044889155186, -34.096205649863293 ], [ 18.368450223890829, -34.103821537405103 ], [ 18.367009296302804, -34.115683004359063 ] ] ] } },
{ "type": "Feature", "properties": { "gini": 0.6692831772301655, "tax_year": 2024 }, "geometry": { "type": "Polygon", "coordinates": [ [ [ 18.506944381213625, -34.061242388862134 ], [ 18.493092910718644, -34.06550985675316 ], [ 18.480676402831229, -34.057901337923177 ], [ 18.482110746216097, -34.046025511330832 ], [ 18.495960199971837, -34.041757561552537 ], [ 18.508377326791621, -34.049365920493656 ], [ 18.506944381213625, -34.061242388862134 ] ] ] } },
{ "type": "Feature", "properties": { "gini": 0.6618065019188496, "tax_year": 2024 }, "geometry": { "type": "Polygon", "coordinates": [ [ [ 18.482603823710612, -33.931438270600218 ], [ 18.468763091847713, -33.935714998478176 ], [ 18.456357666976356, -33.928096133877631 ], [ 18.457792352709259, -33.91620070341834 ], [ 18.471631068697508, -33.91192349038824 ], [ 18.48403711453745, -33.919542193208819 ], [ 18.482603823710612, -33.931438270600218 ] ] ] } },
{ "type": "Feature", "properties": { "gini": 0.44238565063065688, "tax_year": 2024 }, "geometry": { "type": "Polygon", "coordinates": [ [ [ 18.522228465382238, -34.045095028296736 ], [ 18.508377326791621, -34.049365920493656 ], [ 18.495960199971837, -34.041757561552537 ], [ 18.497393594434431, -34.029878470799275 ], [ 18.511242717805185, -34.025607097319366 ], [ 18.523660461643139, -34.033215296115564 ], [ 18.522228465382238, -34.045095028296736 ] ] ] } },
{ "type": "Feature", "properties": { "gini": 0.60838351203921737, "tax_year": 2024 }, "geometry": { "type": "Polygon", "coordinates": [ [ [ 18.375652350516322, -34.044484749468751 ], [ 18.361809375907157, -34.048737514952066 ], [ 18.349408351308021, -34.041117525259786 ], [ 18.350849666683185, -34.029244930259296 ], [ 18.364690614827829, -34.024991675368597 ], [ 18.377092273769993, -34.032611505124535 ], [ 18.375652350516322, -34.044484749468751 ] ] ] } },
{ "type": "Feature", "properties": { "gini": null, "tax_year": 2024 }, "geometry": { "type": "Polygon", "coordinates": [ [ [ 18.481122819977269, -34.27468263065802 ], [ 18.467257253314639, -34.278926638740373 ], [ 18.454829661470189, -34.271330074537545 ], [ 18.456267012612123, -34.259489659300577 ], [ 18.47013055601969, -34.255245171175872 ], [ 18.482558771248751, -34.262841578570686 ], [ 18.481122819977269, -34.27468263065802 ] ] ] } },
{ "type": "Feature", "properties": { "gini": 0.61634370195309973, "tax_year": 2024 }, "geometry": { "type": "Polygon", "coordinates": [ [ [ 18.458719920187566, -34.01892361000796 ], [ 18.444874175827049, -34.023189102799023 ], [ 18.432465690595912, -34.015574013558883 ], [ 18.433902325072882, -34.003693592210212 ], [ 18.44774604987742, -33.999427614231486 ], [ 18.460155159470229, -34.007042543028419 ], [ 18.458719920187566, -34.01892361000796 ] ] ] } },
{ "type": "Feature", "properties": { "gini": 0.64419264189952274, "tax_year": 2024 }, "geometry": { "type": "Polygon", "coordinates": [ [ [ 18.600479366857893, -33.837596277762337 ], [ 18.586638969006124, -33.841896440164625 ], [ 18.574226781789786, -33.83428083880473 ], [ 18.575654385708791, -33.822365238606238 ], [ 18.589492778740979, -33.818064596249663 ], [ 18.601905572385554, -33.825680034285732 ], [ 18.600479366857893, -33.837596277762337 ] ] ] } },
{ "type": "Feature", "properties": { "gini": 0.62622155124492029, "tax_year": 2024 }, "geometry": { "type": "Polygon", "coordinates": [ [ [ 18.47400057844434, -34.002773626780638 ], [ 18.460155159470229, -34.007042543028419 ], [ 18.44774604987742, -33.999427614231486 ], [ 18.449181736518614, -33.987543930129775 ], [ 18.46302513745232, -33.983274529301013 ], [ 18.475434869494766, -33.990889297394347 ], [ 18.47400057844434, -34.002773626780638 ] ] ] } },
{ "type": "Feature", "properties": { "gini": 0.53711096356084553, "tax_year": 2024 }, "geometry": { "type": "Polygon", "coordinates": [ [ [ 18.563784568430023, -34.0322696185222 ], [ 18.549932087798993, -34.036546877247723 ], [ 18.537511266365378, -34.028940980580607 ], [ 18.53894231325981, -34.017057985811867 ], [ 18.552792782150227, -34.012780247910953 ], [ 18.565214215597315, -34.020385984194299 ], [ 18.563784568430023, -34.0322696185222 ] ] ] } },
{ "type": "Feature", "properties": { "gini": 0.56555383717120611, "tax_year": 2024 }, "geometry": { "type": "Polygon", "coordinates": [ [ [ 18.499792323466362, -33.788556369145219 ], [ 18.485960958189416, -33.792848704505367 ], [ 18.473562898075834, -33.785222013723242 ], [ 18.474995584935861, -33.773303151800903 ], [ 18.488824938661335, -33.769010330196359 ], [ 18.501223616789062, -33.776636856997534 ], [ 18.499792323466362, -33.788556369145219 ] ] ] } },
{ "type": "Feature", "properties": { "gini": null, "tax_year": 2024 }, "geometry": { "type": "Polygon", "coordinates": [ [ [ 18.521244276084079, -33.609559287204334 ], [ 18.5074246047343, -33.613871101351371 ], [ 18.495035741784211, -33.606234713958813 ], [ 18.496465935560362, -33.594286679480838 ], [ 18.510283600747034, -33.589974377818514 ], [ 18.52267307803255, -33.597610598388059 ], [ 18.521244276084079, -33.609559287204334 ] ] ] } },
{ "type": "Feature", "properties": { "gini": 0.65552589221418101, "tax_year": 2024 }, "geometry": { "type": "Polygon", "coordinates": [ [ [ 18.800456580234957, -34.06199069830862 ], [ 18.78658926219056, -34.066294496247039 ], [ 18.774140937286045, -34.058709437768194 ], [ 18.775559346053541, -34.046820741757855 ], [ 18.789424670158034, -34.042516478135298 ], [ 18.801873579148221, -34.050101376449227 ], [ 18.800456580234957, -34.06199069830862 ] ] ] } },
{ "type": "Feature", "properties": { "gini": 0.53102851840564413, "tax_year": 2024 }, "geometry": { "type": "Polygon", "coordinates": [ [ [ 18.68600261337691, -33.902768126237689 ], [ 18.672152902195037, -33.907072733283137 ], [ 18.659727238241512, -33.899468126785422 ], [ 18.6611506884771, -33.887559075892312 ], [ 18.674998400107718, -33.883253994556767 ], [ 18.68742466076656, -33.890858438645139 ], [ 18.68600261337691, -33.902768126237689 ] ] ] } },
{ "type": "Feature", "properties": { "gini": 0.63479230556482558, "tax_year": 2024 }, "geometry": { "type": "Polygon", "coordinates": [ [ [ 18.637730622337251, -33.860431782917821 ], [ 18.623886562683222, -33.864734402284334 ], [ 18.611468860210273, -33.857123223122684 ], [ 18.612894614941428, -33.845209587842888 ], [ 18.626736672181682, -33.840906490911784 ], [ 18.63915497681672, -33.848517507065246 ], [ 18.637730622337251, -33.860431782917821 ] ] ] } },
{ "type": "Feature", "properties": { "gini": null, "tax_year": 2024 }, "geometry": { "type": "Polygon", "coordinates": [ [ [ 18.707315946328613, -33.723917744933949 ], [ 18.693477993818899, -33.728241776829613 ], [ 18.681061601688274, -33.720627324177514 ], [ 18.682482568711798, -33.708689005005439 ], [ 18.696318527048103, -33.704364497517233 ], [ 18.70873551224793, -33.711978785033963 ], [ 18.707315946328613, -33.723917744933949 ] ] ] } },
{ "type": "Feature", "properties": { "gini": null, "tax_year": 2024 }, "geometry": { "type": "Polygon", "coordinates": [ [ [ 18.79620459104714, -34.097646876611975 ], [ 18.782334909203811, -34.101946789617671 ], [ 18.769884717829616, -34.094363740114545 ], [ 18.771303623201305, -34.082480937504407 ], [ 18.785171310026943, -34.078180559101355 ], [ 18.797622086211629, -34.085763448947837 ], [ 18.79620459104714, -34.097646876611975 ] ] ] } },
{ "type": "Feature", "properties": { "gini": 0.59536152102736295, "tax_year": 2024 }, "geometry": { "type": "Polygon", "coordinates": [ [ [ 18.690268258708688, -33.8670331975135 ], [ 18.676420900551488, -33.871341692279188 ], [ 18.663997091762621, -33.863735108965628 ], [ 18.665420044866917, -33.851820194073483 ], [ 18.679265404549803, -33.84751122474885 ], [ 18.691689809315491, -33.855117645115918 ], [ 18.690268258708688, -33.8670331975135 ] ] ] } },
{ "type": "Feature", "properties": { "gini": 0.56599679640223843, "tax_year": 2024 }, "geometry": { "type": "Polygon", "coordinates": [ [ [ 18.477860459495723, -33.749459581833207 ], [ 18.464033117754006, -33.753752890567974 ], [ 18.451639976470894, -33.746121980188299 ], [ 18.453073556291059, -33.73419792587891 ], [ 18.466898885617681, -33.729904129128727 ], [ 18.479292647249938, -33.737534874941993 ], [ 18.477860459495723, -33.749459581833207 ] ] ] } },
{ "type": "Feature", "properties": { "gini": null, "tax_year": 2024 }, "geometry": { "type": "Polygon", "coordinates": [ [ [ 18.588924237336339, -33.599921831425277 ], [ 18.575101566560189, -33.60424288792256 ], [ 18.562705965917733, -33.596611198684435 ], [ 18.564132429471588, -33.584658620212139 ], [ 18.577953099489708, -33.580337079852988 ], [ 18.590349306424752, -33.587968602067072 ], [ 18.588924237336339, -33.599921831425277 ] ] ] } },
{ "type": "Feature", "properties": { "gini": 0.63860368710958415, "tax_year": 2024 }, "geometry": { "type": "Polygon", "coordinates": [ [ [ 18.546095050380128, -33.957613609230648 ], [ 18.532248941041015, -33.961895728341425 ], [ 18.519834891671945, -33.954283576529903 ], [ 18.521266337723311, -33.942389467311749 ], [ 18.535110435526363, -33.938106866950896 ], [ 18.547525098524698, -33.945718857298054 ], [ 18.546095050380128, -33.957613609230648 ] ] ] } },
{ "type": "Feature", "properties": { "gini": null, "tax_year": 2024 }, "geometry": { "type": "Polygon", "coordinates": [ [ [ 18.717258987046741, -34.087781619689281 ], [ 18.703394206267699, -34.09207267060583 ], [ 18.690953149184161, -34.084482643237862 ], [ 18.692376278445884, -34.072601724932312 ], [ 18.706239058238868, -34.068310204128807 ], [ 18.718680709468305, -34.075900071759236 ], [ 18.717258987046741, -34.087781619689281 ] ] ] } },
{ "type": "Feature", "properties": { "gini": 0.61718954073715937, "tax_year": 2024 }, "geometry": { "type": "Polygon", "coordinates": [ [ [ 18.441484022976347, -34.161343322627751 ], [ 18.427628898544441, -34.165593170630125 ], [ 18.415213042158694, -34.157986000065563 ], [ 18.416651682577807, -34.146129140081456 ], [ 18.430504783111449, -34.141878808092841 ], [ 18.442921266832649, -34.149485820314176 ], [ 18.441484022976347, -34.161343322627751 ] ] ] } },
{ "type": "Feature", "properties": { "gini": 0.56555214597960157, "tax_year": 2024 }, "geometry": { "type": "Polygon", "coordinates": [ [ [ 18.46259998421791, -33.765674349730837 ], [ 18.448772317437939, -33.769964245817526 ], [ 18.436379798408467, -33.762333171141421 ], [ 18.437814323615779, -33.75041236491365 ], [ 18.451639976470894, -33.746121980188299 ], [ 18.464033117754006, -33.753752890567974 ], [ 18.46259998421791, -33.765674349730837 ] ] ] } },
{ "type": "Feature", "properties": { "gini": 0.5691718993343049, "tax_year": 2024 }, "geometry": { "type": "Polygon", "coordinates": [ [ [ 18.469263838848907, -33.820966900337289 ], [ 18.455431819406755, -33.825252406920434 ], [ 18.44303500103986, -33.817625388978293 ], [ 18.444469579998938, -33.805713028138136 ], [ 18.458299584866182, -33.801427034070073 ], [ 18.470697025059561, -33.809053888565913 ], [ 18.469263838848907, -33.820966900337289 ] ] ] } },
{ "type": "Feature", "properties": { "gini": 0.50053292942403771, "tax_year": 2024 }, "geometry": { "type": "Polygon", "coordinates": [ [ [ 18.590062614237397, -34.035593007359644 ], [ 18.576208463145353, -34.039873210407684 ], [ 18.563784568430023, -34.0322696185222 ], [ 18.565214215597315, -34.020385984194299 ], [ 18.579066356911831, -34.016105303472415 ], [ 18.591490860547381, -34.023708734992617 ], [ 18.590062614237397, -34.035593007359644 ] ] ] } },
{ "type": "Feature", "properties": { "gini": 0.74656498679621741, "tax_year": 2024 }, "geometry": { "type": "Polygon", "coordinates": [ [ [ 18.515539554379036, -33.989954154836589 ], [ 18.501692777493766, -33.994229432622753 ], [ 18.489279961119305, -33.986616958657066 ], [ 18.490713303886828, -33.974729368092802 ], [ 18.504558066199223, -33.97045360783742 ], [ 18.516971500027083, -33.97806592085518 ], [ 18.515539554379036, -33.989954154836589 ] ] ] } },
{ "type": "Feature", "properties": { "gini": null, "tax_year": 2024 }, "geometry": { "type": "Polygon", "coordinates": [ [ [ 18.753839294365658, -33.893127523555229 ], [ 18.739986665465949, -33.897441427468841 ], [ 18.727554318304509, -33.889841595132303 ], [ 18.728974011162251, -33.877928021717558 ], [ 18.742824645994904, -33.873613647131705 ], [ 18.75525758175035, -33.881213316874025 ], [ 18.753839294365658, -33.893127523555229 ] ] ] } },
{ "type": "Feature", "properties": { "gini": 0.53953081743815434, "tax_year": 2024 }, "geometry": { "type": "Polygon", "coordinates": [ [ [ 18.679937677588491, -34.065009536638463 ], [ 18.66607654443402, -34.069298107129882 ], [ 18.653640998298275, -34.061703600809693 ], [ 18.65506598658898, -34.049820684269768 ], [ 18.668925116325838, -34.045531641499188 ], [ 18.681361260901372, -34.053125987788796 ], [ 18.679937677588491, -34.065009536638463 ] ] ] } },
{ "type": "Feature", "properties": { "gini": 0.6506596550860424, "tax_year": 2024 }, "geometry": { "type": "Polygon", "coordinates": [ [ [ 18.360368505374002, -34.060607492544094 ], [ 18.346525218228749, -34.064856830999844 ], [ 18.334124829884082, -34.057236681635494 ], [ 18.335567092138096, -34.045367353726157 ], [ 18.349408351308021, -34.041117525259786 ], [ 18.361809375907157, -34.048737514952066 ], [ 18.360368505374002, -34.060607492544094 ] ] ] } },
{ "type": "Feature", "properties": { "gini": 0.59499894254971608, "tax_year": 2024 }, "geometry": { "type": "Polygon", "coordinates": [ [ [ 18.480676402831229, -34.057901337923177 ], [ 18.466826620654683, -34.062165863034956 ], [ 18.454413200845352, -34.054555044704891 ], [ 18.455848940902428, -34.042679861403855 ], [ 18.469696704387278, -34.038414852901987 ], [ 18.482110746216097, -34.046025511330832 ], [ 18.480676402831229, -34.057901337923177 ] ] ] } },
{ "type": "Feature", "properties": { "gini": null, "tax_year": 2024 }, "geometry": { "type": "Polygon", "coordinates": [ [ [ 18.551739279000643, -33.577024831040561 ], [ 18.537920274053029, -33.581343453519565 ], [ 18.525530184333061, -33.573707400045741 ], [ 18.526958488739318, -33.561752891699953 ], [ 18.540775490543279, -33.557433782974783 ], [ 18.553166190797018, -33.565069669080302 ], [ 18.551739279000643, -33.577024831040561 ] ] ] } },
{ "type": "Feature", "properties": { "gini": 0.65249549285247088, "tax_year": 2024 }, "geometry": { "type": "Polygon", "coordinates": [ [ [ 18.349408351308021, -34.041117525259786 ], [ 18.335567092138096, -34.045367353726157 ], [ 18.323169177033918, -34.037745077866667 ], [ 18.324611883389917, -34.025873133720928 ], [ 18.338451114161415, -34.021622814341384 ], [ 18.350849666683185, -34.029244930259296 ], [ 18.349408351308021, -34.041117525259786 ] ] ] } },
{ "type": "Feature", "properties": { "gini": null, "tax_year": 2024 }, "geometry": { "type": "Polygon", "coordinates": [ [ [ 18.740325601691506, -33.782549100677087 ], [ 18.726481669361, -33.786871711062737 ], [ 18.714057935321105, -33.779263645940361 ], [ 18.715477543807378, -33.767333134923369 ], [ 18.729319483315209, -33.763010051579592 ], [ 18.741743806873231, -33.770617952451701 ], [ 18.740325601691506, -33.782549100677087 ] ] ] } },
{ "type": "Feature", "properties": { "gini": 0.5786347432457033, "tax_year": 2024 }, "geometry": { "type": "Polygon", "coordinates": [ [ [ 18.441082993241004, -33.944262099160625 ], [ 18.42724362968228, -33.948532471840821 ], [ 18.414841918728097, -33.940911159610842 ], [ 18.416278945085264, -33.929019636471665 ], [ 18.43011628931141, -33.92474877652225 ], [ 18.442518626222352, -33.932369927220215 ], [ 18.441082993241004, -33.944262099160625 ] ] ] } },
{ "type": "Feature", "properties": { "gini": null, "tax_year": 2024 }, "geometry": { "type": "Polygon", "coordinates": [ [ [ 18.47013055601969, -34.255245171175872 ], [ 18.456267012612123, -34.259489659300577 ], [ 18.443841893635256, -34.251890936371979 ], [ 18.44527969321398, -34.240047882619542 ], [ 18.459141212932359, -34.235802913543274 ], [ 18.47156695646952, -34.243401479411069 ], [ 18.47013055601969, -34.255245171175872 ] ] ] } },
{ "type": "Feature", "properties": { "gini": 0.60511911173450572, "tax_year": 2024 }, "geometry": { "type": "Polygon", "coordinates": [ [ [ 18.517931476577168, -34.080722449476809 ], [ 18.504077989778708, -34.084989436379693 ], [ 18.491659015873413, -34.077383060087747 ], [ 18.493092910718644, -34.06550985675316 ], [ 18.506944381213625, -34.061242388862134 ], [ 18.519363972876558, -34.06884860553378 ], [ 18.517931476577168, -34.080722449476809 ] ] ] } },
{ "type": "Feature", "properties": { "gini": 0.62456824778868592, "tax_year": 2024 }, "geometry": { "type": "Polygon", "coordinates": [ [ [ 18.730048522456375, -33.980777013534414 ], [ 18.716190817567639, -33.985079732291396 ], [ 18.703755341950021, -33.977483713327146 ], [ 18.705176978972897, -33.965585137137225 ], [ 18.71903268611166, -33.96128194764011 ], [ 18.731468753690297, -33.968877805314293 ], [ 18.730048522456375, -33.980777013534414 ] ] ] } },
{ "type": "Feature", "properties": { "gini": 0.54133113498556829, "tax_year": 2024 }, "geometry": { "type": "Polygon", "coordinates": [ [ [ 18.752088915311717, -34.019752803485808 ], [ 18.738227216282596, -34.024054583430114 ], [ 18.72578683517407, -34.01646287588909 ], [ 18.727207563225491, -34.004569549384811 ], [ 18.741067265411328, -34.00026730047896 ], [ 18.753508236101915, -34.007858847280417 ], [ 18.752088915311717, -34.019752803485808 ] ] ] } },
{ "type": "Feature", "properties": { "gini": 0.46268129999627389, "tax_year": 2024 }, "geometry": { "type": "Polygon", "coordinates": [ [ [ 18.525530184333061, -33.573707400045741 ], [ 18.511712849862928, -33.578023105755229 ], [ 18.499325825174477, -33.570384790637199 ], [ 18.500755521066676, -33.558430937451746 ], [ 18.514570850449289, -33.554114743985458 ], [ 18.526958488739318, -33.561752891699953 ], [ 18.525530184333061, -33.573707400045741 ] ] ] } },
{ "type": "Feature", "properties": { "gini": 0.54081983405056544, "tax_year": 2024 }, "geometry": { "type": "Polygon", "coordinates": [ [ [ 18.706239058238868, -34.068310204128807 ], [ 18.692376278445884, -34.072601724932312 ], [ 18.679937677588491, -34.065009536638463 ], [ 18.681361260901372, -34.053125987788796 ], [ 18.695222039256709, -34.048833996204536 ], [ 18.707661235448896, -34.056426024491984 ], [ 18.706239058238868, -34.068310204128807 ] ] ] } },
{ "type": "Feature", "properties": { "gini": 0.52662796390884759, "tax_year": 2024 }, "geometry": { "type": "Polygon", "coordinates": [ [ [ 18.627349030183474, -34.058392400399072 ], [ 18.613491206716883, -34.062675073619943 ], [ 18.601061783047882, -34.055075939169662 ], [ 18.602489577914135, -34.043194291813741 ], [ 18.616345394014232, -34.038911143314913 ], [ 18.628775422325702, -34.046510117690673 ], [ 18.627349030183474, -34.058392400399072 ] ] ] } },
{ "type": "Feature", "properties": { "gini": 0.47750977818220641, "tax_year": 2024 }, "geometry": { "type": "Polygon", "coordinates": [ [ [ 18.673196729416802, -34.009867223145719 ], [ 18.659339955287457, -34.014160158970377 ], [ 18.646908723439363, -34.006561505491732 ], [ 18.64833366653794, -33.994670077251413 ], [ 18.662188437880953, -33.990376667968292 ], [ 18.674620268623642, -33.997975160624819 ], [ 18.673196729416802, -34.009867223145719 ] ] ] } },
{ "type": "Feature", "properties": { "gini": 0.64190842521834734, "tax_year": 2024 }, "geometry": { "type": "Polygon", "coordinates": [ [ [ 18.6444547751132, -33.915675591929386 ], [ 18.630606362409154, -33.919973843380156 ], [ 18.618184353022112, -33.912366772749252 ], [ 18.619610154338424, -33.900461613093178 ], [ 18.63345656399531, -33.896162885235576 ], [ 18.645879175095068, -33.903769793681292 ], [ 18.6444547751132, -33.915675591929386 ] ] ] } },
{ "type": "Feature", "properties": { "gini": 0.55519999635253015, "tax_year": 2024 }, "geometry": { "type": "Polygon", "coordinates": [ [ [ 18.554672844349138, -33.886215745583485 ], [ 18.540831427834579, -33.890505663030766 ], [ 18.528421071359727, -33.882889573258517 ], [ 18.529851518953631, -33.870983728822651 ], [ 18.543690926093287, -33.866693329569401 ], [ 18.556101894724986, -33.874309256797638 ], [ 18.554672844349138, -33.886215745583485 ] ] ] } },
{ "type": "Feature", "properties": { "gini": 0.52371615722688769, "tax_year": 2024 }, "geometry": { "type": "Polygon", "coordinates": [ [ [ 18.844613298095609, -34.139839502657331 ], [ 18.830738008891764, -34.144141446772359 ], [ 18.818279879251772, -34.136565080354394 ], [ 18.819696459231682, -34.124686929158599 ], [ 18.833569756337738, -34.12038452292586 ], [ 18.846028465275168, -34.127960730249178 ], [ 18.844613298095609, -34.139839502657331 ] ] ] } },
{ "type": "Feature", "properties": { "gini": 0.61510743435662585, "tax_year": 2024 }, "geometry": { "type": "Polygon", "coordinates": [ [ [ 18.403879700416486, -33.921396202341128 ], [ 18.390044058131995, -33.925664130043153 ], [ 18.37764790998072, -33.918038415147564 ], [ 18.379086773625801, -33.906144934613245 ], [ 18.392920394211242, -33.901876517240296 ], [ 18.405317172559702, -33.909502070311213 ], [ 18.403879700416486, -33.921396202341128 ] ] ] } },
{ "type": "Feature", "properties": { "gini": 0.55940005952326144, "tax_year": 2024 }, "geometry": { "type": "Polygon", "coordinates": [ [ [ 18.414841918728097, -33.940911159610842 ], [ 18.401004255171149, -33.945178598537382 ], [ 18.388605639534724, -33.937555002861487 ], [ 18.390044058131995, -33.925664130043153 ], [ 18.403879700416486, -33.921396202341128 ], [ 18.416278945085264, -33.929019636471665 ], [ 18.414841918728097, -33.940911159610842 ] ] ] } },
{ "type": "Feature", "properties": { "gini": 0.46221762238829389, "tax_year": 2024 }, "geometry": { "type": "Polygon", "coordinates": [ [ [ 18.48407952637363, -33.58664819723338 ], [ 18.470263540524424, -33.590957582847217 ], [ 18.45788020370826, -33.583316841584022 ], [ 18.45931223388633, -33.571366882106943 ], [ 18.473126211201027, -33.567057006589998 ], [ 18.485510166583705, -33.574697580691478 ], [ 18.48407952637363, -33.58664819723338 ] ] ] } },
{ "type": "Feature", "properties": { "gini": 0.64447577611886531, "tax_year": 2024 }, "geometry": { "type": "Polygon", "coordinates": [ [ [ 18.399566282014437, -33.957066861575562 ], [ 18.385728301088502, -33.961330878511518 ], [ 18.37333031639351, -33.95370712155637 ], [ 18.374769681391882, -33.941819509183212 ], [ 18.388605639534724, -33.937555002861487 ], [ 18.401004255171149, -33.945178598537382 ], [ 18.399566282014437, -33.957066861575562 ] ] ] } },
{ "type": "Feature", "properties": { "gini": 0.58472503364361983, "tax_year": 2024 }, "geometry": { "type": "Polygon", "coordinates": [ [ [ 18.569942973643279, -33.870015923366402 ], [ 18.556101894724986, -33.874309256797638 ], [ 18.543690926093287, -33.866693329569401 ], [ 18.545120425844111, -33.854784231953879 ], [ 18.558959496905448, -33.850490417332757 ], [ 18.571371075784235, -33.858106181756781 ], [ 18.569942973643279, -33.870015923366402 ] ] ] } },
{ "type": "Feature", "properties": { "gini": 0.58018716753815225, "tax_year": 2024 }, "geometry": { "type": "Polygon", "coordinates": [ [ [ 18.580929357284834, -33.889536690869839 ], [ 18.567086270949002, -33.893829543999516 ], [ 18.554672844349138, -33.886215745583485 ], [ 18.556101894724986, -33.874309256797638 ], [ 18.569942973643279, -33.870015923366402 ], [ 18.58235700931462, -33.877629559262438 ], [ 18.580929357284834, -33.889536690869839 ] ] ] } },
{ "type": "Feature", "properties": { "gini": 0.64042839922312678, "tax_year": 2024 }, "geometry": { "type": "Polygon", "coordinates": [ [ [ 18.659727238241512, -33.899468126785422 ], [ 18.645879175095068, -33.903769793681292 ], [ 18.63345656399531, -33.896162885235576 ], [ 18.634881415953735, -33.884254472573694 ], [ 18.64872747757682, -33.879952329885803 ], [ 18.6611506884771, -33.887559075892312 ], [ 18.659727238241512, -33.899468126785422 ] ] ] } },
{ "type": "Feature", "properties": { "gini": 0.56245530961111334, "tax_year": 2024 }, "geometry": { "type": "Polygon", "coordinates": [ [ [ 18.510762614261925, -33.808097693613412 ], [ 18.496929237866834, -33.812389543615602 ], [ 18.48452871839762, -33.804764967096752 ], [ 18.485960958189416, -33.792848704505367 ], [ 18.499792323466362, -33.788556369145219 ], [ 18.512193459780505, -33.796180781973526 ], [ 18.510762614261925, -33.808097693613412 ] ] ] } },
{ "type": "Feature", "properties": { "gini": 0.58037285537378702, "tax_year": 2024 }, "geometry": { "type": "Polygon", "coordinates": [ [ [ 18.419528461506516, -34.122409521207658 ], [ 18.405677385301342, -34.126660338087568 ], [ 18.393266472709861, -34.119048882734013 ], [ 18.394706006356035, -34.107186769608063 ], [ 18.408555057803529, -34.102935466932465 ], [ 18.420966600070852, -34.110546763417823 ], [ 18.419528461506516, -34.122409521207658 ] ] ] } },
{ "type": "Feature", "properties": { "gini": 0.44887340050027041, "tax_year": 2024 }, "geometry": { "type": "Polygon", "coordinates": [ [ [ 18.7335749652663, -33.727202942914602 ], [ 18.719735377705586, -33.731529906542193 ], [ 18.707315946328613, -33.723917744933949 ], [ 18.70873551224793, -33.711978785033963 ], [ 18.722573107608362, -33.70765134731797 ], [ 18.734993128963708, -33.715263343830898 ], [ 18.7335749652663, -33.727202942914602 ] ] ] } },
{ "type": "Feature", "properties": { "gini": 0.5554284401747005, "tax_year": 2024 }, "geometry": { "type": "Polygon", "coordinates": [ [ [ 18.568073010725069, -33.996612832493 ], [ 18.554222879629222, -34.000893991783691 ], [ 18.54180390749648, -33.993286114044672 ], [ 18.54323445489328, -33.981397238166821 ], [ 18.557082575330313, -33.977115599412983 ], [ 18.569502158740072, -33.984723316240185 ], [ 18.568073010725069, -33.996612832493 ] ] ] } },
{ "type": "Feature", "properties": { "gini": 0.57552087966354115, "tax_year": 2024 }, "geometry": { "type": "Polygon", "coordinates": [ [ [ 18.537511266365378, -34.028940980580607 ], [ 18.523660461643139, -34.033215296115564 ], [ 18.511242717805185, -34.025607097319366 ], [ 18.512675163295381, -34.013724743628956 ], [ 18.5265239543176, -34.009449947416456 ], [ 18.53894231325981, -34.017057985811867 ], [ 18.537511266365378, -34.028940980580607 ] ] ] } },
{ "type": "Feature", "properties": { "gini": 0.61971752022815618, "tax_year": 2024 }, "geometry": { "type": "Polygon", "coordinates": [ [ [ 18.469696704387278, -34.038414852901987 ], [ 18.455848940902428, -34.042679861403855 ], [ 18.443437988363229, -34.035066906146923 ], [ 18.444874175827049, -34.023189102799023 ], [ 18.458719920187566, -34.01892361000796 ], [ 18.471131495917902, -34.026536405093445 ], [ 18.469696704387278, -34.038414852901987 ] ] ] } },
{ "type": "Feature", "properties": { "gini": 0.44886158588208108, "tax_year": 2024 }, "geometry": { "type": "Polygon", "coordinates": [ [ [ 18.722573107608362, -33.70765134731797 ], [ 18.70873551224793, -33.711978785033963 ], [ 18.696318527048103, -33.704364497517233 ], [ 18.697738545760906, -33.692422937918082 ], [ 18.711574148470731, -33.688095025237352 ], [ 18.72399172483226, -33.695709147360887 ], [ 18.722573107608362, -33.70765134731797 ] ] ] } },
{ "type": "Feature", "properties": { "gini": 0.73490640251321637, "tax_year": 2024 }, "geometry": { "type": "Polygon", "coordinates": [ [ [ 18.618184353022112, -33.912366772749252 ], [ 18.604337597289813, -33.916662084774153 ], [ 18.591918648176094, -33.909052714812191 ], [ 18.593345849701425, -33.897148195277509 ], [ 18.607190600419759, -33.892852405343206 ], [ 18.619610154338424, -33.900461613093178 ], [ 18.618184353022112, -33.912366772749252 ] ] ] } },
{ "type": "Feature", "properties": { "gini": 0.56232952236043809, "tax_year": 2024 }, "geometry": { "type": "Polygon", "coordinates": [ [ [ 18.543690926093287, -33.866693329569401 ], [ 18.529851518953631, -33.870983728822651 ], [ 18.517443621666011, -33.863365512915735 ], [ 18.51887451789846, -33.851457060823449 ], [ 18.532711915225907, -33.847166178875348 ], [ 18.545120425844111, -33.854784231953879 ], [ 18.543690926093287, -33.866693329569401 ] ] ] } },
{ "type": "Feature", "properties": { "gini": 0.63807845638454319, "tax_year": 2024 }, "geometry": { "type": "Polygon", "coordinates": [ [ [ 18.655455892837018, -33.935183542353307 ], [ 18.641605477531439, -33.939481318285658 ], [ 18.629181012726988, -33.931876387726625 ], [ 18.630606362409154, -33.919973843380156 ], [ 18.6444547751132, -33.915675591929386 ], [ 18.656879840448667, -33.923280360584066 ], [ 18.655455892837018, -33.935183542353307 ] ] ] } },
{ "type": "Feature", "properties": { "gini": 0.57481639246696092, "tax_year": 2024 }, "geometry": { "type": "Polygon", "coordinates": [ [ [ 18.43011628931141, -33.92474877652225 ], [ 18.416278945085264, -33.929019636471665 ], [ 18.403879700416486, -33.921396202341128 ], [ 18.405317172559702, -33.909502070311213 ], [ 18.419152497024559, -33.90523072219775 ], [ 18.431552368816845, -33.912853994517086 ], [ 18.43011628931141, -33.92474877652225 ] ] ] } },
{ "type": "Feature", "properties": { "gini": 0.6111539757816904, "tax_year": 2024 }, "geometry": { "type": "Polygon", "coordinates": [ [ [ 18.692743956187279, -33.957986966870926 ], [ 18.678889891155062, -33.962287211716209 ], [ 18.666459917507726, -33.954686731494576 ], [ 18.667883412355302, -33.942786168265606 ], [ 18.681735477207322, -33.938485450291672 ], [ 18.694166047104371, -33.946085768916241 ], [ 18.692743956187279, -33.957986966870926 ] ] ] } },
{ "type": "Feature", "properties": { "gini": 0.65668698599959274, "tax_year": 2024 }, "geometry": { "type": "Polygon", "coordinates": [ [ [ 18.426190705330097, -34.177447401004798 ], [ 18.41233525927408, -34.181693818384986 ], [ 18.399920032139967, -34.174086489733376 ], [ 18.401359621518367, -34.162232902028151 ], [ 18.415213042158694, -34.157986000065563 ], [ 18.427628898544441, -34.165593170630125 ], [ 18.426190705330097, -34.177447401004798 ] ] ] } },
{ "type": "Feature", "properties": { "gini": 0.5624409001141657, "tax_year": 2024 }, "geometry": { "type": "Polygon", "coordinates": [ [ [ 18.451639976470894, -33.746121980188299 ], [ 18.437814323615779, -33.75041236491365 ], [ 18.425424265224532, -33.742779184615621 ], [ 18.42685923598011, -33.730855784420726 ], [ 18.44068287448113, -33.726564910170922 ], [ 18.453073556291059, -33.73419792587891 ], [ 18.451639976470894, -33.746121980188299 ] ] ] } },
{ "type": "Feature", "properties": { "gini": 0.65780987271529057, "tax_year": 2024 }, "geometry": { "type": "Polygon", "coordinates": [ [ [ 18.879431401793525, -34.071802767825062 ], [ 18.865559236648242, -34.076115432080201 ], [ 18.853101822370405, -34.068537367053061 ], [ 18.854515998219487, -34.056646798078852 ], [ 18.8683861754247, -34.052333672625075 ], [ 18.880844164435153, -34.059911577586703 ], [ 18.879431401793525, -34.071802767825062 ] ] ] } },
{ "type": "Feature", "properties": { "gini": 0.46250141251525972, "tax_year": 2024 }, "geometry": { "type": "Polygon", "coordinates": [ [ [ 18.495035741784211, -33.606234713958813 ], [ 18.481217747831199, -33.610543610546706 ], [ 18.468831956046561, -33.602904961444167 ], [ 18.470263540524424, -33.590957582847217 ], [ 18.48407952637363, -33.58664819723338 ], [ 18.496465935560362, -33.594286679480838 ], [ 18.495035741784211, -33.606234713958813 ] ] ] } },
{ "type": "Feature", "properties": { "gini": 0.62692529519434681, "tax_year": 2024 }, "geometry": { "type": "Polygon", "coordinates": [ [ [ 18.714769634833271, -33.996975684663312 ], [ 18.700911570790872, -34.001274985918862 ], [ 18.688476689050052, -33.993678805911408 ], [ 18.689899277187344, -33.981783485932773 ], [ 18.703755341950021, -33.977483713327146 ], [ 18.716190817567639, -33.985079732291396 ], [ 18.714769634833271, -33.996975684663312 ] ] ] } },
{ "type": "Feature", "properties": { "gini": null, "tax_year": 2024 }, "geometry": { "type": "Polygon", "coordinates": [ [ [ 18.410529837779009, -33.976573986270466 ], [ 18.396689834496492, -33.980837514717898 ], [ 18.384289381184924, -33.973215880217602 ], [ 18.385728301088502, -33.961330878511518 ], [ 18.399566282014437, -33.957066861575562 ], [ 18.411967365102239, -33.964688335073056 ], [ 18.410529837779009, -33.976573986270466 ] ] ] } },
{ "type": "Feature", "properties": { "gini": 0.52138692549366272, "tax_year": 2024 }, "geometry": { "type": "Polygon", "coordinates": [ [ [ 18.624903967797536, -33.967572275063525 ], [ 18.61105285620571, -33.971863215882614 ], [ 18.598629598203082, -33.964257962273685 ], [ 18.600056847146195, -33.952361929484489 ], [ 18.613905953088164, -33.948070511923312 ], [ 18.626329815448408, -33.955675604133837 ], [ 18.624903967797536, -33.967572275063525 ] ] ] } },
{ "type": "Feature", "properties": { "gini": 0.62009590988909258, "tax_year": 2024 }, "geometry": { "type": "Polygon", "coordinates": [ [ [ 18.415213042158694, -34.157986000065563 ], [ 18.401359621518367, -34.162232902028151 ], [ 18.388946867433848, -34.154623429255864 ], [ 18.390386903276152, -34.142767213107838 ], [ 18.404238298071679, -34.138519825656616 ], [ 18.416651682577807, -34.146129140081456 ], [ 18.415213042158694, -34.157986000065563 ] ] ] } },
{ "type": "Feature", "properties": { "gini": 0.74514298246062816, "tax_year": 2024 }, "geometry": { "type": "Polygon", "coordinates": [ [ [ 18.596199754576446, -33.873333290530354 ], [ 18.58235700931462, -33.877629559262438 ], [ 18.569942973643279, -33.870015923366402 ], [ 18.571371075784235, -33.858106181756781 ], [ 18.585211815148057, -33.853809433339158 ], [ 18.597626457980528, -33.861422906456617 ], [ 18.596199754576446, -33.873333290530354 ] ] ] } },
{ "type": "Feature", "properties": { "gini": 0.54693860724396692, "tax_year": 2024 }, "geometry": { "type": "Polygon", "coordinates": [ [ [ 18.620625428471822, -34.003250531988812 ], [ 18.606771964947608, -34.007537577302053 ], [ 18.5943468543067, -33.999934306399538 ], [ 18.595774601810596, -33.988044151294126 ], [ 18.609626058604857, -33.983756629521302 ], [ 18.622051774336494, -33.991359739553943 ], [ 18.620625428471822, -34.003250531988812 ] ] ] } },
{ "type": "Feature", "properties": { "gini": 0.52418363476013985, "tax_year": 2024 }, "geometry": { "type": "Polygon", "coordinates": [ [ [ 18.513149934712231, -33.899079146151969 ], [ 18.499309861291668, -33.903362711689972 ], [ 18.486903196392962, -33.895744170911797 ], [ 18.488335987476116, -33.883842227139631 ], [ 18.502174048052243, -33.879558177675761 ], [ 18.514581330100132, -33.887176556149321 ], [ 18.513149934712231, -33.899079146151969 ] ] ] } },
{ "type": "Feature", "properties": { "gini": 0.64626163832275663, "tax_year": 2024 }, "geometry": { "type": "Polygon", "coordinates": [ [ [ 18.785171310026943, -34.078180559101355 ], [ 18.771303623201305, -34.082480937504407 ], [ 18.758855884301894, -34.074895719100475 ], [ 18.760275245936029, -34.063010282460517 ], [ 18.774140937286045, -34.058709437768194 ], [ 18.78658926219056, -34.066294496247039 ], [ 18.785171310026943, -34.078180559101355 ] ] ] } },
{ "type": "Feature", "properties": { "gini": 0.68298880693334785, "tax_year": 2024 }, "geometry": { "type": "Polygon", "coordinates": [ [ [ 18.723294247023976, -33.925570579365143 ], [ 18.709440896141292, -33.929877655765061 ], [ 18.697009731908828, -33.922277498987171 ], [ 18.698431325850599, -33.910370428146493 ], [ 18.712282679608698, -33.906062879843795 ], [ 18.724714436262559, -33.913662874525578 ], [ 18.723294247023976, -33.925570579365143 ] ] ] } },
{ "type": "Feature", "properties": { "gini": 0.62597059840868807, "tax_year": 2024 }, "geometry": { "type": "Polygon", "coordinates": [ [ [ 18.688476689050052, -33.993678805911408 ], [ 18.674620268623642, -33.997975160624819 ], [ 18.662188437880953, -33.990376667968292 ], [ 18.663612430297764, -33.97848198191015 ], [ 18.677466849465549, -33.974185154347104 ], [ 18.689899277187344, -33.981783485932773 ], [ 18.688476689050052, -33.993678805911408 ] ] ] } },
{ "type": "Feature", "properties": { "gini": 0.55310422642605928, "tax_year": 2024 }, "geometry": { "type": "Polygon", "coordinates": [ [ [ 18.524128730420223, -33.918595377585284 ], [ 18.510286644590359, -33.922878460088747 ], [ 18.497877518159331, -33.915262046009822 ], [ 18.499309861291668, -33.903362711689972 ], [ 18.513149934712231, -33.899079146151969 ], [ 18.525559677120253, -33.906695398207873 ], [ 18.524128730420223, -33.918595377585284 ] ] ] } },
{ "type": "Feature", "properties": { "gini": 0.62558366400180621, "tax_year": 2024 }, "geometry": { "type": "Polygon", "coordinates": [ [ [ 18.585776877258915, -34.071234050036686 ], [ 18.571920374467776, -34.075510353100498 ], [ 18.559494628187117, -34.067908748709094 ], [ 18.560924774752216, -34.056031001337324 ], [ 18.574779266683841, -34.051754220891034 ], [ 18.587205622620452, -34.059355665439426 ], [ 18.585776877258915, -34.071234050036686 ] ] ] } },
{ "type": "Feature", "properties": { "gini": 0.57787154837958088, "tax_year": 2024 }, "geometry": { "type": "Polygon", "coordinates": [ [ [ 18.695222039256709, -34.048833996204536 ], [ 18.681361260901372, -34.053125987788796 ], [ 18.668925116325838, -34.045531641499188 ], [ 18.670349153295149, -34.03364546414327 ], [ 18.684207929762255, -34.029353000885095 ], [ 18.696644670860316, -34.036947186897919 ], [ 18.695222039256709, -34.048833996204536 ] ] ] } },
{ "type": "Feature", "properties": { "gini": 0.58677688711192377, "tax_year": 2024 }, "geometry": { "type": "Polygon", "coordinates": [ [ [ 18.478302951306514, -33.967114760963248 ], [ 18.464459876206341, -33.971387583673661 ], [ 18.452052609169481, -33.96377068509171 ], [ 18.453487795233755, -33.95188112527844 ], [ 18.467328853376756, -33.947607817699399 ], [ 18.479736742122412, -33.955224555041568 ], [ 18.478302951306514, -33.967114760963248 ] ] ] } },
{ "type": "Feature", "properties": { "gini": null, "tax_year": 2024 }, "geometry": { "type": "Polygon", "coordinates": [ [ [ 18.399920032139967, -34.174086489733376 ], [ 18.386066293361448, -34.178329960731105 ], [ 18.373654171614135, -34.170720329869084 ], [ 18.375095156015963, -34.158867386338386 ], [ 18.388946867433848, -34.154623429255864 ], [ 18.401359621518367, -34.162232902028151 ], [ 18.399920032139967, -34.174086489733376 ] ] ] } },
{ "type": "Feature", "properties": { "gini": null, "tax_year": 2024 }, "geometry": { "type": "Polygon", "coordinates": [ [ [ 18.401545395490711, -33.830466782287331 ], [ 18.387716448124053, -33.834743017849291 ], [ 18.375326437158328, -33.82711128869169 ], [ 18.376764743394993, -33.815203487424782 ], [ 18.390591670802703, -33.810926760742966 ], [ 18.402982311642134, -33.818558326686272 ], [ 18.401545395490711, -33.830466782287331 ] ] ] } },
{ "type": "Feature", "properties": { "gini": null, "tax_year": 2024 }, "geometry": { "type": "Polygon", "coordinates": [ [ [ 18.364377197719751, -33.807569651484393 ], [ 18.350551978457297, -33.811843453819087 ], [ 18.338167532204697, -33.804207350554293 ], [ 18.339607670823355, -33.792297608711088 ], [ 18.35343086777312, -33.788023312856332 ], [ 18.365815948126006, -33.795659252602839 ], [ 18.364377197719751, -33.807569651484393 ] ] ] } },
{ "type": "Feature", "properties": { "gini": 0.38482217611241432, "tax_year": 2024 }, "geometry": { "type": "Polygon", "coordinates": [ [ [ 18.390591670802703, -33.810926760742966 ], [ 18.376764743394993, -33.815203487424782 ], [ 18.364377197719751, -33.807569651484393 ], [ 18.365815948126006, -33.795659252602839 ], [ 18.379640855149926, -33.791382033910615 ], [ 18.392029031860769, -33.799015706348563 ], [ 18.390591670802703, -33.810926760742966 ] ] ] } }
]
}
