{
"type": "FeatureCollection",
"name": "myciti_stops",
"crs": { "type": "name", "properties": { "name": "urn:ogc:def:crs:OGC:1.3:CRS84" } },
"features": [
{ "type": "Feature", "properties": { "name": "Salt River Rail North", "operator": "MyCiTi", "network": "Cape Town IRT" }, "geometry": { "type": "Point", "coordinates": [ 18.4651988, -33.9266294 ] } },
{ "type": "Feature", "properties": { "name": "Salt River Rail North", "operator": "MyCiTi", "network": "Cape Town IRT" }, "geometry": { "type": "Point", "coordinates": [ 18.4660557, -33.9263224 ] } },
{ "type": "Feature", "properties": { "name": "Ravensteyn", "operator": "MyCiTi", "network": "Cape Town IRT" }, "geometry": { "type": "Point", "coordinates": [ 18.385213, -33.9563516 ] } },
{ "type": "Feature", "properties": { "name": "Fiskaal", "operator": "MyCiTi", "network": "Cape Town IRT" }, "geometry": { "type": "Point", "coordinates": [ 18.3830325, -33.9585985 ] } },
{ "type": "Feature", "properties": { "name": "Houghton", "operator": "MyCiTi", "network": "Cape Town IRT" }, "geometry": { "type": "Point", "coordinates": [ 18.3785327, -33.959872 ] } },
{ "type": "Feature", "properties": { "name": "Comrie", "operator": "MyCiTi", "network": "Cape Town IRT" }, "geometry": { "type": "Point", "coordinates": [ 18.387535, -33.9495974 ] } },
{ "type": "Feature", "properties": { "name": "Atlantic Skipper", "operator": "MyCiTi", "network": "Cape Town IRT" }, "geometry": { "type": "Point", "coordinates": [ 18.3463857, -34.0544716 ] } },
{ "type": "Feature", "properties": { "name": "Waterview", "operator": "MyCiTi", "network": "Cape Town IRT" }, "geometry": { "type": "Point", "coordinates": [ 18.5202923, -33.886832 ] } },
{ "type": "Feature", "properties": { "name": "Comrie", "operator": "MyCiTi", "network": "Cape Town IRT" }, "geometry": { "type": "Point", "coordinates": [ 18.3877355, -33.9489791 ] } },
{ "type": "Feature", "properties": { "name": "Horak", "operator": "MyCiTi", "network": "Cape Town IRT" }, "geometry": { "type": "Point", "coordinates": [ 18.3859274, -33.9582715 ] } },
{ "type": "Feature", "properties": { "name": "Susan", "operator": "MyCiTi", "network": "Cape Town IRT" }, "geometry": { "type": "Point", "coordinates": [ 18.3809944, -33.9637056 ] } },
{ "type": "Feature", "properties": { "name": "Milnerton Lighthouse", "operator": "MyCITi", "network": "Cape Town IRT" }, "geometry": { "type": "Point", "coordinates": [ 18.487443, -33.8814259 ] } },
{ "type": "Feature", "properties": { "name": "Fishmarket", "operator": "MyCiTi", "network": "Cape Town IRT" }, "geometry": { "type": "Point", "coordinates": [ 18.3456149, -34.0492482 ] } },
{ "type": "Feature", "properties": { "name": "Kapteinsklip", "operator": "MyCiTi", "network": "Cape Town IRT" }, "geometry": { "type": "Point", "coordinates": [ 18.6214746, -34.0678467 ] } },
{ "type": "Feature", "properties": { "name": "Ruwenzori", "operator": "MyCiTi", "network": "Cape Town IRT" }, "geometry": { "type": "Point", "coordinates": [ 18.6339012, -34.0622316 ] } },
{ "type": "Feature", "properties": { "name": "D Nyembe", "operator": "MyCiTi", "network": "Cape Town IRT" }, "geometry": { "type": "Point", "coordinates": [ 18.6917022, -34.0448202 ] } },
{ "type": "Feature", "properties": { "name": "Tutu", "operator": "MyCiTi", "network": "Cape Town IRT" }, "geometry": { "type": "Point", "coordinates": [ 18.6973318, -34.0469281 ] } },
{ "type": "Feature", "properties": { "name": "Charles Mokoena", "operator": "MyCiTi", "network": "Cape Town IRT" }, "geometry": { "type": "Point", "coordinates": [ 18.6831762, -34.0408577 ] } },
{ "type": "Feature", "properties": { "name": "Imperial", "operator": "MyCiTi", "network": "Cape Town IRT" }, "geometry": { "type": "Point", "coordinates": [ 18.6254283, -34.0484304 ] } },
{ "type": "Feature", "properties": { "name": "Paarden Eiland", "operator": "MyCiTi", "network": "Cape Town IRT" }, "geometry": { "type": "Point", "coordinates": [ 18.4669314, -33.91801550000001 ] } },
{ "type": "Feature", "properties": { "name": "Section", "operator": "MyCiTi", "network": "Cape Town IRT" }, "geometry": { "type": "Point", "coordinates": [ 18.4723444, -33.9120377 ] } },
{ "type": "Feature", "properties": { "name": "Neptune", "operator": "MyCiTi", "network": "Cape Town IRT" }, "geometry": { "type": "Point", "coordinates": [ 18.4695677, -33.9151923 ] } },
{ "type": "Feature", "properties": { "name": "Vrystaat", "operator": "MyCiTi", "network": "Cape Town IRT" }, "geometry": { "type": "Point", "coordinates": [ 18.4763519, -33.9074709 ] } },
{ "type": "Feature", "properties": { "name": "Zoarvlei", "operator": "MyCiTi", "network": "Cape Town IRT" }, "geometry": { "type": "Point", "coordinates": [ 18.480918, -33.9006582 ] } },
{ "type": "Feature", "properties": { "name": "Lagoon Beach", "operator": "MyCiTi", "network": "Cape Town IRT" }, "geometry": { "type": "Point", "coordinates": [ 18.4853343, -33.8916212 ] } },
{ "type": "Feature", "properties": { "name": "Woodbridge", "operator": "MyCiTi", "network": "Cape Town IRT" }, "geometry": { "type": "Point", "coordinates": [ 18.4912854, -33.8833097 ] } },
{ "type": "Feature", "properties": { "name": "Milnerton", "operator": "MyCiTi", "network": "Cape Town IRT" }, "geometry": { "type": "Point", "coordinates": [ 18.4954362, -33.8718868 ] } },
{ "type": "Feature", "properties": { "name": "Camps Bay", "operator": "MyCiTi", "network": "Cape Town IRT" }, "geometry": { "type": "Point", "coordinates": [ 18.3788157, -33.949928 ] } },
{ "type": "Feature", "properties": { "name": "Waterstone", "operator": "MyCITi", "network": "Cape Town IRT" }, "geometry": { "type": "Point", "coordinates": [ 18.5146654, -33.8849476 ] } },
{ "type": "Feature", "properties": { "name": "Canal Walk South", "operator": "MyCiTi", "network": "Cape Town IRT" }, "geometry": { "type": "Point", "coordinates": [ 18.510633, -33.8964583 ] } },
{ "type": "Feature", "properties": { "name": "Upper Loop", "operator": "MyCiTi", "network": "Cape Town IRT" }, "geometry": { "type": "Point", "coordinates": [ 18.4139497, -33.9260559 ] } },
{ "type": "Feature", "properties": { "name": "Upper Long", "operator": "MyCiTi", "network": "Cape Town IRT" }, "geometry": { "type": "Point", "coordinates": [ 18.4146773, -33.9265818 ] } },
{ "type": "Feature", "properties": { "name": "Leeuwen", "operator": "MyCiTi", "network": "Cape Town IRT" }, "geometry": { "type": "Point", "coordinates": [ 18.4163377, -33.9238571 ] } },
{ "type": "Feature", "properties": { "name": "Dorp", "operator": "MyCiTi", "network": "Cape Town IRT" }, "geometry": { "type": "Point", "coordinates": [ 18.4176166, -33.923920100000011 ] } },
{ "type": "Feature", "properties": { "name": "Waterfront", "operator": "MyCiTi", "network": "Cape Town IRT" }, "geometry": { "type": "Point", "coordinates": [ 18.4205798, -33.902087 ] } },
{ "type": "Feature", "properties": { "name": "Woodstock", "operator": "MyCiTi", "network": "Cape Town IRT" }, "geometry": { "type": "Point", "coordinates": [ 18.4464409, -33.922904700000011 ] } },
{ "type": "Feature", "properties": { "name": "Lagoon Beach", "operator": "MyCiTi", "network": "Cape Town IRT" }, "geometry": { "type": "Point", "coordinates": [ 18.4854255, -33.891672 ] } },
{ "type": "Feature", "properties": { "name": "Racecourse", "operator": "MyCiTi", "network": "Cape Town IRT" }, "geometry": { "type": "Point", "coordinates": [ 18.5002778, -33.8614425 ] } },
{ "type": "Feature", "properties": { "name": "Racecourse", "operator": "MyCiTi", "network": "Cape Town IRT" }, "geometry": { "type": "Point", "coordinates": [ 18.5003634, -33.861487 ] } },
{ "type": "Feature", "properties": { "name": "Lobelia", "operator": "MyCiTi", "network": "Cape Town IRT" }, "geometry": { "type": "Point", "coordinates": [ 18.5060681, -33.8691408 ] } },
{ "type": "Feature", "properties": { "name": "Zastron", "operator": "MyCiTi", "network": "Cape Town IRT" }, "geometry": { "type": "Point", "coordinates": [ 18.5013024, -33.8753618 ] } },
{ "type": "Feature", "properties": { "name": "Democracy South", "operator": "MyCiTi", "network": "Cape Town IRT" }, "geometry": { "type": "Point", "coordinates": [ 18.5068791, -33.880458 ] } },
{ "type": "Feature", "properties": { "name": "Democracy South", "operator": "MyCiTi", "network": "Cape Town IRT" }, "geometry": { "type": "Point", "coordinates": [ 18.5082001, -33.8803924 ] } },
{ "type": "Feature", "properties": { "name": "Balfour", "operator": "MyCiTi", "network": null }, "geometry": { "type": "Point", "coordinates": [ 18.4515718, -33.9347546 ] } },
{ "type": "Feature", "properties": { "name": "Balfour", "operator": "MyCiTi", "network": null }, "geometry": { "type": "Point", "coordinates": [ 18.4516954, -33.9348252 ] } },
{ "type": "Feature", "properties": { "name": "Chester East", "operator": "MyCiTi", "network": null }, "geometry": { "type": "Point", "coordinates": [ 18.4465252, -33.9355782 ] } },
{ "type": "Feature", "properties": { "name": "Chester West", "operator": "MyCiTi", "network": null }, "geometry": { "type": "Point", "coordinates": [ 18.4415494, -33.9342586 ] } },
{ "type": "Feature", "properties": { "name": "Coronation East", "operator": "MyCiTi", "network": null }, "geometry": { "type": "Point", "coordinates": [ 18.4469709, -33.93481220000001 ] } },
{ "type": "Feature", "properties": { "name": "Coronation West", "operator": "MyCiTi", "network": "Cape Town IRT" }, "geometry": { "type": "Point", "coordinates": [ 18.4431788, -33.9344563 ] } },
{ "type": "Feature", "properties": { "name": "Darling", "operator": "MyCiTi", "network": "Cape Town IRT" }, "geometry": { "type": "Point", "coordinates": [ 18.4222774, -33.9238189 ] } },
{ "type": "Feature", "properties": { "name": "Darling", "operator": "MyCiTi", "network": "Cape Town IRT" }, "geometry": { "type": "Point", "coordinates": [ 18.422814, -33.9243506 ] } },
{ "type": "Feature", "properties": { "name": "Kent", "operator": "MyCiTi", "network": null }, "geometry": { "type": "Point", "coordinates": [ 18.4587575, -33.9290993 ] } },
{ "type": "Feature", "properties": { "name": "Kent", "operator": "MyCiTi", "network": null }, "geometry": { "type": "Point", "coordinates": [ 18.4588029, -33.9288716 ] } },
{ "type": "Feature", "properties": { "name": "Lawley", "operator": "MyCiTi", "network": null }, "geometry": { "type": "Point", "coordinates": [ 18.4529069, -33.9317556 ] } },
{ "type": "Feature", "properties": { "name": "Lawley", "operator": "MyCiTi", "network": null }, "geometry": { "type": "Point", "coordinates": [ 18.4530653, -33.9317227 ] } },
{ "type": "Feature", "properties": { "name": "Salt River Rail", "operator": "MyCiTi", "network": null }, "geometry": { "type": "Point", "coordinates": [ 18.4643333, -33.9277129 ] } },
{ "type": "Feature", "properties": { "name": "Spencer", "operator": "MyCiTi", "network": null }, "geometry": { "type": "Point", "coordinates": [ 18.464787, -33.9292801 ] } },
{ "type": "Feature", "properties": { "name": "Upper Mountain", "operator": "MyCiTi", "network": null }, "geometry": { "type": "Point", "coordinates": [ 18.4490758, -33.936049299999986 ] } },
{ "type": "Feature", "properties": { "name": "Upper Mountain", "operator": "MyCiTi", "network": null }, "geometry": { "type": "Point", "coordinates": [ 18.4490694, -33.937298399999989 ] } },
{ "type": "Feature", "properties": { "name": "Upper Roodebloem", "operator": "MyCiTi", "network": null }, "geometry": { "type": "Point", "coordinates": [ 18.4509903, -33.937594700000012 ] } },
{ "type": "Feature", "properties": { "name": "Upper Roodebloem", "operator": "MyCiTi", "network": null }, "geometry": { "type": "Point", "coordinates": [ 18.4511682, -33.93747960000001 ] } },
{ "type": "Feature", "properties": { "name": "Upper Salt River", "operator": "MyCiTi", "network": null }, "geometry": { "type": "Point", "coordinates": [ 18.4572473, -33.9299309 ] } },
{ "type": "Feature", "properties": { "name": "Upper Salt River", "operator": "MyCiTi", "network": null }, "geometry": { "type": "Point", "coordinates": [ 18.4569764, -33.9303065 ] } },
{ "type": "Feature", "properties": { "name": "Zonnebloem", "operator": "MyCiTi", "network": null }, "geometry": { "type": "Point", "coordinates": [ 18.438763, -33.9330438 ] } },
{ "type": "Feature", "properties": { "name": "Zonnebloem", "operator": "MyCiTi", "network": null }, "geometry": { "type": "Point", "coordinates": [ 18.4391419, -33.9333394 ] } },
{ "type": "Feature", "properties": { "name": "Ruyteplaats", "operator": "MyCiTi", "network": "Cape Town IRT" }, "geometry": { "type": "Point", "coordinates": [ 18.3502359, -34.0142876 ] } },
{ "type": "Feature", "properties": { "name": "Valley", "operator": "MyCiTi", "network": "Cape Town IRT" }, "geometry": { "type": "Point", "coordinates": [ 18.3515202, -34.0303812 ] } },
{ "type": "Feature", "properties": { "name": "Whale Rock", "operator": "MyCiTi", "network": "Cape Town IRT" }, "geometry": { "type": "Point", "coordinates": [ 18.3770166, -33.9532479 ] } },
{ "type": "Feature", "properties": { "name": "Whale Rock", "operator": "MyCiTi", "network": "Cape Town IRT" }, "geometry": { "type": "Point", "coordinates": [ 18.3766016, -33.9551083 ] } },
{ "type": "Feature", "properties": { "name": "Barley Bay", "operator": "MyCiTi", "network": "Cape Town IRT" }, "geometry": { "type": "Point", "coordinates": [ 18.3772347, -33.9588286 ] } },
{ "type": "Feature", "properties": { "name": "Clifton 3rd", "operator": "MyCiTi", "network": "Cape Town IRT" }, "geometry": { "type": "Point", "coordinates": [ 18.3770717, -33.9401108 ] } },
{ "type": "Feature", "properties": { "name": "Clifton 4th", "operator": "MyCiTi", "network": "Cape Town IRT" }, "geometry": { "type": "Point", "coordinates": [ 18.375413, -33.9417271 ] } },
{ "type": "Feature", "properties": { "name": "Maiden's Cove", "operator": "MyCiTi", "network": "Cape Town IRT" }, "geometry": { "type": "Point", "coordinates": [ 18.3767486, -33.944694500000011 ] } },
{ "type": "Feature", "properties": { "name": "Maiden's Cove", "operator": "MyCiTi", "network": "Cape Town IRT" }, "geometry": { "type": "Point", "coordinates": [ 18.3762118, -33.9443193 ] } },
{ "type": "Feature", "properties": { "name": "Glen Beach", "operator": "MyCiTi", "network": "Cape Town IRT" }, "geometry": { "type": "Point", "coordinates": [ 18.3785897, -33.9469858 ] } },
{ "type": "Feature", "properties": { "name": "Wood", "operator": "MyCiTi", "network": "Cape Town IRT" }, "geometry": { "type": "Point", "coordinates": [ 18.5068353, -33.8293909 ] } },
{ "type": "Feature", "properties": { "name": "Wood", "operator": "MyCiTi", "network": "Cape Town IRT" }, "geometry": { "type": "Point", "coordinates": [ 18.5072627, -33.8295104 ] } },
{ "type": "Feature", "properties": { "name": "Wood", "operator": "MyCiTi", "network": "Cape Town IRT" }, "geometry": { "type": "Point", "coordinates": [ 18.506688, -33.8295835 ] } },
{ "type": "Feature", "properties": { "name": "Table View", "operator": "MyCiTi", "network": "Cape Town IRT" }, "geometry": { "type": "Point", "coordinates": [ 18.4885304, -33.8245775 ] } },
{ "type": "Feature", "properties": { "name": "Table View", "operator": "MyCiTi", "network": "Cape Town IRT" }, "geometry": { "type": "Point", "coordinates": [ 18.4884751, -33.8246644 ] } },
{ "type": "Feature", "properties": { "name": "Table View", "operator": "MyCiTi", "network": "Cape Town IRT" }, "geometry": { "type": "Point", "coordinates": [ 18.4891261, -33.8247365 ] } },
{ "type": "Feature", "properties": { "name": "Table View", "operator": "MyCiTi", "network": "Cape Town IRT" }, "geometry": { "type": "Point", "coordinates": [ 18.4890842, -33.824829 ] } },
{ "type": "Feature", "properties": { "name": "Table View", "operator": "MyCiTi", "network": "Cape Town IRT" }, "geometry": { "type": "Point", "coordinates": [ 18.4897386, -33.8249224 ] } },
{ "type": "Feature", "properties": { "name": "Table View", "operator": "MyCiTi", "network": "Cape Town IRT" }, "geometry": { "type": "Point", "coordinates": [ 18.4896906, -33.825017299999985 ] } },
{ "type": "Feature", "properties": { "name": "Janssens", "operator": "MyCiTi", "network": "Cape Town IRT" }, "geometry": { "type": "Point", "coordinates": [ 18.5015626, -33.8280287 ] } },
{ "type": "Feature", "properties": { "name": "Janssens", "operator": "MyCiTi", "network": "Cape Town IRT" }, "geometry": { "type": "Point", "coordinates": [ 18.5014801, -33.828218 ] } },
{ "type": "Feature", "properties": { "name": "Sandown", "operator": "MyCiTi", "network": "Cape Town IRT" }, "geometry": { "type": "Point", "coordinates": [ 18.4842715, -33.807060599999986 ] } },
{ "type": "Feature", "properties": { "name": "Sandown", "operator": "MyCiTi", "network": "Cape Town IRT" }, "geometry": { "type": "Point", "coordinates": [ 18.4841713, -33.8070962 ] } },
{ "type": "Feature", "properties": { "name": "Royal Ascot", "operator": "MyCiTi", "network": "Cape Town IRT" }, "geometry": { "type": "Point", "coordinates": [ 18.5031858, -33.8632146 ] } },
{ "type": "Feature", "properties": { "name": "Royal Ascot", "operator": "MyCiTi", "network": "Cape Town IRT" }, "geometry": { "type": "Point", "coordinates": [ 18.5031389, -33.863275900000012 ] } },
{ "type": "Feature", "properties": { "name": "Aquarium", "operator": "MyCiTi", "network": "Cape Town IRT" }, "geometry": { "type": "Point", "coordinates": [ 18.4174955, -33.9071414 ] } },
{ "type": "Feature", "properties": { "name": "Aquarium", "operator": "MyCiTi", "network": "Cape Town IRT" }, "geometry": { "type": "Point", "coordinates": [ 18.4175402, -33.9074429 ] } },
{ "type": "Feature", "properties": { "name": "Aquarium", "operator": "MyCiTi", "network": "Cape Town IRT" }, "geometry": { "type": "Point", "coordinates": [ 18.4175759, -33.9071876 ] } },
{ "type": "Feature", "properties": { "name": "Aquarium", "operator": "MyCiTi", "network": "Cape Town IRT" }, "geometry": { "type": "Point", "coordinates": [ 18.4174843, -33.907385699999985 ] } },
{ "type": "Feature", "properties": { "name": "Omuramba", "operator": "MyCiTi", "network": "Cape Town IRT" }, "geometry": { "type": "Point", "coordinates": [ 18.512766, -33.8683148 ] } },
{ "type": "Feature", "properties": { "name": "Omuramba", "operator": "MyCiTi", "network": "Cape Town IRT" }, "geometry": { "type": "Point", "coordinates": [ 18.5126903, -33.8684047 ] } },
{ "type": "Feature", "properties": { "name": "Omuramba", "operator": "MyCiTi", "network": "Cape Town IRT" }, "geometry": { "type": "Point", "coordinates": [ 18.5132244, -33.8685434 ] } },
{ "type": "Feature", "properties": { "name": "Omuramba", "operator": "MyCiTi", "network": "Cape Town IRT" }, "geometry": { "type": "Point", "coordinates": [ 18.5131436, -33.8686434 ] } },
{ "type": "Feature", "properties": { "name": "Canal Walk North", "operator": "MyCiTi", "network": "Cape Town IRT" }, "geometry": { "type": "Point", "coordinates": [ 18.5155182, -33.8921664 ] } },
{ "type": "Feature", "properties": { "name": "Canal Walk North", "operator": "MyCiTi", "network": "Cape Town IRT" }, "geometry": { "type": "Point", "coordinates": [ 18.5153868, -33.892636 ] } },
{ "type": "Feature", "properties": { "name": "Canal Walk South", "operator": "MyCiTi", "network": "Cape Town IRT" }, "geometry": { "type": "Point", "coordinates": [ 18.5116964, -33.895698800000012 ] } },
{ "type": "Feature", "properties": { "name": "Canal Walk South", "operator": "MyCiTi", "network": "Cape Town IRT" }, "geometry": { "type": "Point", "coordinates": [ 18.5106523, -33.896507 ] } },
{ "type": "Feature", "properties": { "name": "Century City Rail", "operator": "MyCiTi", "network": "Cape Town IRT" }, "geometry": { "type": "Point", "coordinates": [ 18.5113902, -33.9010984 ] } },
{ "type": "Feature", "properties": { "name": "Grand Canal", "operator": "MyCiTi", "network": "Cape Town IRT" }, "geometry": { "type": "Point", "coordinates": [ 18.5061975, -33.8940882 ] } },
{ "type": "Feature", "properties": { "name": "Grand Canal", "operator": "MyCiTi", "network": "Cape Town IRT" }, "geometry": { "type": "Point", "coordinates": [ 18.5059769, -33.8942154 ] } },
{ "type": "Feature", "properties": { "name": "Century City", "operator": "MyCiTi", "network": "Cape Town IRT" }, "geometry": { "type": "Point", "coordinates": [ 18.5063635, -33.8915296 ] } },
{ "type": "Feature", "properties": { "name": "Century City", "operator": "MyCiTi", "network": "Cape Town IRT" }, "geometry": { "type": "Point", "coordinates": [ 18.5062554, -33.8914856 ] } },
{ "type": "Feature", "properties": { "name": "Canal Walk North", "operator": "MyCiTi", "network": "Cape Town IRT" }, "geometry": { "type": "Point", "coordinates": [ 18.5155683, -33.8922037 ] } },
{ "type": "Feature", "properties": { "name": "Canal Walk North", "operator": "MyCiTi", "network": "Cape Town IRT" }, "geometry": { "type": "Point", "coordinates": [ 18.5153362, -33.8926048 ] } },
{ "type": "Feature", "properties": { "name": "Grand Canal", "operator": "MyCiTi", "network": "Cape Town IRT" }, "geometry": { "type": "Point", "coordinates": [ 18.5061714, -33.8941086 ] } },
{ "type": "Feature", "properties": { "name": "Grand Canal", "operator": "MyCiTi", "network": "Cape Town IRT" }, "geometry": { "type": "Point", "coordinates": [ 18.5060049, -33.8941824 ] } },
{ "type": "Feature", "properties": { "name": "Canal Walk South", "operator": "MyCiTi", "network": "Cape Town IRT" }, "geometry": { "type": "Point", "coordinates": [ 18.5117231, -33.8957385 ] } },
{ "type": "Feature", "properties": { "name": "Century City Rail", "operator": "MyCiTi", "network": "Cape Town IRT" }, "geometry": { "type": "Point", "coordinates": [ 18.5113591, -33.9010553 ] } },
{ "type": "Feature", "properties": { "name": "Atlantic Beach", "operator": "MyCiTi", "network": "Cape Town IRT" }, "geometry": { "type": "Point", "coordinates": [ 18.4479142, -33.7320114 ] } },
{ "type": "Feature", "properties": { "name": "Atlantic Beach", "operator": "MyCiTi", "network": "Cape Town IRT" }, "geometry": { "type": "Point", "coordinates": [ 18.4470477, -33.7323758 ] } },
{ "type": "Feature", "properties": { "name": "Brittlestar", "operator": "MyCiTi", "network": "Cape Town IRT" }, "geometry": { "type": "Point", "coordinates": [ 18.4530599, -33.734627 ] } },
{ "type": "Feature", "properties": { "name": "Brittlestar", "operator": "MyCiTi", "network": "Cape Town IRT" }, "geometry": { "type": "Point", "coordinates": [ 18.4530832, -33.7349114 ] } },
{ "type": "Feature", "properties": { "name": "Atlantic Beach", "operator": "MyCiTi", "network": "Cape Town IRT" }, "geometry": { "type": "Point", "coordinates": [ 18.4479518, -33.7320983 ] } },
{ "type": "Feature", "properties": { "name": "Atlantic Beach", "operator": "MyCiTi", "network": "Cape Town IRT" }, "geometry": { "type": "Point", "coordinates": [ 18.4470202, -33.7322941 ] } },
{ "type": "Feature", "properties": { "name": "Brittlestar", "operator": "MyCiTi", "network": "Cape Town IRT" }, "geometry": { "type": "Point", "coordinates": [ 18.4530401, -33.7347057 ] } },
{ "type": "Feature", "properties": { "name": "Estuaries", "operator": "MyCiTi", "network": "Cape Town IRT" }, "geometry": { "type": "Point", "coordinates": [ 18.5205424, -33.8841583 ] } },
{ "type": "Feature", "properties": { "name": "Estuaries", "operator": "MyCiTi", "network": "Cape Town IRT" }, "geometry": { "type": "Point", "coordinates": [ 18.5207738, -33.8843186 ] } },
{ "type": "Feature", "properties": { "name": "Waterford", "operator": "MyCiTi", "network": "Cape Town IRT" }, "geometry": { "type": "Point", "coordinates": [ 18.5195283, -33.8890609 ] } },
{ "type": "Feature", "properties": { "name": "Waterford", "operator": "MyCiTi", "network": "Cape Town IRT" }, "geometry": { "type": "Point", "coordinates": [ 18.5188213, -33.889449 ] } },
{ "type": "Feature", "properties": { "name": "Waterview", "operator": "MyCiTi", "network": "Cape Town IRT" }, "geometry": { "type": "Point", "coordinates": [ 18.5199985, -33.8863834 ] } },
{ "type": "Feature", "properties": { "name": "Waterview", "operator": "MyCiTi", "network": "Cape Town IRT" }, "geometry": { "type": "Point", "coordinates": [ 18.5203414, -33.8868491 ] } },
{ "type": "Feature", "properties": { "name": "Estuaries", "operator": "MyCiTi", "network": "Cape Town IRT" }, "geometry": { "type": "Point", "coordinates": [ 18.5205865, -33.8841888 ] } },
{ "type": "Feature", "properties": { "name": "Estuaries", "operator": "MyCiTi", "network": "Cape Town IRT" }, "geometry": { "type": "Point", "coordinates": [ 18.520731, -33.884289 ] } },
{ "type": "Feature", "properties": { "name": "Waterview", "operator": "MyCiTi", "network": "Cape Town IRT" }, "geometry": { "type": "Point", "coordinates": [ 18.520068, -33.8863728 ] } },
{ "type": "Feature", "properties": { "name": "Waterford", "operator": "MyCiTi", "network": "Cape Town IRT" }, "geometry": { "type": "Point", "coordinates": [ 18.5194749, -33.8890288 ] } },
{ "type": "Feature", "properties": { "name": "Waterford", "operator": "MyCiTi", "network": "Cape Town IRT" }, "geometry": { "type": "Point", "coordinates": [ 18.5188673, -33.8894772 ] } },
{ "type": "Feature", "properties": { "name": "Wigtown", "operator": "MyCiTi", "network": "Cape Town IRT" }, "geometry": { "type": "Point", "coordinates": [ 18.4064385, -33.9074637 ] } },
{ "type": "Feature", "properties": { "name": "Herzlia", "operator": "MyCiTi", "network": "Cape Town IRT" }, "geometry": { "type": "Point", "coordinates": [ 18.4213634, -33.9420577 ] } },
{ "type": "Feature", "properties": { "name": "Upper Buitenkant", "operator": "MyCiTi", "network": "Cape Town IRT" }, "geometry": { "type": "Point", "coordinates": [ 18.4188233, -33.9377189 ] } },
{ "type": "Feature", "properties": { "name": "Upper Kloof", "operator": "MyCiTi", "network": "Cape Town IRT" }, "geometry": { "type": "Point", "coordinates": [ 18.4050505, -33.936171 ] } },
{ "type": "Feature", "properties": { "name": "Welgemeend", "operator": "MyCiTi", "network": "Cape Town IRT" }, "geometry": { "type": "Point", "coordinates": [ 18.4070891, -33.934483 ] } },
{ "type": "Feature", "properties": { "name": "Queens Beach", "operator": "MyCiTi", "network": "Cape Town IRT" }, "geometry": { "type": "Point", "coordinates": [ 18.3796958, -33.9213782 ] } },
{ "type": "Feature", "properties": { "name": "Three Anchor Bay", "operator": "MyCiTi", "network": "Cape Town IRT" }, "geometry": { "type": "Point", "coordinates": [ 18.3982559, -33.9050396 ] } },
{ "type": "Feature", "properties": { "name": "Three Anchor Bay", "operator": "MyCiTi", "network": "Cape Town IRT" }, "geometry": { "type": "Point", "coordinates": [ 18.3985787, -33.9046909 ] } },
{ "type": "Feature", "properties": { "name": "Kei Apple", "operator": "MyCiTi", "network": null }, "geometry": { "type": "Point", "coordinates": [ 18.3831397, -33.9211902 ] } },
{ "type": "Feature", "properties": { "name": "Tramway", "operator": "MyCiTi", "network": "Cape Town IRT" }, "geometry": { "type": "Point", "coordinates": [ 18.3812866, -33.9222244 ] } },
{ "type": "Feature", "properties": { "name": "Ellerton", "operator": "MyCiTi", "network": "Cape Town IRT" }, "geometry": { "type": "Point", "coordinates": [ 18.3979803, -33.9080481 ] } },
{ "type": "Feature", "properties": { "name": "Sea Point", "operator": "MyCiTi", "network": "Cape Town IRT" }, "geometry": { "type": "Point", "coordinates": [ 18.3901799, -33.9151371 ] } },
{ "type": "Feature", "properties": { "name": "Sea Point High", "operator": "MyCiTi", "network": "Cape Town IRT" }, "geometry": { "type": "Point", "coordinates": [ 18.3937484, -33.910944900000011 ] } },
{ "type": "Feature", "properties": { "name": "Firmount", "operator": "MyCiTi", "network": "Cape Town IRT" }, "geometry": { "type": "Point", "coordinates": [ 18.3919819, -33.9132604 ] } },
{ "type": "Feature", "properties": { "name": "Circle East", "operator": "MyCiTi", "network": "Cape Town IRT" }, "geometry": { "type": "Point", "coordinates": [ 18.5142866, -33.8316195 ] } },
{ "type": "Feature", "properties": { "name": "Potsdam", "operator": "MyCiTi", "network": "Cape Town IRT" }, "geometry": { "type": "Point", "coordinates": [ 18.5259713, -33.8336703 ] } },
{ "type": "Feature", "properties": { "name": "Circle East", "operator": "MyCiTi", "network": "Cape Town IRT" }, "geometry": { "type": "Point", "coordinates": [ 18.5143806, -33.831412400000012 ] } },
{ "type": "Feature", "properties": { "name": "Killarney", "operator": "MyCiTi", "network": "Cape Town IRT" }, "geometry": { "type": "Point", "coordinates": [ 18.530674, -33.8244436 ] } },
{ "type": "Feature", "properties": { "name": "Sanddrift", "operator": "MyCiTi", "network": "Cape Town IRT" }, "geometry": { "type": "Point", "coordinates": [ 18.5102388, -33.8839946 ] } },
{ "type": "Feature", "properties": { "name": "Mount Rhodes", "operator": "MyCiTi", "network": "Cape Town IRT" }, "geometry": { "type": "Point", "coordinates": [ 18.351377, -34.0199577 ] } },
{ "type": "Feature", "properties": { "name": "Daphne", "operator": "MyCiTi", "network": "Cape Town IRT" }, "geometry": { "type": "Point", "coordinates": [ 18.3481616, -34.0335746 ] } },
{ "type": "Feature", "properties": { "name": "Lancaster", "operator": "MyCiTi", "network": "Cape Town IRT" }, "geometry": { "type": "Point", "coordinates": [ 18.3493514, -34.0365281 ] } },
{ "type": "Feature", "properties": { "name": "Oxford Earl", "operator": "MyCiTi", "network": "Cape Town IRT" }, "geometry": { "type": "Point", "coordinates": [ 18.3501208, -34.0396921 ] } },
{ "type": "Feature", "properties": { "name": "Northshore", "operator": "MyCiTi", "network": "Cape Town IRT" }, "geometry": { "type": "Point", "coordinates": [ 18.3485221, -34.0466637 ] } },
{ "type": "Feature", "properties": { "name": "Kerrem", "operator": "MyCiTi", "network": "Cape Town IRT" }, "geometry": { "type": "Point", "coordinates": [ 18.619121, -34.0401157 ] } },
{ "type": "Feature", "properties": { "name": "Kerrem", "operator": "MyCiTi", "network": "Cape Town IRT" }, "geometry": { "type": "Point", "coordinates": [ 18.6189256, -34.040589100000012 ] } },
{ "type": "Feature", "properties": { "name": "Marguerite", "operator": "MyCiTi", "network": "Cape Town IRT" }, "geometry": { "type": "Point", "coordinates": [ 18.6141367, -34.0314193 ] } },
{ "type": "Feature", "properties": { "name": "Marguerite", "operator": "MyCiTi", "network": "Cape Town IRT" }, "geometry": { "type": "Point", "coordinates": [ 18.6153565, -34.0324259 ] } },
{ "type": "Feature", "properties": { "name": "Sesame", "operator": "MyCiTi", "network": "Cape Town IRT" }, "geometry": { "type": "Point", "coordinates": [ 18.6079347, -34.0220454 ] } },
{ "type": "Feature", "properties": { "name": "Sesame", "operator": "MyCiTi", "network": "Cape Town IRT" }, "geometry": { "type": "Point", "coordinates": [ 18.6085305, -34.0227972 ] } },
{ "type": "Feature", "properties": { "name": "Pontiac", "operator": "MyCiTi", "network": "Cape Town IRT" }, "geometry": { "type": "Point", "coordinates": [ 18.6209186, -34.0445037 ] } },
{ "type": "Feature", "properties": { "name": "Pontiac", "operator": "MyCiTi", "network": "Cape Town IRT" }, "geometry": { "type": "Point", "coordinates": [ 18.6223011, -34.0455771 ] } },
{ "type": "Feature", "properties": { "name": "Llandudno", "operator": "MyCiTi", "network": "Cape Town IRT" }, "geometry": { "type": "Point", "coordinates": [ 18.3475605, -34.005644 ] } },
{ "type": "Feature", "properties": { "name": "Helgarda", "operator": "MyCiTi", "network": "Cape Town IRT" }, "geometry": { "type": "Point", "coordinates": [ 18.3496073, -34.0276307 ] } },
{ "type": "Feature", "properties": { "name": "Atlantic Skipper", "operator": "MyCiTi", "network": "Cape Town IRT" }, "geometry": { "type": "Point", "coordinates": [ 18.3465118, -34.0547922 ] } },
{ "type": "Feature", "properties": { "name": "Bakoven", "operator": "MyCiTi", "network": "Cape Town IRT" }, "geometry": { "type": "Point", "coordinates": [ 18.3736569, -33.9629274 ] } },
{ "type": "Feature", "properties": { "name": "Bantry Bay", "operator": "MyCiTi", "network": "Cape Town IRT" }, "geometry": { "type": "Point", "coordinates": [ 18.3785274, -33.926988 ] } },
{ "type": "Feature", "properties": { "name": "Clifton 2nd", "operator": "MyCiTi", "network": "Cape Town IRT" }, "geometry": { "type": "Point", "coordinates": [ 18.3782357, -33.9370102 ] } },
{ "type": "Feature", "properties": { "name": "Clifton", "operator": "MyCiTi", "network": "Cape Town IRT" }, "geometry": { "type": "Point", "coordinates": [ 18.3780771, -33.9334823 ] } },
{ "type": "Feature", "properties": { "name": "Daphne", "operator": "MyCiTi", "network": "Cape Town IRT" }, "geometry": { "type": "Point", "coordinates": [ 18.3479877, -34.0326458 ] } },
{ "type": "Feature", "properties": { "name": "Fishmarket", "operator": "MyCiTi", "network": "Cape Town IRT" }, "geometry": { "type": "Point", "coordinates": [ 18.3454109, -34.04925380000001 ] } },
{ "type": "Feature", "properties": { "name": "Hangberg", "operator": "MyCiTi", "network": "Cape Town IRT" }, "geometry": { "type": "Point", "coordinates": [ 18.342138, -34.0542415 ] } },
{ "type": "Feature", "properties": { "name": "Koeël Bay", "operator": "MyCiTi", "network": "Cape Town IRT" }, "geometry": { "type": "Point", "coordinates": [ 18.3712879, -33.970429800000012 ] } },
{ "type": "Feature", "properties": { "name": "Koosani", "operator": "MyCiTi", "network": "Cape Town IRT" }, "geometry": { "type": "Point", "coordinates": [ 18.3798932, -33.9239783 ] } },
{ "type": "Feature", "properties": { "name": "Lancaster", "operator": "MyCiTi", "network": "Cape Town IRT" }, "geometry": { "type": "Point", "coordinates": [ 18.3491554, -34.0364347 ] } },
{ "type": "Feature", "properties": { "name": "Llandudno", "operator": "MyCiTi", "network": "Cape Town IRT" }, "geometry": { "type": "Point", "coordinates": [ 18.3473553, -34.0066345 ] } },
{ "type": "Feature", "properties": { "name": "Lower Victoria", "operator": "MyCiTi", "network": "Cape Town IRT" }, "geometry": { "type": "Point", "coordinates": [ 18.3504585, -34.0429756 ] } },
{ "type": "Feature", "properties": { "name": "Mount Rhodes", "operator": "MyCiTi", "network": "Cape Town IRT" }, "geometry": { "type": "Point", "coordinates": [ 18.3510937, -34.0195133 ] } },
{ "type": "Feature", "properties": { "name": "North Shore", "operator": "MyCiTi", "network": "Cape Town IRT" }, "geometry": { "type": "Point", "coordinates": [ 18.3479353, -34.0469633 ] } },
{ "type": "Feature", "properties": { "name": "Oceana", "operator": "MyCiTi", "network": "Cape Town IRT" }, "geometry": { "type": "Point", "coordinates": [ 18.3453406, -34.0563167 ] } },
{ "type": "Feature", "properties": { "name": "Oudekraal", "operator": "MyCiTi", "network": "Cape Town IRT" }, "geometry": { "type": "Point", "coordinates": [ 18.3513291, -33.9881922 ] } },
{ "type": "Feature", "properties": { "name": "Oxford Earl", "operator": "MyCiTi", "network": "Cape Town IRT" }, "geometry": { "type": "Point", "coordinates": [ 18.3500447, -34.0399863 ] } },
{ "type": "Feature", "properties": { "name": "Ruyteplaats", "operator": "MyCiTi", "network": "Cape Town IRT" }, "geometry": { "type": "Point", "coordinates": [ 18.3498885, -34.013601 ] } },
{ "type": "Feature", "properties": { "name": "Narwhal", "operator": "MyCiTi", "network": "Cape Town IRT" }, "geometry": { "type": "Point", "coordinates": [ 18.4880898, -33.9024978 ] } },
{ "type": "Feature", "properties": { "name": "Montague Gardens", "operator": "MyCiTi", "network": "Cape Town IRT" }, "geometry": { "type": "Point", "coordinates": [ 18.5160969, -33.855325599999986 ] } },
{ "type": "Feature", "properties": { "name": "Montague Gardens", "operator": "MyCiTi", "network": "Cape Town IRT" }, "geometry": { "type": "Point", "coordinates": [ 18.5160141, -33.85529 ] } },
{ "type": "Feature", "properties": { "name": "Montague Gardens", "operator": "MyCiTi", "network": "Cape Town IRT" }, "geometry": { "type": "Point", "coordinates": [ 18.5158427, -33.8557045 ] } },
{ "type": "Feature", "properties": { "name": "Montague Gardens", "operator": "MyCiTi", "network": "Cape Town IRT" }, "geometry": { "type": "Point", "coordinates": [ 18.5157575, -33.8556646 ] } },
{ "type": "Feature", "properties": { "name": "Turf Club", "operator": "MyCiTi", "network": "Cape Town IRT" }, "geometry": { "type": "Point", "coordinates": [ 18.5114431, -33.8620603 ] } },
{ "type": "Feature", "properties": { "name": "Turf Club", "operator": "MyCiTi", "network": "Cape Town IRT" }, "geometry": { "type": "Point", "coordinates": [ 18.5113709, -33.8620275 ] } },
{ "type": "Feature", "properties": { "name": "Atlantis Station", "operator": "MyCiTi", "network": "Cape Town IRT" }, "geometry": { "type": "Point", "coordinates": [ 18.491264, -33.5627419 ] } },
{ "type": "Feature", "properties": { "name": "Atlantis Station", "operator": "MyCiTi", "network": "Cape Town IRT" }, "geometry": { "type": "Point", "coordinates": [ 18.4911459, -33.5627718 ] } },
{ "type": "Feature", "properties": { "name": "Atlantis Station", "operator": "MyCiTi", "network": "Cape Town IRT" }, "geometry": { "type": "Point", "coordinates": [ 18.4914265, -33.563178 ] } },
{ "type": "Feature", "properties": { "name": "Atlantis Station", "operator": "MyCiTi", "network": "Cape Town IRT" }, "geometry": { "type": "Point", "coordinates": [ 18.4913084, -33.5632079 ] } },
{ "type": "Feature", "properties": { "name": "Atlantis Station", "operator": "MyCiTi", "network": "Cape Town IRT" }, "geometry": { "type": "Point", "coordinates": [ 18.4915593, -33.5635345 ] } },
{ "type": "Feature", "properties": { "name": "Atlantis Station", "operator": "MyCiTi", "network": "Cape Town IRT" }, "geometry": { "type": "Point", "coordinates": [ 18.4914412, -33.5635644 ] } },
{ "type": "Feature", "properties": { "name": "Atlantis Station", "operator": "MyCiTi", "network": "Cape Town IRT" }, "geometry": { "type": "Point", "coordinates": [ 18.4916844, -33.563870200000011 ] } },
{ "type": "Feature", "properties": { "name": "Atlantis Station", "operator": "MyCiTi", "network": "Cape Town IRT" }, "geometry": { "type": "Point", "coordinates": [ 18.4915623, -33.5638888 ] } },
{ "type": "Feature", "properties": { "name": "Mainstream", "operator": "MyCiTi", "network": "Cape Town IRT" }, "geometry": { "type": "Point", "coordinates": [ 18.3593401, -34.0426235 ] } },
{ "type": "Feature", "properties": { "name": "Hout Bay", "operator": "MyCiTi", "network": "Cape Town IRT" }, "geometry": { "type": "Point", "coordinates": [ 18.3590329, -34.0451821 ] } },
{ "type": "Feature", "properties": { "name": "Arthur's", "operator": "MyCiTi", "network": "Cape Town IRT" }, "geometry": { "type": "Point", "coordinates": [ 18.3880232, -33.9178577 ] } },
{ "type": "Feature", "properties": { "name": "Clarens", "operator": "MyCiTi", "network": "Cape Town IRT" }, "geometry": { "type": "Point", "coordinates": [ 18.3854288, -33.9197308 ] } },
{ "type": "Feature", "properties": { "name": "Clarens", "operator": "MyCiTi", "network": "Cape Town IRT" }, "geometry": { "type": "Point", "coordinates": [ 18.3856102, -33.9195163 ] } },
{ "type": "Feature", "properties": { "name": "Arthur's", "operator": "MyCiTi", "network": "Cape Town IRT" }, "geometry": { "type": "Point", "coordinates": [ 18.3882259, -33.9174227 ] } },
{ "type": "Feature", "properties": { "name": "Kei Apple", "operator": "MyCiTi", "network": null }, "geometry": { "type": "Point", "coordinates": [ 18.383542, -33.9208007 ] } },
{ "type": "Feature", "properties": { "name": "Tramway", "operator": "MyCiTi", "network": "Cape Town IRT" }, "geometry": { "type": "Point", "coordinates": [ 18.381687, -33.9218908 ] } },
{ "type": "Feature", "properties": { "name": "Koosani", "operator": "MyCiTi", "network": "Cape Town IRT" }, "geometry": { "type": "Point", "coordinates": [ 18.3795714, -33.9244575 ] } },
{ "type": "Feature", "properties": { "name": "Bantry Bay", "operator": "MyCiTi", "network": "Cape Town IRT" }, "geometry": { "type": "Point", "coordinates": [ 18.3790172, -33.9265159 ] } },
{ "type": "Feature", "properties": { "name": "Clifton", "operator": "MyCiTi", "network": "Cape Town IRT" }, "geometry": { "type": "Point", "coordinates": [ 18.3782572, -33.9338198 ] } },
{ "type": "Feature", "properties": { "name": "Clifton 2nd", "operator": "MyCiTi", "network": "Cape Town IRT" }, "geometry": { "type": "Point", "coordinates": [ 18.3783288, -33.9374636 ] } },
{ "type": "Feature", "properties": { "name": "Clifton 3rd", "operator": "MyCiTi", "network": "Cape Town IRT" }, "geometry": { "type": "Point", "coordinates": [ 18.3775056, -33.939876 ] } },
{ "type": "Feature", "properties": { "name": "Clifton 4th", "operator": "MyCiTi", "network": "Cape Town IRT" }, "geometry": { "type": "Point", "coordinates": [ 18.3758099, -33.9415489 ] } },
{ "type": "Feature", "properties": { "name": "Glen Beach", "operator": "MyCiTi", "network": "Cape Town IRT" }, "geometry": { "type": "Point", "coordinates": [ 18.3790158, -33.9485346 ] } },
{ "type": "Feature", "properties": { "name": "Camps Bay", "operator": "MyCiTi", "network": "Cape Town IRT" }, "geometry": { "type": "Point", "coordinates": [ 18.3782057, -33.9513251 ] } },
{ "type": "Feature", "properties": { "name": "Barley Bay", "operator": "MyCiTi", "network": "Cape Town IRT" }, "geometry": { "type": "Point", "coordinates": [ 18.3769838, -33.9592024 ] } },
{ "type": "Feature", "properties": { "name": "Bakoven", "operator": "MyCiTi", "network": "Cape Town IRT" }, "geometry": { "type": "Point", "coordinates": [ 18.3735931, -33.9631532 ] } },
{ "type": "Feature", "properties": { "name": "Koeël Bay", "operator": "MyCiTi", "network": "Cape Town IRT" }, "geometry": { "type": "Point", "coordinates": [ 18.371659, -33.9708919 ] } },
{ "type": "Feature", "properties": { "name": "Oudekraal", "operator": "MyCiTi", "network": "Cape Town IRT" }, "geometry": { "type": "Point", "coordinates": [ 18.3506189, -33.9884628 ] } },
{ "type": "Feature", "properties": { "name": "Helgarda", "operator": "MyCiTi", "network": "Cape Town IRT" }, "geometry": { "type": "Point", "coordinates": [ 18.349649, -34.0279516 ] } },
{ "type": "Feature", "properties": { "name": "Mainstream", "operator": "MyCiTi", "network": "Cape Town IRT" }, "geometry": { "type": "Point", "coordinates": [ 18.3595416, -34.0426709 ] } },
{ "type": "Feature", "properties": { "name": "Berg-en-Dal", "operator": "MyCiTi", "network": "Cape Town IRT" }, "geometry": { "type": "Point", "coordinates": [ 18.3575816, -34.0372274 ] } },
{ "type": "Feature", "properties": { "name": "Berg-en-Dal", "operator": "MyCiTi", "network": "Cape Town IRT" }, "geometry": { "type": "Point", "coordinates": [ 18.3570645, -34.0366293 ] } },
{ "type": "Feature", "properties": { "name": "Scott", "operator": "MyCiTi", "network": "Cape Town IRT" }, "geometry": { "type": "Point", "coordinates": [ 18.3590489, -34.0397429 ] } },
{ "type": "Feature", "properties": { "name": "Scott", "operator": "MyCiTi", "network": "Cape Town IRT" }, "geometry": { "type": "Point", "coordinates": [ 18.3587229, -34.0395639 ] } },
{ "type": "Feature", "properties": { "name": "Lower Kloof", "operator": "MyCiTi", "network": "Cape Town IRT" }, "geometry": { "type": "Point", "coordinates": [ 18.4121193, -33.9284991 ] } },
{ "type": "Feature", "properties": { "name": "Gardens", "operator": "MyCiTi", "network": "Cape Town IRT" }, "geometry": { "type": "Point", "coordinates": [ 18.4193476, -33.9341941 ] } },
{ "type": "Feature", "properties": { "name": "Gardens", "operator": "MyCiTi", "network": "Cape Town IRT" }, "geometry": { "type": "Point", "coordinates": [ 18.4196907, -33.93399560000001 ] } },
{ "type": "Feature", "properties": { "name": "Fiskaal", "operator": "MyCiTi", "network": "Cape Town IRT" }, "geometry": { "type": "Point", "coordinates": [ 18.3828454, -33.958690799999978 ] } },
{ "type": "Feature", "properties": { "name": "Mitchells Plain", "operator": "MyCiTi", "network": "Cape Town IRT" }, "geometry": { "type": "Point", "coordinates": [ 18.6210068, -34.0480092 ] } },
{ "type": "Feature", "properties": { "name": "Bosmansdam", "operator": "MyCiTi", "network": "Cape Town IRT" }, "geometry": { "type": "Point", "coordinates": [ 18.5209712, -33.8786882 ] } },
{ "type": "Feature", "properties": { "name": "Oasis", "operator": "MyCITi", "network": "Cape Town IRT" }, "geometry": { "type": "Point", "coordinates": [ 18.5098212, -33.8896715 ] } },
{ "type": "Feature", "properties": { "name": "Century Gate", "operator": "MyCiTi", "network": "Cape Town IRT" }, "geometry": { "type": "Point", "coordinates": [ 18.5228014, -33.8818818 ] } },
{ "type": "Feature", "properties": { "name": "Corsair", "operator": "MyCITi", "network": "Cape Town IRT" }, "geometry": { "type": "Point", "coordinates": [ 18.5019928, -33.8792255 ] } },
{ "type": "Feature", "properties": { "name": "Higgo", "operator": "MyCiTi", "network": "Cape Town IRT" }, "geometry": { "type": "Point", "coordinates": [ 18.3969768, -33.9391236 ] } },
{ "type": "Feature", "properties": { "name": "Ncumo East", "operator": "MyCiTi", "network": "Cape Town IRT" }, "geometry": { "type": "Point", "coordinates": [ 18.6794005, -34.0552695 ] } },
{ "type": "Feature", "properties": { "name": "Sunset Beach", "operator": "MyCiTi", "network": "Cape Town IRT" }, "geometry": { "type": "Point", "coordinates": [ 18.4964174, -33.8541017 ] } },
{ "type": "Feature", "properties": { "name": "Atholl", "operator": "MyCiTi", "network": "Cape Town IRT" }, "geometry": { "type": "Point", "coordinates": [ 18.3863995, -33.9496885 ] } },
{ "type": "Feature", "properties": { "name": "D Nyembe", "operator": "MyCiTi", "network": "Cape Town IRT" }, "geometry": { "type": "Point", "coordinates": [ 18.6925681, -34.0451717 ] } },
{ "type": "Feature", "properties": { "name": "Steve Biko", "operator": "MyCiTi", "network": "Cape Town IRT" }, "geometry": { "type": "Point", "coordinates": [ 18.6884141, -34.0443068 ] } },
{ "type": "Feature", "properties": { "name": "Ludwig's Garden", "operator": "MyCiTi", "network": "Cape Town IRT" }, "geometry": { "type": "Point", "coordinates": [ 18.4094053, -33.9300025 ] } },
{ "type": "Feature", "properties": { "name": "Wigtown", "operator": "MyCiTi", "network": "Cape Town IRT" }, "geometry": { "type": "Point", "coordinates": [ 18.4070159, -33.9076166 ] } },
{ "type": "Feature", "properties": { "name": "Salt River Hall", "operator": "MyCiTi", "network": "Cape Town IRT" }, "geometry": { "type": "Point", "coordinates": [ 18.4616353, -33.927513399999988 ] } },
{ "type": "Feature", "properties": { "name": "Salt River Hall", "operator": "MyCiTi", "network": "Cape Town IRT" }, "geometry": { "type": "Point", "coordinates": [ 18.461353, -33.9278444 ] } },
{ "type": "Feature", "properties": { "name": "Biscuit Mill", "operator": "MyCiTi", "network": "Cape Town IRT" }, "geometry": { "type": "Point", "coordinates": [ 18.4574718, -33.9278696 ] } },
{ "type": "Feature", "properties": { "name": "Biscuit Mill", "operator": "MyCiTi", "network": "Cape Town IRT" }, "geometry": { "type": "Point", "coordinates": [ 18.4578133, -33.9277977 ] } },
{ "type": "Feature", "properties": { "name": "Dublin", "operator": "MyCiTi", "network": "Cape Town IRT" }, "geometry": { "type": "Point", "coordinates": [ 18.4529207, -33.927238 ] } },
{ "type": "Feature", "properties": { "name": "Dublin", "operator": "MyCiTi", "network": "Cape Town IRT" }, "geometry": { "type": "Point", "coordinates": [ 18.4534083, -33.927179 ] } },
{ "type": "Feature", "properties": { "name": "Lower Church", "operator": "MyCiTi", "network": "Cape Town IRT" }, "geometry": { "type": "Point", "coordinates": [ 18.4490101, -33.9268134 ] } },
{ "type": "Feature", "properties": { "name": "Lower Church", "operator": "MyCiTi", "network": "Cape Town IRT" }, "geometry": { "type": "Point", "coordinates": [ 18.4493575, -33.926685500000019 ] } },
{ "type": "Feature", "properties": { "name": "Davison", "operator": "MyCiTi", "network": "Cape Town IRT" }, "geometry": { "type": "Point", "coordinates": [ 18.4463447, -33.9265135 ] } },
{ "type": "Feature", "properties": { "name": "Davison", "operator": "MyCiTi", "network": "Cape Town IRT" }, "geometry": { "type": "Point", "coordinates": [ 18.4470412, -33.9264517 ] } },
{ "type": "Feature", "properties": { "name": "Barron", "operator": "MyCiTi", "network": "Cape Town IRT" }, "geometry": { "type": "Point", "coordinates": [ 18.443155, -33.9263575 ] } },
{ "type": "Feature", "properties": { "name": "Barron", "operator": "MyCiTi", "network": "Cape Town IRT" }, "geometry": { "type": "Point", "coordinates": [ 18.4435368, -33.9262106 ] } },
{ "type": "Feature", "properties": { "name": "Lord Caledon", "operator": "MyCiTi", "network": null }, "geometry": { "type": "Point", "coordinates": [ 18.4744003, -33.510898 ] } },
{ "type": "Feature", "properties": { "name": "Enon", "operator": "MyCiTi", "network": null }, "geometry": { "type": "Point", "coordinates": [ 18.4748243, -33.5132775 ] } },
{ "type": "Feature", "properties": { "name": "Goedverwacht", "operator": "MyCiTi", "network": null }, "geometry": { "type": "Point", "coordinates": [ 18.4709882, -33.5130894 ] } },
{ "type": "Feature", "properties": { "name": "Crown", "operator": "MyCiTi", "network": "Cape Town IRT" }, "geometry": { "type": "Point", "coordinates": [ 18.4639653, -33.5140064 ] } },
{ "type": "Feature", "properties": { "name": "Enon", "operator": "MyCiTi", "network": null }, "geometry": { "type": "Point", "coordinates": [ 18.4747284, -33.512796700000017 ] } },
{ "type": "Feature", "properties": { "name": "Paradise", "operator": "MyCiTi", "network": null }, "geometry": { "type": "Point", "coordinates": [ 18.4664615, -33.5129027 ] } },
{ "type": "Feature", "properties": { "name": "Paradise", "operator": "MyCiTi", "network": null }, "geometry": { "type": "Point", "coordinates": [ 18.4661323, -33.5132046 ] } },
{ "type": "Feature", "properties": { "name": "Goedverwacht", "operator": "MyCiTi", "network": null }, "geometry": { "type": "Point", "coordinates": [ 18.4720309, -33.5122716 ] } },
{ "type": "Feature", "properties": { "name": "Denne East", "operator": "MyCiTi", "network": null }, "geometry": { "type": "Point", "coordinates": [ 18.4786065, -33.5100461 ] } },
{ "type": "Feature", "properties": { "name": "Denne West", "operator": "MyCiTI", "network": null }, "geometry": { "type": "Point", "coordinates": [ 18.4739517, -33.5084217 ] } },
{ "type": "Feature", "properties": { "name": "Frans", "operator": "MyCiTi", "network": null }, "geometry": { "type": "Point", "coordinates": [ 18.4807968, -33.5137175 ] } },
{ "type": "Feature", "properties": { "name": "Frans", "operator": "MyCiTi", "network": null }, "geometry": { "type": "Point", "coordinates": [ 18.4810522, -33.5139434 ] } },
{ "type": "Feature", "properties": { "name": "PM Louw", "operator": "MyCiTi", "network": null }, "geometry": { "type": "Point", "coordinates": [ 18.4776919, -33.5171186 ] } },
{ "type": "Feature", "properties": { "name": "PM Louw", "operator": "MyCiTi", "network": null }, "geometry": { "type": "Point", "coordinates": [ 18.4777952, -33.5170392 ] } },
{ "type": "Feature", "properties": { "name": "Silverstream", "operator": "MyCiTi", "network": null }, "geometry": { "type": "Point", "coordinates": [ 18.4825123, -33.5205829 ] } },
{ "type": "Feature", "properties": { "name": "Silverstream", "operator": "MyCiTi", "network": null }, "geometry": { "type": "Point", "coordinates": [ 18.4825766, -33.5204331 ] } },
{ "type": "Feature", "properties": { "name": "Tsitsikamma", "operator": "MyCiTi", "network": null }, "geometry": { "type": "Point", "coordinates": [ 18.4944785, -33.547772 ] } },
{ "type": "Feature", "properties": { "name": "Atlantis Cemetery", "operator": "MyCiTi", "network": null }, "geometry": { "type": "Point", "coordinates": [ 18.4903244, -33.5401594 ] } },
{ "type": "Feature", "properties": { "name": "Atlantis Cemetery", "operator": "MyCiTi", "network": null }, "geometry": { "type": "Point", "coordinates": [ 18.4916597, -33.53992 ] } },
{ "type": "Feature", "properties": { "name": "Tsitsikamma", "operator": "MyCiTI", "network": null }, "geometry": { "type": "Point", "coordinates": [ 18.4942837, -33.5475594 ] } },
{ "type": "Feature", "properties": { "name": "Johannes", "operator": "MyCiTi", "network": null }, "geometry": { "type": "Point", "coordinates": [ 18.4786964, -33.5137162 ] } },
{ "type": "Feature", "properties": { "name": "Pella North", "operator": "MyCiTi", "network": null }, "geometry": { "type": "Point", "coordinates": [ 18.5203175, -33.5369393 ] } },
{ "type": "Feature", "properties": { "name": null, "operator": "MyCiTi", "network": null }, "geometry": { "type": "Point", "coordinates": [ 18.520738, -33.538846 ] } },
{ "type": "Feature", "properties": { "name": "Pella South", "operator": "MyCiTi", "network": null }, "geometry": { "type": "Point", "coordinates": [ 18.5201434, -33.5423348 ] } },
{ "type": "Feature", "properties": { "name": "Pella South", "operator": "MyCiTi", "network": null }, "geometry": { "type": "Point", "coordinates": [ 18.5196767, -33.5425036 ] } },
{ "type": "Feature", "properties": { "name": "Atlantis Cemetry", "operator": "MyCiTi", "network": null }, "geometry": { "type": "Point", "coordinates": [ 18.4922595, -33.539864200000011 ] } },
{ "type": "Feature", "properties": { "name": "Montreal", "operator": "MyCiTi", "network": null }, "geometry": { "type": "Point", "coordinates": [ 18.493571, -33.5521539 ] } },
{ "type": "Feature", "properties": { "name": "Charel Uys North", "operator": "MyCiTi", "network": null }, "geometry": { "type": "Point", "coordinates": [ 18.4939486, -33.5556608 ] } },
{ "type": "Feature", "properties": { "name": "Charel Uys North", "operator": "MyCiTi", "network": null }, "geometry": { "type": "Point", "coordinates": [ 18.4938051, -33.5557189 ] } },
{ "type": "Feature", "properties": { "name": "Arion", "operator": "MyCITi", "network": null }, "geometry": { "type": "Point", "coordinates": [ 18.4960814, -33.5590927 ] } },
{ "type": "Feature", "properties": { "name": "Arion", "operator": "MyCITi", "network": null }, "geometry": { "type": "Point", "coordinates": [ 18.4962799, -33.5590816 ] } },
{ "type": "Feature", "properties": { "name": "Sand", "operator": "MyCiTi", "network": null }, "geometry": { "type": "Point", "coordinates": [ 18.4682174, -33.5118163 ] } },
{ "type": "Feature", "properties": { "name": "Deerlodge", "operator": "MyCiTi", "network": null }, "geometry": { "type": "Point", "coordinates": [ 18.4980726, -33.5515557 ] } },
{ "type": "Feature", "properties": { "name": "Deerlodge", "operator": "MyCiTi", "network": null }, "geometry": { "type": "Point", "coordinates": [ 18.4978822, -33.5515289 ] } },
{ "type": "Feature", "properties": { "name": "Malvern", "operator": "MyCiTi", "network": null }, "geometry": { "type": "Point", "coordinates": [ 18.5015008, -33.5551462 ] } },
{ "type": "Feature", "properties": { "name": "Malvern", "operator": "MyCiTi", "network": null }, "geometry": { "type": "Point", "coordinates": [ 18.5016241, -33.5553206 ] } },
{ "type": "Feature", "properties": { "name": "Castlehill", "operator": "MyCiTi", "network": null }, "geometry": { "type": "Point", "coordinates": [ 18.5047314, -33.5565493 ] } },
{ "type": "Feature", "properties": { "name": "Castlehill", "operator": "MyCiTi", "network": null }, "geometry": { "type": "Point", "coordinates": [ 18.5050506, -33.5568197 ] } },
{ "type": "Feature", "properties": { "name": "Montreal South", "operator": "MyCiTi", "network": null }, "geometry": { "type": "Point", "coordinates": [ 18.5065818, -33.5613119 ] } },
{ "type": "Feature", "properties": { "name": "Montreal South", "operator": "MyCiTi", "network": null }, "geometry": { "type": "Point", "coordinates": [ 18.5065077, -33.5617006 ] } },
{ "type": "Feature", "properties": { "name": "Klipheuwel", "operator": "MyCiTi", "network": null }, "geometry": { "type": "Point", "coordinates": [ 18.5059632, -33.5624449 ] } },
{ "type": "Feature", "properties": { "name": "Klipheuwel", "operator": "MyCiTi", "network": null }, "geometry": { "type": "Point", "coordinates": [ 18.5056829, -33.5624382 ] } },
{ "type": "Feature", "properties": { "name": "Capitoline", "operator": "MyCiTi", "network": null }, "geometry": { "type": "Point", "coordinates": [ 18.5022047, -33.5613438 ] } },
{ "type": "Feature", "properties": { "name": "Capitoline", "operator": "MyCiTi", "network": null }, "geometry": { "type": "Point", "coordinates": [ 18.5023543, -33.5614125 ] } },
{ "type": "Feature", "properties": { "name": "Caelian", "operator": "MyCiTi", "network": null }, "geometry": { "type": "Point", "coordinates": [ 18.501871, -33.559725900000018 ] } },
{ "type": "Feature", "properties": { "name": "Caelian", "operator": "MyCiTi", "network": null }, "geometry": { "type": "Point", "coordinates": [ 18.5017623, -33.5599717 ] } },
{ "type": "Feature", "properties": { "name": "Brecon", "operator": "MyCiTi", "network": null }, "geometry": { "type": "Point", "coordinates": [ 18.4996579, -33.5607634 ] } },
{ "type": "Feature", "properties": { "name": "Brecon", "operator": "MyCiTi", "network": null }, "geometry": { "type": "Point", "coordinates": [ 18.4996136, -33.5609333 ] } },
{ "type": "Feature", "properties": { "name": "Carmel", "operator": "MyCiTi", "network": null }, "geometry": { "type": "Point", "coordinates": [ 18.5000207, -33.562426900000013 ] } },
{ "type": "Feature", "properties": { "name": "Carmel", "operator": "MyCiTi", "network": null }, "geometry": { "type": "Point", "coordinates": [ 18.4999376, -33.5623542 ] } },
{ "type": "Feature", "properties": { "name": "Sampson", "operator": "MyCiTi", "network": null }, "geometry": { "type": "Point", "coordinates": [ 18.4974133, -33.564030299999985 ] } },
{ "type": "Feature", "properties": { "name": "Sampson", "operator": "MyCiTi", "network": null }, "geometry": { "type": "Point", "coordinates": [ 18.4975984, -33.564208 ] } },
{ "type": "Feature", "properties": { "name": "Wesfleur Hospital", "operator": "MyCiTi", "network": null }, "geometry": { "type": "Point", "coordinates": [ 18.49403, -33.5649182 ] } },
{ "type": "Feature", "properties": { "name": "Wesfleur Hospital", "operator": "MyCiTi", "network": null }, "geometry": { "type": "Point", "coordinates": [ 18.4932897, -33.5655619 ] } },
{ "type": "Feature", "properties": { "name": "Upper Portswood", "operator": "MyCiTi", "network": "Cape Town IRT" }, "geometry": { "type": "Point", "coordinates": [ 18.4130524, -33.909233 ] } },
{ "type": "Feature", "properties": { "name": "Upper Portswood", "operator": "MyCiTi", "network": "Cape Town IRT" }, "geometry": { "type": "Point", "coordinates": [ 18.4132369, -33.909138299999988 ] } },
{ "type": "Feature", "properties": { "name": "Woodstock", "operator": "MyCiTi", "network": "Cape Town IRT" }, "geometry": { "type": "Point", "coordinates": [ 18.4464479, -33.9230162 ] } },
{ "type": "Feature", "properties": { "name": "Riebeek", "operator": "MyCiTi", "network": "Cape Town IRT" }, "geometry": { "type": "Point", "coordinates": [ 18.4219806, -33.9190405 ] } },
{ "type": "Feature", "properties": { "name": "Silo", "operator": "Cape Town IRT", "network": "MyCiTi" }, "geometry": { "type": "Point", "coordinates": [ 18.4235203, -33.9094421 ] } },
{ "type": "Feature", "properties": { "name": "Ellerton", "operator": "MyCiTi", "network": "Cape Town IRT" }, "geometry": { "type": "Point", "coordinates": [ 18.3982919, -33.908193199999985 ] } },
{ "type": "Feature", "properties": { "name": "Sea Point High", "operator": "MyCiTi", "network": "Cape Town IRT" }, "geometry": { "type": "Point", "coordinates": [ 18.3941583, -33.910705599999986 ] } },
{ "type": "Feature", "properties": { "name": "Gallows Hill", "operator": "MyCiTi", "network": "Cape Town IRT" }, "geometry": { "type": "Point", "coordinates": [ 18.4160684, -33.9119932 ] } },
{ "type": "Feature", "properties": { "name": "Gallows Hill", "operator": "MyCiTi", "network": "Cape Town IRT" }, "geometry": { "type": "Point", "coordinates": [ 18.4163442, -33.9119859 ] } },
{ "type": "Feature", "properties": { "name": "Hill", "operator": "MyCiTi", "network": "Cape Town IRT" }, "geometry": { "type": "Point", "coordinates": [ 18.4025056, -33.9077409 ] } },
{ "type": "Feature", "properties": { "name": "Hill", "operator": "MyCiTi", "network": "Cape Town IRT" }, "geometry": { "type": "Point", "coordinates": [ 18.4033407, -33.9078906 ] } },
{ "type": "Feature", "properties": { "name": "Alfred", "operator": "MyCiTi", "network": "Cape Town IRT" }, "geometry": { "type": "Point", "coordinates": [ 18.4181814, -33.915401 ] } },
{ "type": "Feature", "properties": { "name": "Alfred", "operator": "MyCiTi", "network": "Cape Town IRT" }, "geometry": { "type": "Point", "coordinates": [ 18.4186533, -33.9159843 ] } },
{ "type": "Feature", "properties": { "name": "Riebeek", "operator": "MyCiTi", "network": "Cape Town IRT" }, "geometry": { "type": "Point", "coordinates": [ 18.4207923, -33.9182966 ] } },
{ "type": "Feature", "properties": { "name": "Camberwell", "operator": "MyCiTi", "network": "Cape Town IRT" }, "geometry": { "type": "Point", "coordinates": [ 18.3963556, -33.9088264 ] } },
{ "type": "Feature", "properties": { "name": "Camberwell", "operator": "MyCiTi", "network": "Cape Town IRT" }, "geometry": { "type": "Point", "coordinates": [ 18.39586, -33.9092632 ] } },
{ "type": "Feature", "properties": { "name": "Firmount", "operator": "MyCiTi", "network": "Cape Town IRT" }, "geometry": { "type": "Point", "coordinates": [ 18.3924537, -33.9124565 ] } },
{ "type": "Feature", "properties": { "name": "Sea Point", "operator": "MyCiTi", "network": "Cape Town IRT" }, "geometry": { "type": "Point", "coordinates": [ 18.3901006, -33.9154273 ] } },
{ "type": "Feature", "properties": { "name": "Valley", "operator": "MyCiTi", "network": "Cape Town IRT" }, "geometry": { "type": "Point", "coordinates": [ 18.351244, -34.0305157 ] } },
{ "type": "Feature", "properties": { "name": "Imizamo Yethu", "operator": "MyCiTi", "network": "Cape Town IRT" }, "geometry": { "type": "Point", "coordinates": [ 18.3557288, -34.0299747 ] } },
{ "type": "Feature", "properties": { "name": "Imizamo Yethu", "operator": "MyCiTi", "network": "Cape Town IRT" }, "geometry": { "type": "Point", "coordinates": [ 18.3552255, -34.0299003 ] } },
{ "type": "Feature", "properties": { "name": "Waterfront", "operator": "MyCiTi", "network": "Cape Town IRT" }, "geometry": { "type": "Point", "coordinates": [ 18.4207597, -33.902197799999989 ] } },
{ "type": "Feature", "properties": { "name": "Waterfront", "operator": "MyCiTi", "network": "Cape Town IRT" }, "geometry": { "type": "Point", "coordinates": [ 18.4209877, -33.9017154 ] } },
{ "type": "Feature", "properties": { "name": "Section", "operator": "MyCiTi", "network": "Cape Town IRT" }, "geometry": { "type": "Point", "coordinates": [ 18.4727427, -33.911689 ] } },
{ "type": "Feature", "properties": { "name": "Vrystaat", "operator": "MyCiTi", "network": "Cape Town IRT" }, "geometry": { "type": "Point", "coordinates": [ 18.4767667, -33.9071074 ] } },
{ "type": "Feature", "properties": { "name": "Zoarvlei", "operator": "MyCiTi", "network": "Cape Town IRT" }, "geometry": { "type": "Point", "coordinates": [ 18.4809586, -33.900566 ] } },
{ "type": "Feature", "properties": { "name": "Woodbridge", "operator": "MyCiTi", "network": "Cape Town IRT" }, "geometry": { "type": "Point", "coordinates": [ 18.491399, -33.8833125 ] } },
{ "type": "Feature", "properties": { "name": "Milnerton", "operator": "MyCiTi", "network": "Cape Town IRT" }, "geometry": { "type": "Point", "coordinates": [ 18.4955174, -33.8719029 ] } },
{ "type": "Feature", "properties": { "name": "Sunset Beach", "operator": "MyCiTi", "network": "Cape Town IRT" }, "geometry": { "type": "Point", "coordinates": [ 18.4965317, -33.854090500000012 ] } },
{ "type": "Feature", "properties": { "name": "Grey", "operator": "MyCiTi", "network": "Cape Town IRT" }, "geometry": { "type": "Point", "coordinates": [ 18.4967416, -33.8269682 ] } },
{ "type": "Feature", "properties": { "name": "Grey", "operator": "MyCiTi", "network": "Cape Town IRT" }, "geometry": { "type": "Point", "coordinates": [ 18.4968393, -33.8267875 ] } },
{ "type": "Feature", "properties": { "name": "Killarney", "operator": "MyCiTi", "network": "Cape Town IRT" }, "geometry": { "type": "Point", "coordinates": [ 18.530743, -33.8244736 ] } },
{ "type": "Feature", "properties": { "name": "Potsdam", "operator": "MyCiTi", "network": "Cape Town IRT" }, "geometry": { "type": "Point", "coordinates": [ 18.5260661, -33.8336907 ] } },
{ "type": "Feature", "properties": { "name": "Neptune", "operator": "MyCiTi", "network": "Cape Town IRT" }, "geometry": { "type": "Point", "coordinates": [ 18.4699665, -33.9148512 ] } },
{ "type": "Feature", "properties": { "name": "Paarden Eiland", "operator": "MyCiTi", "network": "Cape Town IRT" }, "geometry": { "type": "Point", "coordinates": [ 18.4673752, -33.9177359 ] } },
{ "type": "Feature", "properties": { "name": "Lower Victoria", "operator": "MyCiTi", "network": "Cape Town IRT" }, "geometry": { "type": "Point", "coordinates": [ 18.3505938, -34.043159800000012 ] } },
{ "type": "Feature", "properties": { "name": "Oceana", "operator": "MyCiTi", "network": "Cape Town IRT" }, "geometry": { "type": "Point", "coordinates": [ 18.3447387, -34.0558699 ] } },
{ "type": "Feature", "properties": { "name": "Bayview", "operator": "MyCiTi", "network": "Cape Town IRT" }, "geometry": { "type": "Point", "coordinates": [ 18.3415022, -34.0539375 ] } },
{ "type": "Feature", "properties": { "name": "Marlin", "operator": "MyCiTi", "network": "Cape Town IRT" }, "geometry": { "type": "Point", "coordinates": [ 18.3416088, -34.052497700000018 ] } },
{ "type": "Feature", "properties": { "name": "Sanddrift", "operator": "MyCiTi", "network": "Cape Town IRT" }, "geometry": { "type": "Point", "coordinates": [ 18.510323, -33.884008800000011 ] } },
{ "type": "Feature", "properties": { "name": "Corsair", "operator": "MyCiTi", "network": "Cape Town IRT" }, "geometry": { "type": "Point", "coordinates": [ 18.501963, -33.879272 ] } },
{ "type": "Feature", "properties": { "name": "Corsair", "operator": "MyCiTi", "network": "Cape Town IRT" }, "geometry": { "type": "Point", "coordinates": [ 18.5049335, -33.8798927 ] } },
{ "type": "Feature", "properties": { "name": "Zastron", "operator": "MyCiTi", "network": "Cape Town IRT" }, "geometry": { "type": "Point", "coordinates": [ 18.5009838, -33.876283 ] } },
{ "type": "Feature", "properties": { "name": "Crassula", "operator": "MyCiTi", "network": "Cape Town IRT" }, "geometry": { "type": "Point", "coordinates": [ 18.5030785, -33.8730537 ] } },
{ "type": "Feature", "properties": { "name": "Crassula", "operator": "MyCiTi", "network": "Cape Town IRT" }, "geometry": { "type": "Point", "coordinates": [ 18.5023104, -33.8745717 ] } },
{ "type": "Feature", "properties": { "name": "Gousblom", "operator": "MyCiTi", "network": "Cape Town IRT" }, "geometry": { "type": "Point", "coordinates": [ 18.5044808, -33.8717493 ] } },
{ "type": "Feature", "properties": { "name": "Berkshire West", "operator": "MyCiTi", "network": "Cape Town IRT" }, "geometry": { "type": "Point", "coordinates": [ 18.4786167, -33.787844 ] } },
{ "type": "Feature", "properties": { "name": "Porterfield", "operator": "MyCiTi", "network": "Cape Town IRT" }, "geometry": { "type": "Point", "coordinates": [ 18.488445, -33.8148063 ] } },
{ "type": "Feature", "properties": { "name": "Porterfield", "operator": "MyCiTi", "network": "Cape Town IRT" }, "geometry": { "type": "Point", "coordinates": [ 18.4885544, -33.8147922 ] } },
{ "type": "Feature", "properties": { "name": "Birkenhead", "operator": "MyCiTi", "network": "Cape Town IRT" }, "geometry": { "type": "Point", "coordinates": [ 18.455585, -33.7364404 ] } },
{ "type": "Feature", "properties": { "name": "Birkenhead", "operator": "MyCiTi", "network": "Cape Town IRT" }, "geometry": { "type": "Point", "coordinates": [ 18.4553354, -33.7364381 ] } },
{ "type": "Feature", "properties": { "name": "Koeberg Power Station", "operator": "MyCiTi", "network": "Cape Town IRT" }, "geometry": { "type": "Point", "coordinates": [ 18.4563343, -33.6762121 ] } },
{ "type": "Feature", "properties": { "name": "Koeberg Power Station", "operator": "MyCiTi", "network": "Cape Town IRT" }, "geometry": { "type": "Point", "coordinates": [ 18.4565665, -33.6774266 ] } },
{ "type": "Feature", "properties": { "name": "Ankerlig Power Station", "operator": "MyCiTi", "network": "Cape Town IRT" }, "geometry": { "type": "Point", "coordinates": [ 18.4619288, -33.5953369 ] } },
{ "type": "Feature", "properties": { "name": "Ankerlig Power Station", "operator": "MyCiTi", "network": "Cape Town IRT" }, "geometry": { "type": "Point", "coordinates": [ 18.4616925, -33.5955513 ] } },
{ "type": "Feature", "properties": { "name": "Duynefontein", "operator": "MyCiTi", "network": "Cape Town IRT" }, "geometry": { "type": "Point", "coordinates": [ 18.4561598, -33.6895261 ] } },
{ "type": "Feature", "properties": { "name": "Duynefontein", "operator": "MyCiTi", "network": "Cape Town IRT" }, "geometry": { "type": "Point", "coordinates": [ 18.4563762, -33.6914246 ] } },
{ "type": "Feature", "properties": { "name": "Melkbosch", "operator": "MyCiTi", "network": "Cape Town IRT" }, "geometry": { "type": "Point", "coordinates": [ 18.4555401, -33.7249639 ] } },
{ "type": "Feature", "properties": { "name": "Neil Hare", "operator": "MyCiTi", "network": "Cape Town IRT" }, "geometry": { "type": "Point", "coordinates": [ 18.4743614, -33.5870449 ] } },
{ "type": "Feature", "properties": { "name": "Neil Hare", "operator": "MyCiTi", "network": "Cape Town IRT" }, "geometry": { "type": "Point", "coordinates": [ 18.4745515, -33.5870185 ] } },
{ "type": "Feature", "properties": { "name": "Gerwyn Owen", "operator": "MyCiTi", "network": "Cape Town IRT" }, "geometry": { "type": "Point", "coordinates": [ 18.4814823, -33.5882725 ] } },
{ "type": "Feature", "properties": { "name": "Gerwyn Owen", "operator": "MyCiTi", "network": "Cape Town IRT" }, "geometry": { "type": "Point", "coordinates": [ 18.4813469, -33.5884093 ] } },
{ "type": "Feature", "properties": { "name": "Charel Uys South", "operator": "MyCiTi", "network": "Cape Town IRT" }, "geometry": { "type": "Point", "coordinates": [ 18.4861243, -33.5836259 ] } },
{ "type": "Feature", "properties": { "name": "Charel Uys South", "operator": "MyCiTi", "network": "Cape Town IRT" }, "geometry": { "type": "Point", "coordinates": [ 18.4860464, -33.5833015 ] } },
{ "type": "Feature", "properties": { "name": "Starke", "operator": "MyCiTi", "network": "Cape Town IRT" }, "geometry": { "type": "Point", "coordinates": [ 18.4870857, -33.5800375 ] } },
{ "type": "Feature", "properties": { "name": "Starke", "operator": "MyCiTi", "network": "Cape Town IRT" }, "geometry": { "type": "Point", "coordinates": [ 18.4872786, -33.5800245 ] } },
{ "type": "Feature", "properties": { "name": "Dahlia", "operator": "MyCiTi", "network": "Cape Town IRT" }, "geometry": { "type": "Point", "coordinates": [ 18.4895727, -33.5742614 ] } },
{ "type": "Feature", "properties": { "name": "Dahlia", "operator": "MyCiTi", "network": "Cape Town IRT" }, "geometry": { "type": "Point", "coordinates": [ 18.4893363, -33.5743858 ] } },
{ "type": "Feature", "properties": { "name": "Grosvenor", "operator": "MyCiTi", "network": "Cape Town IRT" }, "geometry": { "type": "Point", "coordinates": [ 18.4904317, -33.5724675 ] } },
{ "type": "Feature", "properties": { "name": "Grosvenor", "operator": "MyCiTi", "network": "Cape Town IRT" }, "geometry": { "type": "Point", "coordinates": [ 18.491032, -33.5718817 ] } },
{ "type": "Feature", "properties": { "name": "Charel Uys", "operator": "MyCiTi", "network": "Cape Town IRT" }, "geometry": { "type": "Point", "coordinates": [ 18.4926185, -33.5696336 ] } },
{ "type": "Feature", "properties": { "name": "Charel Uys", "operator": "MyCiTi", "network": "Cape Town IRT" }, "geometry": { "type": "Point", "coordinates": [ 18.4923545, -33.5697454 ] } },
{ "type": "Feature", "properties": { "name": "Reygersdal", "operator": "MyCiTi", "network": "Cape Town IRT" }, "geometry": { "type": "Point", "coordinates": [ 18.4938811, -33.566717 ] } },
{ "type": "Feature", "properties": { "name": "Reygersdal", "operator": "MyCiTi", "network": "Cape Town IRT" }, "geometry": { "type": "Point", "coordinates": [ 18.4940201, -33.5666046 ] } },
{ "type": "Feature", "properties": { "name": "Moravia", "operator": "MyCiTi", "network": "Cape Town IRT" }, "geometry": { "type": "Point", "coordinates": [ 18.4760492, -33.5148734 ] } },
{ "type": "Feature", "properties": { "name": "Moravia", "operator": "MyCiTi", "network": "Cape Town IRT" }, "geometry": { "type": "Point", "coordinates": [ 18.4764444, -33.5151957 ] } },
{ "type": "Feature", "properties": { "name": "Melkbosstrand", "operator": "MyCiTi", "network": "Cape Town IRT" }, "geometry": { "type": "Point", "coordinates": [ 18.4426014, -33.7306203 ] } },
{ "type": "Feature", "properties": { "name": "Melkbosstrand", "operator": "MyCiTi", "network": "Cape Town IRT" }, "geometry": { "type": "Point", "coordinates": [ 18.4425382, -33.7305905 ] } },
{ "type": "Feature", "properties": { "name": "Sesame", "operator": "MyCiTi", "network": "Cape Town IRT" }, "geometry": { "type": "Point", "coordinates": [ 18.6086056, -34.022773400000013 ] } },
{ "type": "Feature", "properties": { "name": "Sesame", "operator": "MyCiTi", "network": "Cape Town IRT" }, "geometry": { "type": "Point", "coordinates": [ 18.6078426, -34.0220655 ] } },
{ "type": "Feature", "properties": { "name": "Higlands", "operator": "MyCiTi", "network": "Cape Town IRT" }, "geometry": { "type": "Point", "coordinates": [ 18.6110873, -34.0278128 ] } },
{ "type": "Feature", "properties": { "name": "Higlands", "operator": "MyCiTi", "network": "Cape Town IRT" }, "geometry": { "type": "Point", "coordinates": [ 18.610998, -34.0278394 ] } },
{ "type": "Feature", "properties": { "name": "Higlands", "operator": "MyCiTi", "network": "Cape Town IRT" }, "geometry": { "type": "Point", "coordinates": [ 18.6097944, -34.0260732 ] } },
{ "type": "Feature", "properties": { "name": "Higlands", "operator": "MyCiTi", "network": "Cape Town IRT" }, "geometry": { "type": "Point", "coordinates": [ 18.6098833, -34.0260531 ] } },
{ "type": "Feature", "properties": { "name": "Marguerite", "operator": "MyCiTi", "network": "Cape Town IRT" }, "geometry": { "type": "Point", "coordinates": [ 18.6152798, -34.032445800000012 ] } },
{ "type": "Feature", "properties": { "name": "Marguerite", "operator": "MyCiTi", "network": "Cape Town IRT" }, "geometry": { "type": "Point", "coordinates": [ 18.6142202, -34.0313679 ] } },
{ "type": "Feature", "properties": { "name": "Morgenster", "operator": "MyCiTi", "network": "Cape Town IRT" }, "geometry": { "type": "Point", "coordinates": [ 18.61771, -34.037181100000019 ] } },
{ "type": "Feature", "properties": { "name": "Morgenster", "operator": "MyCiTi", "network": "Cape Town IRT" }, "geometry": { "type": "Point", "coordinates": [ 18.6176114, -34.0372013 ] } },
{ "type": "Feature", "properties": { "name": "Morgenster", "operator": "MyCiTi", "network": "Cape Town IRT" }, "geometry": { "type": "Point", "coordinates": [ 18.6168413, -34.0363133 ] } },
{ "type": "Feature", "properties": { "name": "Morgenster", "operator": "MyCiTi", "network": "Cape Town IRT" }, "geometry": { "type": "Point", "coordinates": [ 18.6169424, -34.0362887 ] } },
{ "type": "Feature", "properties": { "name": "Kerrem", "operator": "MyCiTi", "network": "Cape Town IRT" }, "geometry": { "type": "Point", "coordinates": [ 18.6190305, -34.0401338 ] } },
{ "type": "Feature", "properties": { "name": "Kerrem", "operator": "MyCiTi", "network": "Cape Town IRT" }, "geometry": { "type": "Point", "coordinates": [ 18.6190074, -34.0405583 ] } },
{ "type": "Feature", "properties": { "name": "Buick", "operator": "MyCiTi", "network": "Cape Town IRT" }, "geometry": { "type": "Point", "coordinates": [ 18.6206958, -34.043317300000012 ] } },
{ "type": "Feature", "properties": { "name": "Buick", "operator": "MyCiTi", "network": "Cape Town IRT" }, "geometry": { "type": "Point", "coordinates": [ 18.6205949, -34.0433493 ] } },
{ "type": "Feature", "properties": { "name": "Pontiac", "operator": "MyCiTi", "network": "Cape Town IRT" }, "geometry": { "type": "Point", "coordinates": [ 18.6222134, -34.0456335 ] } },
{ "type": "Feature", "properties": { "name": "Pontiac", "operator": "MyCiTi", "network": "Cape Town IRT" }, "geometry": { "type": "Point", "coordinates": [ 18.6210056, -34.044464 ] } },
{ "type": "Feature", "properties": { "name": "Mitchells Plain", "operator": "MyCiTi", "network": "Cape Town IRT" }, "geometry": { "type": "Point", "coordinates": [ 18.620957, -34.0480204 ] } },
{ "type": "Feature", "properties": { "name": "Mitchells Plain", "operator": "MyCiTi", "network": "Cape Town IRT" }, "geometry": { "type": "Point", "coordinates": [ 18.6210801, -34.0479937 ] } },
{ "type": "Feature", "properties": { "name": "Castle", "operator": "MyCiTi", "network": "Cape Town IRT" }, "geometry": { "type": "Point", "coordinates": [ 18.4258419, -33.9237755 ] } },
{ "type": "Feature", "properties": { "name": "Castle", "operator": "MyCiTi", "network": "Cape Town IRT" }, "geometry": { "type": "Point", "coordinates": [ 18.4257808, -33.9238306 ] } },
{ "type": "Feature", "properties": { "name": "Castle", "operator": "MyCiTi", "network": "Cape Town IRT" }, "geometry": { "type": "Point", "coordinates": [ 18.4257549, -33.924080399999987 ] } },
{ "type": "Feature", "properties": { "name": "Castle", "operator": "MyCiTi", "network": "Cape Town IRT" }, "geometry": { "type": "Point", "coordinates": [ 18.4257979, -33.924017 ] } },
{ "type": "Feature", "properties": { "name": "Russel", "operator": "MyCiTi", "network": "Cape Town IRT" }, "geometry": { "type": "Point", "coordinates": [ 18.4356022, -33.9266027 ] } },
{ "type": "Feature", "properties": { "name": "Russel", "operator": "MyCiTi", "network": "Cape Town IRT" }, "geometry": { "type": "Point", "coordinates": [ 18.4358743, -33.9268368 ] } },
{ "type": "Feature", "properties": { "name": "Russel", "operator": "MyCiTi", "network": "Cape Town IRT" }, "geometry": { "type": "Point", "coordinates": [ 18.435857, -33.9267629 ] } },
{ "type": "Feature", "properties": { "name": "Russel", "operator": "MyCiTi", "network": "Cape Town IRT" }, "geometry": { "type": "Point", "coordinates": [ 18.4356111, -33.9266537 ] } },
{ "type": "Feature", "properties": { "name": "Barron", "operator": "MyCiTi", "network": "Cape Town IRT" }, "geometry": { "type": "Point", "coordinates": [ 18.4435378, -33.9262903 ] } },
{ "type": "Feature", "properties": { "name": "Barron", "operator": "MyCiTi", "network": "Cape Town IRT" }, "geometry": { "type": "Point", "coordinates": [ 18.443153, -33.9262901 ] } },
{ "type": "Feature", "properties": { "name": "Brook", "operator": "MyCiTi", "network": "Cape Town IRT" }, "geometry": { "type": "Point", "coordinates": [ 18.4403265, -33.9262379 ] } },
{ "type": "Feature", "properties": { "name": "Brook", "operator": "MyCiTi", "network": "Cape Town IRT" }, "geometry": { "type": "Point", "coordinates": [ 18.4399625, -33.9263846 ] } },
{ "type": "Feature", "properties": { "name": "Brook", "operator": "MyCiTi", "network": "Cape Town IRT" }, "geometry": { "type": "Point", "coordinates": [ 18.4399602, -33.9263023 ] } },
{ "type": "Feature", "properties": { "name": "Brook", "operator": "MyCiTi", "network": "Cape Town IRT" }, "geometry": { "type": "Point", "coordinates": [ 18.4403334, -33.926302 ] } },
{ "type": "Feature", "properties": { "name": "Davison", "operator": "MyCiTi", "network": "Cape Town IRT" }, "geometry": { "type": "Point", "coordinates": [ 18.4470276, -33.926517600000011 ] } },
{ "type": "Feature", "properties": { "name": "Davison", "operator": "MyCiTi", "network": "Cape Town IRT" }, "geometry": { "type": "Point", "coordinates": [ 18.4463519, -33.9264528 ] } },
{ "type": "Feature", "properties": { "name": "Lower Church", "operator": "MyCiTi", "network": "Cape Town IRT" }, "geometry": { "type": "Point", "coordinates": [ 18.4490179, -33.9267173 ] } },
{ "type": "Feature", "properties": { "name": "Lower Church", "operator": "MyCiTi", "network": "Cape Town IRT" }, "geometry": { "type": "Point", "coordinates": [ 18.4493516, -33.9267604 ] } },
{ "type": "Feature", "properties": { "name": "Dublin", "operator": "MyCiTi", "network": "Cape Town IRT" }, "geometry": { "type": "Point", "coordinates": [ 18.4529265, -33.9271749 ] } },
{ "type": "Feature", "properties": { "name": "Dublin", "operator": "MyCiTi", "network": "Cape Town IRT" }, "geometry": { "type": "Point", "coordinates": [ 18.4533958, -33.9272303 ] } },
{ "type": "Feature", "properties": { "name": "Biscuit Mill", "operator": "MyCiTi", "network": "Cape Town IRT" }, "geometry": { "type": "Point", "coordinates": [ 18.4577894, -33.9278707 ] } },
{ "type": "Feature", "properties": { "name": "Biscuit Mill", "operator": "MyCiTi", "network": "Cape Town IRT" }, "geometry": { "type": "Point", "coordinates": [ 18.4574945, -33.9277934 ] } },
{ "type": "Feature", "properties": { "name": "Salt River Hall", "operator": "MyCiTi", "network": "Cape Town IRT" }, "geometry": { "type": "Point", "coordinates": [ 18.4616676, -33.9275774 ] } },
{ "type": "Feature", "properties": { "name": "Salt River Hall", "operator": "MyCiTi", "network": "Cape Town IRT" }, "geometry": { "type": "Point", "coordinates": [ 18.4613235, -33.9277806 ] } },
{ "type": "Feature", "properties": { "name": "Salt River Rail North", "operator": "MyCiTi", "network": "Cape Town IRT" }, "geometry": { "type": "Point", "coordinates": [ 18.4652313, -33.9267006 ] } },
{ "type": "Feature", "properties": { "name": "Salt River Rail North", "operator": "MyCiTi", "network": "Cape Town IRT" }, "geometry": { "type": "Point", "coordinates": [ 18.4660395, -33.9262691 ] } },
{ "type": "Feature", "properties": { "name": "Loco", "operator": "MyCiTi", "network": "Cape Town IRT" }, "geometry": { "type": "Point", "coordinates": [ 18.4703638, -33.9257146 ] } },
{ "type": "Feature", "properties": { "name": "Loco", "operator": "MyCiTi", "network": "Cape Town IRT" }, "geometry": { "type": "Point", "coordinates": [ 18.4703565, -33.9256557 ] } },
{ "type": "Feature", "properties": { "name": "Loco", "operator": "MyCiTi", "network": "Cape Town IRT" }, "geometry": { "type": "Point", "coordinates": [ 18.4706901, -33.9255189 ] } },
{ "type": "Feature", "properties": { "name": "Loco", "operator": "MyCiTi", "network": "Cape Town IRT" }, "geometry": { "type": "Point", "coordinates": [ 18.4706801, -33.925469 ] } },
{ "type": "Feature", "properties": { "name": "Green", "operator": "MyCiTi", "network": "Cape Town IRT" }, "geometry": { "type": "Point", "coordinates": [ 18.4776244, -33.9245533 ] } },
{ "type": "Feature", "properties": { "name": "Green", "operator": "MyCiTi", "network": "Cape Town IRT" }, "geometry": { "type": "Point", "coordinates": [ 18.4779694, -33.9242778 ] } },
{ "type": "Feature", "properties": { "name": "Green", "operator": "MyCiTi", "network": "Cape Town IRT" }, "geometry": { "type": "Point", "coordinates": [ 18.4779783, -33.9243219 ] } },
{ "type": "Feature", "properties": { "name": "Green", "operator": "MyCiTi", "network": "Cape Town IRT" }, "geometry": { "type": "Point", "coordinates": [ 18.4776056, -33.924485700000012 ] } },
{ "type": "Feature", "properties": { "name": "Coronation", "operator": "MyCiTi", "network": "Cape Town IRT" }, "geometry": { "type": "Point", "coordinates": [ 18.4808811, -33.9224388 ] } },
{ "type": "Feature", "properties": { "name": "Coronation", "operator": "MyCiTi", "network": "Cape Town IRT" }, "geometry": { "type": "Point", "coordinates": [ 18.4807853, -33.9224412 ] } },
{ "type": "Feature", "properties": { "name": "Coronation", "operator": "MyCiTi", "network": "Cape Town IRT" }, "geometry": { "type": "Point", "coordinates": [ 18.4807859, -33.922951600000012 ] } },
{ "type": "Feature", "properties": { "name": "Coronation", "operator": "MyCiTi", "network": "Cape Town IRT" }, "geometry": { "type": "Point", "coordinates": [ 18.4808718, -33.922935 ] } },
{ "type": "Feature", "properties": { "name": "Conway", "operator": "MyCiTi", "network": "Cape Town IRT" }, "geometry": { "type": "Point", "coordinates": [ 18.4824907, -33.913997800000011 ] } },
{ "type": "Feature", "properties": { "name": "Conway", "operator": "MyCiTi", "network": "Cape Town IRT" }, "geometry": { "type": "Point", "coordinates": [ 18.4826568, -33.9141443 ] } },
{ "type": "Feature", "properties": { "name": "Conway", "operator": "MyCiTi", "network": "Cape Town IRT" }, "geometry": { "type": "Point", "coordinates": [ 18.4825881, -33.9141241 ] } },
{ "type": "Feature", "properties": { "name": "Conway", "operator": "MyCiTi", "network": "Cape Town IRT" }, "geometry": { "type": "Point", "coordinates": [ 18.48255, -33.9140062 ] } },
{ "type": "Feature", "properties": { "name": "Fenwick", "operator": "MyCiTi", "network": "Cape Town IRT" }, "geometry": { "type": "Point", "coordinates": [ 18.4840632, -33.910656 ] } },
{ "type": "Feature", "properties": { "name": "Fenwick", "operator": "MyCiTi", "network": "Cape Town IRT" }, "geometry": { "type": "Point", "coordinates": [ 18.4839892, -33.9112988 ] } },
{ "type": "Feature", "properties": { "name": "Fenwick", "operator": "MyCiTi", "network": "Cape Town IRT" }, "geometry": { "type": "Point", "coordinates": [ 18.4839246, -33.911282 ] } },
{ "type": "Feature", "properties": { "name": "Fenwick", "operator": "MyCiTi", "network": "Cape Town IRT" }, "geometry": { "type": "Point", "coordinates": [ 18.4841236, -33.91066570000001 ] } },
{ "type": "Feature", "properties": { "name": "Sheridan", "operator": "MyCiTi", "network": "Cape Town IRT" }, "geometry": { "type": "Point", "coordinates": [ 18.4855898, -33.907416 ] } },
{ "type": "Feature", "properties": { "name": "Sheridan", "operator": "MyCiTi", "network": "Cape Town IRT" }, "geometry": { "type": "Point", "coordinates": [ 18.48579, -33.9074923 ] } },
{ "type": "Feature", "properties": { "name": "Sheridan", "operator": "MyCiTi", "network": "Cape Town IRT" }, "geometry": { "type": "Point", "coordinates": [ 18.4856489, -33.907428 ] } },
{ "type": "Feature", "properties": { "name": "Sheridan", "operator": "MyCiTi", "network": "Cape Town IRT" }, "geometry": { "type": "Point", "coordinates": [ 18.485718, -33.9074675 ] } },
{ "type": "Feature", "properties": { "name": "Narwhal", "operator": "MyCiTi", "network": "Cape Town IRT" }, "geometry": { "type": "Point", "coordinates": [ 18.4881511, -33.90252 ] } },
{ "type": "Feature", "properties": { "name": "Narwhal", "operator": "MyCiTi", "network": "Cape Town IRT" }, "geometry": { "type": "Point", "coordinates": [ 18.4880225, -33.9021991 ] } },
{ "type": "Feature", "properties": { "name": "Narwhal", "operator": "MyCiTi", "network": "Cape Town IRT" }, "geometry": { "type": "Point", "coordinates": [ 18.4880827, -33.9022108 ] } },
{ "type": "Feature", "properties": { "name": "Dreyer", "operator": "MyCiTi", "network": "Cape Town IRT" }, "geometry": { "type": "Point", "coordinates": [ 18.4896424, -33.8988361 ] } },
{ "type": "Feature", "properties": { "name": "Dreyer", "operator": "MyCiTi", "network": "Cape Town IRT" }, "geometry": { "type": "Point", "coordinates": [ 18.4897104, -33.898856200000012 ] } },
{ "type": "Feature", "properties": { "name": "Dreyer", "operator": "MyCiTi", "network": "Cape Town IRT" }, "geometry": { "type": "Point", "coordinates": [ 18.4897912, -33.8991323 ] } },
{ "type": "Feature", "properties": { "name": "Dreyer", "operator": "MyCiTi", "network": "Cape Town IRT" }, "geometry": { "type": "Point", "coordinates": [ 18.4897338, -33.89911 ] } },
{ "type": "Feature", "properties": { "name": "Madeira", "operator": "MyCiTi", "network": "Cape Town IRT" }, "geometry": { "type": "Point", "coordinates": [ 18.491283, -33.8955085 ] } },
{ "type": "Feature", "properties": { "name": "Madeira", "operator": "MyCiTi", "network": "Cape Town IRT" }, "geometry": { "type": "Point", "coordinates": [ 18.491349, -33.8955213 ] } },
{ "type": "Feature", "properties": { "name": "Madeira", "operator": "MyCiTi", "network": "Cape Town IRT" }, "geometry": { "type": "Point", "coordinates": [ 18.4913731, -33.8958962 ] } },
{ "type": "Feature", "properties": { "name": "Madeira", "operator": "MyCiTi", "network": "Cape Town IRT" }, "geometry": { "type": "Point", "coordinates": [ 18.4913112, -33.8958743 ] } },
{ "type": "Feature", "properties": { "name": "Boundary", "operator": "MyCiTi", "network": "Cape Town IRT" }, "geometry": { "type": "Point", "coordinates": [ 18.4931057, -33.8915675 ] } },
{ "type": "Feature", "properties": { "name": "Boundary", "operator": "MyCiTi", "network": "Cape Town IRT" }, "geometry": { "type": "Point", "coordinates": [ 18.4931712, -33.8915783 ] } },
{ "type": "Feature", "properties": { "name": "Boundary", "operator": "MyCiTi", "network": "Cape Town IRT" }, "geometry": { "type": "Point", "coordinates": [ 18.4935009, -33.8914372 ] } },
{ "type": "Feature", "properties": { "name": "Boundary", "operator": "MyCiTi", "network": "Cape Town IRT" }, "geometry": { "type": "Point", "coordinates": [ 18.4934379, -33.891424 ] } },
{ "type": "Feature", "properties": { "name": "Tijgerhof", "operator": "MyCiTi", "network": "Cape Town IRT" }, "geometry": { "type": "Point", "coordinates": [ 18.4949882, -33.8871346 ] } },
{ "type": "Feature", "properties": { "name": "Tijgerhof", "operator": "MyCiTi", "network": "Cape Town IRT" }, "geometry": { "type": "Point", "coordinates": [ 18.494922, -33.8871189 ] } },
{ "type": "Feature", "properties": { "name": "Tijgerhof", "operator": "MyCiTi", "network": "Cape Town IRT" }, "geometry": { "type": "Point", "coordinates": [ 18.4947536, -33.8867287 ] } },
{ "type": "Feature", "properties": { "name": "Tijgerhof", "operator": "MyCiTi", "network": "Cape Town IRT" }, "geometry": { "type": "Point", "coordinates": [ 18.4948187, -33.8867336 ] } },
{ "type": "Feature", "properties": { "name": "Mansfield", "operator": "MyCiTi", "network": "Cape Town IRT" }, "geometry": { "type": "Point", "coordinates": [ 18.4959309, -33.882425299999987 ] } },
{ "type": "Feature", "properties": { "name": "Mansfield", "operator": "MyCiTi", "network": "Cape Town IRT" }, "geometry": { "type": "Point", "coordinates": [ 18.4959673, -33.8829167 ] } },
{ "type": "Feature", "properties": { "name": "Mansfield", "operator": "MyCiTi", "network": "Cape Town IRT" }, "geometry": { "type": "Point", "coordinates": [ 18.495888, -33.8828942 ] } },
{ "type": "Feature", "properties": { "name": "Mansfield", "operator": "MyCiTi", "network": "Cape Town IRT" }, "geometry": { "type": "Point", "coordinates": [ 18.4960125, -33.8824513 ] } },
{ "type": "Feature", "properties": { "name": "Quest", "operator": "MyCiTi", "network": "Cape Town IRT" }, "geometry": { "type": "Point", "coordinates": [ 18.497232, -33.8807311 ] } },
{ "type": "Feature", "properties": { "name": "Quest", "operator": "MyCiTi", "network": "Cape Town IRT" }, "geometry": { "type": "Point", "coordinates": [ 18.4973028, -33.8807609 ] } },
{ "type": "Feature", "properties": { "name": "Quest", "operator": "MyCiTi", "network": "Cape Town IRT" }, "geometry": { "type": "Point", "coordinates": [ 18.497386, -33.880988900000013 ] } },
{ "type": "Feature", "properties": { "name": "Quest", "operator": "MyCiTi", "network": "Cape Town IRT" }, "geometry": { "type": "Point", "coordinates": [ 18.4973072, -33.8809467 ] } },
{ "type": "Feature", "properties": { "name": "Bolt", "operator": "MyCiTi", "network": "Cape Town IRT" }, "geometry": { "type": "Point", "coordinates": [ 18.5180616, -33.8698669 ] } },
{ "type": "Feature", "properties": { "name": "Bolt", "operator": "MyCiTi", "network": "Cape Town IRT" }, "geometry": { "type": "Point", "coordinates": [ 18.5179844, -33.8698726 ] } },
{ "type": "Feature", "properties": { "name": "Bolt", "operator": "MyCiTi", "network": "Cape Town IRT" }, "geometry": { "type": "Point", "coordinates": [ 18.5177779, -33.8698979 ] } },
{ "type": "Feature", "properties": { "name": "Bolt", "operator": "MyCiTi", "network": "Cape Town IRT" }, "geometry": { "type": "Point", "coordinates": [ 18.5178504, -33.869891 ] } },
{ "type": "Feature", "properties": { "name": "Drill", "operator": "MyCiTi", "network": "Cape Town IRT" }, "geometry": { "type": "Point", "coordinates": [ 18.519384, -33.8743256 ] } },
{ "type": "Feature", "properties": { "name": "Drill", "operator": "MyCiTi", "network": "Cape Town IRT" }, "geometry": { "type": "Point", "coordinates": [ 18.5193552, -33.8743263 ] } },
{ "type": "Feature", "properties": { "name": "Drill", "operator": "MyCiTi", "network": "Cape Town IRT" }, "geometry": { "type": "Point", "coordinates": [ 18.5193721, -33.8749045 ] } },
{ "type": "Feature", "properties": { "name": "Drill", "operator": "MyCiTi", "network": "Cape Town IRT" }, "geometry": { "type": "Point", "coordinates": [ 18.5194601, -33.8748798 ] } },
{ "type": "Feature", "properties": { "name": "Bosmansdam", "operator": "MyCiTi", "network": "Cape Town IRT" }, "geometry": { "type": "Point", "coordinates": [ 18.520998, -33.8786687 ] } },
{ "type": "Feature", "properties": { "name": "Bosmansdam", "operator": "MyCiTi", "network": "Cape Town IRT" }, "geometry": { "type": "Point", "coordinates": [ 18.5206623, -33.8785681 ] } },
{ "type": "Feature", "properties": { "name": "Bosmansdam", "operator": "MyCiTi", "network": "Cape Town IRT" }, "geometry": { "type": "Point", "coordinates": [ 18.5207307, -33.8785273 ] } },
{ "type": "Feature", "properties": { "name": "Century Gate", "operator": "MyCiTi", "network": "Cape Town IRT" }, "geometry": { "type": "Point", "coordinates": [ 18.5223567, -33.8815716 ] } },
{ "type": "Feature", "properties": { "name": "Century Gate", "operator": "MyCiTi", "network": "Cape Town IRT" }, "geometry": { "type": "Point", "coordinates": [ 18.5224567, -33.8815869 ] } },
{ "type": "Feature", "properties": { "name": "Bridgeway", "operator": "MyCiTi", "network": "Cape Town IRT" }, "geometry": { "type": "Point", "coordinates": [ 18.5040514, -33.8950683 ] } },
{ "type": "Feature", "properties": { "name": "Bridgeway", "operator": "MyCiTi", "network": "Cape Town IRT" }, "geometry": { "type": "Point", "coordinates": [ 18.5039933, -33.8950234 ] } },
{ "type": "Feature", "properties": { "name": "Stables Turnaround", "operator": "MyCiTi", "network": "Cape Town IRT" }, "geometry": { "type": "Point", "coordinates": [ 18.5398545, -33.8111421 ] } },
{ "type": "Feature", "properties": { "name": "Stables Turnaround", "operator": "MyCiTi", "network": "Cape Town IRT" }, "geometry": { "type": "Point", "coordinates": [ 18.5397807, -33.811168200000012 ] } },
{ "type": "Feature", "properties": { "name": "Refinery", "operator": "MyCiTi", "network": "Cape Town IRT" }, "geometry": { "type": "Point", "coordinates": [ 18.5210356, -33.8472718 ] } },
{ "type": "Feature", "properties": { "name": "Refinery", "operator": "MyCiTi", "network": "Cape Town IRT" }, "geometry": { "type": "Point", "coordinates": [ 18.5209589, -33.8472441 ] } },
{ "type": "Feature", "properties": { "name": "Dawn", "operator": "MyCiTi", "network": "Cape Town IRT" }, "geometry": { "type": "Point", "coordinates": [ 18.5175858, -33.8549672 ] } },
{ "type": "Feature", "properties": { "name": "Dawn", "operator": "MyCiTi", "network": "Cape Town IRT" }, "geometry": { "type": "Point", "coordinates": [ 18.5175467, -33.85503 ] } },
{ "type": "Feature", "properties": { "name": "Dawn", "operator": "MyCiTi", "network": "Cape Town IRT" }, "geometry": { "type": "Point", "coordinates": [ 18.5184991, -33.8555955 ] } },
{ "type": "Feature", "properties": { "name": "Dawn", "operator": "MyCiTi", "network": "Cape Town IRT" }, "geometry": { "type": "Point", "coordinates": [ 18.5185087, -33.8555697 ] } },
{ "type": "Feature", "properties": { "name": "Esso", "operator": "MyCiTi", "network": "Cape Town IRT" }, "geometry": { "type": "Point", "coordinates": [ 18.5210728, -33.8582779 ] } },
{ "type": "Feature", "properties": { "name": "Esso", "operator": "MyCiTi", "network": "Cape Town IRT" }, "geometry": { "type": "Point", "coordinates": [ 18.5211734, -33.8582634 ] } },
{ "type": "Feature", "properties": { "name": "Esso", "operator": "MyCiTi", "network": "Cape Town IRT" }, "geometry": { "type": "Point", "coordinates": [ 18.5214115, -33.8584469 ] } },
{ "type": "Feature", "properties": { "name": "Esso", "operator": "MyCiTi", "network": "Cape Town IRT" }, "geometry": { "type": "Point", "coordinates": [ 18.5213438, -33.8584506 ] } },
{ "type": "Feature", "properties": { "name": "First", "operator": "MyCiTi", "network": "Cape Town IRT" }, "geometry": { "type": "Point", "coordinates": [ 18.5211273, -33.8617232 ] } },
{ "type": "Feature", "properties": { "name": "First", "operator": "MyCiTi", "network": "Cape Town IRT" }, "geometry": { "type": "Point", "coordinates": [ 18.5212288, -33.8617288 ] } },
{ "type": "Feature", "properties": { "name": "First", "operator": "MyCiTi", "network": "Cape Town IRT" }, "geometry": { "type": "Point", "coordinates": [ 18.521349, -33.862410100000012 ] } },
{ "type": "Feature", "properties": { "name": "First", "operator": "MyCiTi", "network": "Cape Town IRT" }, "geometry": { "type": "Point", "coordinates": [ 18.5212567, -33.8623957 ] } },
{ "type": "Feature", "properties": { "name": "Marconi", "operator": "MyCiTi", "network": "Cape Town IRT" }, "geometry": { "type": "Point", "coordinates": [ 18.5199932, -33.8652048 ] } },
{ "type": "Feature", "properties": { "name": "Marconi", "operator": "MyCiTi", "network": "Cape Town IRT" }, "geometry": { "type": "Point", "coordinates": [ 18.5199062, -33.8651652 ] } },
{ "type": "Feature", "properties": { "name": "Marconi", "operator": "MyCiTi", "network": "Cape Town IRT" }, "geometry": { "type": "Point", "coordinates": [ 18.519358, -33.8655575 ] } },
{ "type": "Feature", "properties": { "name": "Marconi", "operator": "MyCiTi", "network": "Cape Town IRT" }, "geometry": { "type": "Point", "coordinates": [ 18.5194477, -33.8655951 ] } },
{ "type": "Feature", "properties": { "name": "Kuyasa", "operator": "MyCiTi", "network": "Cape Town IRT" }, "geometry": { "type": "Point", "coordinates": [ 18.6928376, -34.0552353 ] } },
{ "type": "Feature", "properties": { "name": "Kuyasa", "operator": "MyCiTi", "network": "Cape Town IRT" }, "geometry": { "type": "Point", "coordinates": [ 18.6928462, -34.0552816 ] } },
{ "type": "Feature", "properties": { "name": "Lindela", "operator": "MyCiTi", "network": "Cape Town IRT" }, "geometry": { "type": "Point", "coordinates": [ 18.6967546, -34.0567231 ] } },
{ "type": "Feature", "properties": { "name": "Lindela", "operator": "MyCiTi", "network": "Cape Town IRT" }, "geometry": { "type": "Point", "coordinates": [ 18.6967972, -34.0566901 ] } },
{ "type": "Feature", "properties": { "name": "Lindela", "operator": "MyCiTi", "network": "Cape Town IRT" }, "geometry": { "type": "Point", "coordinates": [ 18.6974126, -34.0570751 ] } },
{ "type": "Feature", "properties": { "name": "Lindela", "operator": "MyCiTi", "network": "Cape Town IRT" }, "geometry": { "type": "Point", "coordinates": [ 18.6973805, -34.0571224 ] } },
{ "type": "Feature", "properties": { "name": "Dibana", "operator": "MyCiTi", "network": "Cape Town IRT" }, "geometry": { "type": "Point", "coordinates": [ 18.698703, -34.0506137 ] } },
{ "type": "Feature", "properties": { "name": "Dibana", "operator": "MyCiTi", "network": "Cape Town IRT" }, "geometry": { "type": "Point", "coordinates": [ 18.6988193, -34.0506173 ] } },
{ "type": "Feature", "properties": { "name": "Dibana", "operator": "MyCiTi", "network": "Cape Town IRT" }, "geometry": { "type": "Point", "coordinates": [ 18.6988882, -34.0509387 ] } },
{ "type": "Feature", "properties": { "name": "Dibana", "operator": "MyCiTi", "network": "Cape Town IRT" }, "geometry": { "type": "Point", "coordinates": [ 18.6987904, -34.0509383 ] } },
{ "type": "Feature", "properties": { "name": "Tutu", "operator": "MyCiTi", "network": "Cape Town IRT" }, "geometry": { "type": "Point", "coordinates": [ 18.6979661, -34.046986 ] } },
{ "type": "Feature", "properties": { "name": "Tutu", "operator": "MyCiTi", "network": "Cape Town IRT" }, "geometry": { "type": "Point", "coordinates": [ 18.6979593, -34.0469273 ] } },
{ "type": "Feature", "properties": { "name": "Tutu", "operator": "MyCiTi", "network": "Cape Town IRT" }, "geometry": { "type": "Point", "coordinates": [ 18.6973737, -34.0468531 ] } },
{ "type": "Feature", "properties": { "name": "D Nyembe", "operator": "MyCiTi", "network": "Cape Town IRT" }, "geometry": { "type": "Point", "coordinates": [ 18.6917231, -34.044757500000017 ] } },
{ "type": "Feature", "properties": { "name": "D Nyembe", "operator": "MyCiTi", "network": "Cape Town IRT" }, "geometry": { "type": "Point", "coordinates": [ 18.6925449, -34.0452438 ] } },
{ "type": "Feature", "properties": { "name": "Steve Biko", "operator": "MyCiTi", "network": "Cape Town IRT" }, "geometry": { "type": "Point", "coordinates": [ 18.6884263, -34.0442345 ] } },
{ "type": "Feature", "properties": { "name": "Steve Biko", "operator": "MyCiTi", "network": "Cape Town IRT" }, "geometry": { "type": "Point", "coordinates": [ 18.6857795, -34.043820500000017 ] } },
{ "type": "Feature", "properties": { "name": "Steve Biko", "operator": "MyCiTi", "network": "Cape Town IRT" }, "geometry": { "type": "Point", "coordinates": [ 18.6858134, -34.0437554 ] } },
{ "type": "Feature", "properties": { "name": "Charles Mokoena", "operator": "MyCiTi", "network": "Cape Town IRT" }, "geometry": { "type": "Point", "coordinates": [ 18.6833219, -34.0409448 ] } },
{ "type": "Feature", "properties": { "name": "Charles Mokoena", "operator": "MyCiTi", "network": "Cape Town IRT" }, "geometry": { "type": "Point", "coordinates": [ 18.6832363, -34.0409653 ] } },
{ "type": "Feature", "properties": { "name": "Charles Mokoena", "operator": "MyCiTi", "network": "Cape Town IRT" }, "geometry": { "type": "Point", "coordinates": [ 18.6830906, -34.040888 ] } },
{ "type": "Feature", "properties": { "name": "Vuyani", "operator": "MyCiTi", "network": "Cape Town IRT" }, "geometry": { "type": "Point", "coordinates": [ 18.6801683, -34.0381332 ] } },
{ "type": "Feature", "properties": { "name": "Vuyani", "operator": "MyCiTi", "network": "Cape Town IRT" }, "geometry": { "type": "Point", "coordinates": [ 18.6800899, -34.0381697 ] } },
{ "type": "Feature", "properties": { "name": "Vuyani", "operator": "MyCiTi", "network": "Cape Town IRT" }, "geometry": { "type": "Point", "coordinates": [ 18.6806182, -34.0373383 ] } },
{ "type": "Feature", "properties": { "name": "Vuyani", "operator": "MyCiTi", "network": "Cape Town IRT" }, "geometry": { "type": "Point", "coordinates": [ 18.6806707, -34.0373726 ] } },
{ "type": "Feature", "properties": { "name": "Oscar Mpetha", "operator": "MyCiTi", "network": "Cape Town IRT" }, "geometry": { "type": "Point", "coordinates": [ 18.6845187, -34.0562612 ] } },
{ "type": "Feature", "properties": { "name": "Oscar Mpetha", "operator": "MyCiTi", "network": "Cape Town IRT" }, "geometry": { "type": "Point", "coordinates": [ 18.6845207, -34.0563148 ] } },
{ "type": "Feature", "properties": { "name": "Oscar Mpetha", "operator": "MyCiTi", "network": "Cape Town IRT" }, "geometry": { "type": "Point", "coordinates": [ 18.6835, -34.0563697 ] } },
{ "type": "Feature", "properties": { "name": "Oscar Mpetha", "operator": "MyCiTi", "network": "Cape Town IRT" }, "geometry": { "type": "Point", "coordinates": [ 18.6834987, -34.0563131 ] } },
{ "type": "Feature", "properties": { "name": "Ncumo East", "operator": "MyCiTi", "network": "Cape Town IRT" }, "geometry": { "type": "Point", "coordinates": [ 18.6794174, -34.055332600000014 ] } },
{ "type": "Feature", "properties": { "name": "Ncumo East", "operator": "MyCiTi", "network": "Cape Town IRT" }, "geometry": { "type": "Point", "coordinates": [ 18.6785195, -34.0552216 ] } },
{ "type": "Feature", "properties": { "name": "Ncumo East", "operator": "MyCiTi", "network": "Cape Town IRT" }, "geometry": { "type": "Point", "coordinates": [ 18.6785186, -34.0552615 ] } },
{ "type": "Feature", "properties": { "name": "Makhanya", "operator": "MyCiTi", "network": "Cape Town IRT" }, "geometry": { "type": "Point", "coordinates": [ 18.6520087, -34.0252832 ] } },
{ "type": "Feature", "properties": { "name": "Makhanya", "operator": "MyCiTi", "network": "Cape Town IRT" }, "geometry": { "type": "Point", "coordinates": [ 18.6521716, -34.0252712 ] } },
{ "type": "Feature", "properties": { "name": "Makhanya", "operator": "MyCiTi", "network": "Cape Town IRT" }, "geometry": { "type": "Point", "coordinates": [ 18.65209, -34.0252722 ] } },
{ "type": "Feature", "properties": { "name": "Ncumo West", "operator": "MyCiTi", "network": "Cape Town IRT" }, "geometry": { "type": "Point", "coordinates": [ 18.6735407, -34.05346620000001 ] } },
{ "type": "Feature", "properties": { "name": "Ncumo West", "operator": "MyCiTi", "network": "Cape Town IRT" }, "geometry": { "type": "Point", "coordinates": [ 18.6734855, -34.0535064 ] } },
{ "type": "Feature", "properties": { "name": "Ncumo West", "operator": "MyCiTi", "network": "Cape Town IRT" }, "geometry": { "type": "Point", "coordinates": [ 18.6731725, -34.0533236 ] } },
{ "type": "Feature", "properties": { "name": "Ncumo West", "operator": "MyCiTi", "network": "Cape Town IRT" }, "geometry": { "type": "Point", "coordinates": [ 18.673218, -34.0532819 ] } },
{ "type": "Feature", "properties": { "name": "Khwezi", "operator": "MyCiTi", "network": "Cape Town IRT" }, "geometry": { "type": "Point", "coordinates": [ 18.6697258, -34.0487271 ] } },
{ "type": "Feature", "properties": { "name": "Khwezi", "operator": "MyCiTi", "network": "Cape Town IRT" }, "geometry": { "type": "Point", "coordinates": [ 18.6696589, -34.04878260000001 ] } },
{ "type": "Feature", "properties": { "name": "Khwezi", "operator": "MyCiTi", "network": "Cape Town IRT" }, "geometry": { "type": "Point", "coordinates": [ 18.6689848, -34.0483283 ] } },
{ "type": "Feature", "properties": { "name": "Khwezi", "operator": "MyCiTi", "network": "Cape Town IRT" }, "geometry": { "type": "Point", "coordinates": [ 18.669057, -34.048274 ] } },
{ "type": "Feature", "properties": { "name": "Ngcingcu", "operator": "MyCiTi", "network": "Cape Town IRT" }, "geometry": { "type": "Point", "coordinates": [ 18.6674838, -34.0456019 ] } },
{ "type": "Feature", "properties": { "name": "Ngcingcu", "operator": "MyCiTi", "network": "Cape Town IRT" }, "geometry": { "type": "Point", "coordinates": [ 18.6673883, -34.0456322 ] } },
{ "type": "Feature", "properties": { "name": "Ngcingcu", "operator": "MyCiTi", "network": "Cape Town IRT" }, "geometry": { "type": "Point", "coordinates": [ 18.6668145, -34.0446654 ] } },
{ "type": "Feature", "properties": { "name": "Ngcingcu", "operator": "MyCiTi", "network": "Cape Town IRT" }, "geometry": { "type": "Point", "coordinates": [ 18.6668784, -34.044641 ] } },
{ "type": "Feature", "properties": { "name": "Makabeni", "operator": "MyCiTi", "network": "Cape Town IRT" }, "geometry": { "type": "Point", "coordinates": [ 18.6610524, -34.0432331 ] } },
{ "type": "Feature", "properties": { "name": "Makabeni", "operator": "MyCiTi", "network": "Cape Town IRT" }, "geometry": { "type": "Point", "coordinates": [ 18.6610896, -34.0432966 ] } },
{ "type": "Feature", "properties": { "name": "Makabeni", "operator": "MyCiTi", "network": "Cape Town IRT" }, "geometry": { "type": "Point", "coordinates": [ 18.6600043, -34.0437391 ] } },
{ "type": "Feature", "properties": { "name": "Makabeni", "operator": "MyCiTi", "network": "Cape Town IRT" }, "geometry": { "type": "Point", "coordinates": [ 18.6599708, -34.043668600000011 ] } },
{ "type": "Feature", "properties": { "name": "Mfundisweni", "operator": "MyCiTi", "network": "Cape Town IRT" }, "geometry": { "type": "Point", "coordinates": [ 18.6539019, -34.0399022 ] } },
{ "type": "Feature", "properties": { "name": "Mfundisweni", "operator": "MyCiTi", "network": "Cape Town IRT" }, "geometry": { "type": "Point", "coordinates": [ 18.6538242, -34.0399036 ] } },
{ "type": "Feature", "properties": { "name": "Mfundisweni", "operator": "MyCiTi", "network": "Cape Town IRT" }, "geometry": { "type": "Point", "coordinates": [ 18.6536281, -34.0390869 ] } },
{ "type": "Feature", "properties": { "name": "Mfundisweni", "operator": "MyCiTi", "network": "Cape Town IRT" }, "geometry": { "type": "Point", "coordinates": [ 18.653734, -34.0390778 ] } },
{ "type": "Feature", "properties": { "name": "Pama West", "operator": "MyCiTi", "network": "Cape Town IRT" }, "geometry": { "type": "Point", "coordinates": [ 18.6529486, -34.0318397 ] } },
{ "type": "Feature", "properties": { "name": "Pama West", "operator": "MyCiTi", "network": "Cape Town IRT" }, "geometry": { "type": "Point", "coordinates": [ 18.6528659, -34.0318423 ] } },
{ "type": "Feature", "properties": { "name": "Pama West", "operator": "MyCiTi", "network": "Cape Town IRT" }, "geometry": { "type": "Point", "coordinates": [ 18.652653, -34.0307577 ] } },
{ "type": "Feature", "properties": { "name": "Pama West", "operator": "MyCiTi", "network": "Cape Town IRT" }, "geometry": { "type": "Point", "coordinates": [ 18.6527461, -34.0307498 ] } },
{ "type": "Feature", "properties": { "name": "Sigwele", "operator": "MyCiTi", "network": "Cape Town IRT" }, "geometry": { "type": "Point", "coordinates": [ 18.6519333, -34.02322860000001 ] } },
{ "type": "Feature", "properties": { "name": "Sigwele", "operator": "MyCiTi", "network": "Cape Town IRT" }, "geometry": { "type": "Point", "coordinates": [ 18.6518478, -34.0232307 ] } },
{ "type": "Feature", "properties": { "name": "Sigwele", "operator": "MyCiTi", "network": "Cape Town IRT" }, "geometry": { "type": "Point", "coordinates": [ 18.6517512, -34.023121 ] } },
{ "type": "Feature", "properties": { "name": "Sigwele", "operator": "MyCiTi", "network": "Cape Town IRT" }, "geometry": { "type": "Point", "coordinates": [ 18.651834, -34.0231134 ] } },
{ "type": "Feature", "properties": { "name": "Aliam", "operator": "MyCiTi", "network": "Cape Town IRT" }, "geometry": { "type": "Point", "coordinates": [ 18.6530202, -34.018514 ] } },
{ "type": "Feature", "properties": { "name": "Aliam", "operator": "MyCiTi", "network": "Cape Town IRT" }, "geometry": { "type": "Point", "coordinates": [ 18.653062, -34.018567 ] } },
{ "type": "Feature", "properties": { "name": "Aliam", "operator": "MyCiTi", "network": "Cape Town IRT" }, "geometry": { "type": "Point", "coordinates": [ 18.6529408, -34.0188397 ] } },
{ "type": "Feature", "properties": { "name": "Aliam", "operator": "MyCiTi", "network": "Cape Town IRT" }, "geometry": { "type": "Point", "coordinates": [ 18.6528889, -34.0187841 ] } },
{ "type": "Feature", "properties": { "name": "Jeff Masemola", "operator": "MyCiTi", "network": "Cape Town IRT" }, "geometry": { "type": "Point", "coordinates": [ 18.656389, -34.0165216 ] } },
{ "type": "Feature", "properties": { "name": "Jeff Masemola", "operator": "MyCiTi", "network": "Cape Town IRT" }, "geometry": { "type": "Point", "coordinates": [ 18.6570769, -34.0148861 ] } },
{ "type": "Feature", "properties": { "name": "Jeff Masemola", "operator": "MyCiTi", "network": "Cape Town IRT" }, "geometry": { "type": "Point", "coordinates": [ 18.6571546, -34.0149095 ] } },
{ "type": "Feature", "properties": { "name": "Ntlazane", "operator": "MyCiTi", "network": "Cape Town IRT" }, "geometry": { "type": "Point", "coordinates": [ 18.6895425, -34.0561587 ] } },
{ "type": "Feature", "properties": { "name": "Ntlazane", "operator": "MyCiTi", "network": "Cape Town IRT" }, "geometry": { "type": "Point", "coordinates": [ 18.6894041, -34.0562976 ] } },
{ "type": "Feature", "properties": { "name": "Ntlazane", "operator": "MyCiTi", "network": "Cape Town IRT" }, "geometry": { "type": "Point", "coordinates": [ 18.6893958, -34.0562412 ] } },
{ "type": "Feature", "properties": { "name": "Ntlazane", "operator": "MyCiTi", "network": "Cape Town IRT" }, "geometry": { "type": "Point", "coordinates": [ 18.6895549, -34.0562214 ] } },
{ "type": "Feature", "properties": { "name": "Jeff Masemola", "operator": "MyCiTi", "network": "Cape Town IRT" }, "geometry": { "type": "Point", "coordinates": [ 18.656309, -34.0164987 ] } },
{ "type": "Feature", "properties": { "name": "Imperial", "operator": "MyCiTi", "network": "Cape Town IRT" }, "geometry": { "type": "Point", "coordinates": [ 18.6255189, -34.048361 ] } },
{ "type": "Feature", "properties": { "name": "Imperial", "operator": "MyCiTi", "network": "Cape Town IRT" }, "geometry": { "type": "Point", "coordinates": [ 18.6252483, -34.048634400000012 ] } },
{ "type": "Feature", "properties": { "name": "Imperial", "operator": "MyCiTi", "network": "Cape Town IRT" }, "geometry": { "type": "Point", "coordinates": [ 18.6253074, -34.0485849 ] } },
{ "type": "Feature", "properties": { "name": "Figaro", "operator": "MyCiTi", "network": "Cape Town IRT" }, "geometry": { "type": "Point", "coordinates": [ 18.6280006, -34.0504865 ] } },
{ "type": "Feature", "properties": { "name": "Figaro", "operator": "MyCiTi", "network": "Cape Town IRT" }, "geometry": { "type": "Point", "coordinates": [ 18.6279115, -34.0505497 ] } },
{ "type": "Feature", "properties": { "name": "Figaro", "operator": "MyCiTi", "network": "Cape Town IRT" }, "geometry": { "type": "Point", "coordinates": [ 18.6271464, -34.0502922 ] } },
{ "type": "Feature", "properties": { "name": "Figaro", "operator": "MyCiTi", "network": "Cape Town IRT" }, "geometry": { "type": "Point", "coordinates": [ 18.627228, -34.0502272 ] } },
{ "type": "Feature", "properties": { "name": "Bontebok", "operator": "MyCiTi", "network": "Cape Town IRT" }, "geometry": { "type": "Point", "coordinates": [ 18.6300933, -34.0522711 ] } },
{ "type": "Feature", "properties": { "name": "Bontebok", "operator": "MyCiTi", "network": "Cape Town IRT" }, "geometry": { "type": "Point", "coordinates": [ 18.6300041, -34.0523256 ] } },
{ "type": "Feature", "properties": { "name": "Bontebok", "operator": "MyCiTi", "network": "Cape Town IRT" }, "geometry": { "type": "Point", "coordinates": [ 18.6301682, -34.0528934 ] } },
{ "type": "Feature", "properties": { "name": "Bontebok", "operator": "MyCiTi", "network": "Cape Town IRT" }, "geometry": { "type": "Point", "coordinates": [ 18.6302605, -34.0528353 ] } },
{ "type": "Feature", "properties": { "name": "Spine", "operator": "MyCiTi", "network": "Cape Town IRT" }, "geometry": { "type": "Point", "coordinates": [ 18.6329133, -34.0546888 ] } },
{ "type": "Feature", "properties": { "name": "Spine", "operator": "MyCiTi", "network": "Cape Town IRT" }, "geometry": { "type": "Point", "coordinates": [ 18.6331743, -34.055414 ] } },
{ "type": "Feature", "properties": { "name": "Spine", "operator": "MyCiTi", "network": "Cape Town IRT" }, "geometry": { "type": "Point", "coordinates": [ 18.6332262, -34.0553861 ] } },
{ "type": "Feature", "properties": { "name": "Spine", "operator": "MyCiTi", "network": "Cape Town IRT" }, "geometry": { "type": "Point", "coordinates": [ 18.6328305, -34.0547385 ] } },
{ "type": "Feature", "properties": { "name": "Tafelsig Primary", "operator": "MyCiTi", "network": "Cape Town IRT" }, "geometry": { "type": "Point", "coordinates": [ 18.6371564, -34.0594824 ] } },
{ "type": "Feature", "properties": { "name": "Tafelsig Primary", "operator": "MyCiTi", "network": "Cape Town IRT" }, "geometry": { "type": "Point", "coordinates": [ 18.6370602, -34.059525900000011 ] } },
{ "type": "Feature", "properties": { "name": "Langeberg", "operator": "MyCiTi", "network": "Cape Town IRT" }, "geometry": { "type": "Point", "coordinates": [ 18.6375797, -34.060605800000012 ] } },
{ "type": "Feature", "properties": { "name": "Langeberg", "operator": "MyCiTi", "network": "Cape Town IRT" }, "geometry": { "type": "Point", "coordinates": [ 18.6376372, -34.060574800000012 ] } },
{ "type": "Feature", "properties": { "name": "Tafelsig Primary", "operator": "MyCiTi", "network": "Cape Town IRT" }, "geometry": { "type": "Point", "coordinates": [ 18.6364723, -34.0592524 ] } },
{ "type": "Feature", "properties": { "name": "Tafelsig Primary", "operator": "MyCiTi", "network": "Cape Town IRT" }, "geometry": { "type": "Point", "coordinates": [ 18.6365377, -34.0592261 ] } },
{ "type": "Feature", "properties": { "name": "Langeberg", "operator": "MyCiTi", "network": "Cape Town IRT" }, "geometry": { "type": "Point", "coordinates": [ 18.6373696, -34.061382 ] } },
{ "type": "Feature", "properties": { "name": "Langeberg", "operator": "MyCiTi", "network": "Cape Town IRT" }, "geometry": { "type": "Point", "coordinates": [ 18.6373499, -34.0613565 ] } },
{ "type": "Feature", "properties": { "name": "Ruwenzori", "operator": "MyCiTi", "network": "Cape Town IRT" }, "geometry": { "type": "Point", "coordinates": [ 18.6335249, -34.0625566 ] } },
{ "type": "Feature", "properties": { "name": "Ruwenzori", "operator": "MyCiTi", "network": "Cape Town IRT" }, "geometry": { "type": "Point", "coordinates": [ 18.6334923, -34.0625058 ] } },
{ "type": "Feature", "properties": { "name": "Ruwenzori", "operator": "MyCiTi", "network": "Cape Town IRT" }, "geometry": { "type": "Point", "coordinates": [ 18.6338765, -34.0621804 ] } },
{ "type": "Feature", "properties": { "name": "Paulsberg", "operator": "MyCiTi", "network": "Cape Town IRT" }, "geometry": { "type": "Point", "coordinates": [ 18.6313716, -34.0637724 ] } },
{ "type": "Feature", "properties": { "name": "Paulsberg", "operator": "MyCiTi", "network": "Cape Town IRT" }, "geometry": { "type": "Point", "coordinates": [ 18.6311581, -34.0637058 ] } },
{ "type": "Feature", "properties": { "name": "Paulsberg", "operator": "MyCiTi", "network": "Cape Town IRT" }, "geometry": { "type": "Point", "coordinates": [ 18.6313418, -34.0637148 ] } },
{ "type": "Feature", "properties": { "name": "Paulsberg", "operator": "MyCiTi", "network": "Cape Town IRT" }, "geometry": { "type": "Point", "coordinates": [ 18.6312151, -34.0637722 ] } },
{ "type": "Feature", "properties": { "name": "Dolomites East", "operator": "MyCiTi", "network": "Cape Town IRT" }, "geometry": { "type": "Point", "coordinates": [ 18.6290744, -34.0649019 ] } },
{ "type": "Feature", "properties": { "name": "Dolomites East", "operator": "MyCiTi", "network": "Cape Town IRT" }, "geometry": { "type": "Point", "coordinates": [ 18.6291239, -34.0649575 ] } },
{ "type": "Feature", "properties": { "name": "Dolomites East", "operator": "MyCiTi", "network": "Cape Town IRT" }, "geometry": { "type": "Point", "coordinates": [ 18.6285382, -34.0653841 ] } },
{ "type": "Feature", "properties": { "name": "Dolomites East", "operator": "MyCiTi", "network": "Cape Town IRT" }, "geometry": { "type": "Point", "coordinates": [ 18.6284885, -34.0653146 ] } },
{ "type": "Feature", "properties": { "name": "Snowdon", "operator": "MyCiTi", "network": "Cape Town IRT" }, "geometry": { "type": "Point", "coordinates": [ 18.6261108, -34.06604990000001 ] } },
{ "type": "Feature", "properties": { "name": "Snowdon", "operator": "MyCiTi", "network": "Cape Town IRT" }, "geometry": { "type": "Point", "coordinates": [ 18.6261428, -34.0661185 ] } },
{ "type": "Feature", "properties": { "name": "Snowdon", "operator": "MyCiTi", "network": "Cape Town IRT" }, "geometry": { "type": "Point", "coordinates": [ 18.626418, -34.0661134 ] } },
{ "type": "Feature", "properties": { "name": "Snowdon", "operator": "MyCiTi", "network": "Cape Town IRT" }, "geometry": { "type": "Point", "coordinates": [ 18.6263866, -34.0660365 ] } },
{ "type": "Feature", "properties": { "name": "Dolomites West", "operator": "MyCiTi", "network": "Cape Town IRT" }, "geometry": { "type": "Point", "coordinates": [ 18.6247066, -34.066343 ] } },
{ "type": "Feature", "properties": { "name": "Dolomites West", "operator": "MyCiTi", "network": "Cape Town IRT" }, "geometry": { "type": "Point", "coordinates": [ 18.6240267, -34.0664887 ] } },
{ "type": "Feature", "properties": { "name": "Dolomites West", "operator": "MyCiTi", "network": "Cape Town IRT" }, "geometry": { "type": "Point", "coordinates": [ 18.6240284, -34.0664075 ] } },
{ "type": "Feature", "properties": { "name": "Dolomites West", "operator": "MyCiTi", "network": "Cape Town IRT" }, "geometry": { "type": "Point", "coordinates": [ 18.6247051, -34.0664195 ] } },
{ "type": "Feature", "properties": { "name": "Kapteinsklip", "operator": "MyCiTi", "network": "Cape Town IRT" }, "geometry": { "type": "Point", "coordinates": [ 18.6214385, -34.0677981 ] } },
{ "type": "Feature", "properties": { "name": "Portswood", "operator": "MyCiTi", "network": "Cape Town IRT" }, "geometry": { "type": "Point", "coordinates": [ 18.4177986, -33.9053705 ] } },
{ "type": "Feature", "properties": { "name": "Portswood", "operator": "MyCiTi", "network": "Cape Town IRT" }, "geometry": { "type": "Point", "coordinates": [ 18.4178604, -33.9054859 ] } },
{ "type": "Feature", "properties": { "name": "Portswood", "operator": "MyCiTi", "network": "Cape Town IRT" }, "geometry": { "type": "Point", "coordinates": [ 18.4178313, -33.9054056 ] } },
{ "type": "Feature", "properties": { "name": "Old Breakwater Prison", "operator": "MyCiTi", "network": "Cape Town IRT" }, "geometry": { "type": "Point", "coordinates": [ 18.4159623, -33.9067493 ] } },
{ "type": "Feature", "properties": { "name": "Old Breakwater Prison", "operator": "MyCiTi", "network": "Cape Town IRT" }, "geometry": { "type": "Point", "coordinates": [ 18.4159011, -33.9067051 ] } },
{ "type": "Feature", "properties": { "name": "Old Breakwater Prison", "operator": "MyCiTi", "network": "Cape Town IRT" }, "geometry": { "type": "Point", "coordinates": [ 18.4154624, -33.9069289 ] } },
{ "type": "Feature", "properties": { "name": "Old Breakwater Prison", "operator": "MyCiTi", "network": "Cape Town IRT" }, "geometry": { "type": "Point", "coordinates": [ 18.4155022, -33.9069705 ] } },
{ "type": "Feature", "properties": { "name": "Lower Plein", "operator": "MyCiTi", "network": "Cape Town IRT" }, "geometry": { "type": "Point", "coordinates": [ 18.4239354, -33.9237419 ] } },
{ "type": "Feature", "properties": { "name": "Lower Plein", "operator": "MyCiTi", "network": "Cape Town IRT" }, "geometry": { "type": "Point", "coordinates": [ 18.423874, -33.923702199999987 ] } },
{ "type": "Feature", "properties": { "name": "Lower Plein", "operator": "MyCiTi", "network": "Cape Town IRT" }, "geometry": { "type": "Point", "coordinates": [ 18.4241979, -33.9231829 ] } },
{ "type": "Feature", "properties": { "name": "Lower Plein", "operator": "MyCiTi", "network": "Cape Town IRT" }, "geometry": { "type": "Point", "coordinates": [ 18.4242291, -33.9231991 ] } },
{ "type": "Feature", "properties": { "name": "Darling", "operator": "MyCiTi", "network": "Cape Town IRT" }, "geometry": { "type": "Point", "coordinates": [ 18.4228654, -33.9243073 ] } },
{ "type": "Feature", "properties": { "name": "Darling", "operator": "MyCiTi", "network": "Cape Town IRT" }, "geometry": { "type": "Point", "coordinates": [ 18.4222421, -33.9238526 ] } },
{ "type": "Feature", "properties": { "name": "Groote Kerk", "operator": "MyCiTi", "network": "Cape Town IRT" }, "geometry": { "type": "Point", "coordinates": [ 18.4211844, -33.924046899999986 ] } },
{ "type": "Feature", "properties": { "name": "Groote Kerk", "operator": "MyCiTi", "network": "Cape Town IRT" }, "geometry": { "type": "Point", "coordinates": [ 18.421145, -33.924017400000011 ] } },
{ "type": "Feature", "properties": { "name": "Groote Kerk", "operator": "MyCiTi", "network": "Cape Town IRT" }, "geometry": { "type": "Point", "coordinates": [ 18.4212457, -33.9237588 ] } },
{ "type": "Feature", "properties": { "name": "Groote Kerk", "operator": "MyCiTi", "network": "Cape Town IRT" }, "geometry": { "type": "Point", "coordinates": [ 18.4212658, -33.9237749 ] } },
{ "type": "Feature", "properties": { "name": "Dorp", "operator": "MyCiTi", "network": "Cape Town IRT" }, "geometry": { "type": "Point", "coordinates": [ 18.4175739, -33.9238887 ] } },
{ "type": "Feature", "properties": { "name": "Upper Long", "operator": "MyCiTi", "network": "Cape Town IRT" }, "geometry": { "type": "Point", "coordinates": [ 18.4146472, -33.9265627 ] } },
{ "type": "Feature", "properties": { "name": "Lower Kloof", "operator": "MyCiTi", "network": "Cape Town IRT" }, "geometry": { "type": "Point", "coordinates": [ 18.4121729, -33.9285328 ] } },
{ "type": "Feature", "properties": { "name": "Lower Kloof", "operator": "MyCiTi", "network": "Cape Town IRT" }, "geometry": { "type": "Point", "coordinates": [ 18.4121122, -33.9286583 ] } },
{ "type": "Feature", "properties": { "name": "Lower Kloof", "operator": "MyCiTi", "network": "Cape Town IRT" }, "geometry": { "type": "Point", "coordinates": [ 18.4120708, -33.9286304 ] } },
{ "type": "Feature", "properties": { "name": "Union", "operator": "MyCiTi", "network": "Cape Town IRT" }, "geometry": { "type": "Point", "coordinates": [ 18.4089901, -33.9317051 ] } },
{ "type": "Feature", "properties": { "name": "Union", "operator": "MyCiTi", "network": "Cape Town IRT" }, "geometry": { "type": "Point", "coordinates": [ 18.4090373, -33.9317316 ] } },
{ "type": "Feature", "properties": { "name": "Union", "operator": "MyCiTi", "network": "Cape Town IRT" }, "geometry": { "type": "Point", "coordinates": [ 18.4090654, -33.9318163 ] } },
{ "type": "Feature", "properties": { "name": "Union", "operator": "MyCiTi", "network": "Cape Town IRT" }, "geometry": { "type": "Point", "coordinates": [ 18.408989, -33.9317822 ] } },
{ "type": "Feature", "properties": { "name": "Welgemeend", "operator": "MyCiTi", "network": "Cape Town IRT" }, "geometry": { "type": "Point", "coordinates": [ 18.4075596, -33.9340827 ] } },
{ "type": "Feature", "properties": { "name": "Welgemeend", "operator": "MyCiTi", "network": "Cape Town IRT" }, "geometry": { "type": "Point", "coordinates": [ 18.4074992, -33.93405 ] } },
{ "type": "Feature", "properties": { "name": "Welgemeend", "operator": "MyCiTi", "network": "Cape Town IRT" }, "geometry": { "type": "Point", "coordinates": [ 18.4071344, -33.9345084 ] } },
{ "type": "Feature", "properties": { "name": "Upper Kloof", "operator": "MyCiTi", "network": "Cape Town IRT" }, "geometry": { "type": "Point", "coordinates": [ 18.405116, -33.9361832 ] } },
{ "type": "Feature", "properties": { "name": "Upper Kloof", "operator": "MyCiTi", "network": "Cape Town IRT" }, "geometry": { "type": "Point", "coordinates": [ 18.4050725, -33.936456 ] } },
{ "type": "Feature", "properties": { "name": "Upper Kloof", "operator": "MyCiTi", "network": "Cape Town IRT" }, "geometry": { "type": "Point", "coordinates": [ 18.4050069, -33.9364315 ] } },
{ "type": "Feature", "properties": { "name": "Kew", "operator": "MyCiTi", "network": "Cape Town IRT" }, "geometry": { "type": "Point", "coordinates": [ 18.4024012, -33.9369777 ] } },
{ "type": "Feature", "properties": { "name": "Kew", "operator": "MyCiTi", "network": "Cape Town IRT" }, "geometry": { "type": "Point", "coordinates": [ 18.4024555, -33.936968699999987 ] } },
{ "type": "Feature", "properties": { "name": "Upper Loop", "operator": "MyCiTi", "network": "Cape Town IRT" }, "geometry": { "type": "Point", "coordinates": [ 18.4139934, -33.9260884 ] } },
{ "type": "Feature", "properties": { "name": "Leeuwen", "operator": "MyCiTi", "network": "Cape Town IRT" }, "geometry": { "type": "Point", "coordinates": [ 18.4163964, -33.9238961 ] } },
{ "type": "Feature", "properties": { "name": "Waterfront", "operator": "MyCiTi", "network": "Cape Town IRT" }, "geometry": { "type": "Point", "coordinates": [ 18.4206549, -33.9021616 ] } },
{ "type": "Feature", "properties": { "name": "Waterfront", "operator": "MyCiTi", "network": "Cape Town IRT" }, "geometry": { "type": "Point", "coordinates": [ 18.4210477, -33.90176690000002 ] } },
{ "type": "Feature", "properties": { "name": "Duynefontein", "operator": "MyCITi", "network": "Cape Town IRT" }, "geometry": { "type": "Point", "coordinates": [ 18.4562491, -33.6895318 ] } },
{ "type": "Feature", "properties": { "name": "Duynefontein", "operator": "MyCITi", "network": "Cape Town IRT" }, "geometry": { "type": "Point", "coordinates": [ 18.4563131, -33.6914272 ] } },
{ "type": "Feature", "properties": { "name": "Koeberg Power Station", "operator": "MyCITi", "network": "Cape Town IRT" }, "geometry": { "type": "Point", "coordinates": [ 18.456449, -33.6762137 ] } },
{ "type": "Feature", "properties": { "name": "Koeberg Power Station", "operator": "MyCITi", "network": "Cape Town IRT" }, "geometry": { "type": "Point", "coordinates": [ 18.4565088, -33.6774268 ] } },
{ "type": "Feature", "properties": { "name": "Melkbosch", "operator": "MyCITi", "network": "Cape Town IRT" }, "geometry": { "type": "Point", "coordinates": [ 18.4556432, -33.7249694 ] } },
{ "type": "Feature", "properties": { "name": "Melkbosch", "operator": "MyCITi", "network": "Cape Town IRT" }, "geometry": { "type": "Point", "coordinates": [ 18.4514538, -33.7265519 ] } },
{ "type": "Feature", "properties": { "name": "Melkbosch", "operator": "MyCITi", "network": "Cape Town IRT" }, "geometry": { "type": "Point", "coordinates": [ 18.4556527, -33.727011700000013 ] } },
{ "type": "Feature", "properties": { "name": "Birkenhead", "operator": "MyCITi", "network": "Cape Town IRT" }, "geometry": { "type": "Point", "coordinates": [ 18.455493, -33.7364408 ] } },
{ "type": "Feature", "properties": { "name": "Birkenhead", "operator": "MyCITi", "network": "Cape Town IRT" }, "geometry": { "type": "Point", "coordinates": [ 18.4554316, -33.736441500000012 ] } },
{ "type": "Feature", "properties": { "name": "Berkshire West", "operator": "MyCITi", "network": "Cape Town IRT" }, "geometry": { "type": "Point", "coordinates": [ 18.4786223, -33.7878952 ] } },
{ "type": "Feature", "properties": { "name": "Riebeek", "operator": "MyCiTi", "network": "Cape Town IRT" }, "geometry": { "type": "Point", "coordinates": [ 18.4219427, -33.919076299999986 ] } },
{ "type": "Feature", "properties": { "name": "Church", "operator": "MyCiTi", "network": "Cape Town IRT" }, "geometry": { "type": "Point", "coordinates": [ 18.4180939, -33.92234790000002 ] } },
{ "type": "Feature", "properties": { "name": "Mid Loop", "operator": "MyCiTi", "network": "Cape Town IRT" }, "geometry": { "type": "Point", "coordinates": [ 18.4208064, -33.9198723 ] } },
{ "type": "Feature", "properties": { "name": "Michaelis", "operator": "MyCiTi", "network": "Cape Town IRT" }, "geometry": { "type": "Point", "coordinates": [ 18.413394, -33.9287102 ] } },
{ "type": "Feature", "properties": { "name": "Michaelis", "operator": "MyCiTi", "network": "Cape Town IRT" }, "geometry": { "type": "Point", "coordinates": [ 18.4132675, -33.9289601 ] } },
{ "type": "Feature", "properties": { "name": "Government Ave", "operator": "MyCiTi", "network": "Cape Town IRT" }, "geometry": { "type": "Point", "coordinates": [ 18.4137275, -33.9315693 ] } },
{ "type": "Feature", "properties": { "name": "Government Ave", "operator": "MyCiTi", "network": "Cape Town IRT" }, "geometry": { "type": "Point", "coordinates": [ 18.4131912, -33.930989700000012 ] } },
{ "type": "Feature", "properties": { "name": "Annandale", "operator": "MyCiTi", "network": "Cape Town IRT" }, "geometry": { "type": "Point", "coordinates": [ 18.4151478, -33.9336547 ] } },
{ "type": "Feature", "properties": { "name": "Annandale", "operator": "MyCiTi", "network": "Cape Town IRT" }, "geometry": { "type": "Point", "coordinates": [ 18.4148353, -33.9331124 ] } },
{ "type": "Feature", "properties": { "name": "Nazareth", "operator": "MyCiTi", "network": "Cape Town IRT" }, "geometry": { "type": "Point", "coordinates": [ 18.4253166, -33.9360604 ] } },
{ "type": "Feature", "properties": { "name": "Gardenia", "operator": "MyCiTi", "network": "Cape Town IRT" }, "geometry": { "type": "Point", "coordinates": [ 18.4283686, -33.9368293 ] } },
{ "type": "Feature", "properties": { "name": "St James", "operator": "MyCiTi", "network": "Cape Town IRT" }, "geometry": { "type": "Point", "coordinates": [ 18.4282652, -33.9394857 ] } },
{ "type": "Feature", "properties": { "name": "Wexford", "operator": "MyCiTi", "network": "Cape Town IRT" }, "geometry": { "type": "Point", "coordinates": [ 18.4258892, -33.9409162 ] } },
{ "type": "Feature", "properties": { "name": "Exner", "operator": "MyCiTi", "network": "Cape Town IRT" }, "geometry": { "type": "Point", "coordinates": [ 18.4231782, -33.9411422 ] } },
{ "type": "Feature", "properties": { "name": "Herzlia", "operator": "MyCiTi", "network": "Cape Town IRT" }, "geometry": { "type": "Point", "coordinates": [ 18.4213623, -33.9421116 ] } },
{ "type": "Feature", "properties": { "name": "Highlands", "operator": "MyCiTi", "network": "Cape Town IRT" }, "geometry": { "type": "Point", "coordinates": [ 18.4189574, -33.9409234 ] } },
{ "type": "Feature", "properties": { "name": "Upper Buitenkant", "operator": "MyCiTi", "network": "Cape Town IRT" }, "geometry": { "type": "Point", "coordinates": [ 18.4187463, -33.9377221 ] } },
{ "type": "Feature", "properties": { "name": "Roodehek", "operator": "MyCiTi", "network": "Cape Town IRT" }, "geometry": { "type": "Point", "coordinates": [ 18.4198433, -33.9322774 ] } },
{ "type": "Feature", "properties": { "name": "Roeland", "operator": "MyCiTi", "network": "Cape Town IRT" }, "geometry": { "type": "Point", "coordinates": [ 18.4211128, -33.9299527 ] } },
{ "type": "Feature", "properties": { "name": "Roeland", "operator": "MyCiTi", "network": "Cape Town IRT" }, "geometry": { "type": "Point", "coordinates": [ 18.4212424, -33.9297527 ] } },
{ "type": "Feature", "properties": { "name": "Lower Buitenkant", "operator": "MyCiTi", "network": "Cape Town IRT" }, "geometry": { "type": "Point", "coordinates": [ 18.4246486, -33.9265945 ] } },
{ "type": "Feature", "properties": { "name": "Lower Buitenkant", "operator": "MyCiTi", "network": "Cape Town IRT" }, "geometry": { "type": "Point", "coordinates": [ 18.4248553, -33.9264967 ] } },
{ "type": "Feature", "properties": { "name": "Roodehek", "operator": "MyCiTi", "network": "Cape Town IRT" }, "geometry": { "type": "Point", "coordinates": [ 18.4201316, -33.9316046 ] } },
{ "type": "Feature", "properties": { "name": "Lower Reservoir", "operator": "MyCiTi", "network": "Cape Town IRT" }, "geometry": { "type": "Point", "coordinates": [ 18.4122268, -33.935185 ] } },
{ "type": "Feature", "properties": { "name": "Rayden", "operator": "MyCiTi", "network": "Cape Town IRT" }, "geometry": { "type": "Point", "coordinates": [ 18.4098569, -33.9370946 ] } },
{ "type": "Feature", "properties": { "name": "Molteno", "operator": "MyCiTi", "network": "Cape Town IRT" }, "geometry": { "type": "Point", "coordinates": [ 18.4090966, -33.94040360000001 ] } },
{ "type": "Feature", "properties": { "name": "Invermark", "operator": "MyCiTi", "network": "Cape Town IRT" }, "geometry": { "type": "Point", "coordinates": [ 18.4080503, -33.9427165 ] } },
{ "type": "Feature", "properties": { "name": "Chesterfield", "operator": "MyCiTi", "network": "Cape Town IRT" }, "geometry": { "type": "Point", "coordinates": [ 18.409352, -33.9431851 ] } },
{ "type": "Feature", "properties": { "name": "Marion", "operator": "MyCiTi", "network": "Cape Town IRT" }, "geometry": { "type": "Point", "coordinates": [ 18.4114038, -33.9428319 ] } },
{ "type": "Feature", "properties": { "name": "Montrose", "operator": "MyCiTi", "network": "Cape Town IRT" }, "geometry": { "type": "Point", "coordinates": [ 18.4114496, -33.9412796 ] } },
{ "type": "Feature", "properties": { "name": "Upper Orange", "operator": "MyCiTi", "network": "Cape Town IRT" }, "geometry": { "type": "Point", "coordinates": [ 18.414119, -33.9406555 ] } },
{ "type": "Feature", "properties": { "name": "De Waal Park", "operator": "MyCiTi", "network": "Cape Town IRT" }, "geometry": { "type": "Point", "coordinates": [ 18.4141191, -33.937855199999987 ] } },
{ "type": "Feature", "properties": { "name": "Chester East", "operator": "MyCiTi", "network": "Cape Town IRT" }, "geometry": { "type": "Point", "coordinates": [ 18.4465386, -33.9355328 ] } },
{ "type": "Feature", "properties": { "name": "Salt River Rail", "operator": "MyCiTi", "network": "Cape Town IRT" }, "geometry": { "type": "Point", "coordinates": [ 18.4643544, -33.9276528 ] } },
{ "type": "Feature", "properties": { "name": "Spencer", "operator": "MyCiTi", "network": "Cape Town IRT" }, "geometry": { "type": "Point", "coordinates": [ 18.46485, -33.9293057 ] } },
{ "type": "Feature", "properties": { "name": "Kent", "operator": "MyCiTi", "network": "Cape Town IRT" }, "geometry": { "type": "Point", "coordinates": [ 18.4586935, -33.9290191 ] } },
{ "type": "Feature", "properties": { "name": "Kent", "operator": "MyCiTi", "network": "Cape Town IRT" }, "geometry": { "type": "Point", "coordinates": [ 18.4588487, -33.9289122 ] } },
{ "type": "Feature", "properties": { "name": "Upper Salt River", "operator": "MyCiTi", "network": "Cape Town IRT" }, "geometry": { "type": "Point", "coordinates": [ 18.4573015, -33.9299799 ] } },
{ "type": "Feature", "properties": { "name": "Upper Salt River", "operator": "MyCiTi", "network": "Cape Town IRT" }, "geometry": { "type": "Point", "coordinates": [ 18.4569154, -33.9302401 ] } },
{ "type": "Feature", "properties": { "name": "Lawley", "operator": "MyCiTi", "network": "Cape Town IRT" }, "geometry": { "type": "Point", "coordinates": [ 18.4530143, -33.931699 ] } },
{ "type": "Feature", "properties": { "name": "Lawley", "operator": "MyCiTi", "network": "Cape Town IRT" }, "geometry": { "type": "Point", "coordinates": [ 18.4529598, -33.9317759 ] } },
{ "type": "Feature", "properties": { "name": "Balfour", "operator": "MyCiTi", "network": "Cape Town IRT" }, "geometry": { "type": "Point", "coordinates": [ 18.4516367, -33.9347818 ] } },
{ "type": "Feature", "properties": { "name": "Upper Roodebloem", "operator": "MyCiTi", "network": "Cape Town IRT" }, "geometry": { "type": "Point", "coordinates": [ 18.4510978, -33.9374653 ] } },
{ "type": "Feature", "properties": { "name": "Upper Roodebloem", "operator": "MyCiTi", "network": "Cape Town IRT" }, "geometry": { "type": "Point", "coordinates": [ 18.45107, -33.937602299999988 ] } },
{ "type": "Feature", "properties": { "name": "Upper Mountain", "operator": "MyCiTi", "network": "Cape Town IRT" }, "geometry": { "type": "Point", "coordinates": [ 18.4490841, -33.9372297 ] } },
{ "type": "Feature", "properties": { "name": "Upper Mountain", "operator": "MyCiTi", "network": "Cape Town IRT" }, "geometry": { "type": "Point", "coordinates": [ 18.4489936, -33.9360457 ] } },
{ "type": "Feature", "properties": { "name": "Coronation East", "operator": "MyCiTi", "network": "Cape Town IRT" }, "geometry": { "type": "Point", "coordinates": [ 18.4469686, -33.9348432 ] } },
{ "type": "Feature", "properties": { "name": "Coronation West", "operator": "MyCiTi", "network": "Cape Town IRT" }, "geometry": { "type": "Point", "coordinates": [ 18.4431831, -33.9344894 ] } },
{ "type": "Feature", "properties": { "name": "Chester West", "operator": "MyCiTi", "network": "Cape Town IRT" }, "geometry": { "type": "Point", "coordinates": [ 18.4415761, -33.9342248 ] } },
{ "type": "Feature", "properties": { "name": "Zonnebloem", "operator": "MyCiTi", "network": "Cape Town IRT" }, "geometry": { "type": "Point", "coordinates": [ 18.4391566, -33.9332972 ] } },
{ "type": "Feature", "properties": { "name": "Zonnebloem", "operator": "MyCiTi", "network": "Cape Town IRT" }, "geometry": { "type": "Point", "coordinates": [ 18.4387464, -33.9330972 ] } },
{ "type": "Feature", "properties": { "name": "District Six", "operator": "MyCiTi", "network": "Cape Town IRT" }, "geometry": { "type": "Point", "coordinates": [ 18.4345553, -33.9313471 ] } },
{ "type": "Feature", "properties": { "name": "District Six", "operator": "MyCiTi", "network": "Cape Town IRT" }, "geometry": { "type": "Point", "coordinates": [ 18.4351726, -33.9314628 ] } },
{ "type": "Feature", "properties": { "name": "CPUT", "operator": "MyCiTi", "network": "Cape Town IRT" }, "geometry": { "type": "Point", "coordinates": [ 18.430392, -33.9296833 ] } },
{ "type": "Feature", "properties": { "name": "CPUT", "operator": "MyCiTi", "network": "Cape Town IRT" }, "geometry": { "type": "Point", "coordinates": [ 18.4307044, -33.929715300000012 ] } },
{ "type": "Feature", "properties": { "name": "Hanover Street", "operator": "MyCiTi", "network": "Cape Town IRT" }, "geometry": { "type": "Point", "coordinates": [ 18.4279049, -33.9280411 ] } },
{ "type": "Feature", "properties": { "name": "Hanover Street", "operator": "MyCiTi", "network": "Cape Town IRT" }, "geometry": { "type": "Point", "coordinates": [ 18.4280937, -33.9280424 ] } },
{ "type": "Feature", "properties": { "name": "The Castle", "operator": "MyCiTi", "network": "Cape Town IRT" }, "geometry": { "type": "Point", "coordinates": [ 18.4258353, -33.926448 ] } },
{ "type": "Feature", "properties": { "name": "The Castle", "operator": "MyCiTi", "network": "Cape Town IRT" }, "geometry": { "type": "Point", "coordinates": [ 18.4256305, -33.926301 ] } },
{ "type": "Feature", "properties": { "name": "Atholl", "operator": "MyCiTi", "network": "Cape Town IRT" }, "geometry": { "type": "Point", "coordinates": [ 18.3859889, -33.9493605 ] } },
{ "type": "Feature", "properties": { "name": "Woodford", "operator": "MyCiTi", "network": "Cape Town IRT" }, "geometry": { "type": "Point", "coordinates": [ 18.3851287, -33.9505871 ] } },
{ "type": "Feature", "properties": { "name": "Woodford", "operator": "MyCiTi", "network": "Cape Town IRT" }, "geometry": { "type": "Point", "coordinates": [ 18.3845086, -33.9518905 ] } },
{ "type": "Feature", "properties": { "name": "Quebec", "operator": "MyCiTi", "network": "Cape Town IRT" }, "geometry": { "type": "Point", "coordinates": [ 18.383647, -33.9526139 ] } },
{ "type": "Feature", "properties": { "name": "Quebec", "operator": "MyCiTi", "network": "Cape Town IRT" }, "geometry": { "type": "Point", "coordinates": [ 18.3821044, -33.9521785 ] } },
{ "type": "Feature", "properties": { "name": "Camps Bay", "operator": "MyCiTi", "network": "Cape Town IRT" }, "geometry": { "type": "Point", "coordinates": [ 18.3788747, -33.9499435 ] } },
{ "type": "Feature", "properties": { "name": "Camps Bay", "operator": "MyCiTi", "network": "Cape Town IRT" }, "geometry": { "type": "Point", "coordinates": [ 18.3781609, -33.9513107 ] } },
{ "type": "Feature", "properties": { "name": "Whale Rock", "operator": "MyCiTi", "network": "Cape Town IRT" }, "geometry": { "type": "Point", "coordinates": [ 18.377106, -33.9532806 ] } },
{ "type": "Feature", "properties": { "name": "Lower Camps Bay", "operator": "MyCiTi", "network": "Cape Town IRT" }, "geometry": { "type": "Point", "coordinates": [ 18.3777704, -33.9552763 ] } },
{ "type": "Feature", "properties": { "name": "Lower Camps Bay", "operator": "MyCiTi", "network": "Cape Town IRT" }, "geometry": { "type": "Point", "coordinates": [ 18.3777489, -33.9555391 ] } },
{ "type": "Feature", "properties": { "name": "Houghton", "operator": "MyCiTi", "network": "Cape Town IRT" }, "geometry": { "type": "Point", "coordinates": [ 18.3783135, -33.9607149 ] } },
{ "type": "Feature", "properties": { "name": "Rontree", "operator": "MyCiTi", "network": "Cape Town IRT" }, "geometry": { "type": "Point", "coordinates": [ 18.3781236, -33.9623146 ] } },
{ "type": "Feature", "properties": { "name": "Rontree", "operator": "MyCiTi", "network": "Cape Town IRT" }, "geometry": { "type": "Point", "coordinates": [ 18.3799399, -33.96332850000001 ] } },
{ "type": "Feature", "properties": { "name": "Chas Booth", "operator": "MyCiTi", "network": "Cape Town IRT" }, "geometry": { "type": "Point", "coordinates": [ 18.3819025, -33.9605492 ] } },
{ "type": "Feature", "properties": { "name": "Ravensteyn", "operator": "MyCiTi", "network": "Cape Town IRT" }, "geometry": { "type": "Point", "coordinates": [ 18.3849302, -33.9571144 ] } },
{ "type": "Feature", "properties": { "name": "Platteklip", "operator": "MyCiTi", "network": "Cape Town IRT" }, "geometry": { "type": "Point", "coordinates": [ 18.3872011, -33.9566657 ] } },
{ "type": "Feature", "properties": { "name": "Prima", "operator": "MyCiTi", "network": "Cape Town IRT" }, "geometry": { "type": "Point", "coordinates": [ 18.3871523, -33.9550399 ] } },
{ "type": "Feature", "properties": { "name": "Dal", "operator": "MyCiTi", "network": "Cape Town IRT" }, "geometry": { "type": "Point", "coordinates": [ 18.3919656, -33.9467878 ] } },
{ "type": "Feature", "properties": { "name": "Kloof Nek", "operator": "MyCiTi", "network": "Cape Town IRT" }, "geometry": { "type": "Point", "coordinates": [ 18.3947369, -33.94201240000001 ] } },
{ "type": "Feature", "properties": { "name": "Kloof Nek", "operator": "MyCiTi", "network": "Cape Town IRT" }, "geometry": { "type": "Point", "coordinates": [ 18.3950638, -33.9420145 ] } },
{ "type": "Feature", "properties": { "name": "Cotswold", "operator": "MyCiTi", "network": "Cape Town IRT" }, "geometry": { "type": "Point", "coordinates": [ 18.4017054, -33.9353864 ] } },
{ "type": "Feature", "properties": { "name": "Cotswold", "operator": "MyCiTi", "network": "Cape Town IRT" }, "geometry": { "type": "Point", "coordinates": [ 18.4019395, -33.9352118 ] } },
{ "type": "Feature", "properties": { "name": "St Michael's", "operator": "MyCiTi", "network": "Cape Town IRT" }, "geometry": { "type": "Point", "coordinates": [ 18.4042935, -33.933272 ] } },
{ "type": "Feature", "properties": { "name": "St Michael's", "operator": "MyCiTi", "network": "Cape Town IRT" }, "geometry": { "type": "Point", "coordinates": [ 18.4047701, -33.9328365 ] } },
{ "type": "Feature", "properties": { "name": "Belle Ombre", "operator": "MyCiTi", "network": "Cape Town IRT" }, "geometry": { "type": "Point", "coordinates": [ 18.406904, -33.9308799 ] } },
{ "type": "Feature", "properties": { "name": "Belle Ombre", "operator": "MyCiTi", "network": "Cape Town IRT" }, "geometry": { "type": "Point", "coordinates": [ 18.4071757, -33.9306309 ] } },
{ "type": "Feature", "properties": { "name": "Ludwig's Garden", "operator": "MyCiTi", "network": "Cape Town IRT" }, "geometry": { "type": "Point", "coordinates": [ 18.4100197, -33.9303706 ] } },
{ "type": "Feature", "properties": { "name": "Longmarket", "operator": "MyCiTi", "network": "Cape Town IRT" }, "geometry": { "type": "Point", "coordinates": [ 18.4190522, -33.922542300000011 ] } },
{ "type": "Feature", "properties": { "name": "Mid Long", "operator": "MyCiTi", "network": "Cape Town IRT" }, "geometry": { "type": "Point", "coordinates": [ 18.4208728, -33.920881699999988 ] } },
{ "type": "Feature", "properties": { "name": "Corsair", "operator": "MyCITi", "network": "Cape Town IRT" }, "geometry": { "type": "Point", "coordinates": [ 18.504942, -33.8799675 ] } },
{ "type": "Feature", "properties": { "name": "Democracy South", "operator": "MyCITi", "network": "Cape Town IRT" }, "geometry": { "type": "Point", "coordinates": [ 18.5081892, -33.8804556 ] } },
{ "type": "Feature", "properties": { "name": "Namar", "operator": "MyCITi", "network": "Cape Town IRT" }, "geometry": { "type": "Point", "coordinates": [ 18.5148355, -33.8819677 ] } },
{ "type": "Feature", "properties": { "name": "Democracy South", "operator": "MyCITi", "network": "Cape Town IRT" }, "geometry": { "type": "Point", "coordinates": [ 18.5069021, -33.8803787 ] } },
{ "type": "Feature", "properties": { "name": "Victoria", "operator": "MyCITi", "network": "Cape Town IRT" }, "geometry": { "type": "Point", "coordinates": [ 18.5233528, -33.8873261 ] } },
{ "type": "Feature", "properties": { "name": "Sailors Green", "operator": "MyCITi", "network": "Cape Town IRT" }, "geometry": { "type": "Point", "coordinates": [ 18.5252195, -33.885509899999988 ] } },
{ "type": "Feature", "properties": { "name": "Sailors Green", "operator": "MyCITi", "network": "Cape Town IRT" }, "geometry": { "type": "Point", "coordinates": [ 18.5255262, -33.88535610000001 ] } },
{ "type": "Feature", "properties": { "name": "Soldier", "operator": "MyCITi", "network": "Cape Town IRT" }, "geometry": { "type": "Point", "coordinates": [ 18.5266823, -33.8824156 ] } },
{ "type": "Feature", "properties": { "name": "Soldier", "operator": "MyCITi", "network": "Cape Town IRT" }, "geometry": { "type": "Point", "coordinates": [ 18.526823, -33.8824809 ] } },
{ "type": "Feature", "properties": { "name": "Emerald", "operator": "MyCITi", "network": "Cape Town IRT" }, "geometry": { "type": "Point", "coordinates": [ 18.5266472, -33.8798544 ] } },
{ "type": "Feature", "properties": { "name": "Emerald", "operator": "MyCITi", "network": "Cape Town IRT" }, "geometry": { "type": "Point", "coordinates": [ 18.5265902, -33.8793303 ] } },
{ "type": "Feature", "properties": { "name": "Edison", "operator": "MyCITi", "network": "Cape Town IRT" }, "geometry": { "type": "Point", "coordinates": [ 18.5189337, -33.8816053 ] } },
{ "type": "Feature", "properties": { "name": "Edison", "operator": "MyCITi", "network": "Cape Town IRT" }, "geometry": { "type": "Point", "coordinates": [ 18.5187033, -33.881667 ] } },
{ "type": "Feature", "properties": { "name": "Ocean Spirit", "operator": "MyCITi", "network": "Cape Town IRT" }, "geometry": { "type": "Point", "coordinates": [ 18.5142613, -33.8814944 ] } },
{ "type": "Feature", "properties": { "name": "Loxton East", "operator": "MyCITi", "network": "Cape Town IRT" }, "geometry": { "type": "Point", "coordinates": [ 18.4951622, -33.883016600000012 ] } },
{ "type": "Feature", "properties": { "name": "Loxton West", "operator": "MyCITi", "network": "Cape Town IRT" }, "geometry": { "type": "Point", "coordinates": [ 18.491839, -33.8822694 ] } },
{ "type": "Feature", "properties": { "name": "Loxton West", "operator": "MyCITi", "network": "Cape Town IRT" }, "geometry": { "type": "Point", "coordinates": [ 18.4924017, -33.8824294 ] } },
{ "type": "Feature", "properties": { "name": "Portswood", "operator": "MyCiTi", "network": "Cape Town IRT" }, "geometry": { "type": "Point", "coordinates": [ 18.4178291, -33.905466 ] } },
{ "type": "Feature", "properties": { "name": "Studio", "operator": "MyCITi", "network": "Cape Town IRT" }, "geometry": { "type": "Point", "coordinates": [ 18.5183722, -33.8848619 ] } },
{ "type": "Feature", "properties": { "name": "Studio", "operator": "MyCITi", "network": "Cape Town IRT" }, "geometry": { "type": "Point", "coordinates": [ 18.5180977, -33.8846635 ] } },
{ "type": "Feature", "properties": { "name": "Waterstone", "operator": "MyCITi", "network": "Cape Town IRT" }, "geometry": { "type": "Point", "coordinates": [ 18.5137738, -33.8855994 ] } },
{ "type": "Feature", "properties": { "name": "Central Park", "operator": "MyCITi", "network": "Cape Town IRT" }, "geometry": { "type": "Point", "coordinates": [ 18.5115752, -33.886998 ] } },
{ "type": "Feature", "properties": { "name": "Central Park", "operator": "MyCITi", "network": "Cape Town IRT" }, "geometry": { "type": "Point", "coordinates": [ 18.5114582, -33.8874581 ] } },
{ "type": "Feature", "properties": { "name": "Oasis", "operator": "MyCITi", "network": "Cape Town IRT" }, "geometry": { "type": "Point", "coordinates": [ 18.5100664, -33.889209 ] } }
]
}
