{
"type": "FeatureCollection",
"name": "places_of_worship",
"crs": { "type": "name", "properties": { "name": "urn:ogc:def:crs:OGC:1.3:CRS84" } },
"features": [
{ "type": "Feature", "properties": { "name": "MASJIDUL QUDS", "religion": "ISLAMIC", "building_type": "MOSQUE", "suburb": "GATESVILLE" }, "geometry": { "type": "Point", "coordinates": [ 18.534781124103663, -33.970751724189007 ] } },
{ "type": "Feature", "properties": { "name": "EVANGELICAL LUTHERAN CHURCH", "religion": "CHRISTIAN", "building_type": "CHURCH", "suburb": "CAPE TOWN CITY CENTRE" }, "geometry": { "type": "Point", "coordinates": [ 18.4195537024851, -33.918959526995394 ] } },
{ "type": "Feature", "properties": { "name": "GLEEMOOR CONGREGATIONAL CHURCH", "religion": "CHRISTIAN", "building_type": "CHURCH", "suburb": "BELGRAVIA" }, "geometry": { "type": "Point", "coordinates": [ 18.515102086009016, -33.966013944166285 ] } },
{ "type": "Feature", "properties": { "name": "ST. MARK'S ANGLICAN CHURCH", "religion": "CHRISTIAN", "building_type": "CHURCH", "suburb": "ZONNEBLOEM" }, "geometry": { "type": "Point", "coordinates": [ 18.431186359001714, -33.931011329600992 ] } },
{ "type": "Feature", "properties": { "name": "NED. GER. SENDINGKERK - TAMBOERSKLOOF", "religion": "CHRISTIAN", "building_type": "CHURCH", "suburb": "GARDENS" }, "geometry": { "type": "Point", "coordinates": [ 18.407059509508763, -33.931321678026698 ] } },
{ "type": "Feature", "properties": { "name": "VILLA MARIA CATHOLIC CHURCH", "religion": "CHRISTIAN", "building_type": "CHURCH", "suburb": "GARDENS" }, "geometry": { "type": "Point", "coordinates": [ 18.409317956778057, -33.930411013845685 ] } },
{ "type": "Feature", "properties": { "name": "UNION CONGREGATIONAL CHURCH", "religion": "CHRISTIAN", "building_type": "CHURCH", "suburb": "GARDENS" }, "geometry": { "type": "Point", "coordinates": [ 18.409247561199113, -33.931047111199504 ] } },
{ "type": "Feature", "properties": { "name": "ST. PAUL'S ANGLICAN CHURCH", "religion": "CHRISTIAN", "building_type": "CHURCH", "suburb": "CAPE TOWN CITY CENTRE" }, "geometry": { "type": "Point", "coordinates": [ 18.41323054564182, -33.925359122593157 ] } },
{ "type": "Feature", "properties": { "name": "HOLY TRINITY CHURCH - GARDENS", "religion": "CHRISTIAN", "building_type": "CHURCH", "suburb": "ORANJEZICHT" }, "geometry": { "type": "Point", "coordinates": [ 18.417315727821155, -33.935412708927608 ] } },
{ "type": "Feature", "properties": { "name": "VREDEHOEK JEWISH SYNAGOGUE", "religion": "JUDAISM", "building_type": "SYNAGOGUE", "suburb": "VREDEHOEK" }, "geometry": { "type": "Point", "coordinates": [ 18.419067242300866, -33.936956910379401 ] } },
{ "type": "Feature", "properties": { "name": "ST. THERESA'S CATHOLIC CHURCH", "religion": "CHRISTIAN", "building_type": "CHURCH", "suburb": "CAMPS BAY / BAKOVEN" }, "geometry": { "type": "Point", "coordinates": [ 18.380280060745957, -33.950180863902176 ] } },
{ "type": "Feature", "properties": { "name": "ST. PETER'S ANGLICAN CHURCH", "religion": "CHRISTIAN", "building_type": "CHURCH", "suburb": "CAMPS BAY / BAKOVEN" }, "geometry": { "type": "Point", "coordinates": [ 18.380570925353478, -33.950725507324321 ] } },
{ "type": "Feature", "properties": { "name": "CAMPS BAY HEBREW SYNAGOGUE", "religion": "JUDAISM", "building_type": "SYNAGOGUE", "suburb": "CAMPS BAY / BAKOVEN" }, "geometry": { "type": "Point", "coordinates": [ 18.381293512201726, -33.945711725742598 ] } },
{ "type": "Feature", "properties": { "name": "ST. TIMOTHY ANGLICAN CHURCH", "religion": "CHRISTIAN", "building_type": "CHURCH", "suburb": "WINDERMERE" }, "geometry": { "type": "Point", "coordinates": [ 18.516337947752724, -33.90508890716864 ] } },
{ "type": "Feature", "properties": { "name": "OLD APOSTOLIC CHURCH OF AFRICA", "religion": "CHRISTIAN", "building_type": "CHURCH", "suburb": "WINDERMERE" }, "geometry": { "type": "Point", "coordinates": [ 18.521250727142036, -33.905530596293744 ] } },
{ "type": "Feature", "properties": { "name": "DOCKS MISSION CHURCH - FACTRETON", "religion": "CHRISTIAN", "building_type": "CHURCH", "suburb": "WINDERMERE" }, "geometry": { "type": "Point", "coordinates": [ 18.521666525846015, -33.907265701482039 ] } },
{ "type": "Feature", "properties": { "name": "SEPHARDI HEBREW CONGREGATION", "religion": "JUDAISM", "building_type": "SYNAGOGUE", "suburb": "SEA POINT" }, "geometry": { "type": "Point", "coordinates": [ 18.38482396223522, -33.920531388637329 ] } },
{ "type": "Feature", "properties": { "name": "GREEN & SEA POINT HEBREW CONGREGATION", "religion": "JUDAISM", "building_type": "SYNAGOGUE", "suburb": "SEA POINT" }, "geometry": { "type": "Point", "coordinates": [ 18.389943651482255, -33.91351190282878 ] } },
{ "type": "Feature", "properties": { "name": "CONGREGATIONAL CHURCH - SEA POINT", "religion": "CHRISTIAN", "building_type": "CHURCH", "suburb": "SEA POINT" }, "geometry": { "type": "Point", "coordinates": [ 18.390875719166552, -33.914016376748236 ] } },
{ "type": "Feature", "properties": { "name": "SEA POINT METHODIST CHURCH", "religion": "CHRISTIAN", "building_type": "CHURCH", "suburb": "SEA POINT" }, "geometry": { "type": "Point", "coordinates": [ 18.39356638005502, -33.91172227890997 ] } },
{ "type": "Feature", "properties": { "name": "NED. GER. SENDINGKERK - THREE ANCHOR BAY", "religion": "CHRISTIAN", "building_type": "CHURCH", "suburb": "THREE ANCHOR BAY" }, "geometry": { "type": "Point", "coordinates": [ 18.395718273656872, -33.909804494224112 ] } },
{ "type": "Feature", "properties": { "name": "ST. MARGARET MARY'S ROMAN CATHOLIC CHURCH", "religion": "CHRISTIAN", "building_type": "CHURCH", "suburb": "GREEN POINT" }, "geometry": { "type": "Point", "coordinates": [ 18.406280299153234, -33.90979517737302 ] } },
{ "type": "Feature", "properties": { "name": "NEW APOSTOLIC CHURCH OF S.A.", "religion": "CHRISTIAN", "building_type": "CHURCH", "suburb": "MAITLAND" }, "geometry": { "type": "Point", "coordinates": [ 18.483904223215617, -33.921201655621225 ] } },
{ "type": "Feature", "properties": { "name": "ST. MARY'S CATHOLIC CHURCH", "religion": "CHRISTIAN", "building_type": "CHURCH", "suburb": "MAITLAND" }, "geometry": { "type": "Point", "coordinates": [ 18.49402491629434, -33.920051722682757 ] } },
{ "type": "Feature", "properties": { "name": "ASSEMBLY OF GOD - KENSINGTON", "religion": "CHRISTIAN", "building_type": "CHURCH", "suburb": "KENSINGTON" }, "geometry": { "type": "Point", "coordinates": [ 18.506075227434305, -33.909605458418902 ] } },
{ "type": "Feature", "properties": { "name": "NEW APOSTOLIC CHURCH OF S.A.", "religion": "CHRISTIAN", "building_type": "CHURCH", "suburb": "KENSINGTON" }, "geometry": { "type": "Point", "coordinates": [ 18.506168865124554, -33.910440652999092 ] } },
{ "type": "Feature", "properties": { "name": "FAITH TABERNACLE FULL GOSPEL CHURCH OF GOD", "religion": "CHRISTIAN", "building_type": "CHURCH", "suburb": "KENSINGTON" }, "geometry": { "type": "Point", "coordinates": [ 18.507061775245603, -33.910887339927349 ] } },
{ "type": "Feature", "properties": { "name": "GOOD SHEPHERD ANGLICAN CHURCH", "religion": "CHRISTIAN", "building_type": "CHURCH", "suburb": "KENSINGTON" }, "geometry": { "type": "Point", "coordinates": [ 18.506098455172587, -33.913380562244264 ] } },
{ "type": "Feature", "properties": { "name": "INDEPENDENT CONGREGATIONAL CHURCH OF S. A.", "religion": "CHRISTIAN", "building_type": "CHURCH", "suburb": "KENSINGTON" }, "geometry": { "type": "Point", "coordinates": [ 18.503982994543719, -33.907948236349185 ] } },
{ "type": "Feature", "properties": { "name": "DOCKS MISSION CHURCH", "religion": "CHRISTIAN", "building_type": "CHURCH", "suburb": "KENSINGTON" }, "geometry": { "type": "Point", "coordinates": [ 18.498852402444079, -33.914196356513102 ] } },
{ "type": "Feature", "properties": { "name": "EVANGELIST MISSION CHURCH", "religion": "CHRISTIAN", "building_type": "CHURCH", "suburb": "KENSINGTON" }, "geometry": { "type": "Point", "coordinates": [ 18.5025290380187, -33.914990731252502 ] } },
{ "type": "Feature", "properties": { "name": "NEW APOSTOLIC CHURCH OF S.A. - KENSINGTON SOUTH", "religion": "CHRISTIAN", "building_type": "CHURCH", "suburb": "KENSINGTON" }, "geometry": { "type": "Point", "coordinates": [ 18.50156586167612, -33.918448814584615 ] } },
{ "type": "Feature", "properties": { "name": "NED. GER. SENDINGKERK - MAITLAND", "religion": "CHRISTIAN", "building_type": "CHURCH", "suburb": "MAITLAND" }, "geometry": { "type": "Point", "coordinates": [ 18.497132423322405, -33.919619391042488 ] } },
{ "type": "Feature", "properties": { "name": "ST. ANNE'S  ANGLICAN CHURCH", "religion": "CHRISTIAN", "building_type": "CHURCH", "suburb": "MAITLAND" }, "geometry": { "type": "Point", "coordinates": [ 18.488598432614857, -33.921657695622955 ] } },
{ "type": "Feature", "properties": { "name": "NEW APOSTOLIC CHURCH OF S.A.", "religion": "CHRISTIAN", "building_type": "CHURCH", "suburb": "ZONNEBLOEM" }, "geometry": { "type": "Point", "coordinates": [ 18.43819844731112, -33.932272644419108 ] } },
{ "type": "Feature", "properties": { "name": "ST. BARTHOLOMEW ANGLICAN CHURCH", "religion": "CHRISTIAN", "building_type": "CHURCH", "suburb": "WOODSTOCK" }, "geometry": { "type": "Point", "coordinates": [ 18.445431872421693, -33.933944702948125 ] } },
{ "type": "Feature", "properties": { "name": "NEW APOSTOLIC CHURCH OF S.A.- WOODSTOCK", "religion": "CHRISTIAN", "building_type": "CHURCH", "suburb": "WOODSTOCK" }, "geometry": { "type": "Point", "coordinates": [ 18.449284146600675, -33.928385930534184 ] } },
{ "type": "Feature", "properties": { "name": "ST. FRANCIS CATHOLIC CHURCH", "religion": "CHRISTIAN", "building_type": "CHURCH", "suburb": "SALT RIVER" }, "geometry": { "type": "Point", "coordinates": [ 18.461053700078327, -33.932791170684055 ] } },
{ "type": "Feature", "properties": { "name": "ST. MICHAELS & ALL ANGELS ANGLICAN CHURCH", "religion": "CHRISTIAN", "building_type": "CHURCH", "suburb": "OBSERVATORY" }, "geometry": { "type": "Point", "coordinates": [ 18.468728959764789, -33.935784497999776 ] } },
{ "type": "Feature", "properties": { "name": "NEW APOSTOLIC CHURCH OF S.A.", "religion": "CHRISTIAN", "building_type": "CHURCH", "suburb": "OBSERVATORY" }, "geometry": { "type": "Point", "coordinates": [ 18.469618316150559, -33.936833470243833 ] } },
{ "type": "Feature", "properties": { "name": "CATHOLIC CHURCH OF THE HOLY NAME", "religion": "CHRISTIAN", "building_type": "CHURCH", "suburb": "OBSERVATORY" }, "geometry": { "type": "Point", "coordinates": [ 18.466935886525057, -33.938518619420591 ] } },
{ "type": "Feature", "properties": { "name": "CONGREGATIONAL CHURCH - OBSERVATORY", "religion": "CHRISTIAN", "building_type": "CHURCH", "suburb": "OBSERVATORY" }, "geometry": { "type": "Point", "coordinates": [ 18.469224690562736, -33.941248502736897 ] } },
{ "type": "Feature", "properties": { "name": "ST. THOMAS ANGLICAN CHURCH", "religion": "CHRISTIAN", "building_type": "CHURCH", "suburb": "HEIDEVELD" }, "geometry": { "type": "Point", "coordinates": [ 18.554023673496747, -33.963714871553009 ] } },
{ "type": "Feature", "properties": { "name": "HEIDEVELD BAPTIST CHURCH", "religion": "CHRISTIAN", "building_type": "CHURCH", "suburb": "HEIDEVELD" }, "geometry": { "type": "Point", "coordinates": [ 18.553205142982904, -33.963827762226408 ] } },
{ "type": "Feature", "properties": { "name": "ASSEMBLY OF GOD - HEIDEVELD", "religion": "CHRISTIAN", "building_type": "CHURCH", "suburb": "HEIDEVELD" }, "geometry": { "type": "Point", "coordinates": [ 18.554517240253183, -33.962861902869221 ] } },
{ "type": "Feature", "properties": { "name": "THE GREAT COMMISSION EVANGELICAL CHAPEL", "religion": "CHRISTIAN", "building_type": "CHURCH", "suburb": "HEIDEVELD" }, "geometry": { "type": "Point", "coordinates": [ 18.553005094457312, -33.961871565899024 ] } },
{ "type": "Feature", "properties": { "name": "ST. THERESA'S CATHOLIC CHURCH", "religion": "CHRISTIAN", "building_type": "CHURCH", "suburb": "WELCOME" }, "geometry": { "type": "Point", "coordinates": [ 18.547080149101408, -33.963208290692727 ] } },
{ "type": "Feature", "properties": { "name": "NEW APOSTOLIC CHURCH OF S.A.", "religion": "CHRISTIAN", "building_type": "CHURCH", "suburb": "WELCOME" }, "geometry": { "type": "Point", "coordinates": [ 18.546483362325553, -33.962017071482613 ] } },
{ "type": "Feature", "properties": { "name": "MORAVIAN CHURCH - BRIDGETOWN", "religion": "CHRISTIAN", "building_type": "CHURCH", "suburb": "BRIDGETOWN" }, "geometry": { "type": "Point", "coordinates": [ 18.536209276522158, -33.960255570747627 ] } },
{ "type": "Feature", "properties": { "name": "NEW APOSTOLIC CHURCH OF S.A.", "religion": "CHRISTIAN", "building_type": "CHURCH", "suburb": "CRAWFORD" }, "geometry": { "type": "Point", "coordinates": [ 18.503725966778003, -33.976533018068508 ] } },
{ "type": "Feature", "properties": { "name": "ST. STEPHEN'S ANGLICAN CHURCH OF ENGLAND IN S. A.", "religion": "CHRISTIAN", "building_type": "CHURCH", "suburb": "CLAREMONT" }, "geometry": { "type": "Point", "coordinates": [ 18.481893620234878, -33.979228162020895 ] } },
{ "type": "Feature", "properties": { "name": "AFRICAN METHODIST EPISCOPAL CHURCH", "religion": "CHRISTIAN", "building_type": "CHURCH", "suburb": "ATHLONE" }, "geometry": { "type": "Point", "coordinates": [ 18.502809261183369, -33.97233398169783 ] } },
{ "type": "Feature", "properties": { "name": "SEVENTH-DAY ADVENTIST CHURCH - ATHLONE", "religion": "CHRISTIAN", "building_type": "CHURCH", "suburb": "ATHLONE" }, "geometry": { "type": "Point", "coordinates": [ 18.508115212511306, -33.968730763134786 ] } },
{ "type": "Feature", "properties": { "name": "ST. MARK'S ANGLICAN CHURCH", "religion": "CHRISTIAN", "building_type": "CHURCH", "suburb": "ATHLONE" }, "geometry": { "type": "Point", "coordinates": [ 18.504254504050145, -33.970210525696409 ] } },
{ "type": "Feature", "properties": { "name": "ST. JOHN ANGLICAN CHURCH", "religion": "CHRISTIAN", "building_type": "CHURCH", "suburb": "BELGRAVIA" }, "geometry": { "type": "Point", "coordinates": [ 18.515653206927389, -33.977003578511379 ] } },
{ "type": "Feature", "properties": { "name": "BETHANY FELLOWSHIP FULL GOSPEL CHURCH", "religion": "CHRISTIAN", "building_type": "CHURCH", "suburb": "CLAREMONT" }, "geometry": { "type": "Point", "coordinates": [ 18.482648525772106, -33.983227419873842 ] } },
{ "type": "Feature", "properties": { "name": "MARANATHA GOSPEL MISSION CHURCH OF S. A.", "religion": "CHRISTIAN", "building_type": "CHURCH", "suburb": "ATHLONE" }, "geometry": { "type": "Point", "coordinates": [ 18.513726211946803, -33.968059810887894 ] } },
{ "type": "Feature", "properties": { "name": "PINKSTER PROTESTANTE KERK - CRAWFORD", "religion": "CHRISTIAN", "building_type": "CHURCH", "suburb": "ATHLONE" }, "geometry": { "type": "Point", "coordinates": [ 18.503332554989189, -33.965853546183823 ] } },
{ "type": "Feature", "properties": { "name": "INDEPENDENT CONGREGATIONAL CHURCH OF S. A.", "religion": "CHRISTIAN", "building_type": "CHURCH", "suburb": "ATHLONE" }, "geometry": { "type": "Point", "coordinates": [ 18.505407532141493, -33.965331920784841 ] } },
{ "type": "Feature", "properties": { "name": "NEW APOSTOLIC CHURCH OF S.A.", "religion": "CHRISTIAN", "building_type": "CHURCH", "suburb": "ATHLONE" }, "geometry": { "type": "Point", "coordinates": [ 18.510883507603268, -33.970254739837884 ] } },
{ "type": "Feature", "properties": { "name": "ST. PATRICK'S ANGLICAN CHURCH", "religion": "CHRISTIAN", "building_type": "CHURCH", "suburb": "CRAWFORD" }, "geometry": { "type": "Point", "coordinates": [ 18.503761564317749, -33.976169883749513 ] } },
{ "type": "Feature", "properties": { "name": "ALL SAINTS ANGLICAN CHURCH", "religion": "CHRISTIAN", "building_type": "CHURCH", "suburb": "LANSDOWNE" }, "geometry": { "type": "Point", "coordinates": [ 18.494766440527101, -33.984121856402254 ] } },
{ "type": "Feature", "properties": { "name": "CHRIST THE KING ANGLICAN CHURCH", "religion": "CHRISTIAN", "building_type": "CHURCH", "suburb": "CLAREMONT" }, "geometry": { "type": "Point", "coordinates": [ 18.487155510096454, -33.977140865384698 ] } },
{ "type": "Feature", "properties": { "name": "AFRICAN METHODIST EPISCOPAL CHURCH", "religion": "CHRISTIAN", "building_type": "CHURCH", "suburb": "MANENBERG" }, "geometry": { "type": "Point", "coordinates": [ 18.550285432358248, -33.982145251263333 ] } },
{ "type": "Feature", "properties": { "name": "NEW APOSTOLIC CHURCH OF S.A.", "religion": "CHRISTIAN", "building_type": "CHURCH", "suburb": "HEIDEVELD" }, "geometry": { "type": "Point", "coordinates": [ 18.552772099320411, -33.965322370849613 ] } },
{ "type": "Feature", "properties": { "name": "CHRISTIAN BRETHEN CHURCH", "religion": "CHRISTIAN", "building_type": "CHURCH", "suburb": "MANENBERG" }, "geometry": { "type": "Point", "coordinates": [ 18.549223396418657, -33.983492396351608 ] } },
{ "type": "Feature", "properties": { "name": "FULL GOSPEL CHURCH OF GOD IN S. A.", "religion": "CHRISTIAN", "building_type": "CHURCH", "suburb": "SURREY" }, "geometry": { "type": "Point", "coordinates": [ 18.55054397288691, -33.971382662020389 ] } },
{ "type": "Feature", "properties": { "name": "NEW APOSTOLIC CHURCH OF S.A.", "religion": "CHRISTIAN", "building_type": "CHURCH", "suburb": "MANENBERG" }, "geometry": { "type": "Point", "coordinates": [ 18.550596136258832, -33.980538811900139 ] } },
{ "type": "Feature", "properties": { "name": "INDEPENDENT CONGREGATIONAL CHURCH OF S. A.", "religion": "CHRISTIAN", "building_type": "CHURCH", "suburb": "SURREY" }, "geometry": { "type": "Point", "coordinates": [ 18.549140527731982, -33.971175193804314 ] } },
{ "type": "Feature", "properties": { "name": "NEW APOSTOLIC CHURCH OF S.A.", "religion": "CHRISTIAN", "building_type": "CHURCH", "suburb": "SURREY" }, "geometry": { "type": "Point", "coordinates": [ 18.543395471808338, -33.976761432868877 ] } },
{ "type": "Feature", "properties": { "name": "APOSTOLIC FAITH MISSION OF S.A.", "religion": "CHRISTIAN", "building_type": "CHURCH", "suburb": "MANENBERG" }, "geometry": { "type": "Point", "coordinates": [ 18.553345058283355, -33.974430852883607 ] } },
{ "type": "Feature", "properties": { "name": "GREENHAVEN EVANGELICAL BIBLE CHURCH", "religion": "CHRISTIAN", "building_type": "CHURCH", "suburb": "SURREY" }, "geometry": { "type": "Point", "coordinates": [ 18.540649701073832, -33.979166583998904 ] } },
{ "type": "Feature", "properties": { "name": "WESTERN GRAND TEMPLE OF S.A.", "religion": "CHRISTIAN", "building_type": "CHURCH", "suburb": "VANGUARD" }, "geometry": { "type": "Point", "coordinates": [ 18.542876871699889, -33.965800322259398 ] } },
{ "type": "Feature", "properties": { "name": "OLD APOSTOLIC CHURCH OF AFRICA", "religion": "CHRISTIAN", "building_type": "CHURCH", "suburb": "VANGUARD" }, "geometry": { "type": "Point", "coordinates": [ 18.545682692116166, -33.968159946333856 ] } },
{ "type": "Feature", "properties": { "name": "CHURCH OF CHRIST - SILVERTOWN", "religion": "CHRISTIAN", "building_type": "CHURCH", "suburb": "SILVERTOWN" }, "geometry": { "type": "Point", "coordinates": [ 18.531116430732421, -33.966893308852413 ] } },
{ "type": "Feature", "properties": { "name": "NED. GER. SENDINGKERK IN S.A.", "religion": "CHRISTIAN", "building_type": "CHURCH", "suburb": "RYLANDS" }, "geometry": { "type": "Point", "coordinates": [ 18.526289068550216, -33.976384988865341 ] } },
{ "type": "Feature", "properties": { "name": "NEW APOSTOLIC CHURCH OF S.A.", "religion": "CHRISTIAN", "building_type": "CHURCH", "suburb": "BELGRAVIA" }, "geometry": { "type": "Point", "coordinates": [ 18.518105114477962, -33.975543562146257 ] } },
{ "type": "Feature", "properties": { "name": "RIVERSIDE SEVENTH-DAY ADVENTIST CHURCH", "religion": "CHRISTIAN", "building_type": "CHURCH", "suburb": "BELGRAVIA" }, "geometry": { "type": "Point", "coordinates": [ 18.520427181333964, -33.965579753819874 ] } },
{ "type": "Feature", "properties": { "name": "OUR LADY HELP OF CHRISTIAN CATHOLIC CHURCH", "religion": "CHRISTIAN", "building_type": "CHURCH", "suburb": "LANSDOWNE" }, "geometry": { "type": "Point", "coordinates": [ 18.491597236306987, -33.985330828970888 ] } },
{ "type": "Feature", "properties": { "name": "OLD APOSTOLIC CHURCH OF AFRICA", "religion": "CHRISTIAN", "building_type": "CHURCH", "suburb": "LANSDOWNE" }, "geometry": { "type": "Point", "coordinates": [ 18.497813113644096, -33.996171281729161 ] } },
{ "type": "Feature", "properties": { "name": "GARNET ROAD CHURCH BUILDINGS ASSOCIATION", "religion": "CHRISTIAN", "building_type": "CHURCH", "suburb": "LANSDOWNE" }, "geometry": { "type": "Point", "coordinates": [ 18.502971377447757, -33.986109422355838 ] } },
{ "type": "Feature", "properties": { "name": "ST. AIDANS ANGLICAN CHURCH", "religion": "CHRISTIAN", "building_type": "CHURCH", "suburb": "LANSDOWNE" }, "geometry": { "type": "Point", "coordinates": [ 18.502849171534816, -33.98862402055326 ] } },
{ "type": "Feature", "properties": { "name": "LANSDOWNE METHODIST CHURCH", "religion": "CHRISTIAN", "building_type": "CHURCH", "suburb": "LANSDOWNE" }, "geometry": { "type": "Point", "coordinates": [ 18.501418921550165, -33.989123966235191 ] } },
{ "type": "Feature", "properties": { "name": "THE SALVATION ARMY- CLAREMONT TEMPLE CORPS", "religion": "CHRISTIAN", "building_type": "CHURCH", "suburb": "LANSDOWNE" }, "geometry": { "type": "Point", "coordinates": [ 18.50761974222479, -33.993102634782176 ] } },
{ "type": "Feature", "properties": { "name": "THE RIVER INTERNATIONAL MINISTRIES", "religion": "CHRISTIAN", "building_type": "CHURCH", "suburb": "LANSDOWNE" }, "geometry": { "type": "Point", "coordinates": [ 18.500211421416587, -33.994342542416796 ] } },
{ "type": "Feature", "properties": { "name": "AFRICAN METHODIST EPISCOPAL CHURCH", "religion": "CHRISTIAN", "building_type": "CHURCH", "suburb": "LANSDOWNE" }, "geometry": { "type": "Point", "coordinates": [ 18.505803970354464, -33.997089057691284 ] } },
{ "type": "Feature", "properties": { "name": "OLD APOSTOLIC CHURCH OF AFRICA", "religion": "CHRISTIAN", "building_type": "CHURCH", "suburb": "MAITLAND" }, "geometry": { "type": "Point", "coordinates": [ 18.481390344486851, -33.927754786413281 ] } },
{ "type": "Feature", "properties": { "name": "PINELANDS CONGREGATIONAL CHURCH", "religion": "CHRISTIAN", "building_type": "CHURCH", "suburb": "PINELANDS" }, "geometry": { "type": "Point", "coordinates": [ 18.515944427267758, -33.940059300565188 ] } },
{ "type": "Feature", "properties": { "name": "ST. STEPHENS ANGLICAN CHURCH", "religion": "CHRISTIAN", "building_type": "CHURCH", "suburb": "PINELANDS" }, "geometry": { "type": "Point", "coordinates": [ 18.497770133749334, -33.938306187999672 ] } },
{ "type": "Feature", "properties": { "name": "NED. GER. SENDINGKERK", "religion": "CHRISTIAN", "building_type": "CHURCH", "suburb": "PINELANDS" }, "geometry": { "type": "Point", "coordinates": [ 18.496363932563145, -33.939351917070553 ] } },
{ "type": "Feature", "properties": { "name": "CHRISTIAN BRETHREN CHURCH", "religion": "CHRISTIAN", "building_type": "CHURCH", "suburb": "PINELANDS" }, "geometry": { "type": "Point", "coordinates": [ 18.515857472144887, -33.933744639095188 ] } },
{ "type": "Feature", "properties": { "name": "ST. ANDREWS ANGLICAN CHURCH", "religion": "CHRISTIAN", "building_type": "CHURCH", "suburb": "PINELANDS" }, "geometry": { "type": "Point", "coordinates": [ 18.516329569166061, -33.935129135605045 ] } },
{ "type": "Feature", "properties": { "name": "ST. THOMAS ANGLICAN CHURCH", "religion": "CHRISTIAN", "building_type": "CHURCH", "suburb": "RONDEBOSCH" }, "geometry": { "type": "Point", "coordinates": [ 18.476972776669253, -33.96274048068085 ] } },
{ "type": "Feature", "properties": { "name": "ST. PATRICK'S CATHOLIC CHURCH", "religion": "CHRISTIAN", "building_type": "CHURCH", "suburb": "MOWBRAY" }, "geometry": { "type": "Point", "coordinates": [ 18.480827381976404, -33.949399943699163 ] } },
{ "type": "Feature", "properties": { "name": "SEVENTH-DAY ADVENTIST CHURCH", "religion": "CHRISTIAN", "building_type": "CHURCH", "suburb": "MOWBRAY" }, "geometry": { "type": "Point", "coordinates": [ 18.470757320642019, -33.950393886418965 ] } },
{ "type": "Feature", "properties": { "name": "ST. PETER'S ANGLICAN CHURCH", "religion": "CHRISTIAN", "building_type": "CHURCH", "suburb": "MOWBRAY" }, "geometry": { "type": "Point", "coordinates": [ 18.473404724056294, -33.949325061972147 ] } },
{ "type": "Feature", "properties": { "name": "ST. PAUL'S ANGLICAN CHURCH", "religion": "CHRISTIAN", "building_type": "CHURCH", "suburb": "RONDEBOSCH" }, "geometry": { "type": "Point", "coordinates": [ 18.46946497822314, -33.961749349540113 ] } },
{ "type": "Feature", "properties": { "name": "THE CHURCH OF JESUS CHRIST OF LATTER-DAY SAINTS", "religion": "CHRISTIAN", "building_type": "CHURCH", "suburb": "MOWBRAY" }, "geometry": { "type": "Point", "coordinates": [ 18.470738995908526, -33.946592716169853 ] } },
{ "type": "Feature", "properties": { "name": "MOWBRAY PRESBYTERIAN CHURCH", "religion": "CHRISTIAN", "building_type": "CHURCH", "suburb": "MOWBRAY" }, "geometry": { "type": "Point", "coordinates": [ 18.472150152201838, -33.945846975787902 ] } },
{ "type": "Feature", "properties": { "name": "DIE GOEIE HOOP NED. GER. SENDINGKERK", "religion": "CHRISTIAN", "building_type": "CHURCH", "suburb": "ROCKLANDS" }, "geometry": { "type": "Point", "coordinates": [ 18.599814793844793, -34.064215540083417 ] } },
{ "type": "Feature", "properties": { "name": "OLD APOSTOLIC CHURCH OF AFRICA", "religion": "CHRISTIAN", "building_type": "CHURCH", "suburb": "ROCKLANDS" }, "geometry": { "type": "Point", "coordinates": [ 18.613249016273802, -34.06547535643908 ] } },
{ "type": "Feature", "properties": { "name": "NEW APOSTOLIC CHURCH OF S.A.", "religion": "CHRISTIAN", "building_type": "CHURCH", "suburb": "ROCKLANDS" }, "geometry": { "type": "Point", "coordinates": [ 18.617743712543383, -34.068213364693023 ] } },
{ "type": "Feature", "properties": { "name": "ROCKLANDS BAPTIST CHURCH", "religion": "CHRISTIAN", "building_type": "CHURCH", "suburb": "ROCKLANDS" }, "geometry": { "type": "Point", "coordinates": [ 18.603358357484815, -34.067719627329694 ] } },
{ "type": "Feature", "properties": { "name": "CHRIST THE KING ANGLICAN CHURCH", "religion": "CHRISTIAN", "building_type": "CHURCH", "suburb": "ROCKLANDS" }, "geometry": { "type": "Point", "coordinates": [ 18.608989369588215, -34.064573367044254 ] } },
{ "type": "Feature", "properties": { "name": "ST. SAVIOURS ANGLICAN CHURCH", "religion": "CHRISTIAN", "building_type": "CHURCH", "suburb": "CLAREMONT" }, "geometry": { "type": "Point", "coordinates": [ 18.464888175038286, -33.983901824126804 ] } },
{ "type": "Feature", "properties": { "name": "EAST CLAREMONT CONGREGATIONAL CHURCH", "religion": "CHRISTIAN", "building_type": "CHURCH", "suburb": "CLAREMONT" }, "geometry": { "type": "Point", "coordinates": [ 18.479273171669046, -33.981482615893228 ] } },
{ "type": "Feature", "properties": { "name": "CLAREMONT BAPTIST CHURCH", "religion": "CHRISTIAN", "building_type": "CHURCH", "suburb": "CLAREMONT" }, "geometry": { "type": "Point", "coordinates": [ 18.477564238232116, -33.980026928408535 ] } },
{ "type": "Feature", "properties": { "name": "NEW APOSTOLIC CHURCH OF S.A.", "religion": "CHRISTIAN", "building_type": "CHURCH", "suburb": "NEWLANDS" }, "geometry": { "type": "Point", "coordinates": [ 18.469306108470196, -33.978298015823889 ] } },
{ "type": "Feature", "properties": { "name": "ST. BERNARDS CATHOLIC CHURCH", "religion": "CHRISTIAN", "building_type": "CHURCH", "suburb": "NEWLANDS" }, "geometry": { "type": "Point", "coordinates": [ 18.457094316174764, -33.980254823558212 ] } },
{ "type": "Feature", "properties": { "name": "HEBREW CONGREGATION - CLAREMONT", "religion": "JUDAISM", "building_type": "SYNAGOGUE", "suburb": "CLAREMONT" }, "geometry": { "type": "Point", "coordinates": [ 18.460227145812375, -33.983696151080274 ] } },
{ "type": "Feature", "properties": { "name": "KINGDOM HALL OF JEHOVAH'S WITNESSES - RONDEBOSCH", "religion": "CHRISTIAN", "building_type": "CHURCH", "suburb": "RONDEBOSCH" }, "geometry": { "type": "Point", "coordinates": [ 18.466722383931472, -33.96824097574288 ] } },
{ "type": "Feature", "properties": { "name": "ST. JOHN'S CHRIST CHURCH - WYNBERG", "religion": "CHRISTIAN", "building_type": "CHURCH", "suburb": "KENILWORTH" }, "geometry": { "type": "Point", "coordinates": [ 18.470891113025491, -33.995616167317209 ] } },
{ "type": "Feature", "properties": { "name": "ST. JAMES ANGLICAN CHURCH", "religion": "CHRISTIAN", "building_type": "CHURCH", "suburb": "KENILWORTH" }, "geometry": { "type": "Point", "coordinates": [ 18.476736706599119, -33.99282909253148 ] } },
{ "type": "Feature", "properties": { "name": "TEMPLE ISRAEL WYNBERG", "religion": "JUDAISM", "building_type": "SYNAGOGUE", "suburb": "KENILWORTH" }, "geometry": { "type": "Point", "coordinates": [ 18.470733131706375, -34.001378014390205 ] } },
{ "type": "Feature", "properties": { "name": "SECOND CHURCH OF CHRIST SCIENTIST - CAPE TOWN", "religion": "CHRISTIAN", "building_type": "CHURCH", "suburb": "KENILWORTH" }, "geometry": { "type": "Point", "coordinates": [ 18.471842836746507, -33.991378656658256 ] } },
{ "type": "Feature", "properties": { "name": "ST. IGNATIUS CATHOLIC CHURCH", "religion": "CHRISTIAN", "building_type": "CHURCH", "suburb": "CLAREMONT" }, "geometry": { "type": "Point", "coordinates": [ 18.471155747725028, -33.98441056326309 ] } },
{ "type": "Feature", "properties": { "name": "ST. MATTHEW'S ANGLICAN CHURCH", "religion": "CHRISTIAN", "building_type": "CHURCH", "suburb": "CLAREMONT" }, "geometry": { "type": "Point", "coordinates": [ 18.474526674930392, -33.987300925282845 ] } },
{ "type": "Feature", "properties": { "name": "DOCKS MISSION TRINITY CHAPEL", "religion": "CHRISTIAN", "building_type": "CHURCH", "suburb": "BEACON VALLEY" }, "geometry": { "type": "Point", "coordinates": [ 18.627750483074401, -34.039102548478681 ] } },
{ "type": "Feature", "properties": { "name": "CHRIST THE SALVATION ANGLICAN CHURCH", "religion": "CHRISTIAN", "building_type": "CHURCH", "suburb": "LENTEGEUR" }, "geometry": { "type": "Point", "coordinates": [ 18.616431178691847, -34.031212709286265 ] } },
{ "type": "Feature", "properties": { "name": "ST. MARY MAGDALENE CATHOLIC CHURCH", "religion": "CHRISTIAN", "building_type": "CHURCH", "suburb": "LENTEGEUR" }, "geometry": { "type": "Point", "coordinates": [ 18.60816146425606, -34.034208419390751 ] } },
{ "type": "Feature", "properties": { "name": "PORTLAND BAPTIST CHURCH", "religion": "CHRISTIAN", "building_type": "CHURCH", "suburb": "PORTLAND" }, "geometry": { "type": "Point", "coordinates": [ 18.612899193437549, -34.041220132761588 ] } },
{ "type": "Feature", "properties": { "name": "SPRINGWOOD BAPTIST CHURCH", "religion": "CHRISTIAN", "building_type": "CHURCH", "suburb": "LENTEGEUR" }, "geometry": { "type": "Point", "coordinates": [ 18.60507972091035, -34.031798917066546 ] } },
{ "type": "Feature", "properties": { "name": "CHURCH OF THE ANNUNCIATION", "religion": "CHRISTIAN", "building_type": "CHURCH", "suburb": "WOODLANDS" }, "geometry": { "type": "Point", "coordinates": [ 18.594069012980725, -34.030871707903586 ] } },
{ "type": "Feature", "properties": { "name": "AFRICAN METHODIST EPISCOPAL CHURCH", "religion": "CHRISTIAN", "building_type": "CHURCH", "suburb": "ROCKLANDS" }, "geometry": { "type": "Point", "coordinates": [ 18.603724429047936, -34.059829159134537 ] } },
{ "type": "Feature", "properties": { "name": "NEW APOSTOLIC CHURCH OF S.A.", "religion": "CHRISTIAN", "building_type": "CHURCH", "suburb": "ROCKLANDS" }, "geometry": { "type": "Point", "coordinates": [ 18.600844291906483, -34.060596524740681 ] } },
{ "type": "Feature", "properties": { "name": "REFORMED OLD APOSTOLIC CHURCH", "religion": "CHRISTIAN", "building_type": "CHURCH", "suburb": "ROCKLANDS" }, "geometry": { "type": "Point", "coordinates": [ 18.596072910037829, -34.060806613674828 ] } },
{ "type": "Feature", "properties": { "name": "METHODIST CHURCH OF S.A.", "religion": "CHRISTIAN", "building_type": "CHURCH", "suburb": "WESTRIDGE" }, "geometry": { "type": "Point", "coordinates": [ 18.6015273456957, -34.055447347854098 ] } },
{ "type": "Feature", "properties": { "name": "MITCHELLS PLAIN UNITED CHURCH", "religion": "CHRISTIAN", "building_type": "CHURCH", "suburb": "WESTRIDGE" }, "geometry": { "type": "Point", "coordinates": [ 18.601697242268745, -34.057029980594436 ] } },
{ "type": "Feature", "properties": { "name": "NED. GER. SENDINGKERK - MITCHELLS PLAIN", "religion": "CHRISTIAN", "building_type": "CHURCH", "suburb": "WESTRIDGE" }, "geometry": { "type": "Point", "coordinates": [ 18.599742351903661, -34.053113816813855 ] } },
{ "type": "Feature", "properties": { "name": "NEW APOSTOLIC CHURCH OF S.A.", "religion": "CHRISTIAN", "building_type": "CHURCH", "suburb": "WESTRIDGE" }, "geometry": { "type": "Point", "coordinates": [ 18.595315085874237, -34.048803646501284 ] } },
{ "type": "Feature", "properties": { "name": "CHRIST THE REDEEMER CHURCH", "religion": "CHRISTIAN", "building_type": "CHURCH", "suburb": "WESTRIDGE" }, "geometry": { "type": "Point", "coordinates": [ 18.599392732984981, -34.050840484576952 ] } },
{ "type": "Feature", "properties": { "name": "ST. JOHN BOSCO CATHOLIC CHURCH", "religion": "CHRISTIAN", "building_type": "CHURCH", "suburb": "WESTRIDGE" }, "geometry": { "type": "Point", "coordinates": [ 18.595048217962912, -34.04693368504779 ] } },
{ "type": "Feature", "properties": { "name": "ASSEMBLY OF GOD - WESTRIDGE", "religion": "CHRISTIAN", "building_type": "CHURCH", "suburb": "PORTLAND" }, "geometry": { "type": "Point", "coordinates": [ 18.606717675761754, -34.044216931267691 ] } },
{ "type": "Feature", "properties": { "name": "SEVENTH-DAY ADVENTIST CHURCH - MITCHELL'S PLAIN", "religion": "CHRISTIAN", "building_type": "CHURCH", "suburb": "PORTLAND" }, "geometry": { "type": "Point", "coordinates": [ 18.609484524566085, -34.043383176379514 ] } },
{ "type": "Feature", "properties": { "name": "NEW APOSTOLIC CHURCH OF S.A.", "religion": "CHRISTIAN", "building_type": "CHURCH", "suburb": "PORTLAND" }, "geometry": { "type": "Point", "coordinates": [ 18.608901677846788, -34.044201574597224 ] } },
{ "type": "Feature", "properties": { "name": "CALVINIST PROTESTANT CHURCH", "religion": "CHRISTIAN", "building_type": "CHURCH", "suburb": "PORTLAND" }, "geometry": { "type": "Point", "coordinates": [ 18.60941290099014, -34.04713801998475 ] } },
{ "type": "Feature", "properties": { "name": "CHURCH OF CHRIST", "religion": "CHRISTIAN", "building_type": "CHURCH", "suburb": "PORTLAND" }, "geometry": { "type": "Point", "coordinates": [ 18.613707644853893, -34.042949375435661 ] } },
{ "type": "Feature", "properties": { "name": "OLD APOSTOLIC CHURCH OF AFRICA", "religion": "CHRISTIAN", "building_type": "CHURCH", "suburb": "PORTLAND" }, "geometry": { "type": "Point", "coordinates": [ 18.614654460180205, -34.044968701310729 ] } },
{ "type": "Feature", "properties": { "name": "KINGDOM HALL OF JEHOVAH'S WITNESSES", "religion": "CHRISTIAN", "building_type": "CHURCH", "suburb": "PORTLAND" }, "geometry": { "type": "Point", "coordinates": [ 18.615909572820442, -34.051474295197281 ] } },
{ "type": "Feature", "properties": { "name": "EVANGELICAL LUTHERAN CHURCH OF S.A.", "religion": "CHRISTIAN", "building_type": "CHURCH", "suburb": "PORTLAND" }, "geometry": { "type": "Point", "coordinates": [ 18.613314407338283, -34.056961760849326 ] } },
{ "type": "Feature", "properties": { "name": "METROPOLITAN EVANGELISTIC CHURCH", "religion": "CHRISTIAN", "building_type": "CHURCH", "suburb": "PORTLAND" }, "geometry": { "type": "Point", "coordinates": [ 18.614871660239508, -34.057065825261581 ] } },
{ "type": "Feature", "properties": { "name": "NED. GER. SENDINGKERK", "religion": "CHRISTIAN", "building_type": "CHURCH", "suburb": "WINDERMERE" }, "geometry": { "type": "Point", "coordinates": [ 18.521787311522512, -33.910490898145184 ] } },
{ "type": "Feature", "properties": { "name": "REFORMED OLD APOSTOLIC CHURCH", "religion": "CHRISTIAN", "building_type": "CHURCH", "suburb": "WINDERMERE" }, "geometry": { "type": "Point", "coordinates": [ 18.521766205604905, -33.908002994989289 ] } },
{ "type": "Feature", "properties": { "name": "NED. GER. SENDINGKERK - THORNTON", "religion": "CHRISTIAN", "building_type": "CHURCH", "suburb": "THORNTON" }, "geometry": { "type": "Point", "coordinates": [ 18.539795013369812, -33.924928312402102 ] } },
{ "type": "Feature", "properties": { "name": "NEW APOSTOLIC CHURCH OF S.A.", "religion": "CHRISTIAN", "building_type": "CHURCH", "suburb": "SILVERTOWN" }, "geometry": { "type": "Point", "coordinates": [ 18.524875708689525, -33.963380352332386 ] } },
{ "type": "Feature", "properties": { "name": "REGINA COELI CATHOLIC CHURCH", "religion": "CHRISTIAN", "building_type": "CHURCH", "suburb": "BELGRAVIA" }, "geometry": { "type": "Point", "coordinates": [ 18.518816052871884, -33.964786631773514 ] } },
{ "type": "Feature", "properties": { "name": "BETHEL MEMORIAL AFRICAN METHODIST EPISCOPAL CHURCH", "religion": "CHRISTIAN", "building_type": "CHURCH", "suburb": "HAZENDAL" }, "geometry": { "type": "Point", "coordinates": [ 18.50486685503661, -33.958268650671769 ] } },
{ "type": "Feature", "properties": { "name": "NED. GER. SENDINKERK", "religion": "CHRISTIAN", "building_type": "CHURCH", "suburb": "HAZENDAL" }, "geometry": { "type": "Point", "coordinates": [ 18.505807754058438, -33.951488618657635 ] } },
{ "type": "Feature", "properties": { "name": "APOSTOLIC FAITH MISSION OF S.A.", "religion": "CHRISTIAN", "building_type": "CHURCH", "suburb": "KEWTOWN" }, "geometry": { "type": "Point", "coordinates": [ 18.521608270998179, -33.958395610878064 ] } },
{ "type": "Feature", "properties": { "name": "BRIDGETOWN GOSPEL CHURCH", "religion": "CHRISTIAN", "building_type": "CHURCH", "suburb": "BRIDGETOWN" }, "geometry": { "type": "Point", "coordinates": [ 18.525457569058609, -33.952260585281785 ] } },
{ "type": "Feature", "properties": { "name": "ASSEMBLY OF GOD - SILVERTOWN", "religion": "CHRISTIAN", "building_type": "CHURCH", "suburb": "BRIDGETOWN" }, "geometry": { "type": "Point", "coordinates": [ 18.533197016067042, -33.95705826354753 ] } },
{ "type": "Feature", "properties": { "name": "LANGA PRESBYTERIAN CHURCH OF AFRICA", "religion": "CHRISTIAN", "building_type": "CHURCH", "suburb": "LANGA" }, "geometry": { "type": "Point", "coordinates": [ 18.520768416276098, -33.94653217569099 ] } },
{ "type": "Feature", "properties": { "name": "THE SALVATION ARMY - LANGA", "religion": "CHRISTIAN", "building_type": "CHURCH", "suburb": "LANGA" }, "geometry": { "type": "Point", "coordinates": [ 18.526555772069873, -33.946661513471227 ] } },
{ "type": "Feature", "properties": { "name": "SEVENTH-DAY ADVENTIST CHURCH", "religion": "CHRISTIAN", "building_type": "CHURCH", "suburb": "LANGA" }, "geometry": { "type": "Point", "coordinates": [ 18.529079133414736, -33.94633355805464 ] } },
{ "type": "Feature", "properties": { "name": "ETHIOPIAN CHURCH", "religion": "CHRISTIAN", "building_type": "CHURCH", "suburb": "LANGA" }, "geometry": { "type": "Point", "coordinates": [ 18.52723127192586, -33.948224107131907 ] } },
{ "type": "Feature", "properties": { "name": "OLD APOSTOLIC CHURCH OF AFRICA", "religion": "CHRISTIAN", "building_type": "CHURCH", "suburb": "SILVERTOWN" }, "geometry": { "type": "Point", "coordinates": [ 18.512635927584792, -33.96192280070759 ] } },
{ "type": "Feature", "properties": { "name": "METHODIST CHURCH OF S.A.", "religion": "CHRISTIAN", "building_type": "CHURCH", "suburb": "LANGA" }, "geometry": { "type": "Point", "coordinates": [ 18.531058380700454, -33.946829878833434 ] } },
{ "type": "Feature", "properties": { "name": "FACTRETON CHURCH OF THE NAZARINE", "religion": "CHRISTIAN", "building_type": "CHURCH", "suburb": "WINDERMERE" }, "geometry": { "type": "Point", "coordinates": [ 18.52161264579361, -33.911015095438401 ] } },
{ "type": "Feature", "properties": { "name": "MORAVIAN CHURCH & THEOLOGICAL CENTRE", "religion": "CHRISTIAN", "building_type": "CHURCH", "suburb": "HEIDEVELD" }, "geometry": { "type": "Point", "coordinates": [ 18.556155876027553, -33.965715046046114 ] } },
{ "type": "Feature", "properties": { "name": "FAIRHAVEN PENTECOSTAL CHURCH", "religion": "CHRISTIAN", "building_type": "CHURCH", "suburb": "HEIDEVELD" }, "geometry": { "type": "Point", "coordinates": [ 18.557092165793705, -33.966271630507201 ] } },
{ "type": "Feature", "properties": { "name": "HEIDEVELD PRESBYTERIAN CHURCH", "religion": "CHRISTIAN", "building_type": "CHURCH", "suburb": "HEIDEVELD" }, "geometry": { "type": "Point", "coordinates": [ 18.560649431436723, -33.967899009983626 ] } },
{ "type": "Feature", "properties": { "name": "SEVENTH-DAY ADVENTIST CHURCH", "religion": "CHRISTIAN", "building_type": "CHURCH", "suburb": "HEIDEVELD" }, "geometry": { "type": "Point", "coordinates": [ 18.560290190663032, -33.970913649852271 ] } },
{ "type": "Feature", "properties": { "name": "CHURCH OF THE NAZARENE", "religion": "CHRISTIAN", "building_type": "CHURCH", "suburb": "MANENBERG" }, "geometry": { "type": "Point", "coordinates": [ 18.555732912360892, -33.972546664165947 ] } },
{ "type": "Feature", "properties": { "name": "PINKSTER PROTESTANTE KERK", "religion": "CHRISTIAN", "building_type": "CHURCH", "suburb": "MANENBERG" }, "geometry": { "type": "Point", "coordinates": [ 18.555139090923788, -33.97533239421486 ] } },
{ "type": "Feature", "properties": { "name": "SILVERSTREAM TABERNACLE CHURCH OF GOD IN CHRIST", "religion": "CHRISTIAN", "building_type": "CHURCH", "suburb": "MANENBERG" }, "geometry": { "type": "Point", "coordinates": [ 18.554938390221306, -33.980991722025728 ] } },
{ "type": "Feature", "properties": { "name": "PINKSTER OPPERSAAL VAN S. A.", "religion": "CHRISTIAN", "building_type": "CHURCH", "suburb": "MANENBERG" }, "geometry": { "type": "Point", "coordinates": [ 18.556470410344527, -33.983095789060634 ] } },
{ "type": "Feature", "properties": { "name": "ACTS MISSION CHURCH OF S.A.", "religion": "CHRISTIAN", "building_type": "CHURCH", "suburb": "MANENBERG" }, "geometry": { "type": "Point", "coordinates": [ 18.554428028562302, -33.996158882785835 ] } },
{ "type": "Feature", "properties": { "name": "CALVINIST CHURCH", "religion": "CHRISTIAN", "building_type": "CHURCH", "suburb": "MANENBERG" }, "geometry": { "type": "Point", "coordinates": [ 18.549689389387456, -33.996754525293497 ] } },
{ "type": "Feature", "properties": { "name": "CHURCH OF THE NAZARENE", "religion": "CHRISTIAN", "building_type": "CHURCH", "suburb": "MANENBERG" }, "geometry": { "type": "Point", "coordinates": [ 18.553370584810441, -33.994790366595424 ] } },
{ "type": "Feature", "properties": { "name": "SEVENTH-DAY ADVENTIST CHURCH", "religion": "CHRISTIAN", "building_type": "CHURCH", "suburb": "MANENBERG" }, "geometry": { "type": "Point", "coordinates": [ 18.551807619522343, -33.993898267784232 ] } },
{ "type": "Feature", "properties": { "name": "UNITED PENTACOSTAL CHURCH OF S.A.", "religion": "CHRISTIAN", "building_type": "CHURCH", "suburb": "MANENBERG" }, "geometry": { "type": "Point", "coordinates": [ 18.550818865448672, -33.992387627578218 ] } },
{ "type": "Feature", "properties": { "name": "APOSTOLIC FAITH MISSION OF S.A.", "religion": "CHRISTIAN", "building_type": "CHURCH", "suburb": "MANENBERG" }, "geometry": { "type": "Point", "coordinates": [ 18.553541066186767, -33.990705501211096 ] } },
{ "type": "Feature", "properties": { "name": "HOLY FAMILY OF NAZARETH CATHOLIC CHURCH", "religion": "CHRISTIAN", "building_type": "CHURCH", "suburb": "MANENBERG" }, "geometry": { "type": "Point", "coordinates": [ 18.551796675347234, -33.986976906654995 ] } },
{ "type": "Feature", "properties": { "name": "METHODIST CHURCH OF S.A.", "religion": "CHRISTIAN", "building_type": "CHURCH", "suburb": "MANENBERG" }, "geometry": { "type": "Point", "coordinates": [ 18.553910287243276, -33.986537036571967 ] } },
{ "type": "Feature", "properties": { "name": "CHRISTIAN MISSION CHURCH OF S. A.", "religion": "CHRISTIAN", "building_type": "CHURCH", "suburb": "HANOVER PARK" }, "geometry": { "type": "Point", "coordinates": [ 18.533794490054078, -33.998580235178643 ] } },
{ "type": "Feature", "properties": { "name": "CALVARY BAPTIST MISSION CHURCH", "religion": "CHRISTIAN", "building_type": "CHURCH", "suburb": "HANOVER PARK" }, "geometry": { "type": "Point", "coordinates": [ 18.534507711965485, -33.994394435415629 ] } },
{ "type": "Feature", "properties": { "name": "OLD APOSTOLIC CHURCH OF AFRICA", "religion": "CHRISTIAN", "building_type": "CHURCH", "suburb": "HANOVER PARK" }, "geometry": { "type": "Point", "coordinates": [ 18.536297020365847, -33.99311368832246 ] } },
{ "type": "Feature", "properties": { "name": "NEW APOSTOLIC CHURCH OF S.A.", "religion": "CHRISTIAN", "building_type": "CHURCH", "suburb": "HANOVER PARK" }, "geometry": { "type": "Point", "coordinates": [ 18.526586994814188, -33.9969017608516 ] } },
{ "type": "Feature", "properties": { "name": "AFRICAN METHODIST EPISCOPAL CHURCH", "religion": "CHRISTIAN", "building_type": "CHURCH", "suburb": "HANOVER PARK" }, "geometry": { "type": "Point", "coordinates": [ 18.529185122940174, -33.993233030119953 ] } },
{ "type": "Feature", "properties": { "name": "MASJIDUR RAHMAAN", "religion": "ISLAMIC", "building_type": "MOSQUE", "suburb": "HANOVER PARK" }, "geometry": { "type": "Point", "coordinates": [ 18.532611852592662, -33.994127612338133 ] } },
{ "type": "Feature", "properties": { "name": "CAPE TOWN MISSION CHURCH", "religion": "CHRISTIAN", "building_type": "CHURCH", "suburb": "MANENBERG" }, "geometry": { "type": "Point", "coordinates": [ 18.554688529214932, -33.998373374031004 ] } },
{ "type": "Feature", "properties": { "name": "ANGLICAN CHURCH OF THE RECONCILIATION", "religion": "CHRISTIAN", "building_type": "CHURCH", "suburb": "MANENBERG" }, "geometry": { "type": "Point", "coordinates": [ 18.551173135843921, -33.98522111539539 ] } },
{ "type": "Feature", "properties": { "name": "MORAVIAN CHURCH", "religion": "CHRISTIAN", "building_type": "CHURCH", "suburb": "HANOVER PARK" }, "geometry": { "type": "Point", "coordinates": [ 18.524248656773427, -33.996396830019386 ] } },
{ "type": "Feature", "properties": { "name": "REFORMED OLD APOSTOLIC CHURCH", "religion": "CHRISTIAN", "building_type": "CHURCH", "suburb": "MANENBERG" }, "geometry": { "type": "Point", "coordinates": [ 18.555916280968241, -33.987669385366189 ] } },
{ "type": "Feature", "properties": { "name": "OLD APOSTOLIC CHURCH OF AFRICA", "religion": "CHRISTIAN", "building_type": "CHURCH", "suburb": "GUGULETU" }, "geometry": { "type": "Point", "coordinates": [ 18.567808158038158, -33.998637559278428 ] } },
{ "type": "Feature", "properties": { "name": "FULL GOSPEL CHURCH", "religion": "CHRISTIAN", "building_type": "CHURCH", "suburb": "GUGULETU" }, "geometry": { "type": "Point", "coordinates": [ 18.572567637229334, -33.998457509297872 ] } },
{ "type": "Feature", "properties": { "name": "NED. GER. SENDINGKERK", "religion": "CHRISTIAN", "building_type": "CHURCH", "suburb": "GUGULETU" }, "geometry": { "type": "Point", "coordinates": [ 18.572658956367839, -33.992846289216615 ] } },
{ "type": "Feature", "properties": { "name": "PRESBYTERIAN CHURCH OF AFRICA", "religion": "CHRISTIAN", "building_type": "CHURCH", "suburb": "NYANGA" }, "geometry": { "type": "Point", "coordinates": [ 18.576489926101555, -33.994459212431529 ] } },
{ "type": "Feature", "properties": { "name": "SEVENTH-DAY ADVENTIST CHURCH", "religion": "CHRISTIAN", "building_type": "CHURCH", "suburb": "NYANGA" }, "geometry": { "type": "Point", "coordinates": [ 18.576071121634619, -33.998090836484067 ] } },
{ "type": "Feature", "properties": { "name": "ST. MARY'S CATHOLIC CHURCH", "religion": "CHRISTIAN", "building_type": "CHURCH", "suburb": "NYANGA" }, "geometry": { "type": "Point", "coordinates": [ 18.576746341216253, -33.999941602651681 ] } },
{ "type": "Feature", "properties": { "name": "METHODIST CHURCH OF S.A.", "religion": "CHRISTIAN", "building_type": "CHURCH", "suburb": "NYANGA" }, "geometry": { "type": "Point", "coordinates": [ 18.581311120451026, -33.992903665597389 ] } },
{ "type": "Feature", "properties": { "name": "ANGLICAN CHURCH", "religion": "CHRISTIAN", "building_type": "CHURCH", "suburb": "NYANGA" }, "geometry": { "type": "Point", "coordinates": [ 18.580600413822424, -33.992938675627606 ] } },
{ "type": "Feature", "properties": { "name": "AFRICAN METHODIST EPISCOPAL CHURCH", "religion": "CHRISTIAN", "building_type": "CHURCH", "suburb": "NYANGA" }, "geometry": { "type": "Point", "coordinates": [ 18.583112380037942, -33.994651101780967 ] } },
{ "type": "Feature", "properties": { "name": "BAPTIST CHURCH", "religion": "CHRISTIAN", "building_type": "CHURCH", "suburb": "NYANGA" }, "geometry": { "type": "Point", "coordinates": [ 18.587294498521231, -33.992093008730073 ] } },
{ "type": "Feature", "properties": { "name": "PRESBYTERIAN CHURCH", "religion": "CHRISTIAN", "building_type": "CHURCH", "suburb": "NYANGA" }, "geometry": { "type": "Point", "coordinates": [ 18.589611908510843, -33.998302964461274 ] } },
{ "type": "Feature", "properties": { "name": "OLD APOSTOLIC CHURCH OF AFRICA", "religion": "CHRISTIAN", "building_type": "CHURCH", "suburb": "NYANGA" }, "geometry": { "type": "Point", "coordinates": [ 18.586749858049316, -33.999262143766586 ] } },
{ "type": "Feature", "properties": { "name": "NED. GER. SENDINGKERK", "religion": "CHRISTIAN", "building_type": "CHURCH", "suburb": "NYANGA" }, "geometry": { "type": "Point", "coordinates": [ 18.581739780334949, -33.991916050728854 ] } },
{ "type": "Feature", "properties": { "name": "NEW APOSTOLIC CHURCH OF S.A.", "religion": "CHRISTIAN", "building_type": "CHURCH", "suburb": "LENTEGEUR" }, "geometry": { "type": "Point", "coordinates": [ 18.608777645658883, -34.039078916195116 ] } },
{ "type": "Feature", "properties": { "name": "PENTECOSTAL PROTESTANT CHURCH - BEACON VALLEY", "religion": "CHRISTIAN", "building_type": "CHURCH", "suburb": "BEACON VALLEY" }, "geometry": { "type": "Point", "coordinates": [ 18.626414500499031, -34.046788231832792 ] } },
{ "type": "Feature", "properties": { "name": "ANGLICAN CHURCH", "religion": "CHRISTIAN", "building_type": "CHURCH", "suburb": "EASTRIDGE" }, "geometry": { "type": "Point", "coordinates": [ 18.63015449964055, -34.049578921883253 ] } },
{ "type": "Feature", "properties": { "name": "EASTRIDGE BAPTIST CHURCH", "religion": "CHRISTIAN", "building_type": "CHURCH", "suburb": "EASTRIDGE" }, "geometry": { "type": "Point", "coordinates": [ 18.634544350838365, -34.051601123589492 ] } },
{ "type": "Feature", "properties": { "name": "PENTECOSTAL CHURCH OF JESUS CHRIST", "religion": "CHRISTIAN", "building_type": "CHURCH", "suburb": "EASTRIDGE" }, "geometry": { "type": "Point", "coordinates": [ 18.623405440741273, -34.053608955137825 ] } },
{ "type": "Feature", "properties": { "name": "CHURCH OF CHRIST", "religion": "CHRISTIAN", "building_type": "CHURCH", "suburb": "EASTRIDGE" }, "geometry": { "type": "Point", "coordinates": [ 18.627696046066525, -34.052177008723298 ] } },
{ "type": "Feature", "properties": { "name": "GOSPEL CHURCH", "religion": "CHRISTIAN", "building_type": "CHURCH", "suburb": "TAFELSIG" }, "geometry": { "type": "Point", "coordinates": [ 18.629832504815145, -34.060608158903484 ] } },
{ "type": "Feature", "properties": { "name": "CHRIST THE RECONCILER ANGLICAN CHURCH", "religion": "CHRISTIAN", "building_type": "CHURCH", "suburb": "TAFELSIG" }, "geometry": { "type": "Point", "coordinates": [ 18.634707625929472, -34.060273341750893 ] } },
{ "type": "Feature", "properties": { "name": "PENTECOSTAL HOLINESS CHURCH", "religion": "CHRISTIAN", "building_type": "CHURCH", "suburb": "TAFELSIG" }, "geometry": { "type": "Point", "coordinates": [ 18.638405627034825, -34.051219735022606 ] } },
{ "type": "Feature", "properties": { "name": "PENTECOSTAL CHURCH", "religion": "CHRISTIAN", "building_type": "CHURCH", "suburb": "TAFELSIG" }, "geometry": { "type": "Point", "coordinates": [ 18.641190417890318, -34.059495726121469 ] } },
{ "type": "Feature", "properties": { "name": "ASSEMBLY OF GOD - SHERWOOD PARK", "religion": "CHRISTIAN", "building_type": "CHURCH", "suburb": "MANENBERG" }, "geometry": { "type": "Point", "coordinates": [ 18.556483525747652, -33.996117250832832 ] } },
{ "type": "Feature", "properties": { "name": "ASSEMBLY OF GOD", "religion": "CHRISTIAN", "building_type": "CHURCH", "suburb": "NYANGA" }, "geometry": { "type": "Point", "coordinates": [ 18.587585765574016, -33.99440636093248 ] } },
{ "type": "Feature", "properties": { "name": "EVANGELIESE BROEDERKERK", "religion": "CHRISTIAN", "building_type": "CHURCH", "suburb": "MANENBERG" }, "geometry": { "type": "Point", "coordinates": [ 18.551852322385837, -33.985230776315525 ] } },
{ "type": "Feature", "properties": { "name": "CHRISTELIKE GEREFORMEERDE KERK", "religion": "CHRISTIAN", "building_type": "CHURCH", "suburb": "MANENBERG" }, "geometry": { "type": "Point", "coordinates": [ 18.551754308103497, -33.990341512050222 ] } },
{ "type": "Feature", "properties": { "name": "PINKSTER PROTESTANTE KERK", "religion": "CHRISTIAN", "building_type": "CHURCH", "suburb": "HANOVER PARK" }, "geometry": { "type": "Point", "coordinates": [ 18.52476411547336, -33.995803550405846 ] } },
{ "type": "Feature", "properties": { "name": "NED. GER. SENDINGKERK", "religion": "CHRISTIAN", "building_type": "CHURCH", "suburb": "TAFELSIG" }, "geometry": { "type": "Point", "coordinates": [ 18.640055069542075, -34.059515905511553 ] } },
{ "type": "Feature", "properties": { "name": "PINKSTER GEMEENTE VAN CHRISTUS", "religion": "CHRISTIAN", "building_type": "CHURCH", "suburb": "EASTRIDGE" }, "geometry": { "type": "Point", "coordinates": [ 18.623351523857913, -34.056255632951377 ] } },
{ "type": "Feature", "properties": { "name": "MOUNT CARMEL PENTECOSTAL ASSEMBLY", "religion": "CHRISTIAN", "building_type": "CHURCH", "suburb": "WINDERMERE" }, "geometry": { "type": "Point", "coordinates": [ 18.51935778909051, -33.910966200732283 ] } },
{ "type": "Feature", "properties": { "name": "OUR LADY OF THE ROSARY CATHOLIC CHURCH", "religion": "CHRISTIAN", "building_type": "CHURCH", "suburb": "PINATI" }, "geometry": { "type": "Point", "coordinates": [ 18.524841732608838, -33.992500109271759 ] } },
{ "type": "Feature", "properties": { "name": "THE HEBREW ACADEMY", "religion": "JUDAISM", "building_type": "SYNAGOGUE", "suburb": "SYBRAND PARK" }, "geometry": { "type": "Point", "coordinates": [ 18.499434553867324, -33.956485302945282 ] } },
{ "type": "Feature", "properties": { "name": "THE SALVATION ARMY", "religion": "CHRISTIAN", "building_type": "CHURCH", "suburb": "MANENBERG" }, "geometry": { "type": "Point", "coordinates": [ 18.550797566393292, -33.989865673123624 ] } },
{ "type": "Feature", "properties": { "name": "SHILOH PENTACOSTAL ASSEMBLY CHURCH", "religion": "CHRISTIAN", "building_type": "CHURCH", "suburb": "HANOVER PARK" }, "geometry": { "type": "Point", "coordinates": [ 18.529691260720693, -33.998844454785868 ] } },
{ "type": "Feature", "properties": { "name": "VERENIGENDE GEREFORMEERDE KERK - STEENBERG", "religion": "CHRISTIAN", "building_type": "CHURCH", "suburb": "STEENBERG" }, "geometry": { "type": "Point", "coordinates": [ 18.474096912813629, -34.069465987658802 ] } },
{ "type": "Feature", "properties": { "name": "NED. GER. SENDINGKERK - ZWAANSWYK", "religion": "CHRISTIAN", "building_type": "CHURCH", "suburb": "KIRSTENHOF" }, "geometry": { "type": "Point", "coordinates": [ 18.452602468462974, -34.065413714452539 ] } },
{ "type": "Feature", "properties": { "name": "KALK BAY COMMUNITY CHURCH", "religion": "CHRISTIAN", "building_type": "CHURCH", "suburb": "KALK BAY" }, "geometry": { "type": "Point", "coordinates": [ 18.447403107633367, -34.130791145462872 ] } },
{ "type": "Feature", "properties": { "name": "ST. MAGARET OF ANTIOCH ANGLICAN CHURCH", "religion": "CHRISTIAN", "building_type": "CHURCH", "suburb": "FISH HOEK" }, "geometry": { "type": "Point", "coordinates": [ 18.42639110799762, -34.139434260178461 ] } },
{ "type": "Feature", "properties": { "name": "RIVER OF LIFE COMMUNITY CHURCH", "religion": "CHRISTIAN", "building_type": "CHURCH", "suburb": "FISH HOEK" }, "geometry": { "type": "Point", "coordinates": [ 18.421590713240246, -34.130575813858499 ] } },
{ "type": "Feature", "properties": { "name": "FULL GOSPEL CHURCH OF GOD IN S.A.", "religion": "CHRISTIAN", "building_type": "CHURCH", "suburb": "FISH HOEK" }, "geometry": { "type": "Point", "coordinates": [ 18.434010355929463, -34.133753374623936 ] } },
{ "type": "Feature", "properties": { "name": "FISH HOEK BIBLE FELLOWSHIP", "religion": "CHRISTIAN", "building_type": "CHURCH", "suburb": "FISH HOEK" }, "geometry": { "type": "Point", "coordinates": [ 18.429800185754782, -34.135299608969248 ] } },
{ "type": "Feature", "properties": { "name": "PINKSTER PROTESTANTE KERK", "religion": "CHRISTIAN", "building_type": "CHURCH", "suburb": "WEST RIDING" }, "geometry": { "type": "Point", "coordinates": [ 18.515485959486117, -33.823188758032522 ] } },
{ "type": "Feature", "properties": { "name": "THE RESURRECTION CATHOLIC CHURCH", "religion": "CHRISTIAN", "building_type": "CHURCH", "suburb": "FLAMINGO VLEI" }, "geometry": { "type": "Point", "coordinates": [ 18.499848743688634, -33.830348717870457 ] } },
{ "type": "Feature", "properties": { "name": "LIFE CHANGERS CHURCH", "religion": "CHRISTIAN", "building_type": "CHURCH", "suburb": "TABLE VIEW" }, "geometry": { "type": "Point", "coordinates": [ 18.49396127604637, -33.819966448624207 ] } },
{ "type": "Feature", "properties": { "name": "SALEM FULL GOSPEL CHURCH OF GOD IN S.A.", "religion": "CHRISTIAN", "building_type": "CHURCH", "suburb": "BOTHASIG" }, "geometry": { "type": "Point", "coordinates": [ 18.536383299057309, -33.851163928941148 ] } },
{ "type": "Feature", "properties": { "name": "NEW APOSTOLIC CHURCH OF S.A.", "religion": "CHRISTIAN", "building_type": "CHURCH", "suburb": "BOTHASIG" }, "geometry": { "type": "Point", "coordinates": [ 18.537811514357866, -33.855057384570692 ] } },
{ "type": "Feature", "properties": { "name": "UNITY CHRISTIAN CAMPUS", "religion": "CHRISTIAN", "building_type": "CHURCH", "suburb": "BOTHASIG" }, "geometry": { "type": "Point", "coordinates": [ 18.550323139142279, -33.858110168030805 ] } },
{ "type": "Feature", "properties": { "name": "ALL SAINTS ANGLICAN CHURCH", "religion": "CHRISTIAN", "building_type": "CHURCH", "suburb": "DURBANVILLE" }, "geometry": { "type": "Point", "coordinates": [ 18.649350815440886, -33.834698262204725 ] } },
{ "type": "Feature", "properties": { "name": "NED. GER. SENDINGKERK - KRAAIFONTEIN - DIE PARKE", "religion": "CHRISTIAN", "building_type": "CHURCH", "suburb": "WINDSOR PARK" }, "geometry": { "type": "Point", "coordinates": [ 18.703624129637209, -33.842669552214502 ] } },
{ "type": "Feature", "properties": { "name": "METHODIST CHURCH OF S.A.", "religion": "CHRISTIAN", "building_type": "CHURCH", "suburb": "SCOTTSVILLE" }, "geometry": { "type": "Point", "coordinates": [ 18.705534815703821, -33.852137889898628 ] } },
{ "type": "Feature", "properties": { "name": "KRAAIFONTEIN UNITING REFORMED CHURCH", "religion": "CHRISTIAN", "building_type": "CHURCH", "suburb": "EIKENDAL" }, "geometry": { "type": "Point", "coordinates": [ 18.719725120463053, -33.851248038885572 ] } },
{ "type": "Feature", "properties": { "name": "OLD APOSTOLIC CHURCH OF AFRICA", "religion": "CHRISTIAN", "building_type": "CHURCH", "suburb": "EIKENDAL" }, "geometry": { "type": "Point", "coordinates": [ 18.721524338179332, -33.852152370359079 ] } },
{ "type": "Feature", "properties": { "name": "NEW APOSTOLIC CHURCH OF S.A.", "religion": "CHRISTIAN", "building_type": "CHURCH", "suburb": "EIKENDAL" }, "geometry": { "type": "Point", "coordinates": [ 18.717502905842451, -33.853894189209477 ] } },
{ "type": "Feature", "properties": { "name": "NED. GER. SENDINGKERK", "religion": "CHRISTIAN", "building_type": "CHURCH", "suburb": "MILNERTON" }, "geometry": { "type": "Point", "coordinates": [ 18.491156912697448, -33.890284369486345 ] } },
{ "type": "Feature", "properties": { "name": "GOOD SHEPERD CATHOLIC CHURCH", "religion": "CHRISTIAN", "building_type": "CHURCH", "suburb": "BOTHASIG" }, "geometry": { "type": "Point", "coordinates": [ 18.534942691497424, -33.858957494329388 ] } },
{ "type": "Feature", "properties": { "name": "NED. GER. SENDINGKERK", "religion": "CHRISTIAN", "building_type": "CHURCH", "suburb": "BOTHASIG" }, "geometry": { "type": "Point", "coordinates": [ 18.532814812558048, -33.865108683000713 ] } },
{ "type": "Feature", "properties": { "name": "ST. MICHAEL & ALL ANGELS ANGLICAN CHURCH", "religion": "CHRISTIAN", "building_type": "CHURCH", "suburb": "EDGEMEAD" }, "geometry": { "type": "Point", "coordinates": [ 18.548498757818304, -33.870849721492355 ] } },
{ "type": "Feature", "properties": { "name": "NED. GER. SENDINKERK", "religion": "CHRISTIAN", "building_type": "CHURCH", "suburb": "TYGERDAL" }, "geometry": { "type": "Point", "coordinates": [ 18.538799254233545, -33.897202571213604 ] } },
{ "type": "Feature", "properties": { "name": "KINGDOM HALL OF JEHOVAH'S WITNESSES - BOTHASIG", "religion": "CHRISTIAN", "building_type": "CHURCH", "suburb": "BOTHASIG" }, "geometry": { "type": "Point", "coordinates": [ 18.549806226968244, -33.860579568440308 ] } },
{ "type": "Feature", "properties": { "name": "CENTRAL CHURCH OF CHRIST", "religion": "CHRISTIAN", "building_type": "CHURCH", "suburb": "VASCO ESTATE" }, "geometry": { "type": "Point", "coordinates": [ 18.561170079704056, -33.897507375964828 ] } },
{ "type": "Feature", "properties": { "name": "PAROW WORSHIP CENTRE", "religion": "CHRISTIAN", "building_type": "CHURCH", "suburb": "CHURCHILL ESTATE" }, "geometry": { "type": "Point", "coordinates": [ 18.576525225400637, -33.897161112284842 ] } },
{ "type": "Feature", "properties": { "name": "APOSTOLIESE GELOOF SENDING VAN S.A. - GOODWOOD", "religion": "CHRISTIAN", "building_type": "CHURCH", "suburb": "TYGERDAL" }, "geometry": { "type": "Point", "coordinates": [ 18.553335878399452, -33.895539230064365 ] } },
{ "type": "Feature", "properties": { "name": "NED. GER. SENDINGKERK - BELLVILLE-OOS", "religion": "CHRISTIAN", "building_type": "CHURCH", "suburb": "DE LA HAYE" }, "geometry": { "type": "Point", "coordinates": [ 18.648466614486495, -33.900085131235734 ] } },
{ "type": "Feature", "properties": { "name": "ANGLICAN CHURCH OF THE TRANSFIGURATION", "religion": "CHRISTIAN", "building_type": "CHURCH", "suburb": "OAKDALE" }, "geometry": { "type": "Point", "coordinates": [ 18.629634367904515, -33.896181077944924 ] } },
{ "type": "Feature", "properties": { "name": "GEMMENTE OP DIE ROTS", "religion": "CHRISTIAN", "building_type": "CHURCH", "suburb": "PROTEA HEIGHTS" }, "geometry": { "type": "Point", "coordinates": [ 18.703342523067008, -33.88106955489053 ] } },
{ "type": "Feature", "properties": { "name": "NORTHPINE BAPTIST CHURCH", "religion": "CHRISTIAN", "building_type": "CHURCH", "suburb": "NORTHPINE" }, "geometry": { "type": "Point", "coordinates": [ 18.710042141387966, -33.866245626305243 ] } },
{ "type": "Feature", "properties": { "name": "CALVYN PROTESTANTE KERK VAN S.A.", "religion": "CHRISTIAN", "building_type": "CHURCH", "suburb": "NORTHPINE" }, "geometry": { "type": "Point", "coordinates": [ 18.714598041674495, -33.862452034165756 ] } },
{ "type": "Feature", "properties": { "name": null, "religion": "CHRISTIAN", "building_type": "CHURCH", "suburb": "NORTHPINE" }, "geometry": { "type": "Point", "coordinates": [ 18.716488997144193, -33.865539846209323 ] } },
{ "type": "Feature", "properties": { "name": "TEMPLE ISRAEL", "religion": "JUDAISM", "building_type": "SYNAGOGUE", "suburb": "GREEN POINT" }, "geometry": { "type": "Point", "coordinates": [ 18.412226299222777, -33.909775098836 ] } },
{ "type": "Feature", "properties": { "name": "MASJID BOORHAANOL ISLAM", "religion": "ISLAMIC", "building_type": "MOSQUE", "suburb": "SCHOTSCHEKLOOF" }, "geometry": { "type": "Point", "coordinates": [ 18.415954060615171, -33.919926064219212 ] } },
{ "type": "Feature", "properties": { "name": "NURUL ISLAM MOSQUE", "religion": "ISLAMIC", "building_type": "MOSQUE", "suburb": "SCHOTSCHEKLOOF" }, "geometry": { "type": "Point", "coordinates": [ 18.415477340863564, -33.921965082284558 ] } },
{ "type": "Feature", "properties": { "name": "CAPE TOWN HOLOCAUST JEWISH CENTRE", "religion": "JUDAISM", "building_type": "SYNAGOGUE", "suburb": "CAPE TOWN CITY CENTRE" }, "geometry": { "type": "Point", "coordinates": [ 18.416539454058274, -33.929818382909168 ] } },
{ "type": "Feature", "properties": { "name": "ST MARY'S CATHEDRAL", "religion": "CHRISTIAN", "building_type": "CHURCH", "suburb": "CAPE TOWN CITY CENTRE" }, "geometry": { "type": "Point", "coordinates": [ 18.41943896426713, -33.928312970508109 ] } },
{ "type": "Feature", "properties": { "name": "OUR LADY OF FATIMA CATHOLIC CHURCH", "religion": "CHRISTIAN", "building_type": "CHURCH", "suburb": "BOSTON" }, "geometry": { "type": "Point", "coordinates": [ 18.625010118401296, -33.900353634633319 ] } },
{ "type": "Feature", "properties": { "name": "THE JUMU'A MOSQUE OF CAPE TOWN", "religion": "ISLAMIC", "building_type": "MOSQUE", "suburb": "CAPE TOWN CITY CENTRE" }, "geometry": { "type": "Point", "coordinates": [ 18.414233448181211, -33.927985116590364 ] } },
{ "type": "Feature", "properties": { "name": "FREE PROTESTANT UNITARIAN CHURCH", "religion": "CHRISTIAN", "building_type": "CHURCH", "suburb": "CAPE TOWN CITY CENTRE" }, "geometry": { "type": "Point", "coordinates": [ 18.419914655447759, -33.921191692239738 ] } },
{ "type": "Feature", "properties": { "name": "AZZAVIA MASJID", "religion": "ISLAMIC", "building_type": "MOSQUE", "suburb": "WOODSTOCK" }, "geometry": { "type": "Point", "coordinates": [ 18.442064473798762, -33.934954044556306 ] } },
{ "type": "Feature", "properties": { "name": "AL-AZHAR MASJID", "religion": "ISLAMIC", "building_type": "MOSQUE", "suburb": "ZONNEBLOEM" }, "geometry": { "type": "Point", "coordinates": [ 18.432669146955778, -33.930208328499525 ] } },
{ "type": "Feature", "properties": { "name": "NED. GER. SENDINKERK - BROOKLYN", "religion": "CHRISTIAN", "building_type": "CHURCH", "suburb": "BROOKLYN" }, "geometry": { "type": "Point", "coordinates": [ 18.481642058717668, -33.911649562559624 ] } },
{ "type": "Feature", "properties": { "name": "WOODSTOCK BAPTIST CHURCH", "religion": "CHRISTIAN", "building_type": "CHURCH", "suburb": "WOODSTOCK" }, "geometry": { "type": "Point", "coordinates": [ 18.451260909146288, -33.928324645905349 ] } },
{ "type": "Feature", "properties": { "name": "SEVENTH-DAY ADVENTIST CHURCH", "religion": "CHRISTIAN", "building_type": "CHURCH", "suburb": "WOODSTOCK" }, "geometry": { "type": "Point", "coordinates": [ 18.457468394422012, -33.929373368667399 ] } },
{ "type": "Feature", "properties": { "name": "ALL SAINTS ANGLICAN CHURCH", "religion": "CHRISTIAN", "building_type": "CHURCH", "suburb": "WOODSTOCK" }, "geometry": { "type": "Point", "coordinates": [ 18.451747778962297, -33.933045321203274 ] } },
{ "type": "Feature", "properties": { "name": "NEW APOSTOLIC CHURCH OF S.A.", "religion": "CHRISTIAN", "building_type": "CHURCH", "suburb": "SALT RIVER" }, "geometry": { "type": "Point", "coordinates": [ 18.461474452092801, -33.931241205258445 ] } },
{ "type": "Feature", "properties": { "name": "ST. LUKE'S PARISH ANGLICAN CHURCH", "religion": "CHRISTIAN", "building_type": "CHURCH", "suburb": "SALT RIVER" }, "geometry": { "type": "Point", "coordinates": [ 18.46332973007268, -33.92943170466166 ] } },
{ "type": "Feature", "properties": { "name": "SEVENTH-DAY ADVENTIST CHURCH", "religion": "CHRISTIAN", "building_type": "CHURCH", "suburb": "RUGBY" }, "geometry": { "type": "Point", "coordinates": [ 18.486704845979659, -33.902266044472825 ] } },
{ "type": "Feature", "properties": { "name": "ST FRANCIS' CHAPEL", "religion": "CHRISTIAN", "building_type": "CHURCH", "suburb": "BROOKLYN" }, "geometry": { "type": "Point", "coordinates": [ 18.482470205696639, -33.910928031008453 ] } },
{ "type": "Feature", "properties": { "name": "PINELANDS PRESBYTERIAN CHURCH", "religion": "CHRISTIAN", "building_type": "CHURCH", "suburb": "PINELANDS" }, "geometry": { "type": "Point", "coordinates": [ 18.498837522749724, -33.939171455346454 ] } },
{ "type": "Feature", "properties": { "name": "FIRST PORTUGUESE BAPTIST CHURCH", "religion": "CHRISTIAN", "building_type": "CHURCH", "suburb": "TOWNSEND ESTATE" }, "geometry": { "type": "Point", "coordinates": [ 18.541437413983555, -33.911801947820138 ] } },
{ "type": "Feature", "properties": { "name": "ST. JOSEPHS CATHOLIC CHURCH", "religion": "CHRISTIAN", "building_type": "CHURCH", "suburb": "TOWNSEND ESTATE" }, "geometry": { "type": "Point", "coordinates": [ 18.547213713312779, -33.911449218215409 ] } },
{ "type": "Feature", "properties": { "name": "PINELANDS BAPTIST CHURCH", "religion": "CHRISTIAN", "building_type": "CHURCH", "suburb": "PINELANDS" }, "geometry": { "type": "Point", "coordinates": [ 18.518736164795374, -33.933406090614739 ] } },
{ "type": "Feature", "properties": { "name": "GOODWOOD PRESBYTERIAN CHURCH", "religion": "CHRISTIAN", "building_type": "CHURCH", "suburb": "GOODWOOD ESTATE" }, "geometry": { "type": "Point", "coordinates": [ 18.551040435811821, -33.910776055711608 ] } },
{ "type": "Feature", "properties": { "name": "ST. ALBIAN'S ANGLICAN CHURCH", "religion": "CHRISTIAN", "building_type": "CHURCH", "suburb": "GOODWOOD ESTATE" }, "geometry": { "type": "Point", "coordinates": [ 18.549623242839818, -33.911533868145646 ] } },
{ "type": "Feature", "properties": { "name": "OLD APOSTOLIC CHURCH OF AFRICA", "religion": "CHRISTIAN", "building_type": "CHURCH", "suburb": "PAROW VALLEY" }, "geometry": { "type": "Point", "coordinates": [ 18.588159018286046, -33.915060299567756 ] } },
{ "type": "Feature", "properties": { "name": "V. G. R. CHURCH", "religion": "CHRISTIAN", "building_type": "CHURCH", "suburb": "RAVENSMEAD" }, "geometry": { "type": "Point", "coordinates": [ 18.603632122660919, -33.921955255404356 ] } },
{ "type": "Feature", "properties": { "name": "PAROW SYNAGOGUE", "religion": "JUDAISM", "building_type": "SYNAGOGUE", "suburb": "GLENLILY" }, "geometry": { "type": "Point", "coordinates": [ 18.587237580366537, -33.905145539020559 ] } },
{ "type": "Feature", "properties": { "name": "PAROW METHODIST CHURCH", "religion": "CHRISTIAN", "building_type": "CHURCH", "suburb": "GLENLILY" }, "geometry": { "type": "Point", "coordinates": [ 18.585536361661244, -33.904683745051358 ] } },
{ "type": "Feature", "properties": { "name": "HOLY TRINITY CATHOLIC CHURCH", "religion": "CHRISTIAN", "building_type": "CHURCH", "suburb": "ADRIAANSE" }, "geometry": { "type": "Point", "coordinates": [ 18.586588963493718, -33.938846862809825 ] } },
{ "type": "Feature", "properties": { "name": "CHRISTELIKE GEREFORMEERDE KERK", "religion": "CHRISTIAN", "building_type": "CHURCH", "suburb": "ELIM" }, "geometry": { "type": "Point", "coordinates": [ 18.690534015860951, -33.928737770130724 ] } },
{ "type": "Feature", "properties": { "name": "ST. PHILLIPS CATHOLIC CHURCH", "religion": "CHRISTIAN", "building_type": "CHURCH", "suburb": "STRANDFONTEIN" }, "geometry": { "type": "Point", "coordinates": [ 18.554647304628233, -34.074277729444866 ] } },
{ "type": "Feature", "properties": { "name": "STRANDFONTEIN BAPTIST CHURCH", "religion": "CHRISTIAN", "building_type": "CHURCH", "suburb": "STRANDFONTEIN" }, "geometry": { "type": "Point", "coordinates": [ 18.549670028896447, -34.075497381352235 ] } },
{ "type": "Feature", "properties": { "name": "SOMERSET WEST UNITED PRESBYTERIAN CHURCH", "religion": "CHRISTIAN", "building_type": "CHURCH", "suburb": "AUDAS ESTATE" }, "geometry": { "type": "Point", "coordinates": [ 18.845170962880104, -34.080805253983165 ] } },
{ "type": "Feature", "properties": { "name": "ALL SAINTS ANGLICAN CHURCH", "religion": "CHRISTIAN", "building_type": "CHURCH", "suburb": "SOMERSET WEST" }, "geometry": { "type": "Point", "coordinates": [ 18.848528285100489, -34.083070668211235 ] } },
{ "type": "Feature", "properties": { "name": "ST. JOSEPH'S CATHOLIC CHURCH", "religion": "CHRISTIAN", "building_type": "CHURCH", "suburb": "KOMMETJIE" }, "geometry": { "type": "Point", "coordinates": [ 18.332434240018223, -34.143486705122868 ] } },
{ "type": "Feature", "properties": { "name": "MEMBERS IN CHRIST CHURCH", "religion": "CHRISTIAN", "building_type": "CHURCH", "suburb": "STRAND" }, "geometry": { "type": "Point", "coordinates": [ 18.83627120424002, -34.110157665592936 ] } },
{ "type": "Feature", "properties": { "name": "KINGDOM HALL OF JEHOVAH'S WITNESSES - STRAND", "religion": "CHRISTIAN", "building_type": "CHURCH", "suburb": "STRAND" }, "geometry": { "type": "Point", "coordinates": [ 18.826065137971614, -34.112135291834285 ] } },
{ "type": "Feature", "properties": { "name": "ANGELS REST", "religion": "CHRISTIAN", "building_type": "CHURCH", "suburb": "STRAND" }, "geometry": { "type": "Point", "coordinates": [ 18.82459370023118, -34.115165492283559 ] } },
{ "type": "Feature", "properties": { "name": "ST. PETERS CATHOLIC CHURCH", "religion": "CHRISTIAN", "building_type": "CHURCH", "suburb": "STRAND" }, "geometry": { "type": "Point", "coordinates": [ 18.833392978713487, -34.117950177184468 ] } },
{ "type": "Feature", "properties": { "name": "RUSTHOF METHODIST CHURCH", "religion": "CHRISTIAN", "building_type": "CHURCH", "suburb": "STRAND" }, "geometry": { "type": "Point", "coordinates": [ 18.848985740480838, -34.133126114181167 ] } },
{ "type": "Feature", "properties": { "name": "PENTECOSTAL CHURCH", "religion": "CHRISTIAN", "building_type": "CHURCH", "suburb": "STRAND" }, "geometry": { "type": "Point", "coordinates": [ 18.849872380361184, -34.132509300007676 ] } },
{ "type": "Feature", "properties": { "name": "WESLEYAN METHODIST MISSIONARY CHURCH", "religion": "CHRISTIAN", "building_type": "CHURCH", "suburb": "SIR LOWRYS PASS" }, "geometry": { "type": "Point", "coordinates": [ 18.906346666716612, -34.116545228719858 ] } },
{ "type": "Feature", "properties": { "name": "ST. PHILLIPS CHURCH", "religion": "CHRISTIAN", "building_type": "CHURCH", "suburb": "GORDONS BAY VILLAGE" }, "geometry": { "type": "Point", "coordinates": [ 18.870415915762784, -34.157779951595259 ] } },
{ "type": "Feature", "properties": { "name": "NEW APOSTOLIC CHURCH OF S.A.", "religion": "CHRISTIAN", "building_type": "CHURCH", "suburb": "TEMPERANCE TOWN" }, "geometry": { "type": "Point", "coordinates": [ 18.882183456115946, -34.152385040291598 ] } },
{ "type": "Feature", "properties": { "name": "SCHOENSTATT SHRINE OF PILGRIMAGE", "religion": "CHRISTIAN", "building_type": "CHURCH", "suburb": "CONSTANTIA" }, "geometry": { "type": "Point", "coordinates": [ 18.425859043041378, -34.022848997216435 ] } },
{ "type": "Feature", "properties": { "name": "CONSTANTIA CHRIST CHURCH", "religion": "CHRISTIAN", "building_type": "CHURCH", "suburb": "CONSTANTIA" }, "geometry": { "type": "Point", "coordinates": [ 18.438791805217519, -34.021049556437539 ] } },
{ "type": "Feature", "properties": { "name": "OTTERY ROAD METHODIST CHURCH", "religion": "CHRISTIAN", "building_type": "CHURCH", "suburb": "WYNBERG" }, "geometry": { "type": "Point", "coordinates": [ 18.476292213010026, -34.008683646455211 ] } },
{ "type": "Feature", "properties": { "name": "CORPUS CHRISTI CATHOLIC CHURCH", "religion": "CHRISTIAN", "building_type": "CHURCH", "suburb": "WYNBERG" }, "geometry": { "type": "Point", "coordinates": [ 18.471664046852162, -34.014756036111706 ] } },
{ "type": "Feature", "properties": { "name": "PLUMSTEAD PRESBYTERIAN CHURCH", "religion": "CHRISTIAN", "building_type": "CHURCH", "suburb": "PLUMSTEAD" }, "geometry": { "type": "Point", "coordinates": [ 18.472111629747509, -34.024577147670378 ] } },
{ "type": "Feature", "properties": { "name": "BELHAR METHODIST CHURCH", "religion": "CHRISTIAN", "building_type": "CHURCH", "suburb": "BELHAR EXT 2" }, "geometry": { "type": "Point", "coordinates": [ 18.610253790571413, -33.946520636181965 ] } },
{ "type": "Feature", "properties": { "name": "SEVENTH-DAY ADVENTIST CHURCH", "religion": "CHRISTIAN", "building_type": "CHURCH", "suburb": "LANSDOWNE" }, "geometry": { "type": "Point", "coordinates": [ 18.501722922222076, -33.989800714592157 ] } },
{ "type": "Feature", "properties": { "name": "KINGDOM HALL OF JEHOVAH'S WITNESSES", "religion": "CHRISTIAN", "building_type": "CHURCH", "suburb": "OTTERY" }, "geometry": { "type": "Point", "coordinates": [ 18.503850809246291, -34.021710789469033 ] } },
{ "type": "Feature", "properties": { "name": "SEVENTH-DAY ADVENTIST CHURCH", "religion": "CHRISTIAN", "building_type": "CHURCH", "suburb": "NEWFIELDS" }, "geometry": { "type": "Point", "coordinates": [ 18.531544741171707, -33.984204519754677 ] } },
{ "type": "Feature", "properties": { "name": "NED. GER. SENDINGKERK", "religion": "CHRISTIAN", "building_type": "CHURCH", "suburb": "MANENBERG" }, "geometry": { "type": "Point", "coordinates": [ 18.555295391495001, -33.992963189194427 ] } },
{ "type": "Feature", "properties": { "name": "GUGULETU METHODIST CHURCH", "religion": "CHRISTIAN", "building_type": "CHURCH", "suburb": "GUGULETU" }, "geometry": { "type": "Point", "coordinates": [ 18.56477222877195, -33.986911778323716 ] } },
{ "type": "Feature", "properties": { "name": "FREE REFORMED APOSTOLIC CHURCH OF S.A.", "religion": "CHRISTIAN", "building_type": "CHURCH", "suburb": "GUGULETU" }, "geometry": { "type": "Point", "coordinates": [ 18.569099862653193, -33.991757512986652 ] } },
{ "type": "Feature", "properties": { "name": null, "religion": "CHRISTIAN", "building_type": "CHURCH", "suburb": "GUGULETU" }, "geometry": { "type": "Point", "coordinates": [ 18.568323811672496, -33.99365857148274 ] } },
{ "type": "Feature", "properties": { "name": null, "religion": "CHRISTIAN", "building_type": "CHURCH", "suburb": "GUGULETU" }, "geometry": { "type": "Point", "coordinates": [ 18.566455135320176, -33.994267732281784 ] } },
{ "type": "Feature", "properties": { "name": null, "religion": "CHRISTIAN", "building_type": "CHURCH", "suburb": "GUGULETU" }, "geometry": { "type": "Point", "coordinates": [ 18.566901562982089, -34.000801703983413 ] } },
{ "type": "Feature", "properties": { "name": "PRESBYTERIAN CHURCH OF S.A.", "religion": "CHRISTIAN", "building_type": "CHURCH", "suburb": "NYANGA" }, "geometry": { "type": "Point", "coordinates": [ 18.584751824296067, -33.992274664591868 ] } },
{ "type": "Feature", "properties": { "name": "KINGDOM HALL OF JEHOVAH'S WITNESSES", "religion": "CHRISTIAN", "building_type": "CHURCH", "suburb": "THEMBOKWEZI" }, "geometry": { "type": "Point", "coordinates": [ 18.634284479904768, -34.006652420828367 ] } },
{ "type": "Feature", "properties": { "name": null, "religion": "CHRISTIAN", "building_type": "CHURCH", "suburb": "RETREAT" }, "geometry": { "type": "Point", "coordinates": [ 18.461424024266005, -34.059658000580654 ] } },
{ "type": "Feature", "properties": { "name": "CHURCH OF NAZARENE", "religion": "CHRISTIAN", "building_type": "CHURCH", "suburb": "RETREAT" }, "geometry": { "type": "Point", "coordinates": [ 18.482087553928327, -34.063996810791956 ] } },
{ "type": "Feature", "properties": { "name": "CHRISTEN GEMEENTE KERK", "religion": "CHRISTIAN", "building_type": "CHURCH", "suburb": "PARKWOOD" }, "geometry": { "type": "Point", "coordinates": [ 18.495660266929725, -34.031997323138171 ] } },
{ "type": "Feature", "properties": { "name": "TRINITY AFRICAN METHODIST EPISCOPAL CHURCH", "religion": "CHRISTIAN", "building_type": "CHURCH", "suburb": "GRASSY PARK" }, "geometry": { "type": "Point", "coordinates": [ 18.506831282815082, -34.041922885119526 ] } },
{ "type": "Feature", "properties": { "name": "NEW APOSTOLIC CHURCH OF S.A.", "religion": "CHRISTIAN", "building_type": "CHURCH", "suburb": "GRASSY PARK" }, "geometry": { "type": "Point", "coordinates": [ 18.494825804794321, -34.054928689898674 ] } },
{ "type": "Feature", "properties": { "name": "NEW APOSTOLIC CHURCH OF S.A.", "religion": "CHRISTIAN", "building_type": "CHURCH", "suburb": "RETREAT" }, "geometry": { "type": "Point", "coordinates": [ 18.484258740647537, -34.065586381704222 ] } },
{ "type": "Feature", "properties": { "name": "MASJIEDUL JUMU-AH", "religion": "ISLAMIC", "building_type": "MOSQUE", "suburb": "WESTRIDGE" }, "geometry": { "type": "Point", "coordinates": [ 18.60469049257582, -34.048211475190712 ] } },
{ "type": "Feature", "properties": { "name": "ST. STEPHEN'S CATHOLIC CHURCH", "religion": "CHRISTIAN", "building_type": "CHURCH", "suburb": "ROCKLANDS" }, "geometry": { "type": "Point", "coordinates": [ 18.605228012102504, -34.061901210271678 ] } },
{ "type": "Feature", "properties": { "name": "METHODIST CHURCH OF S.A.", "religion": "CHRISTIAN", "building_type": "CHURCH", "suburb": "VICTORIA MXENGE" }, "geometry": { "type": "Point", "coordinates": [ 18.660728046786204, -34.022643391658022 ] } },
{ "type": "Feature", "properties": { "name": "SEVENTH-DAY ADVENTIST CHURCH", "religion": "CHRISTIAN", "building_type": "CHURCH", "suburb": "KHAYA" }, "geometry": { "type": "Point", "coordinates": [ 18.653477532125681, -34.035507181910731 ] } },
{ "type": "Feature", "properties": { "name": "NASIPHUHLISANE COMMUNITY PROJECT", "religion": "CHRISTIAN", "building_type": "CHURCH", "suburb": "KHAYA" }, "geometry": { "type": "Point", "coordinates": [ 18.664401789785639, -34.0379331828549 ] } },
{ "type": "Feature", "properties": { "name": "FIRST BAPTIST CHURCH", "religion": "CHRISTIAN", "building_type": "CHURCH", "suburb": "KHAYA" }, "geometry": { "type": "Point", "coordinates": [ 18.661991738337424, -34.038135216942337 ] } },
{ "type": "Feature", "properties": { "name": "KINGDOM HALL OF JEHOVAH'S WITNESSES - KHAYELITSHA", "religion": "CHRISTIAN", "building_type": "CHURCH", "suburb": "EYETHU" }, "geometry": { "type": "Point", "coordinates": [ 18.666857265444484, -34.034924662352665 ] } },
{ "type": "Feature", "properties": { "name": "UNITED METHODIST CHURCH OF S.A.", "religion": "CHRISTIAN", "building_type": "CHURCH", "suburb": "EYETHU" }, "geometry": { "type": "Point", "coordinates": [ 18.669923475122317, -34.036475460538938 ] } },
{ "type": "Feature", "properties": { "name": "PENTECOSTAL PROTESTANT CHURCH OF S.A.", "religion": "CHRISTIAN", "building_type": "CHURCH", "suburb": "ILITHA PARK" }, "geometry": { "type": "Point", "coordinates": [ 18.65630240041925, -34.049671091747889 ] } },
{ "type": "Feature", "properties": { "name": "OLD APOSTOLIC CHURCH OF S.A.", "religion": "CHRISTIAN", "building_type": "CHURCH", "suburb": "MANDELA PARK" }, "geometry": { "type": "Point", "coordinates": [ 18.67805088923059, -34.050552825257057 ] } },
{ "type": "Feature", "properties": { "name": "HIS GLORY CHURCH", "religion": "CHRISTIAN", "building_type": "CHURCH", "suburb": "MANDELA PARK" }, "geometry": { "type": "Point", "coordinates": [ 18.683307267927905, -34.047895385213238 ] } },
{ "type": "Feature", "properties": { "name": "NEW APOSTOLIC CHURCH OF S.A.", "religion": "CHRISTIAN", "building_type": "CHURCH", "suburb": "HOUT BAY" }, "geometry": { "type": "Point", "coordinates": [ 18.342640520085634, -34.052140705001186 ] } },
{ "type": "Feature", "properties": { "name": "ST. SIMON OF LYRENE ANGLICAN CHURCH", "religion": "CHRISTIAN", "building_type": "CHURCH", "suburb": "HOUT BAY" }, "geometry": { "type": "Point", "coordinates": [ 18.34142427844607, -34.05496461360115 ] } },
{ "type": "Feature", "properties": { "name": "VALLEY CHURCH HOUT BAY", "religion": "CHRISTIAN", "building_type": "CHURCH", "suburb": "HOUT BAY" }, "geometry": { "type": "Point", "coordinates": [ 18.358832121279242, -34.044726622130966 ] } },
{ "type": "Feature", "properties": { "name": "ST. ANTHONYS CATHOLIC CHURCH", "religion": "CHRISTIAN", "building_type": "CHURCH", "suburb": "HOUT BAY" }, "geometry": { "type": "Point", "coordinates": [ 18.359939552683418, -34.040033642704103 ] } },
{ "type": "Feature", "properties": { "name": "ST. AUGUSTINE OF HIPPO ANGLICAN CHURCH", "religion": "CHRISTIAN", "building_type": "CHURCH", "suburb": "LOTUS RIVER" }, "geometry": { "type": "Point", "coordinates": [ 18.519240362214898, -34.040719104760818 ] } },
{ "type": "Feature", "properties": { "name": "ROSEBANK METHODIST CHURCH", "religion": "CHRISTIAN", "building_type": "CHURCH", "suburb": "ROSEBANK" }, "geometry": { "type": "Point", "coordinates": [ 18.471738275542389, -33.953379074087692 ] } },
{ "type": "Feature", "properties": { "name": "ATHLONE BAPTIST CHURCH", "religion": "CHRISTIAN", "building_type": "CHURCH", "suburb": "ATHLONE" }, "geometry": { "type": "Point", "coordinates": [ 18.504139983224441, -33.968175187873101 ] } },
{ "type": "Feature", "properties": { "name": "MASJID-US-SALAAM", "religion": "ISLAMIC", "building_type": "MOSQUE", "suburb": "ATHLONE" }, "geometry": { "type": "Point", "coordinates": [ 18.509277671116518, -33.968274834453268 ] } },
{ "type": "Feature", "properties": { "name": "GLEEMOOR BAPTIST CHURCH", "religion": "CHRISTIAN", "building_type": "CHURCH", "suburb": "BELGRAVIA" }, "geometry": { "type": "Point", "coordinates": [ 18.513898324663657, -33.970901998921015 ] } },
{ "type": "Feature", "properties": { "name": "LANGA BAPTIST CHURCH", "religion": "CHRISTIAN", "building_type": "CHURCH", "suburb": "LANGA" }, "geometry": { "type": "Point", "coordinates": [ 18.531287491522107, -33.943732574159668 ] } },
{ "type": "Feature", "properties": { "name": "BONTEHEUWEL METHODIST CHURCH", "religion": "CHRISTIAN", "building_type": "CHURCH", "suburb": "BONTEHEUWEL" }, "geometry": { "type": "Point", "coordinates": [ 18.548399283773616, -33.952320319899222 ] } },
{ "type": "Feature", "properties": { "name": "CAPE TOWN BAPTIST SEMINARY", "religion": "CHRISTIAN", "building_type": "CHURCH", "suburb": "BRIDGETOWN" }, "geometry": { "type": "Point", "coordinates": [ 18.534923008511221, -33.954494768835524 ] } },
{ "type": "Feature", "properties": { "name": "ST. GEORGES ANGLICAL CATHEDRAL", "religion": "CHRISTIAN", "building_type": "CHURCH", "suburb": "SILVERTOWN" }, "geometry": { "type": "Point", "coordinates": [ 18.52240209874001, -33.959644862290922 ] } },
{ "type": "Feature", "properties": { "name": "HEBRON TABERNACLE", "religion": "CHRISTIAN", "building_type": "CHURCH", "suburb": "BELGRAVIA" }, "geometry": { "type": "Point", "coordinates": [ 18.518268151515507, -33.965820064988073 ] } },
{ "type": "Feature", "properties": { "name": "SHRI SIVA  AALAYAM TEMPLE", "religion": "HINDUISM", "building_type": "TEMPLE", "suburb": "RYLANDS" }, "geometry": { "type": "Point", "coordinates": [ 18.530142782728575, -33.970545640124783 ] } },
{ "type": "Feature", "properties": { "name": "BAPTIST CHURCH OF S.A.", "religion": "CHRISTIAN", "building_type": "CHURCH", "suburb": "BONTEHEUWEL" }, "geometry": { "type": "Point", "coordinates": [ 18.556546452733329, -33.950382983065097 ] } },
{ "type": "Feature", "properties": { "name": "BONTEHEUWEL CONGREGATIONAL CHURCH", "religion": "CHRISTIAN", "building_type": "CHURCH", "suburb": "BONTEHEUWEL" }, "geometry": { "type": "Point", "coordinates": [ 18.551995174278932, -33.953891037511504 ] } },
{ "type": "Feature", "properties": { "name": "SEVENTH DAY ADVENTIST CHURCH - BONTEHEUWEL", "religion": "CHRISTIAN", "building_type": "CHURCH", "suburb": "BONTEHEUWEL" }, "geometry": { "type": "Point", "coordinates": [ 18.555755098951771, -33.958392427058513 ] } },
{ "type": "Feature", "properties": { "name": "W.P. BAPTIST ASSOCIATION", "religion": "CHRISTIAN", "building_type": "CHURCH", "suburb": "VALHALLA PARK" }, "geometry": { "type": "Point", "coordinates": [ 18.570661720318576, -33.952972422562802 ] } },
{ "type": "Feature", "properties": { "name": "NED. GER. SENDINGKERK", "religion": "CHRISTIAN", "building_type": "CHURCH", "suburb": "VALHALLA PARK" }, "geometry": { "type": "Point", "coordinates": [ 18.569199830771289, -33.956644110630151 ] } },
{ "type": "Feature", "properties": { "name": "NEW APOSTOLIC CHURCH OF S.A.", "religion": "CHRISTIAN", "building_type": "CHURCH", "suburb": "NOOITGEDACHT" }, "geometry": { "type": "Point", "coordinates": [ 18.583608805233609, -33.954070900978678 ] } },
{ "type": "Feature", "properties": { "name": "ANGLICAN CHURCH OF THE HOLY SPIRIT", "religion": "CHRISTIAN", "building_type": "CHURCH", "suburb": "HEIDEVELD" }, "geometry": { "type": "Point", "coordinates": [ 18.551502117765583, -33.965702730574101 ] } },
{ "type": "Feature", "properties": { "name": "NED. GER. SENDINGKERK", "religion": "CHRISTIAN", "building_type": "CHURCH", "suburb": "HEIDEVELD" }, "geometry": { "type": "Point", "coordinates": [ 18.552926039119047, -33.967257548917701 ] } },
{ "type": "Feature", "properties": { "name": "APOSTLE CHURCH OF CHRIST OF S.A.", "religion": "CHRISTIAN", "building_type": "CHURCH", "suburb": "HEIDEVELD" }, "geometry": { "type": "Point", "coordinates": [ 18.556320916308191, -33.969330608989537 ] } },
{ "type": "Feature", "properties": { "name": null, "religion": "CHRISTIAN", "building_type": "CHURCH", "suburb": "GUGULETU" }, "geometry": { "type": "Point", "coordinates": [ 18.566077982139696, -33.970240333814019 ] } },
{ "type": "Feature", "properties": { "name": null, "religion": "CHRISTIAN", "building_type": "CHURCH", "suburb": "GUGULETU" }, "geometry": { "type": "Point", "coordinates": [ 18.56322370569865, -33.97639208818233 ] } },
{ "type": "Feature", "properties": { "name": null, "religion": "CHRISTIAN", "building_type": "CHURCH", "suburb": "GUGULETU" }, "geometry": { "type": "Point", "coordinates": [ 18.573897124086894, -33.981248514536652 ] } },
{ "type": "Feature", "properties": { "name": "STS. JOHN AND PAUL CATHOLIC CHURCH", "religion": "CHRISTIAN", "building_type": "CHURCH", "suburb": "BELHAR EXT 4" }, "geometry": { "type": "Point", "coordinates": [ 18.623175558266809, -33.946503338466208 ] } },
{ "type": "Feature", "properties": { "name": "LIVING WORD AND FAITH TEMPLE", "religion": "CHRISTIAN", "building_type": "CHURCH", "suburb": "BELHAR EXT 16" }, "geometry": { "type": "Point", "coordinates": [ 18.641810149435134, -33.952951363899267 ] } },
{ "type": "Feature", "properties": { "name": "BELHAR BAPTIST CHURCH", "religion": "CHRISTIAN", "building_type": "CHURCH", "suburb": "BELHAR EXT 16" }, "geometry": { "type": "Point", "coordinates": [ 18.644485165264623, -33.947476728941162 ] } },
{ "type": "Feature", "properties": { "name": "LOGOS ASSEMBLY OF GOD - BELHAR", "religion": "CHRISTIAN", "building_type": "CHURCH", "suburb": "BELHAR EXT 14" }, "geometry": { "type": "Point", "coordinates": [ 18.635544424582925, -33.949780350767149 ] } },
{ "type": "Feature", "properties": { "name": "MASJIDUL NASRULLAH", "religion": "ISLAMIC", "building_type": "MOSQUE", "suburb": "BELHAR EXT 18" }, "geometry": { "type": "Point", "coordinates": [ 18.655390953562325, -33.951362310595236 ] } },
{ "type": "Feature", "properties": { "name": "NEW APOSTOLIC CHURCH OF S.A.", "religion": "CHRISTIAN", "building_type": "CHURCH", "suburb": "BELHAR EXT 18" }, "geometry": { "type": "Point", "coordinates": [ 18.655533707539071, -33.949737699053117 ] } },
{ "type": "Feature", "properties": { "name": null, "religion": "CHRISTIAN", "building_type": "CHURCH", "suburb": "PELLA" }, "geometry": { "type": "Point", "coordinates": [ 18.520571193850412, -33.539661828026105 ] } },
{ "type": "Feature", "properties": { "name": "ALDERSGATE METHODIST CHURCH", "religion": "CHRISTIAN", "building_type": "CHURCH", "suburb": "STEENBERG" }, "geometry": { "type": "Point", "coordinates": [ 18.474961597868443, -34.072229522895071 ] } },
{ "type": "Feature", "properties": { "name": "CHURCH OF JESUS CHRIST OF LATTER-DAY SAINTS", "religion": "CHRISTIAN", "building_type": "CHURCH", "suburb": "SUNNYDALE" }, "geometry": { "type": "Point", "coordinates": [ 18.391584635452805, -34.120090977965013 ] } },
{ "type": "Feature", "properties": { "name": "METHODIST CHURCH OF S.A.", "religion": "CHRISTIAN", "building_type": "CHURCH", "suburb": "SOMERSET WEST" }, "geometry": { "type": "Point", "coordinates": [ 18.849534947089332, -34.085784652182561 ] } },
{ "type": "Feature", "properties": { "name": "ST. PAUL'S CATHOLIC CHURCH", "religion": "CHRISTIAN", "building_type": "CHURCH", "suburb": "SOMERSET WEST" }, "geometry": { "type": "Point", "coordinates": [ 18.850184757823161, -34.086732940274089 ] } },
{ "type": "Feature", "properties": { "name": "GOEDEMOED BAPTIST CHURCH", "religion": "CHRISTIAN", "building_type": "CHURCH", "suburb": "GOEDEMOED" }, "geometry": { "type": "Point", "coordinates": [ 18.674104772545455, -33.826480926859411 ] } },
{ "type": "Feature", "properties": { "name": "NED. GER. SENDINGKERK - SONSTRAAL", "religion": "CHRISTIAN", "building_type": "CHURCH", "suburb": "EVERSDAL" }, "geometry": { "type": "Point", "coordinates": [ 18.660549393435787, -33.854735277438841 ] } },
{ "type": "Feature", "properties": { "name": "DIE CHRISTEN GEMEENTE VAN S.A.", "religion": "CHRISTIAN", "building_type": "CHURCH", "suburb": "BELMONT PARK" }, "geometry": { "type": "Point", "coordinates": [ 18.730310203916151, -33.851659196275136 ] } },
{ "type": "Feature", "properties": { "name": "SEVENTH-DAY ADVENTIST REFORM MOVEMENT", "religion": "CHRISTIAN", "building_type": "CHURCH", "suburb": "BELMONT PARK" }, "geometry": { "type": "Point", "coordinates": [ 18.729962251372285, -33.849754846395847 ] } },
{ "type": "Feature", "properties": { "name": "KINGDOM HALL OF JEHOVAH'S WITNESSES - KRAAIFONTEIN", "religion": "CHRISTIAN", "building_type": "CHURCH", "suburb": "PEERLESS PARK NORTH" }, "geometry": { "type": "Point", "coordinates": [ 18.721817787239939, -33.839089645417729 ] } },
{ "type": "Feature", "properties": { "name": "DIE VOLLE EVANGELIE KERK VAN GOD", "religion": "CHRISTIAN", "building_type": "CHURCH", "suburb": "BELMONT PARK" }, "geometry": { "type": "Point", "coordinates": [ 18.727692934488076, -33.853292199450301 ] } },
{ "type": "Feature", "properties": { "name": "ST. ANTHONY CATHOLIC CHURCH", "religion": "CHRISTIAN", "building_type": "CHURCH", "suburb": "BELMONT PARK" }, "geometry": { "type": "Point", "coordinates": [ 18.722949692345704, -33.849319862018305 ] } },
{ "type": "Feature", "properties": { "name": "MONTE VISTA PRESBYTERIAN AND REFORMED CHURCH", "religion": "CHRISTIAN", "building_type": "CHURCH", "suburb": "MONTE VISTA" }, "geometry": { "type": "Point", "coordinates": [ 18.55567435747572, -33.878396191927159 ] } },
{ "type": "Feature", "properties": { "name": "OLD APOSTOLIC CHURCH OF AFRICA", "religion": "CHRISTIAN", "building_type": "CHURCH", "suburb": "KENRIDGE" }, "geometry": { "type": "Point", "coordinates": [ 18.636510885166196, -33.865266820389358 ] } },
{ "type": "Feature", "properties": { "name": "SEVENTH-DAY ADVENTIST CHURCH", "religion": "CHRISTIAN", "building_type": "CHURCH", "suburb": "OAKDALE" }, "geometry": { "type": "Point", "coordinates": [ 18.631899309094994, -33.893813940796107 ] } },
{ "type": "Feature", "properties": { "name": "THE OLD APOSTOLIC CHURCH OF AFRICA", "religion": "CHRISTIAN", "building_type": "CHURCH", "suburb": "OAKDALE" }, "geometry": { "type": "Point", "coordinates": [ 18.632592131164614, -33.894981502372517 ] } },
{ "type": "Feature", "properties": { "name": "NED. GER. SENDINGKERK - BELLVILLE WEST", "religion": "CHRISTIAN", "building_type": "CHURCH", "suburb": "BOSTON" }, "geometry": { "type": "Point", "coordinates": [ 18.62211503419184, -33.896573365192047 ] } },
{ "type": "Feature", "properties": { "name": "BELLVILLE METHODIST CHURCH", "religion": "CHRISTIAN", "building_type": "CHURCH", "suburb": "BOSTON" }, "geometry": { "type": "Point", "coordinates": [ 18.624069493365617, -33.89812582088669 ] } },
{ "type": "Feature", "properties": { "name": "BELLVILLE BAPTIST CHURCH", "religion": "CHRISTIAN", "building_type": "CHURCH", "suburb": "BOSTON" }, "geometry": { "type": "Point", "coordinates": [ 18.621140542669952, -33.898551992341652 ] } },
{ "type": "Feature", "properties": { "name": "BELLVILLE PRESBYTERIAN CHURCH", "religion": "CHRISTIAN", "building_type": "CHURCH", "suburb": "BOSTON" }, "geometry": { "type": "Point", "coordinates": [ 18.624818580514741, -33.899123120832293 ] } },
{ "type": "Feature", "properties": { "name": "APOSTOLIESE GELOOF SENDING VAN S.A.", "religion": "CHRISTIAN", "building_type": "CHURCH", "suburb": "KEMPENVILLE" }, "geometry": { "type": "Point", "coordinates": [ 18.639225194204489, -33.900891237612662 ] } },
{ "type": "Feature", "properties": { "name": "EMMANUEL CHURCH", "religion": "CHRISTIAN", "building_type": "CHURCH", "suburb": "AMANDA GLEN" }, "geometry": { "type": "Point", "coordinates": [ 18.662046982032461, -33.860350542096512 ] } },
{ "type": "Feature", "properties": { "name": "NED. GER. SENDINGKERK - DE EIKE", "religion": "CHRISTIAN", "building_type": "CHURCH", "suburb": "SONEIKE 1" }, "geometry": { "type": "Point", "coordinates": [ 18.682149494935217, -33.913067337180159 ] } },
{ "type": "Feature", "properties": { "name": "OLD APOSTOLIC CHURCH OF AFRICA", "religion": "CHRISTIAN", "building_type": "CHURCH", "suburb": "SAREPTA" }, "geometry": { "type": "Point", "coordinates": [ 18.667862187396647, -33.939084313860988 ] } },
{ "type": "Feature", "properties": { "name": "CALVYN PROTESTANSE KERK - SAREPTA", "religion": "CHRISTIAN", "building_type": "CHURCH", "suburb": "SAREPTA" }, "geometry": { "type": "Point", "coordinates": [ 18.668914216103968, -33.931635122937806 ] } },
{ "type": "Feature", "properties": { "name": "CONONIA CELEBRATION CHURCH", "religion": "CHRISTIAN", "building_type": "CHURCH", "suburb": "DES HAMPDEN" }, "geometry": { "type": "Point", "coordinates": [ 18.669736428812147, -33.925848003696366 ] } },
{ "type": "Feature", "properties": { "name": "BELLVILLE CATHOLIC CHURCH", "religion": "CHRISTIAN", "building_type": "CHURCH", "suburb": "BELLVILLE SOUTH" }, "geometry": { "type": "Point", "coordinates": [ 18.634825012380919, -33.912100917480366 ] } },
{ "type": "Feature", "properties": { "name": "NEW APOSTOLIC CHURCH OF S.A.", "religion": "CHRISTIAN", "building_type": "CHURCH", "suburb": "BELLVILLE SOUTH" }, "geometry": { "type": "Point", "coordinates": [ 18.635838272495505, -33.914756317965981 ] } },
{ "type": "Feature", "properties": { "name": "MORAVIAN CHURCH", "religion": "CHRISTIAN", "building_type": "CHURCH", "suburb": "BELLVILLE SOUTH" }, "geometry": { "type": "Point", "coordinates": [ 18.63395413523881, -33.915647883428996 ] } },
{ "type": "Feature", "properties": { "name": "REDEEMED CHURCH OF CHRIST", "religion": "CHRISTIAN", "building_type": "CHURCH", "suburb": "BELLVILLE SOUTH" }, "geometry": { "type": "Point", "coordinates": [ 18.635274708113805, -33.916463420424783 ] } },
{ "type": "Feature", "properties": { "name": "OLD APOSTOLIC CHURCH OF AFRICA", "religion": "CHRISTIAN", "building_type": "CHURCH", "suburb": "BELLVILLE SOUTH" }, "geometry": { "type": "Point", "coordinates": [ 18.636859727940479, -33.915593629169663 ] } },
{ "type": "Feature", "properties": { "name": "BELLVILLE NORTH BAPTIST CHURCH", "religion": "CHRISTIAN", "building_type": "CHURCH", "suburb": "BELLVILLE SOUTH" }, "geometry": { "type": "Point", "coordinates": [ 18.640201494933361, -33.916613703805197 ] } },
{ "type": "Feature", "properties": { "name": "SELFSTANDIGE RYNSTE GEMEENTE - BELLVILLE-SUID", "religion": "CHRISTIAN", "building_type": "CHURCH", "suburb": "BELLVILLE SOUTH" }, "geometry": { "type": "Point", "coordinates": [ 18.634973517372085, -33.916125354160542 ] } },
{ "type": "Feature", "properties": { "name": "EBENEZER AFRICAN METHODIST EPISCOPAL CHURCH", "religion": "CHRISTIAN", "building_type": "CHURCH", "suburb": "BELLVILLE SOUTH" }, "geometry": { "type": "Point", "coordinates": [ 18.639877721443742, -33.914844959654296 ] } },
{ "type": "Feature", "properties": { "name": "VOLLE EVANGELIE KERK VAN GOD", "religion": "CHRISTIAN", "building_type": "CHURCH", "suburb": "BELLVILLE SOUTH" }, "geometry": { "type": "Point", "coordinates": [ 18.638305631967285, -33.912238470099553 ] } },
{ "type": "Feature", "properties": { "name": "ST. JOHN'S ANGLICAN CHURCH", "religion": "CHRISTIAN", "building_type": "CHURCH", "suburb": "BELLVILLE SOUTH" }, "geometry": { "type": "Point", "coordinates": [ 18.639717518590906, -33.912365345380913 ] } },
{ "type": "Feature", "properties": { "name": "WALTER RUBUSANA MEMORIAL CONGREGATIONAL CHURCH", "religion": "CHRISTIAN", "building_type": "CHURCH", "suburb": "LANGA" }, "geometry": { "type": "Point", "coordinates": [ 18.521895830703777, -33.941378227878019 ] } },
{ "type": "Feature", "properties": { "name": "MATROOSFONTEIN BAPTIST CHURCH", "religion": "CHRISTIAN", "building_type": "CHURCH", "suburb": "MATROOSFONTEIN" }, "geometry": { "type": "Point", "coordinates": [ 18.572445837354881, -33.937194915978154 ] } },
{ "type": "Feature", "properties": { "name": "NEW APOSTOLIC CHURCH OF S.A.", "religion": "CHRISTIAN", "building_type": "CHURCH", "suburb": "PAROW" }, "geometry": { "type": "Point", "coordinates": [ 18.583460417023399, -33.908262616430271 ] } },
{ "type": "Feature", "properties": { "name": "HOLY TRINITY ANGLICAN CHURCH", "religion": "CHRISTIAN", "building_type": "CHURCH", "suburb": "BOTHASIG" }, "geometry": { "type": "Point", "coordinates": [ 18.538226718377135, -33.861622019448795 ] } },
{ "type": "Feature", "properties": { "name": "EDGEMEAD METHODIST CHURCH", "religion": "CHRISTIAN", "building_type": "CHURCH", "suburb": "EDGEMEAD" }, "geometry": { "type": "Point", "coordinates": [ 18.546316699687523, -33.867073879758458 ] } },
{ "type": "Feature", "properties": { "name": "THE VILLAGE DAY CARE CENTRE", "religion": "CHRISTIAN", "building_type": "CHURCH", "suburb": "EDGEMEAD" }, "geometry": { "type": "Point", "coordinates": [ 18.550682937769768, -33.866549673431741 ] } },
{ "type": "Feature", "properties": { "name": "HIS PEOPLES CHURCH", "religion": "CHRISTIAN", "building_type": "CHURCH", "suburb": "N1-STAD" }, "geometry": { "type": "Point", "coordinates": [ 18.55690217660268, -33.893267694112495 ] } },
{ "type": "Feature", "properties": { "name": "OLD APOSTOLIC CHURCH OF AFRICA", "religion": "CHRISTIAN", "building_type": "CHURCH", "suburb": "TOWNSEND ESTATE" }, "geometry": { "type": "Point", "coordinates": [ 18.545706532505498, -33.904371715242391 ] } },
{ "type": "Feature", "properties": { "name": "MARANATHA FELLOWSHIP", "religion": "CHRISTIAN", "building_type": "CHURCH", "suburb": "TOWNSEND ESTATE" }, "geometry": { "type": "Point", "coordinates": [ 18.543578143323042, -33.912714754457866 ] } },
{ "type": "Feature", "properties": { "name": "OLD APOSTOLIC CHURCH OF AFRICA", "religion": "CHRISTIAN", "building_type": "CHURCH", "suburb": "GOODWOOD ESTATE" }, "geometry": { "type": "Point", "coordinates": [ 18.555848922593285, -33.909386039343765 ] } },
{ "type": "Feature", "properties": { "name": "RUYTERWACHT METHODIST CHURCH", "religion": "CHRISTIAN", "building_type": "CHURCH", "suburb": "RUYTERWACHT" }, "geometry": { "type": "Point", "coordinates": [ 18.557505400705868, -33.919278492684889 ] } },
{ "type": "Feature", "properties": { "name": "OLD APOSTOLIC CHURCH OF AFRICA", "religion": "CHRISTIAN", "building_type": "CHURCH", "suburb": "BONTEHEUWEL" }, "geometry": { "type": "Point", "coordinates": [ 18.546446153208144, -33.944463500880502 ] } },
{ "type": "Feature", "properties": { "name": "NEW HOUSE TABERNACLE", "religion": "CHRISTIAN", "building_type": "CHURCH", "suburb": "BONTEHEUWEL" }, "geometry": { "type": "Point", "coordinates": [ 18.554398272766846, -33.945850784564129 ] } },
{ "type": "Feature", "properties": { "name": "BONTEHEUWEL MISSION - EBENEZER CHAPEL", "religion": "CHRISTIAN", "building_type": "CHURCH", "suburb": "BONTEHEUWEL" }, "geometry": { "type": "Point", "coordinates": [ 18.545137144345819, -33.94844581450625 ] } },
{ "type": "Feature", "properties": { "name": "MORAVIAN CHURCH", "religion": "CHRISTIAN", "building_type": "CHURCH", "suburb": "BONTEHEUWEL" }, "geometry": { "type": "Point", "coordinates": [ 18.560398216669224, -33.949410862827719 ] } },
{ "type": "Feature", "properties": { "name": "KALKSTEENFONTEIN METHODIST CHURCH", "religion": "CHRISTIAN", "building_type": "CHURCH", "suburb": "KALKSTEENFONTEIN" }, "geometry": { "type": "Point", "coordinates": [ 18.564547977835993, -33.949160344743419 ] } },
{ "type": "Feature", "properties": { "name": "CAPE TOWN CITY MISSION CHURCH", "religion": "CHRISTIAN", "building_type": "CHURCH", "suburb": "VALHALLA PARK" }, "geometry": { "type": "Point", "coordinates": [ 18.572667857773979, -33.951016145035894 ] } },
{ "type": "Feature", "properties": { "name": "SOOFIE ZIA-UN-NUR MASJID", "religion": "ISLAMIC", "building_type": "MOSQUE", "suburb": "VALHALLA PARK" }, "geometry": { "type": "Point", "coordinates": [ 18.571860128603131, -33.95377354655691 ] } },
{ "type": "Feature", "properties": { "name": "NEW APOSTOLIC CHURCH OF S.A.", "religion": "CHRISTIAN", "building_type": "CHURCH", "suburb": "VALHALLA PARK" }, "geometry": { "type": "Point", "coordinates": [ 18.572293509133836, -33.954722399335935 ] } },
{ "type": "Feature", "properties": { "name": "EVANGELICAL BIBLE CHURCH", "religion": "CHRISTIAN", "building_type": "CHURCH", "suburb": "BONTEHEUWEL" }, "geometry": { "type": "Point", "coordinates": [ 18.559543033993471, -33.954404959054713 ] } },
{ "type": "Feature", "properties": { "name": "KINGDOM HALL OF JEHOVAH'S WITNESSES - BONTEHEUWEL", "religion": "CHRISTIAN", "building_type": "CHURCH", "suburb": "BONTEHEUWEL" }, "geometry": { "type": "Point", "coordinates": [ 18.560429900249282, -33.957287376667587 ] } },
{ "type": "Feature", "properties": { "name": "THE SALVATION ARMY - BONTEHEUWEL", "religion": "CHRISTIAN", "building_type": "CHURCH", "suburb": "BONTEHEUWEL" }, "geometry": { "type": "Point", "coordinates": [ 18.556540877788674, -33.954735334858647 ] } },
{ "type": "Feature", "properties": { "name": "ASSEMBLY OF GOD - KRAAIFONTEIN", "religion": "CHRISTIAN", "building_type": "CHURCH", "suburb": "EIKENDAL" }, "geometry": { "type": "Point", "coordinates": [ 18.720088424316781, -33.859192184825197 ] } },
{ "type": "Feature", "properties": { "name": "AFRICAN METHODIST EPISCOPAL CHURCH", "religion": "CHRISTIAN", "building_type": "CHURCH", "suburb": "EIKENDAL" }, "geometry": { "type": "Point", "coordinates": [ 18.715014373977752, -33.856336678932195 ] } },
{ "type": "Feature", "properties": { "name": "NEW APOSTOLIC CHURCH OF S.A.", "religion": "CHRISTIAN", "building_type": "CHURCH", "suburb": "BELMONT PARK" }, "geometry": { "type": "Point", "coordinates": [ 18.731624880249598, -33.849629437978599 ] } },
{ "type": "Feature", "properties": { "name": "PENTECOSTAL CHURCH OF S.A.", "religion": "CHRISTIAN", "building_type": "CHURCH", "suburb": "SIR LOWRYS PASS" }, "geometry": { "type": "Point", "coordinates": [ 18.904681831576994, -34.117019308490903 ] } },
{ "type": "Feature", "properties": { "name": "TABERNACLE CHURCH", "religion": "CHRISTIAN", "building_type": "CHURCH", "suburb": "SUN CITY" }, "geometry": { "type": "Point", "coordinates": [ 18.910193388408832, -34.12220826195388 ] } },
{ "type": "Feature", "properties": { "name": "OLD APOSTOLIC CHURCH OF AFRICA", "religion": "CHRISTIAN", "building_type": "CHURCH", "suburb": "MARTINVILLE" }, "geometry": { "type": "Point", "coordinates": [ 18.85621927608419, -34.081684523775515 ] } },
{ "type": "Feature", "properties": { "name": "SEVENTH-DAY ADVENTIST CHURCH", "religion": "CHRISTIAN", "building_type": "CHURCH", "suburb": "AUDAS ESTATE" }, "geometry": { "type": "Point", "coordinates": [ 18.847411317181262, -34.079218497614818 ] } },
{ "type": "Feature", "properties": { "name": "MIRTEBOOM SPADEREEN INTERNASIONAAL", "religion": "CHRISTIAN", "building_type": "CHURCH", "suburb": "MACASSAR" }, "geometry": { "type": "Point", "coordinates": [ 18.78401399610382, -34.052937972900146 ] } },
{ "type": "Feature", "properties": { "name": "NEW BATTSWOOD BAPTIST CHURCH", "religion": "CHRISTIAN", "building_type": "CHURCH", "suburb": "WYNBERG" }, "geometry": { "type": "Point", "coordinates": [ 18.47070533693315, -34.011040287040593 ] } },
{ "type": "Feature", "properties": { "name": "OHEL MOSHE SYNAGOGUE", "religion": "JUDAISM", "building_type": "SYNAGOGUE", "suburb": "BOSTON" }, "geometry": { "type": "Point", "coordinates": [ 18.625291397086425, -33.899577621476908 ] } },
{ "type": "Feature", "properties": { "name": "CAMPS BAY UNITED CHURCH", "religion": "CHRISTIAN", "building_type": "CHURCH", "suburb": "CAMPS BAY / BAKOVEN" }, "geometry": { "type": "Point", "coordinates": [ 18.378781260321968, -33.953974760037894 ] } },
{ "type": "Feature", "properties": { "name": "UNITED CONGREGATION PRESBYTERIAN CHURCH", "religion": "CHRISTIAN", "building_type": "CHURCH", "suburb": "THE HAGUE" }, "geometry": { "type": "Point", "coordinates": [ 18.638484501811707, -33.959389184017596 ] } },
{ "type": "Feature", "properties": { "name": "PINKSTER PROTESTANTE KERK", "religion": "CHRISTIAN", "building_type": "CHURCH", "suburb": "ELNOR" }, "geometry": { "type": "Point", "coordinates": [ 18.580373485008622, -33.934532038806196 ] } },
{ "type": "Feature", "properties": { "name": "GORDONS BAY UNITED CHURCH", "religion": "CHRISTIAN", "building_type": "CHURCH", "suburb": "MANSFIELD INDUSTRIA" }, "geometry": { "type": "Point", "coordinates": [ 18.884826392208286, -34.150601786931482 ] } },
{ "type": "Feature", "properties": { "name": "RONDEBOSCH UNITED CHURCH - CONGR. & PRESYTERIAN", "religion": "CHRISTIAN", "building_type": "CHURCH", "suburb": "RONDEBOSCH" }, "geometry": { "type": "Point", "coordinates": [ 18.474376932060721, -33.960510050558668 ] } },
{ "type": "Feature", "properties": { "name": "TABLE VIEW UNITED", "religion": "CHRISTIAN", "building_type": "CHURCH", "suburb": "BLOUBERG RISE" }, "geometry": { "type": "Point", "coordinates": [ 18.48381301995974, -33.81238070971434 ] } },
{ "type": "Feature", "properties": { "name": "CENTRAL METHODIST MISSION", "religion": "CHRISTIAN", "building_type": "CHURCH", "suburb": "CAPE TOWN CITY CENTRE" }, "geometry": { "type": "Point", "coordinates": [ 18.41954205672576, -33.922880223519165 ] } },
{ "type": "Feature", "properties": { "name": "DIE CHRISTEN GEMEENTES", "religion": "CHRISTIAN", "building_type": "CHURCH", "suburb": "MAMRE" }, "geometry": { "type": "Point", "coordinates": [ 18.477372016727603, -33.513425488629956 ] } },
{ "type": "Feature", "properties": { "name": "SAXONSEA MASJID", "religion": "ISLAMIC", "building_type": "MOSQUE", "suburb": "SAXONSEA" }, "geometry": { "type": "Point", "coordinates": [ 18.488155317939704, -33.544497045568534 ] } },
{ "type": "Feature", "properties": { "name": "REFORMED OLD APOSTOLIC CHURCH", "religion": "CHRISTIAN", "building_type": "CHURCH", "suburb": "SAXONSEA" }, "geometry": { "type": "Point", "coordinates": [ 18.483020609759429, -33.545077889083174 ] } },
{ "type": "Feature", "properties": { "name": "KINGDOM HALL OF JEHOVAH'S WITNESSES - SAXONSEA", "religion": "CHRISTIAN", "building_type": "CHURCH", "suburb": "SAXONSEA" }, "geometry": { "type": "Point", "coordinates": [ 18.487115266470049, -33.54794028838436 ] } },
{ "type": "Feature", "properties": { "name": "OLD APOSTOLIC CHURCH OF AFRICA", "religion": "CHRISTIAN", "building_type": "CHURCH", "suburb": "SAXONSEA" }, "geometry": { "type": "Point", "coordinates": [ 18.492150278721784, -33.549481116088714 ] } },
{ "type": "Feature", "properties": { "name": "NEW APOSTOLIC CHURCH OF S.A.", "religion": "CHRISTIAN", "building_type": "CHURCH", "suburb": "SAXONSEA" }, "geometry": { "type": "Point", "coordinates": [ 18.49011732206354, -33.550379897412689 ] } },
{ "type": "Feature", "properties": { "name": "NED. GER. SENDINGKERK - ATLANTIS", "religion": "CHRISTIAN", "building_type": "CHURCH", "suburb": "SAXONSEA" }, "geometry": { "type": "Point", "coordinates": [ 18.487489156969406, -33.551741919007974 ] } },
{ "type": "Feature", "properties": { "name": "EVANGELICAL BIBLE CHURCH - ATLANTIS", "religion": "CHRISTIAN", "building_type": "CHURCH", "suburb": "SAXONSEA" }, "geometry": { "type": "Point", "coordinates": [ 18.490693358654639, -33.551976909905676 ] } },
{ "type": "Feature", "properties": { "name": "FULL GOSPEL CHURCH OF GOD IN S.A.", "religion": "CHRISTIAN", "building_type": "CHURCH", "suburb": "SAXONSEA" }, "geometry": { "type": "Point", "coordinates": [ 18.486081792464905, -33.553437286794448 ] } },
{ "type": "Feature", "properties": { "name": "EVANGELICAL LUTHERAN CHURCH", "religion": "CHRISTIAN", "building_type": "CHURCH", "suburb": "SAXONSEA" }, "geometry": { "type": "Point", "coordinates": [ 18.491988279238388, -33.555029105020608 ] } },
{ "type": "Feature", "properties": { "name": "AFRICAN METHODIST EPISCOPAL CHURCH", "religion": "CHRISTIAN", "building_type": "CHURCH", "suburb": "SAXONSEA" }, "geometry": { "type": "Point", "coordinates": [ 18.488707209612585, -33.557612772448095 ] } },
{ "type": "Feature", "properties": { "name": "METHODIST CHURCH OF S.A.", "religion": "CHRISTIAN", "building_type": "CHURCH", "suburb": "SAXONSEA" }, "geometry": { "type": "Point", "coordinates": [ 18.495071079002848, -33.558276031927477 ] } },
{ "type": "Feature", "properties": { "name": "DIE RYNSE KERK", "religion": "CHRISTIAN", "building_type": "CHURCH", "suburb": "SAXONSEA" }, "geometry": { "type": "Point", "coordinates": [ 18.493029770707423, -33.559241852126711 ] } },
{ "type": "Feature", "properties": { "name": "ATLANTIS BEACONHILL CHURCH", "religion": "CHRISTIAN", "building_type": "CHURCH", "suburb": "BEACONHILL" }, "geometry": { "type": "Point", "coordinates": [ 18.506110357850094, -33.56091947471289 ] } },
{ "type": "Feature", "properties": { "name": "CATHOLIC CHURCH", "religion": "CHRISTIAN", "building_type": "CHURCH", "suburb": "BEACONHILL" }, "geometry": { "type": "Point", "coordinates": [ 18.497179161768322, -33.561465979173114 ] } },
{ "type": "Feature", "properties": { "name": "ST. JOHN THE BAPTIST CATHOLIC CHURCH", "religion": "CHRISTIAN", "building_type": "CHURCH", "suburb": "AVONDALE" }, "geometry": { "type": "Point", "coordinates": [ 18.487093962923083, -33.562423312551871 ] } },
{ "type": "Feature", "properties": { "name": "UNITING REFORMED CHURCH IN S.A. - ROBINVALE", "religion": "CHRISTIAN", "building_type": "CHURCH", "suburb": "ROBINVALE" }, "geometry": { "type": "Point", "coordinates": [ 18.502391134944482, -33.564768824939328 ] } },
{ "type": "Feature", "properties": { "name": "DIE APOSTOLIESE GELOOFSENDING VAN S.A.", "religion": "CHRISTIAN", "building_type": "CHURCH", "suburb": "AVONDALE" }, "geometry": { "type": "Point", "coordinates": [ 18.48964023310436, -33.56575682087729 ] } },
{ "type": "Feature", "properties": { "name": null, "religion": "CHRISTIAN", "building_type": "CHURCH", "suburb": "AVONDALE" }, "geometry": { "type": "Point", "coordinates": [ 18.490422933414777, -33.566273220759193 ] } },
{ "type": "Feature", "properties": { "name": "NEW APOSTOLIC CHURCH OF S.A.", "religion": "CHRISTIAN", "building_type": "CHURCH", "suburb": "ROBINVALE" }, "geometry": { "type": "Point", "coordinates": [ 18.497186209950048, -33.56620326495176 ] } },
{ "type": "Feature", "properties": { "name": "ALL SAINTS ANGLICAN CHURCH", "religion": "CHRISTIAN", "building_type": "CHURCH", "suburb": "AVONDALE" }, "geometry": { "type": "Point", "coordinates": [ 18.492064747428643, -33.567324199286546 ] } },
{ "type": "Feature", "properties": { "name": "CHURCH OF CHRIST - ATLANTIS", "religion": "CHRISTIAN", "building_type": "CHURCH", "suburb": "ROBINVALE" }, "geometry": { "type": "Point", "coordinates": [ 18.501135918099678, -33.568401908928024 ] } },
{ "type": "Feature", "properties": { "name": "ATLANTIS MASJID", "religion": "ISLAMIC", "building_type": "MOSQUE", "suburb": "AVONDALE" }, "geometry": { "type": "Point", "coordinates": [ 18.487679819896886, -33.568567438030605 ] } },
{ "type": "Feature", "properties": { "name": "ST. ANDREWS ANGLICAN CHURCH", "religion": "CHRISTIAN", "building_type": "CHURCH", "suburb": "AVONDALE" }, "geometry": { "type": "Point", "coordinates": [ 18.482465387133441, -33.568939641575106 ] } },
{ "type": "Feature", "properties": { "name": "OLD APOSTOLIC CHURCH OF AFRICA", "religion": "CHRISTIAN", "building_type": "CHURCH", "suburb": "AVONDALE" }, "geometry": { "type": "Point", "coordinates": [ 18.483056222570564, -33.569190078744839 ] } },
{ "type": "Feature", "properties": { "name": "EMMANUEL AFRICAN METHODIST EPISCOPAL CHURCH", "religion": "CHRISTIAN", "building_type": "CHURCH", "suburb": "PROTEA PARK" }, "geometry": { "type": "Point", "coordinates": [ 18.495528577502327, -33.569639583603774 ] } },
{ "type": "Feature", "properties": { "name": "UNITED MISSION CHURCH OF S.A.", "religion": "CHRISTIAN", "building_type": "CHURCH", "suburb": "PROTEA PARK" }, "geometry": { "type": "Point", "coordinates": [ 18.493866653802534, -33.569979478614322 ] } },
{ "type": "Feature", "properties": { "name": "CHRIST GOSPEL CHURCH", "religion": "CHRISTIAN", "building_type": "CHURCH", "suburb": "PROTEA PARK" }, "geometry": { "type": "Point", "coordinates": [ 18.496451058365931, -33.571485014886562 ] } },
{ "type": "Feature", "properties": { "name": "NEW APOSTOLIC CHURCH OF S.A.", "religion": "CHRISTIAN", "building_type": "CHURCH", "suburb": "AVONDALE" }, "geometry": { "type": "Point", "coordinates": [ 18.482450059179772, -33.571771911670282 ] } },
{ "type": "Feature", "properties": { "name": "OLD APOSTOLIC CHURCH OF AFRICA", "religion": "CHRISTIAN", "building_type": "CHURCH", "suburb": "ROBINVALE" }, "geometry": { "type": "Point", "coordinates": [ 18.499823736387736, -33.572594283207337 ] } },
{ "type": "Feature", "properties": { "name": "GOD'S FAITH MISSION CHURCH", "religion": "CHRISTIAN", "building_type": "CHURCH", "suburb": "PROTEA PARK" }, "geometry": { "type": "Point", "coordinates": [ 18.493714072256573, -33.573265007255401 ] } },
{ "type": "Feature", "properties": { "name": "ATLANTIS UNITED CHURCH", "religion": "CHRISTIAN", "building_type": "CHURCH", "suburb": "AVONDALE" }, "geometry": { "type": "Point", "coordinates": [ 18.488341107506766, -33.57388843065219 ] } },
{ "type": "Feature", "properties": { "name": "SEVENTH-DAY ADVENTIST CHURCH", "religion": "CHRISTIAN", "building_type": "CHURCH", "suburb": "PROTEA PARK" }, "geometry": { "type": "Point", "coordinates": [ 18.493510219365778, -33.573943229322595 ] } },
{ "type": "Feature", "properties": { "name": "PENTECOSTAL GOSPEL CHURCH OF S.A.", "religion": "CHRISTIAN", "building_type": "CHURCH", "suburb": "ROBINVALE" }, "geometry": { "type": "Point", "coordinates": [ 18.504175543034975, -33.573904202787283 ] } },
{ "type": "Feature", "properties": { "name": "NEW APOSTOLIC CHURCH OF S.A.", "religion": "CHRISTIAN", "building_type": "CHURCH", "suburb": "PROTEA PARK" }, "geometry": { "type": "Point", "coordinates": [ 18.495797869966648, -33.574352403254522 ] } },
{ "type": "Feature", "properties": { "name": "FIRST BAPTIST CHURCH", "religion": "CHRISTIAN", "building_type": "CHURCH", "suburb": "PROTEA PARK" }, "geometry": { "type": "Point", "coordinates": [ 18.489836279635313, -33.574495934569185 ] } },
{ "type": "Feature", "properties": { "name": null, "religion": "CHRISTIAN", "building_type": "CHURCH", "suburb": "PROTEA PARK" }, "geometry": { "type": "Point", "coordinates": [ 18.494503696781219, -33.575633414716371 ] } },
{ "type": "Feature", "properties": { "name": "PINKSTER PROTESTANTE KERK", "religion": "CHRISTIAN", "building_type": "CHURCH", "suburb": "PROTEA PARK" }, "geometry": { "type": "Point", "coordinates": [ 18.497591687909708, -33.580213981222222 ] } },
{ "type": "Feature", "properties": { "name": "DOCKS MISSION CHURCH - PROTEA PARK CHAPEL", "religion": "CHRISTIAN", "building_type": "CHURCH", "suburb": "PROTEA PARK" }, "geometry": { "type": "Point", "coordinates": [ 18.501230578072754, -33.580433152895935 ] } },
{ "type": "Feature", "properties": { "name": "NED. GER. SENDINGKERK - PHILADELPHIA", "religion": "CHRISTIAN", "building_type": "CHURCH", "suburb": "PHILADELPHIA" }, "geometry": { "type": "Point", "coordinates": [ 18.580929119961308, -33.66682292420947 ] } },
{ "type": "Feature", "properties": { "name": "NED. GER. SENDINGKERK - MELKBOSSTRAND", "religion": "CHRISTIAN", "building_type": "CHURCH", "suburb": "MELKBOSCH STRAND" }, "geometry": { "type": "Point", "coordinates": [ 18.444316741557227, -33.727848425950654 ] } },
{ "type": "Feature", "properties": { "name": "NEW APOSTOLIC CHURCH OF S.A.", "religion": "CHRISTIAN", "building_type": "CHURCH", "suburb": "MELKBOSCH STRAND" }, "geometry": { "type": "Point", "coordinates": [ 18.441649726123654, -33.728504807834668 ] } },
{ "type": "Feature", "properties": { "name": "MELKBOS BAPTIST FELLOWSHIP", "religion": "CHRISTIAN", "building_type": "CHURCH", "suburb": "MELKBOSCH STRAND" }, "geometry": { "type": "Point", "coordinates": [ 18.44241243622406, -33.734969063562041 ] } },
{ "type": "Feature", "properties": { "name": "NED. GER. SENDINGKERK - BLOUBERGSTRAND", "religion": "CHRISTIAN", "building_type": "CHURCH", "suburb": "BLAAUWBERGSTRAND" }, "geometry": { "type": "Point", "coordinates": [ 18.459351291105314, -33.80016195703579 ] } },
{ "type": "Feature", "properties": { "name": "NED. GER. SENDINGKERK - DURBANVILLE", "religion": "CHRISTIAN", "building_type": "CHURCH", "suburb": "DURBANVILLE" }, "geometry": { "type": "Point", "coordinates": [ 18.661912510522615, -33.815546140466772 ] } },
{ "type": "Feature", "properties": { "name": "OLD APOSTOLIC CHURCH OF AFRICA", "religion": "CHRISTIAN", "building_type": "CHURCH", "suburb": "PARKLANDS" }, "geometry": { "type": "Point", "coordinates": [ 18.503884355932268, -33.818979980607608 ] } },
{ "type": "Feature", "properties": { "name": "ST. LAURENCE ANGLICAN CHURCH", "religion": "CHRISTIAN", "building_type": "CHURCH", "suburb": "DUNOON" }, "geometry": { "type": "Point", "coordinates": [ 18.539944652034887, -33.81962105106701 ] } },
{ "type": "Feature", "properties": { "name": "TABLE VIEW METHODIST CHURCH", "religion": "CHRISTIAN", "building_type": "CHURCH", "suburb": "TABLE VIEW" }, "geometry": { "type": "Point", "coordinates": [ 18.503492838690399, -33.821842935916834 ] } },
{ "type": "Feature", "properties": { "name": "KINGDOM HALL OF JEHOVAH'S WITNESSES", "religion": "CHRISTIAN", "building_type": "CHURCH", "suburb": "WELLWAY PARK EAST" }, "geometry": { "type": "Point", "coordinates": [ 18.667301834492068, -33.82535783032651 ] } },
{ "type": "Feature", "properties": { "name": "KINGDOM HALL OF JEHOVAH'S WITNESSES", "religion": "CHRISTIAN", "building_type": "CHURCH", "suburb": "TABLE VIEW" }, "geometry": { "type": "Point", "coordinates": [ 18.503663061351922, -33.825988912056076 ] } },
{ "type": "Feature", "properties": { "name": "APOSTOLIC FAITH MISSION OF S.A.", "religion": "CHRISTIAN", "building_type": "CHURCH", "suburb": "MORNINGSTAR" }, "geometry": { "type": "Point", "coordinates": [ 18.656628514020245, -33.827681669597027 ] } },
{ "type": "Feature", "properties": { "name": "NED. GER. SENDINGKERK - DURBANVILLE", "religion": "CHRISTIAN", "building_type": "CHURCH", "suburb": "MORNINGSTAR" }, "geometry": { "type": "Point", "coordinates": [ 18.654130186027356, -33.82788825669688 ] } },
{ "type": "Feature", "properties": { "name": "NEW APOSTOLIC CHURCH OF S.A.", "religion": "CHRISTIAN", "building_type": "CHURCH", "suburb": "TABLE VIEW" }, "geometry": { "type": "Point", "coordinates": [ 18.506064112579285, -33.828417090413843 ] } },
{ "type": "Feature", "properties": { "name": "TABLE VIEW ASSEMBLY OF GOD", "religion": "CHRISTIAN", "building_type": "CHURCH", "suburb": "TABLE VIEW" }, "geometry": { "type": "Point", "coordinates": [ 18.507218356091208, -33.828370164710122 ] } },
{ "type": "Feature", "properties": { "name": "NED. GER. SENDINGKERK - TABLE VIEW", "religion": "CHRISTIAN", "building_type": "CHURCH", "suburb": "TABLE VIEW" }, "geometry": { "type": "Point", "coordinates": [ 18.494617787313882, -33.829371197522008 ] } },
{ "type": "Feature", "properties": { "name": "KINGSGATE FELLOWSHIP CHURCH", "religion": "CHRISTIAN", "building_type": "CHURCH", "suburb": "TABLE VIEW" }, "geometry": { "type": "Point", "coordinates": [ 18.505245018821757, -33.83032704984138 ] } },
{ "type": "Feature", "properties": { "name": "NEW APOSTOLIC CHURCH OF S.A.", "religion": "CHRISTIAN", "building_type": "CHURCH", "suburb": "DURBANVILLE" }, "geometry": { "type": "Point", "coordinates": [ 18.654988513704915, -33.830974838483819 ] } },
{ "type": "Feature", "properties": { "name": "OUR LADY OF PERPETUAL HELP CATHOLIC CHURCH", "religion": "CHRISTIAN", "building_type": "CHURCH", "suburb": "DURBANVILLE" }, "geometry": { "type": "Point", "coordinates": [ 18.648857775995513, -33.832052180728517 ] } },
{ "type": "Feature", "properties": { "name": "DURBANVILLE PRESBYTERIAN CHURCH", "religion": "CHRISTIAN", "building_type": "CHURCH", "suburb": "DURBANVILLE" }, "geometry": { "type": "Point", "coordinates": [ 18.651288580323403, -33.833523677336949 ] } },
{ "type": "Feature", "properties": { "name": "DURBANVILLE HEBREW CONGREGATION", "religion": "JUDAISM", "building_type": "SYNAGOGUE", "suburb": "DURBANVILLE" }, "geometry": { "type": "Point", "coordinates": [ 18.647253984074361, -33.834261120806552 ] } },
{ "type": "Feature", "properties": { "name": "NED. GER. SENDINGKERK - DURBANVILLE", "religion": "CHRISTIAN", "building_type": "CHURCH", "suburb": "DURBANVILLE" }, "geometry": { "type": "Point", "coordinates": [ 18.646621632098086, -33.836644848648454 ] } },
{ "type": "Feature", "properties": { "name": "TABLE VIEW BAPTIST CHURCH", "religion": "CHRISTIAN", "building_type": "CHURCH", "suburb": "FLAMINGO VLEI" }, "geometry": { "type": "Point", "coordinates": [ 18.506912218327237, -33.836293933386507 ] } },
{ "type": "Feature", "properties": { "name": "DURBANVILLE METHODIST CHURCH", "religion": "CHRISTIAN", "building_type": "CHURCH", "suburb": "VERGESIG" }, "geometry": { "type": "Point", "coordinates": [ 18.636753681821194, -33.838051309035407 ] } },
{ "type": "Feature", "properties": { "name": "DURBANVILLE BAPTIST CHURCH", "religion": "CHRISTIAN", "building_type": "CHURCH", "suburb": "DURBANVILLE" }, "geometry": { "type": "Point", "coordinates": [ 18.649699296194111, -33.838983170468545 ] } },
{ "type": "Feature", "properties": { "name": "APOSTOLIESE GELOOF SENDING VAN S.A. - KRAAIFONTEIN", "religion": "CHRISTIAN", "building_type": "CHURCH", "suburb": "LANGEBERG RIDGE" }, "geometry": { "type": "Point", "coordinates": [ 18.689932207502654, -33.841885460732634 ] } },
{ "type": "Feature", "properties": { "name": "WINDSOR PARK METHODIST CHURCH", "religion": "CHRISTIAN", "building_type": "CHURCH", "suburb": "WINDSOR PARK" }, "geometry": { "type": "Point", "coordinates": [ 18.707206271427115, -33.842179528710652 ] } },
{ "type": "Feature", "properties": { "name": "CHURCH OF CHRIST - KRAAIFONTEIN", "religion": "CHRISTIAN", "building_type": "CHURCH", "suburb": "WINDSOR PARK" }, "geometry": { "type": "Point", "coordinates": [ 18.705823167723494, -33.843655327593979 ] } },
{ "type": "Feature", "properties": { "name": "NEW APOSTOLIC CHURCH OF S.A.", "religion": "CHRISTIAN", "building_type": "CHURCH", "suburb": "WINDSOR PARK" }, "geometry": { "type": "Point", "coordinates": [ 18.705589546460814, -33.844746038957766 ] } },
{ "type": "Feature", "properties": { "name": "BAPTIST CHURCH", "religion": "CHRISTIAN", "building_type": "CHURCH", "suburb": "WINDSOR PARK" }, "geometry": { "type": "Point", "coordinates": [ 18.709318511595686, -33.845302581152637 ] } },
{ "type": "Feature", "properties": { "name": "NED. GER. SENDINGKERK - KRAAIFONTEIN NOORD", "religion": "CHRISTIAN", "building_type": "CHURCH", "suburb": "PEERLESS PARK EAST" }, "geometry": { "type": "Point", "coordinates": [ 18.718276448726858, -33.845550198595035 ] } },
{ "type": "Feature", "properties": { "name": "OLD APOSTOLIC CHURCH OF AFRICA", "religion": "CHRISTIAN", "building_type": "CHURCH", "suburb": "WINDSOR PARK" }, "geometry": { "type": "Point", "coordinates": [ 18.705630762962674, -33.846384610978134 ] } },
{ "type": "Feature", "properties": { "name": "NED. GER. SENDINGKERK - KRAAIFONTEIN", "religion": "CHRISTIAN", "building_type": "CHURCH", "suburb": "BELMONT PARK" }, "geometry": { "type": "Point", "coordinates": [ 18.725831014364992, -33.848433466511956 ] } },
{ "type": "Feature", "properties": { "name": "PINKSTER PROTESTANTE KERK - KRAAIFONTEIN", "religion": "CHRISTIAN", "building_type": "CHURCH", "suburb": "BELMONT PARK" }, "geometry": { "type": "Point", "coordinates": [ 18.72857573946051, -33.848462304839842 ] } },
{ "type": "Feature", "properties": { "name": "KRAAIFONTEIN PRESBYTERIAN CHURCH", "religion": "CHRISTIAN", "building_type": "CHURCH", "suburb": "WINDSOR PARK" }, "geometry": { "type": "Point", "coordinates": [ 18.706643280170564, -33.849136622357484 ] } },
{ "type": "Feature", "properties": { "name": "PINKSTER PROTESTANTE KERK - KRAAIFONTEIN", "religion": "CHRISTIAN", "building_type": "CHURCH", "suburb": "BELMONT PARK" }, "geometry": { "type": "Point", "coordinates": [ 18.725152482694899, -33.849814995309785 ] } },
{ "type": "Feature", "properties": { "name": "PINKSTER PROTESTANTE OPPERSAAL VAN S.A.", "religion": "CHRISTIAN", "building_type": "CHURCH", "suburb": "WINDSOR PARK" }, "geometry": { "type": "Point", "coordinates": [ 18.705749239070567, -33.850690526023577 ] } },
{ "type": "Feature", "properties": { "name": "OLD APOSTOLIC CHURCH OF AFRICA", "religion": "CHRISTIAN", "building_type": "CHURCH", "suburb": "BELMONT PARK" }, "geometry": { "type": "Point", "coordinates": [ 18.726394793444037, -33.851192621615688 ] } },
{ "type": "Feature", "properties": { "name": "NED. GER. SENDINGKERK - KRAAIFONTEIN", "religion": "CHRISTIAN", "building_type": "CHURCH", "suburb": "SCOTTSVILLE" }, "geometry": { "type": "Point", "coordinates": [ 18.71125835517979, -33.851479531418121 ] } },
{ "type": "Feature", "properties": { "name": "KRAAIFONTEIN SEVENTH-DAY ADVENTIST CHURCH", "religion": "CHRISTIAN", "building_type": "CHURCH", "suburb": "SCOTTSVILLE" }, "geometry": { "type": "Point", "coordinates": [ 18.709743500963338, -33.851787879040231 ] } },
{ "type": "Feature", "properties": { "name": "LOFDAL BAPTIST CHURCH", "religion": "CHRISTIAN", "building_type": "CHURCH", "suburb": "PEERLESS PARK WEST" }, "geometry": { "type": "Point", "coordinates": [ 18.715270442342767, -33.852443398744541 ] } },
{ "type": "Feature", "properties": { "name": "NEW APOSTOLIC CHURCH OF S.A.", "religion": "CHRISTIAN", "building_type": "CHURCH", "suburb": "SCOTTSVILLE" }, "geometry": { "type": "Point", "coordinates": [ 18.708098079315327, -33.85341455201516 ] } },
{ "type": "Feature", "properties": { "name": "AFRICAN APOSTOLIC CHURCH - KRAAIFONTEIN", "religion": "CHRISTIAN", "building_type": "CHURCH", "suburb": "EIKENDAL" }, "geometry": { "type": "Point", "coordinates": [ 18.720751201333417, -33.853477707794106 ] } },
{ "type": "Feature", "properties": { "name": "FULL GOSPEL CHURCH OF GOD - KRAAIFONTEIN", "religion": "CHRISTIAN", "building_type": "CHURCH", "suburb": "SCOTTSVILLE" }, "geometry": { "type": "Point", "coordinates": [ 18.704782874607051, -33.854074081743988 ] } },
{ "type": "Feature", "properties": { "name": "LOGOS ASSEMBLY OF GOD - KRAAIFONTEIN", "religion": "CHRISTIAN", "building_type": "CHURCH", "suburb": "SCOTTSVILLE" }, "geometry": { "type": "Point", "coordinates": [ 18.710910884132939, -33.854758809521833 ] } },
{ "type": "Feature", "properties": { "name": "ST. MARY'S ANGLICAN CHURCH", "religion": "CHRISTIAN", "building_type": "CHURCH", "suburb": "EIKENDAL" }, "geometry": { "type": "Point", "coordinates": [ 18.722860459095259, -33.854716418346612 ] } },
{ "type": "Feature", "properties": { "name": "EVERGLEN BAPTIST CHURCH - DURBANVILLE", "religion": "CHRISTIAN", "building_type": "CHURCH", "suburb": "EVERGLEN" }, "geometry": { "type": "Point", "coordinates": [ 18.651259531502063, -33.854719477727343 ] } },
{ "type": "Feature", "properties": { "name": "COLLOSIAN ABUNDANT MISSION CHURCH", "religion": "CHRISTIAN", "building_type": "CHURCH", "suburb": "EIKENDAL" }, "geometry": { "type": "Point", "coordinates": [ 18.720078593154312, -33.855300772994077 ] } },
{ "type": "Feature", "properties": { "name": "OLD APOSTOLIC CHURCH OF AFRICA", "religion": "CHRISTIAN", "building_type": "CHURCH", "suburb": "BOTHASIG" }, "geometry": { "type": "Point", "coordinates": [ 18.545269096081267, -33.855016487793399 ] } },
{ "type": "Feature", "properties": { "name": "REFORMED OLD APOSTOLIC CHURCH", "religion": "CHRISTIAN", "building_type": "CHURCH", "suburb": "EIKENDAL" }, "geometry": { "type": "Point", "coordinates": [ 18.72398798221905, -33.856781082261357 ] } },
{ "type": "Feature", "properties": { "name": "RYNSE KERK IN S.A. - KRAAIFONTEIN", "religion": "CHRISTIAN", "building_type": "CHURCH", "suburb": "SCOTTSVILLE" }, "geometry": { "type": "Point", "coordinates": [ 18.70437551467684, -33.856752941259209 ] } },
{ "type": "Feature", "properties": { "name": "CHRISTELIKE EVANGELIE SENDINGKERK VAN S.A.", "religion": "CHRISTIAN", "building_type": "CHURCH", "suburb": "EIKENDAL" }, "geometry": { "type": "Point", "coordinates": [ 18.719907942894736, -33.857138613098783 ] } },
{ "type": "Feature", "properties": { "name": "APOSTOLIC CHURCH - APOSTLE UNITY", "religion": "CHRISTIAN", "building_type": "CHURCH", "suburb": "EIKENDAL" }, "geometry": { "type": "Point", "coordinates": [ 18.721432352490847, -33.857327626680949 ] } },
{ "type": "Feature", "properties": { "name": "ST. PHILLIPS EVANG LUTHERSE KERK", "religion": "CHRISTIAN", "building_type": "CHURCH", "suburb": "SCOTTSVILLE" }, "geometry": { "type": "Point", "coordinates": [ 18.702326869840483, -33.85728125023126 ] } },
{ "type": "Feature", "properties": { "name": "OLD APOSTOLIC CHURCH OF AFRICA", "religion": "CHRISTIAN", "building_type": "CHURCH", "suburb": "SCOTTSVILLE" }, "geometry": { "type": "Point", "coordinates": [ 18.702596246746399, -33.857539650464737 ] } },
{ "type": "Feature", "properties": { "name": "VOLKSKERK VAN S.A.", "religion": "CHRISTIAN", "building_type": "CHURCH", "suburb": "EIKENDAL" }, "geometry": { "type": "Point", "coordinates": [ 18.719238978282426, -33.857574055231467 ] } },
{ "type": "Feature", "properties": { "name": "UNITED CONGREGATIONAL CHURCH - KRAAIFONTEIN", "religion": "CHRISTIAN", "building_type": "CHURCH", "suburb": "EIKENDAL" }, "geometry": { "type": "Point", "coordinates": [ 18.712948220976497, -33.857690405455337 ] } },
{ "type": "Feature", "properties": { "name": "BRACKENFELL BAPTIST CHURCH", "religion": "CHRISTIAN", "building_type": "CHURCH", "suburb": "VREDEKLOOF EAST" }, "geometry": { "type": "Point", "coordinates": [ 18.688809124751316, -33.85719753414098 ] } },
{ "type": "Feature", "properties": { "name": "CHURCH OF GOD - KRAAIFONTEIN", "religion": "CHRISTIAN", "building_type": "CHURCH", "suburb": "EIKENDAL" }, "geometry": { "type": "Point", "coordinates": [ 18.721287182944305, -33.858482650861781 ] } },
{ "type": "Feature", "properties": { "name": "SPREAD THE WORD MINISTRIES", "religion": "CHRISTIAN", "building_type": "CHURCH", "suburb": "SCOTTSDENE" }, "geometry": { "type": "Point", "coordinates": [ 18.724901987477939, -33.859734935503532 ] } },
{ "type": "Feature", "properties": { "name": "ST. OWEN CATHOLIC CHURCH", "religion": "CHRISTIAN", "building_type": "CHURCH", "suburb": "SCOTTSDENE" }, "geometry": { "type": "Point", "coordinates": [ 18.722262103860906, -33.860265247579811 ] } },
{ "type": "Feature", "properties": { "name": "BELLVILLE CHURCH OF CHRIST", "religion": "CHRISTIAN", "building_type": "CHURCH", "suburb": "CHANTECLER" }, "geometry": { "type": "Point", "coordinates": [ 18.659139088745356, -33.860837079958685 ] } },
{ "type": "Feature", "properties": { "name": "ST. JOHNS ANGLICAN CHURCH", "religion": "CHRISTIAN", "building_type": "CHURCH", "suburb": "BOTHASIG" }, "geometry": { "type": "Point", "coordinates": [ 18.534332580010954, -33.861179625543421 ] } },
{ "type": "Feature", "properties": { "name": "NED. GER. SENDINKERK - KENRIDGE", "religion": "CHRISTIAN", "building_type": "CHURCH", "suburb": "WATERKLOOF, DE BRON EXT 44" }, "geometry": { "type": "Point", "coordinates": [ 18.632153867391992, -33.862378365756136 ] } },
{ "type": "Feature", "properties": { "name": "PINKSTER PROTESTANTE KERK - SCOTTSDENE", "religion": "CHRISTIAN", "building_type": "CHURCH", "suburb": "SCOTTSDENE" }, "geometry": { "type": "Point", "coordinates": [ 18.727375035082076, -33.862608342955554 ] } },
{ "type": "Feature", "properties": { "name": "OLD APOSTOLIC CHURCH OF AFRICA", "religion": "CHRISTIAN", "building_type": "CHURCH", "suburb": "SCOTTSDENE" }, "geometry": { "type": "Point", "coordinates": [ 18.723028198813306, -33.862725706018296 ] } },
{ "type": "Feature", "properties": { "name": "PINKSTER PROTESTANTE KERK - BRACKENFELL", "religion": "CHRISTIAN", "building_type": "CHURCH", "suburb": "VREDEKLOOF" }, "geometry": { "type": "Point", "coordinates": [ 18.674332568233527, -33.863885643718014 ] } },
{ "type": "Feature", "properties": { "name": "THE GOSPEL CHURCH OF POWER IN AFRICA", "religion": "CHRISTIAN", "building_type": "CHURCH", "suburb": "WALLACEDENE" }, "geometry": { "type": "Point", "coordinates": [ 18.733802542025387, -33.864264406661356 ] } },
{ "type": "Feature", "properties": { "name": "VOLLE EVANGELIE KERK VAN GOD IN S.A. - NORTHPINE", "religion": "CHRISTIAN", "building_type": "CHURCH", "suburb": "SCOTTSDENE" }, "geometry": { "type": "Point", "coordinates": [ 18.722297726553503, -33.865047049291121 ] } },
{ "type": "Feature", "properties": { "name": "NED. GER. SENDINKERK - SCOTTSDENE", "religion": "CHRISTIAN", "building_type": "CHURCH", "suburb": "SCOTTSDENE" }, "geometry": { "type": "Point", "coordinates": [ 18.721808254318137, -33.865133102850749 ] } },
{ "type": "Feature", "properties": { "name": "NEW APOSTOLIC CHURCH OF S.A.", "religion": "CHRISTIAN", "building_type": "CHURCH", "suburb": "SCOTTSDENE" }, "geometry": { "type": "Point", "coordinates": [ 18.724492128434601, -33.865521030528399 ] } },
{ "type": "Feature", "properties": { "name": "NEW APOSTOLIC CHURCH OF S.A.", "religion": "CHRISTIAN", "building_type": "CHURCH", "suburb": "VREDEKLOOF" }, "geometry": { "type": "Point", "coordinates": [ 18.67825601503414, -33.865660744599182 ] } },
{ "type": "Feature", "properties": { "name": "NED. GER. SENDINKERK - STELLENBERG", "religion": "CHRISTIAN", "building_type": "CHURCH", "suburb": "EVERSDAL" }, "geometry": { "type": "Point", "coordinates": [ 18.651450220480697, -33.866316675481855 ] } },
{ "type": "Feature", "properties": { "name": "CORNERSTONE BAPTIST CHURCH", "religion": "CHRISTIAN", "building_type": "CHURCH", "suburb": "BOTHASIG" }, "geometry": { "type": "Point", "coordinates": [ 18.541009470056917, -33.86562101577853 ] } },
{ "type": "Feature", "properties": { "name": "ST. ANDREW ANGLICAN CHURCH", "religion": "CHRISTIAN", "building_type": "CHURCH", "suburb": "NORTHPINE" }, "geometry": { "type": "Point", "coordinates": [ 18.713813098270823, -33.866948347591276 ] } },
{ "type": "Feature", "properties": { "name": "AFRICAN METHODIST EPISCOPAL CHURCH", "religion": "CHRISTIAN", "building_type": "CHURCH", "suburb": "SCOTTSDENE" }, "geometry": { "type": "Point", "coordinates": [ 18.730063513962694, -33.867579308663338 ] } },
{ "type": "Feature", "properties": { "name": "APOSTOLIESE GELOOF SENDING VAN S.A.", "religion": "CHRISTIAN", "building_type": "CHURCH", "suburb": "BOTHASIG" }, "geometry": { "type": "Point", "coordinates": [ 18.538268133406653, -33.86863955983376 ] } },
{ "type": "Feature", "properties": { "name": "AL-HDAYA MASJID", "religion": "ISLAMIC", "building_type": "MOSQUE", "suburb": "SCOTTSDENE" }, "geometry": { "type": "Point", "coordinates": [ 18.730238277607949, -33.869889698057058 ] } },
{ "type": "Feature", "properties": { "name": "OIKODOME CHRISTIAN CENTRE", "religion": "CHRISTIAN", "building_type": "CHURCH", "suburb": "SCOTTSDENE" }, "geometry": { "type": "Point", "coordinates": [ 18.723411328485344, -33.87005558890565 ] } },
{ "type": "Feature", "properties": { "name": "ST. KEVIN CATHOLIC CHURCH", "religion": "CHRISTIAN", "building_type": "CHURCH", "suburb": "NORTHPINE" }, "geometry": { "type": "Point", "coordinates": [ 18.710701538044191, -33.87073313336677 ] } },
{ "type": "Feature", "properties": { "name": "MILNERTON METHODIST CHURCH", "religion": "CHRISTIAN", "building_type": "CHURCH", "suburb": "MILNERTON" }, "geometry": { "type": "Point", "coordinates": [ 18.499037912635078, -33.870421381372672 ] } },
{ "type": "Feature", "properties": { "name": "NED. GER. SENDINKERK - PAROW / WELGELEGEN", "religion": "CHRISTIAN", "building_type": "CHURCH", "suburb": "WELGELEGEN" }, "geometry": { "type": "Point", "coordinates": [ 18.564452251562695, -33.871479273883807 ] } },
{ "type": "Feature", "properties": { "name": "OLD APOSTOLIC CHURCH OF AFRICA", "religion": "CHRISTIAN", "building_type": "CHURCH", "suburb": "NORTHPINE" }, "geometry": { "type": "Point", "coordinates": [ 18.717068747370696, -33.871779068126216 ] } },
{ "type": "Feature", "properties": { "name": "NORTHPINE MOSQUE", "religion": "ISLAMIC", "building_type": "MOSQUE", "suburb": "NORTHPINE" }, "geometry": { "type": "Point", "coordinates": [ 18.710061312334457, -33.872599663183159 ] } },
{ "type": "Feature", "properties": { "name": "NEW APOSTOLIC CHURCH OF S.A.", "religion": "CHRISTIAN", "building_type": "CHURCH", "suburb": "NORTHPINE" }, "geometry": { "type": "Point", "coordinates": [ 18.711792939012099, -33.873244406006364 ] } },
{ "type": "Feature", "properties": { "name": "OLD APOSTOLIC CHURCH OF AFRICA", "religion": "CHRISTIAN", "building_type": "CHURCH", "suburb": "MORGENSTER" }, "geometry": { "type": "Point", "coordinates": [ 18.692437856765082, -33.873327449273184 ] } },
{ "type": "Feature", "properties": { "name": "NEW APOSTOLIC CHURCH OF S.A.", "religion": "CHRISTIAN", "building_type": "CHURCH", "suburb": "WELGELEGEN" }, "geometry": { "type": "Point", "coordinates": [ 18.562399602036777, -33.873405977112526 ] } },
{ "type": "Feature", "properties": { "name": "EDGE CHURCH", "religion": "CHRISTIAN", "building_type": "CHURCH", "suburb": "EDGEMEAD" }, "geometry": { "type": "Point", "coordinates": [ 18.541412598922133, -33.873866823919307 ] } },
{ "type": "Feature", "properties": { "name": "NED. GER. SENDINKERK - BELLVILLE UITSIG", "religion": "CHRISTIAN", "building_type": "CHURCH", "suburb": "RIDGEWORTH" }, "geometry": { "type": "Point", "coordinates": [ 18.644843484366827, -33.874684930193631 ] } },
{ "type": "Feature", "properties": { "name": "NED. GER. SENDINKERK - BRACKENFELL", "religion": "CHRISTIAN", "building_type": "CHURCH", "suburb": "ARAUNA" }, "geometry": { "type": "Point", "coordinates": [ 18.683810850001446, -33.875941618448522 ] } },
{ "type": "Feature", "properties": { "name": "NED. GER. SENDINKERK - WELGEMOED", "religion": "CHRISTIAN", "building_type": "CHURCH", "suburb": "WELGEMOED" }, "geometry": { "type": "Point", "coordinates": [ 18.616012735347681, -33.875734571755473 ] } },
{ "type": "Feature", "properties": { "name": "NEW APOSTOLIC CHURCH OF S.A.", "religion": "CHRISTIAN", "building_type": "CHURCH", "suburb": "PHOENIX" }, "geometry": { "type": "Point", "coordinates": [ 18.505190493778969, -33.87641759989225 ] } },
{ "type": "Feature", "properties": { "name": "NED. GER. SENDINKERK - MONTE VISTA", "religion": "CHRISTIAN", "building_type": "CHURCH", "suburb": "MONTE VISTA" }, "geometry": { "type": "Point", "coordinates": [ 18.553239071452843, -33.877362445003214 ] } },
{ "type": "Feature", "properties": { "name": "KINGDOM FAITH FAMILY CHURCH", "religion": "CHRISTIAN", "building_type": "CHURCH", "suburb": "EDGEMEAD" }, "geometry": { "type": "Point", "coordinates": [ 18.544655519792762, -33.877783007321753 ] } },
{ "type": "Feature", "properties": { "name": "KINGDOM MINISTRIES TRUST", "religion": "CHRISTIAN", "building_type": "CHURCH", "suburb": "SPRINGBOKPARK" }, "geometry": { "type": "Point", "coordinates": [ 18.684281337241618, -33.878531483956671 ] } },
{ "type": "Feature", "properties": { "name": "NED. GER. SENDINGKERK - BRACKENFELL WES", "religion": "CHRISTIAN", "building_type": "CHURCH", "suburb": "FERNDALE" }, "geometry": { "type": "Point", "coordinates": [ 18.674754592262424, -33.879853790506012 ] } },
{ "type": "Feature", "properties": { "name": "BELLVILE ASSEMBLY OF GOD", "religion": "CHRISTIAN", "building_type": "CHURCH", "suburb": "VREDENBERG" }, "geometry": { "type": "Point", "coordinates": [ 18.662469821731619, -33.879682162691829 ] } },
{ "type": "Feature", "properties": { "name": "NEW APOSTOLIC CHURCH OF S.A.", "religion": "CHRISTIAN", "building_type": "CHURCH", "suburb": "SUMMER GREENS" }, "geometry": { "type": "Point", "coordinates": [ 18.52701444107413, -33.879344615075787 ] } },
{ "type": "Feature", "properties": { "name": "ST. THOMAS LUTHERAN CHURCH", "religion": "CHRISTIAN", "building_type": "CHURCH", "suburb": "EDGEMEAD" }, "geometry": { "type": "Point", "coordinates": [ 18.53527681537577, -33.880411382190353 ] } },
{ "type": "Feature", "properties": { "name": "ALL SAINTS CATHOLIC CHURCH", "religion": "CHRISTIAN", "building_type": "CHURCH", "suburb": "PROTEA HEIGHTS" }, "geometry": { "type": "Point", "coordinates": [ 18.690487116616588, -33.88238153873175 ] } },
{ "type": "Feature", "properties": { "name": "THE CHURCH OF JESUS CHRIST OF LATTER-DAY SAINTS", "religion": "CHRISTIAN", "building_type": "CHURCH", "suburb": "LOEVENSTEIN" }, "geometry": { "type": "Point", "coordinates": [ 18.613222754026456, -33.88232615285429 ] } },
{ "type": "Feature", "properties": { "name": "NED. GER. SENDINGKERK - BELLVILLE OOS", "religion": "CHRISTIAN", "building_type": "CHURCH", "suburb": "BELLAIR" }, "geometry": { "type": "Point", "coordinates": [ 18.660652651184417, -33.882989255928784 ] } },
{ "type": "Feature", "properties": { "name": "NED. GER. SENDINKERK - PAROW / PANORAMA", "religion": "CHRISTIAN", "building_type": "CHURCH", "suburb": "DE DUIN" }, "geometry": { "type": "Point", "coordinates": [ 18.569424887496041, -33.883170887426097 ] } },
{ "type": "Feature", "properties": { "name": "CATHOLIC CHURCH OF THE ANNUNCIATION", "religion": "CHRISTIAN", "building_type": "CHURCH", "suburb": "TIJGERHOF" }, "geometry": { "type": "Point", "coordinates": [ 18.50226998095874, -33.883233558823946 ] } },
{ "type": "Feature", "properties": { "name": "NED. GER. SENDINGKERK - LA ROCHELLE", "religion": "CHRISTIAN", "building_type": "CHURCH", "suburb": "BELLAIR" }, "geometry": { "type": "Point", "coordinates": [ 18.663477504206632, -33.884208937811259 ] } },
{ "type": "Feature", "properties": { "name": "KINGDOM HALL OF JEHOVAH'S WITNESSES", "religion": "CHRISTIAN", "building_type": "CHURCH", "suburb": "OAKGLEN" }, "geometry": { "type": "Point", "coordinates": [ 18.672802731016453, -33.884500485597748 ] } },
{ "type": "Feature", "properties": { "name": "CORPUS CHRISTI GEMEENTE - TYGERBERG", "religion": "CHRISTIAN", "building_type": "CHURCH", "suburb": "NORTHGATE" }, "geometry": { "type": "Point", "coordinates": [ 18.577761854305596, -33.884677376895034 ] } },
{ "type": "Feature", "properties": { "name": "HEBRON BIBLE CHAPEL", "religion": "CHRISTIAN", "building_type": "CHURCH", "suburb": "BO OAKDALE" }, "geometry": { "type": "Point", "coordinates": [ 18.636721917392727, -33.884661408965485 ] } },
{ "type": "Feature", "properties": { "name": "NED. GER. SENDINKERK - BRACKENFELL", "religion": "CHRISTIAN", "building_type": "CHURCH", "suburb": "PROTEA HEIGHTS" }, "geometry": { "type": "Point", "coordinates": [ 18.704457923426069, -33.885463728846929 ] } },
{ "type": "Feature", "properties": { "name": "MILNERTON BAPTIST CHURCH", "religion": "CHRISTIAN", "building_type": "CHURCH", "suburb": "SANDDRIFT" }, "geometry": { "type": "Point", "coordinates": [ 18.507811324128802, -33.885489139181516 ] } },
{ "type": "Feature", "properties": { "name": "BRACKENFELL METHODIST CHURCH", "religion": "CHRISTIAN", "building_type": "CHURCH", "suburb": "PROTEA HEIGHTS" }, "geometry": { "type": "Point", "coordinates": [ 18.696475135383565, -33.886281626251325 ] } },
{ "type": "Feature", "properties": { "name": "ST. OSWALD'S ANGLICAN CHURCH", "religion": "CHRISTIAN", "building_type": "CHURCH", "suburb": "MILNERTON" }, "geometry": { "type": "Point", "coordinates": [ 18.492721692582421, -33.885822587784411 ] } },
{ "type": "Feature", "properties": { "name": "EVANGELIES GEREFORMEERDE KERK - TYGERBERG", "religion": "CHRISTIAN", "building_type": "CHURCH", "suburb": "LOEVENSTEIN" }, "geometry": { "type": "Point", "coordinates": [ 18.609004870018431, -33.886894252382696 ] } },
{ "type": "Feature", "properties": { "name": "NED. GER. SENDINKERK - HEIDEKOPPIE", "religion": "CHRISTIAN", "building_type": "CHURCH", "suburb": "PROTEA HEIGHTS" }, "geometry": { "type": "Point", "coordinates": [ 18.695271127899829, -33.888011989620338 ] } },
{ "type": "Feature", "properties": { "name": "MILNERTON PRESBYTERIAN CHURCH", "religion": "CHRISTIAN", "building_type": "CHURCH", "suburb": "TIJGERHOF" }, "geometry": { "type": "Point", "coordinates": [ 18.496286422327156, -33.887136337494944 ] } },
{ "type": "Feature", "properties": { "name": "CHURCH OF JESUS CHRIST OF LATTER-DAY SAINTS", "religion": "CHRISTIAN", "building_type": "CHURCH", "suburb": "TIJGERHOF" }, "geometry": { "type": "Point", "coordinates": [ 18.498516978703499, -33.887833632442181 ] } },
{ "type": "Feature", "properties": { "name": "NED. GER. SENDINGKERK - BELLVILLE", "religion": "CHRISTIAN", "building_type": "CHURCH", "suburb": "OAKGLEN" }, "geometry": { "type": "Point", "coordinates": [ 18.663022162562154, -33.888690140214997 ] } },
{ "type": "Feature", "properties": { "name": "NED. GER. SENDINGKERK - BELLVILLE VALLEI", "religion": "CHRISTIAN", "building_type": "CHURCH", "suburb": "OAKDALE" }, "geometry": { "type": "Point", "coordinates": [ 18.640899345771935, -33.88916877461336 ] } },
{ "type": "Feature", "properties": { "name": "NED .GER. SENDINGKERK - PAROW NOORD", "religion": "CHRISTIAN", "building_type": "CHURCH", "suburb": "PAROW NORTH" }, "geometry": { "type": "Point", "coordinates": [ 18.577711865754981, -33.889268559902476 ] } },
{ "type": "Feature", "properties": { "name": "NED. GER. SENDINGKERK - BELLVILLE RIEBEECK", "religion": "CHRISTIAN", "building_type": "CHURCH", "suburb": "CHRISMAR" }, "geometry": { "type": "Point", "coordinates": [ 18.647747938903006, -33.88965812879222 ] } },
{ "type": "Feature", "properties": { "name": "NED. GER. SENDINKERK - TYGERBERG", "religion": "CHRISTIAN", "building_type": "CHURCH", "suburb": "PAROW NORTH" }, "geometry": { "type": "Point", "coordinates": [ 18.577129073832939, -33.891195690689642 ] } },
{ "type": "Feature", "properties": { "name": "NEW APOSTOLIC CHURCH OF S.A.", "religion": "CHRISTIAN", "building_type": "CHURCH", "suburb": "TIJGERHOF" }, "geometry": { "type": "Point", "coordinates": [ 18.495863482016681, -33.890985396985748 ] } },
{ "type": "Feature", "properties": { "name": "NED. GER. SENDINKERK - DE TYGER", "religion": "CHRISTIAN", "building_type": "CHURCH", "suburb": "PAROW NORTH" }, "geometry": { "type": "Point", "coordinates": [ 18.590281869354765, -33.891914897919399 ] } },
{ "type": "Feature", "properties": { "name": "NED. GER. SENDINGKERK - BOSTON", "religion": "CHRISTIAN", "building_type": "CHURCH", "suburb": "BOSTON" }, "geometry": { "type": "Point", "coordinates": [ 18.622815254786119, -33.892221760260888 ] } },
{ "type": "Feature", "properties": { "name": "VOLLE EVANGELIE KERK VAN GOD IN S.A.", "religion": "CHRISTIAN", "building_type": "CHURCH", "suburb": "DE TIJGER" }, "geometry": { "type": "Point", "coordinates": [ 18.593270699052322, -33.892652544897729 ] } },
{ "type": "Feature", "properties": { "name": "NED. GER. SENDINKERK - VREDELUST", "religion": "CHRISTIAN", "building_type": "CHURCH", "suburb": "BOSTON" }, "geometry": { "type": "Point", "coordinates": [ 18.61424263562305, -33.892708334938739 ] } },
{ "type": "Feature", "properties": { "name": "NED. GER. SENDINKERK - BELLVILLE NOORD", "religion": "CHRISTIAN", "building_type": "CHURCH", "suburb": "KINGSTON" }, "geometry": { "type": "Point", "coordinates": [ 18.639089632139903, -33.894443745064905 ] } },
{ "type": "Feature", "properties": { "name": "GOODWOOD METHODIST CHURCH", "religion": "CHRISTIAN", "building_type": "CHURCH", "suburb": "TYGERDAL" }, "geometry": { "type": "Point", "coordinates": [ 18.545492513380651, -33.894642661916798 ] } },
{ "type": "Feature", "properties": { "name": "NED. GER. SENDINKERK - OOSTERZEE", "religion": "CHRISTIAN", "building_type": "CHURCH", "suburb": "OOSTERZEE-BELLVILLE" }, "geometry": { "type": "Point", "coordinates": [ 18.603119158582526, -33.895407573965514 ] } },
{ "type": "Feature", "properties": { "name": "BARUCH WORSHIP CENTRE", "religion": "CHRISTIAN", "building_type": "CHURCH", "suburb": "OAKDALE" }, "geometry": { "type": "Point", "coordinates": [ 18.631598903480835, -33.896553140377449 ] } },
{ "type": "Feature", "properties": { "name": "EVANGELICAL LUTHERAN CHURCH", "religion": "CHRISTIAN", "building_type": "CHURCH", "suburb": "VASCO ESTATE" }, "geometry": { "type": "Point", "coordinates": [ 18.5545763278393, -33.897749019365811 ] } },
{ "type": "Feature", "properties": { "name": "EVANGELICAL LUTHERAN CHURCH IN S.A.", "religion": "CHRISTIAN", "building_type": "CHURCH", "suburb": "KEMPENVILLE" }, "geometry": { "type": "Point", "coordinates": [ 18.633849581221202, -33.898205625533031 ] } },
{ "type": "Feature", "properties": { "name": "OLD APOSTOLIC CHURCH OF AFRICA", "religion": "CHRISTIAN", "building_type": "CHURCH", "suburb": "GOODWOOD ESTATE" }, "geometry": { "type": "Point", "coordinates": [ 18.550553993593898, -33.898279095997019 ] } },
{ "type": "Feature", "properties": { "name": "NED. GER. SENDINGKERK", "religion": "CHRISTIAN", "building_type": "CHURCH", "suburb": "BELLVILLE CBD" }, "geometry": { "type": "Point", "coordinates": [ 18.630217326913211, -33.899359145894337 ] } },
{ "type": "Feature", "properties": { "name": "GOOD HOPE CHRISTIAN CENTRE", "religion": "CHRISTIAN", "building_type": "CHURCH", "suburb": "KEMPENVILLE" }, "geometry": { "type": "Point", "coordinates": [ 18.632179702939581, -33.899260270882074 ] } },
{ "type": "Feature", "properties": { "name": "ST. MARGARET'S ANGLICAN CHURCH", "religion": "CHRISTIAN", "building_type": "CHURCH", "suburb": "GLENLILY" }, "geometry": { "type": "Point", "coordinates": [ 18.586031386383404, -33.900642321517687 ] } },
{ "type": "Feature", "properties": { "name": "OLD APOSTOLIC CHURCH OF AFRICA", "religion": "CHRISTIAN", "building_type": "CHURCH", "suburb": "CHURCHILL ESTATE" }, "geometry": { "type": "Point", "coordinates": [ 18.579029390646223, -33.90073952998857 ] } },
{ "type": "Feature", "properties": { "name": "NED. GER. SENDINKERK - BELLVILLE", "religion": "CHRISTIAN", "building_type": "CHURCH", "suburb": "VREDELUST BELLVILLE" }, "geometry": { "type": "Point", "coordinates": [ 18.612448994648087, -33.90102514367895 ] } },
{ "type": "Feature", "properties": { "name": "LEDE IN CHRISTUS KERK VAN S.A.", "religion": "CHRISTIAN", "building_type": "CHURCH", "suburb": "GLENLILY" }, "geometry": { "type": "Point", "coordinates": [ 18.583884012205719, -33.902024983507424 ] } },
{ "type": "Feature", "properties": { "name": "NEW APOSTOLIC CHURCH OF S.A.", "religion": "CHRISTIAN", "building_type": "CHURCH", "suburb": "RICHMOND ESTATE" }, "geometry": { "type": "Point", "coordinates": [ 18.564858348461623, -33.901955568583425 ] } },
{ "type": "Feature", "properties": { "name": "AMAZING GRACE MINISTRIES", "religion": "CHRISTIAN", "building_type": "CHURCH", "suburb": "GLENLILY" }, "geometry": { "type": "Point", "coordinates": [ 18.573551570044845, -33.902526449853269 ] } },
{ "type": "Feature", "properties": { "name": "OLD APOSTOLIC CHURCH OF AFRICA", "religion": "CHRISTIAN", "building_type": "CHURCH", "suburb": "FAIRFIELD ESTATE" }, "geometry": { "type": "Point", "coordinates": [ 18.59374353987856, -33.902947905843568 ] } },
{ "type": "Feature", "properties": { "name": "NED. GER. SENDINGKERK - TYGERBERG", "religion": "CHRISTIAN", "building_type": "CHURCH", "suburb": "FAIRFIELD ESTATE" }, "geometry": { "type": "Point", "coordinates": [ 18.591992096365718, -33.903272752236347 ] } },
{ "type": "Feature", "properties": { "name": "SEVENTH-DAY ADVENTIST CHURCH - PAROW", "religion": "CHRISTIAN", "building_type": "CHURCH", "suburb": "GLENLILY" }, "geometry": { "type": "Point", "coordinates": [ 18.581160699353315, -33.902963320106593 ] } },
{ "type": "Feature", "properties": { "name": "PINKSTER OPPERSAAL VAN S.A.", "religion": "CHRISTIAN", "building_type": "CHURCH", "suburb": "VASCO ESTATE" }, "geometry": { "type": "Point", "coordinates": [ 18.555064206463381, -33.903079143210562 ] } },
{ "type": "Feature", "properties": { "name": "CHRISTIAN ACADEMY", "religion": "CHRISTIAN", "building_type": "CHURCH", "suburb": "FAIRFIELD ESTATE" }, "geometry": { "type": "Point", "coordinates": [ 18.591519244759748, -33.903389805131994 ] } },
{ "type": "Feature", "properties": { "name": "NED. GER. SENDINGKERK - DE LA BAT", "religion": "CHRISTIAN", "building_type": "CHURCH", "suburb": "LOUMAR" }, "geometry": { "type": "Point", "coordinates": [ 18.660837243297212, -33.903620697732443 ] } },
{ "type": "Feature", "properties": { "name": "NEW APOSTOLIC CHURCH OF S.A.", "religion": "CHRISTIAN", "building_type": "CHURCH", "suburb": "WINDERMERE" }, "geometry": { "type": "Point", "coordinates": [ 18.513839407757459, -33.903432650052785 ] } },
{ "type": "Feature", "properties": { "name": "QULOOBUL MOEMIENEEN MASJIED", "religion": "ISLAMIC", "building_type": "MOSQUE", "suburb": "TOWNSEND ESTATE" }, "geometry": { "type": "Point", "coordinates": [ 18.546448048653421, -33.903875223068688 ] } },
{ "type": "Feature", "properties": { "name": "TYGERBERG VERNUWING SENTRUM", "religion": "CHRISTIAN", "building_type": "CHURCH", "suburb": "GLENLILY" }, "geometry": { "type": "Point", "coordinates": [ 18.581065628850169, -33.903938718775137 ] } },
{ "type": "Feature", "properties": { "name": "GOODWOOD BAPTIST CHURCH", "religion": "CHRISTIAN", "building_type": "CHURCH", "suburb": "GOODWOOD ESTATE" }, "geometry": { "type": "Point", "coordinates": [ 18.552298326941251, -33.904078112721471 ] } },
{ "type": "Feature", "properties": { "name": "UNITED MISSION CHURCH OF S.A.", "religion": "CHRISTIAN", "building_type": "CHURCH", "suburb": "WINDERMERE" }, "geometry": { "type": "Point", "coordinates": [ 18.514864515752329, -33.904324818594048 ] } },
{ "type": "Feature", "properties": { "name": "PENTECOSTAL PROTESTANT CHURCH - GOODWOOD", "religion": "CHRISTIAN", "building_type": "CHURCH", "suburb": "VASCO ESTATE" }, "geometry": { "type": "Point", "coordinates": [ 18.55561334390163, -33.905118183390833 ] } },
{ "type": "Feature", "properties": { "name": "IGREJA PORTUGUESA DO CABO", "religion": "CHRISTIAN", "building_type": "CHURCH", "suburb": "GLENLILY" }, "geometry": { "type": "Point", "coordinates": [ 18.578267643539807, -33.905591340382365 ] } },
{ "type": "Feature", "properties": { "name": "NED. GER. SENDINKERK - PAROW", "religion": "CHRISTIAN", "building_type": "CHURCH", "suburb": "GLENLILY" }, "geometry": { "type": "Point", "coordinates": [ 18.580065998873373, -33.905527451503239 ] } },
{ "type": "Feature", "properties": { "name": "NEW APOSTOLIC CHURCH OF S.A.", "religion": "CHRISTIAN", "building_type": "CHURCH", "suburb": "TOWNSEND ESTATE" }, "geometry": { "type": "Point", "coordinates": [ 18.539710084846227, -33.905178399911591 ] } },
{ "type": "Feature", "properties": { "name": "NEW APOSTOLIC CHURCH OF S.A.", "religion": "CHRISTIAN", "building_type": "CHURCH", "suburb": "DUNROBIN" }, "geometry": { "type": "Point", "coordinates": [ 18.648710625663771, -33.905805061949096 ] } },
{ "type": "Feature", "properties": { "name": "NED. GER. SENDINKERK - LA BELLA", "religion": "CHRISTIAN", "building_type": "CHURCH", "suburb": "MEYERHOF" }, "geometry": { "type": "Point", "coordinates": [ 18.660314525311467, -33.906618256660039 ] } },
{ "type": "Feature", "properties": { "name": "KINGDOM HALL OF JEHOVAH'S WITNESSES - PAROW", "religion": "CHRISTIAN", "building_type": "CHURCH", "suburb": "GLENLILY" }, "geometry": { "type": "Point", "coordinates": [ 18.579352834454141, -33.906410815464938 ] } },
{ "type": "Feature", "properties": { "name": "NED. GER. SENDINKERK - VRIJZEE", "religion": "CHRISTIAN", "building_type": "CHURCH", "suburb": "RICHMOND ESTATE" }, "geometry": { "type": "Point", "coordinates": [ 18.565316106574194, -33.906647498807075 ] } },
{ "type": "Feature", "properties": { "name": "AFRIKAANSE POTESTANTE KERK - TYGERBERG", "religion": "CHRISTIAN", "building_type": "CHURCH", "suburb": "RICHMOND" }, "geometry": { "type": "Point", "coordinates": [ 18.572094481094449, -33.906614004015118 ] } },
{ "type": "Feature", "properties": { "name": "NED. GER. SENDINKERK - VASCO", "religion": "CHRISTIAN", "building_type": "CHURCH", "suburb": "VASCO ESTATE" }, "geometry": { "type": "Point", "coordinates": [ 18.557104129556649, -33.906764315201876 ] } },
{ "type": "Feature", "properties": { "name": "GRACE CHAPEL E.C.C.", "religion": "CHRISTIAN", "building_type": "CHURCH", "suburb": "KENSINGTON" }, "geometry": { "type": "Point", "coordinates": [ 18.509674308755514, -33.906851012599653 ] } },
{ "type": "Feature", "properties": { "name": "IMMACULATE CONCEPTION CATHOLIC CHURCH", "religion": "CHRISTIAN", "building_type": "CHURCH", "suburb": "RICHMOND" }, "geometry": { "type": "Point", "coordinates": [ 18.57561158934935, -33.907154839737998 ] } },
{ "type": "Feature", "properties": { "name": "BROOKLYN METHODIST CHURCH", "religion": "CHRISTIAN", "building_type": "CHURCH", "suburb": "BROOKLYN" }, "geometry": { "type": "Point", "coordinates": [ 18.485417674263573, -33.906789837733257 ] } },
{ "type": "Feature", "properties": { "name": "PAROW BAPTIST CHURCH", "religion": "CHRISTIAN", "building_type": "CHURCH", "suburb": "PAROW" }, "geometry": { "type": "Point", "coordinates": [ 18.587587050164863, -33.90761606563462 ] } },
{ "type": "Feature", "properties": { "name": "OLD APOSTOLIC CHURCH OF AFRICA", "religion": "CHRISTIAN", "building_type": "CHURCH", "suburb": "SHIRLEY PARK" }, "geometry": { "type": "Point", "coordinates": [ 18.662900639368839, -33.907875383326648 ] } },
{ "type": "Feature", "properties": { "name": "OLD APOSTOLIC CHURCH OF AFRICA", "religion": "CHRISTIAN", "building_type": "CHURCH", "suburb": "VASCO ESTATE" }, "geometry": { "type": "Point", "coordinates": [ 18.561949058294264, -33.907476314391815 ] } },
{ "type": "Feature", "properties": { "name": "NED. GER. SENDINGKERK - YSTERPLAAT", "religion": "CHRISTIAN", "building_type": "CHURCH", "suburb": "BROOKLYN" }, "geometry": { "type": "Point", "coordinates": [ 18.484379350254201, -33.907367064051591 ] } },
{ "type": "Feature", "properties": { "name": "CHRISTELIKE GEREFOORMEERDE KERK - SOTER", "religion": "CHRISTIAN", "building_type": "CHURCH", "suburb": "PAROW" }, "geometry": { "type": "Point", "coordinates": [ 18.586322003055894, -33.907912370494444 ] } },
{ "type": "Feature", "properties": { "name": "MASJIDUL MUQARRAM", "religion": "ISLAMIC", "building_type": "MOSQUE", "suburb": "WINDERMERE" }, "geometry": { "type": "Point", "coordinates": [ 18.514406893285354, -33.907965436774866 ] } },
{ "type": "Feature", "properties": { "name": "VOLKSKERK VAN AFRIKA", "religion": "CHRISTIAN", "building_type": "CHURCH", "suburb": "KENSINGTON" }, "geometry": { "type": "Point", "coordinates": [ 18.508865107245889, -33.908029088235359 ] } },
{ "type": "Feature", "properties": { "name": "NED. GER. SENDINKERK - PAROW SUID", "religion": "CHRISTIAN", "building_type": "CHURCH", "suburb": "PAROW" }, "geometry": { "type": "Point", "coordinates": [ 18.58168397519286, -33.908362439766201 ] } },
{ "type": "Feature", "properties": { "name": "THE REDEEMED CHRISTIAN CHURCH OF GOD", "religion": "CHRISTIAN", "building_type": "CHURCH", "suburb": "KLIPKOP" }, "geometry": { "type": "Point", "coordinates": [ 18.598298531968322, -33.908598063499376 ] } },
{ "type": "Feature", "properties": { "name": "OLD APOSTOLIC CHURCH OF AFRICA", "religion": "CHRISTIAN", "building_type": "CHURCH", "suburb": "RICHMOND ESTATE" }, "geometry": { "type": "Point", "coordinates": [ 18.566809694972925, -33.908640188595847 ] } },
{ "type": "Feature", "properties": { "name": "FULL GOSPEL CHURCH OF GOD S. A.", "religion": "CHRISTIAN", "building_type": "CHURCH", "suburb": "GREEN POINT" }, "geometry": { "type": "Point", "coordinates": [ 18.402369735092094, -33.908331138280879 ] } },
{ "type": "Feature", "properties": { "name": "OLD APOSTOLIC CHURCH OF AFRICA", "religion": "CHRISTIAN", "building_type": "CHURCH", "suburb": "GREEN POINT" }, "geometry": { "type": "Point", "coordinates": [ 18.40464182238065, -33.908214689348306 ] } },
{ "type": "Feature", "properties": { "name": "GOODWOOD SEVENTH-DAY ADVENTIST CHURCH", "religion": "CHRISTIAN", "building_type": "CHURCH", "suburb": "VASCO ESTATE" }, "geometry": { "type": "Point", "coordinates": [ 18.560708239646811, -33.909107564558738 ] } },
{ "type": "Feature", "properties": { "name": "OLD APOSTOLIC CHURCH OF AFRICA", "religion": "CHRISTIAN", "building_type": "CHURCH", "suburb": "BROOKLYN" }, "geometry": { "type": "Point", "coordinates": [ 18.481525752939529, -33.908779411582074 ] } },
{ "type": "Feature", "properties": { "name": "NEW APOSTOLIC CHURCH OF S.A.", "religion": "CHRISTIAN", "building_type": "CHURCH", "suburb": "VASCO ESTATE" }, "geometry": { "type": "Point", "coordinates": [ 18.563600657656515, -33.909258222493911 ] } },
{ "type": "Feature", "properties": { "name": "NEW APOSTOLIC CHURCH OF S.A.", "religion": "CHRISTIAN", "building_type": "CHURCH", "suburb": "WINDERMERE" }, "geometry": { "type": "Point", "coordinates": [ 18.522462867074026, -33.909175865798055 ] } },
{ "type": "Feature", "properties": { "name": "METHODIST CHURCH OF S.A. - NAMAKWA", "religion": "CHRISTIAN", "building_type": "CHURCH", "suburb": "KENSINGTON" }, "geometry": { "type": "Point", "coordinates": [ 18.502596807822062, -33.909491544537232 ] } },
{ "type": "Feature", "properties": { "name": "OLD APOSTOLIC CHURCH OF AFRICA", "religion": "CHRISTIAN", "building_type": "CHURCH", "suburb": "VASCO ESTATE" }, "geometry": { "type": "Point", "coordinates": [ 18.5586897144236, -33.909674278146781 ] } },
{ "type": "Feature", "properties": { "name": "CHRISTIAN BRETHREN CHURCH", "religion": "CHRISTIAN", "building_type": "CHURCH", "suburb": "BROOKLYN" }, "geometry": { "type": "Point", "coordinates": [ 18.482430338464322, -33.909572337553769 ] } },
{ "type": "Feature", "properties": { "name": "NED. GER. SENDINGKERK - GOODWOOD", "religion": "CHRISTIAN", "building_type": "CHURCH", "suburb": "GOODWOOD ESTATE" }, "geometry": { "type": "Point", "coordinates": [ 18.549788206763633, -33.910962423944021 ] } },
{ "type": "Feature", "properties": { "name": "ST. JAMES THE GREAT ANGLICAN CHURCH", "religion": "CHRISTIAN", "building_type": "CHURCH", "suburb": "SEA POINT" }, "geometry": { "type": "Point", "coordinates": [ 18.393298329062421, -33.910427250759632 ] } },
{ "type": "Feature", "properties": { "name": "A.F.M. COMMUNITY WORSHIP CENTRE", "religion": "CHRISTIAN", "building_type": "CHURCH", "suburb": "KENSINGTON" }, "geometry": { "type": "Point", "coordinates": [ 18.510265181921842, -33.910935553276126 ] } },
{ "type": "Feature", "properties": { "name": "NED. GER. SENDINKERK - PAROWVALLEI OOS", "religion": "CHRISTIAN", "building_type": "CHURCH", "suburb": "KLIPKOP" }, "geometry": { "type": "Point", "coordinates": [ 18.602867470402856, -33.911263147762135 ] } },
{ "type": "Feature", "properties": { "name": "IMMANUEL CHURCH OF THE NAZARENE", "religion": "CHRISTIAN", "building_type": "CHURCH", "suburb": "BROOKLYN" }, "geometry": { "type": "Point", "coordinates": [ 18.483464700903294, -33.910889777769569 ] } },
{ "type": "Feature", "properties": { "name": "THE SALVATION ARMY GOODWOOD CORPS", "religion": "CHRISTIAN", "building_type": "CHURCH", "suburb": "TOWNSEND ESTATE" }, "geometry": { "type": "Point", "coordinates": [ 18.54784979060252, -33.911111787367631 ] } },
{ "type": "Feature", "properties": { "name": "SEVENTH-DAY ADVENTIST CHURCH - BELLVILLE", "religion": "CHRISTIAN", "building_type": "CHURCH", "suburb": "BELLVILLE SOUTH" }, "geometry": { "type": "Point", "coordinates": [ 18.634589134550229, -33.911624353852552 ] } },
{ "type": "Feature", "properties": { "name": "ST. LUKES CATHOLIC CHURCH", "religion": "CHRISTIAN", "building_type": "CHURCH", "suburb": "WINDERMERE" }, "geometry": { "type": "Point", "coordinates": [ 18.519523255172576, -33.911440389109394 ] } },
{ "type": "Feature", "properties": { "name": "EVANGELICAL LUTHERAN CHURCH IN S.A.", "religion": "CHRISTIAN", "building_type": "CHURCH", "suburb": "KENSINGTON" }, "geometry": { "type": "Point", "coordinates": [ 18.509306230356042, -33.911646904067972 ] } },
{ "type": "Feature", "properties": { "name": "KINGDOM HALL OF JEHOVAH'S WITNESSES", "religion": "CHRISTIAN", "building_type": "CHURCH", "suburb": "BROOKLYN" }, "geometry": { "type": "Point", "coordinates": [ 18.480209652776317, -33.912270442595812 ] } },
{ "type": "Feature", "properties": { "name": "SCHOOL OF ENLIGHTMENT", "religion": "CHRISTIAN", "building_type": "CHURCH", "suburb": "KENSINGTON" }, "geometry": { "type": "Point", "coordinates": [ 18.506988807790034, -33.912314956711867 ] } },
{ "type": "Feature", "properties": { "name": "NED. GER. SENDINGKERK - BELLVILLE", "religion": "CHRISTIAN", "building_type": "CHURCH", "suburb": "BELLVILLE SOUTH" }, "geometry": { "type": "Point", "coordinates": [ 18.635005857620659, -33.913118276327403 ] } },
{ "type": "Feature", "properties": { "name": "OLD APOSTOLIC CHURCH OF AFRICA", "religion": "CHRISTIAN", "building_type": "CHURCH", "suburb": "PAROW VALLEY" }, "geometry": { "type": "Point", "coordinates": [ 18.595916384887776, -33.912810435050922 ] } },
{ "type": "Feature", "properties": { "name": "METHODIST CHURCH OF S.A.", "religion": "CHRISTIAN", "building_type": "CHURCH", "suburb": "KENSINGTON" }, "geometry": { "type": "Point", "coordinates": [ 18.506242704844301, -33.912570488609617 ] } },
{ "type": "Feature", "properties": { "name": "NEW APOSTOLIC CHURCH OF S.A.", "religion": "CHRISTIAN", "building_type": "CHURCH", "suburb": "KENSINGTON" }, "geometry": { "type": "Point", "coordinates": [ 18.512270410282213, -33.91261160605999 ] } },
{ "type": "Feature", "properties": { "name": "NEW APOSTOLIC CHURCH OF S.A.", "religion": "CHRISTIAN", "building_type": "CHURCH", "suburb": "SEA POINT" }, "geometry": { "type": "Point", "coordinates": [ 18.389818856624679, -33.912874905925364 ] } },
{ "type": "Feature", "properties": { "name": "NED. GER. SENDINKERK - PAROWVALLEI", "religion": "CHRISTIAN", "building_type": "CHURCH", "suburb": "PAROW VALLEY" }, "geometry": { "type": "Point", "coordinates": [ 18.59397137239754, -33.913969821622317 ] } },
{ "type": "Feature", "properties": { "name": "ST. JOHN AFRICAN METHODIST EPISCOPAL CHURCH", "religion": "CHRISTIAN", "building_type": "CHURCH", "suburb": "KENSINGTON" }, "geometry": { "type": "Point", "coordinates": [ 18.502404655487826, -33.91366522035333 ] } },
{ "type": "Feature", "properties": { "name": "EBENEZER GOSPEL HALL", "religion": "CHRISTIAN", "building_type": "CHURCH", "suburb": "KENSINGTON" }, "geometry": { "type": "Point", "coordinates": [ 18.508730297969507, -33.91373638957775 ] } },
{ "type": "Feature", "properties": { "name": "FILADELFIA CHRISTIAN CENTRE - A.G.S. VAN S.A.", "religion": "CHRISTIAN", "building_type": "CHURCH", "suburb": "PAROW VALLEY" }, "geometry": { "type": "Point", "coordinates": [ 18.592630038557996, -33.914175461211798 ] } },
{ "type": "Feature", "properties": { "name": "NEW APOSTOLIC CHURCH OF S.A.", "religion": "CHRISTIAN", "building_type": "CHURCH", "suburb": "KLIPKOP" }, "geometry": { "type": "Point", "coordinates": [ 18.601030992365267, -33.914134973708727 ] } },
{ "type": "Feature", "properties": { "name": "VOLKSKERK VAN AFRIKA - BELLVILLE", "religion": "CHRISTIAN", "building_type": "CHURCH", "suburb": "BELLVILLE SOUTH" }, "geometry": { "type": "Point", "coordinates": [ 18.636831171395915, -33.914674939440019 ] } },
{ "type": "Feature", "properties": { "name": "BAPTIST CHURCH - KENSINGTON", "religion": "CHRISTIAN", "building_type": "CHURCH", "suburb": "KENSINGTON" }, "geometry": { "type": "Point", "coordinates": [ 18.513945225704649, -33.914846329851791 ] } },
{ "type": "Feature", "properties": { "name": "THE UNITED GONGREGATIONAL CHURCH OF S. A.", "religion": "CHRISTIAN", "building_type": "CHURCH", "suburb": "KENSINGTON" }, "geometry": { "type": "Point", "coordinates": [ 18.5001208909989, -33.914677953433277 ] } },
{ "type": "Feature", "properties": { "name": "KLIPKOP CATHOLIC CHURCH", "religion": "CHRISTIAN", "building_type": "CHURCH", "suburb": "KLIPKOP" }, "geometry": { "type": "Point", "coordinates": [ 18.603015255843513, -33.915542775740946 ] } },
{ "type": "Feature", "properties": { "name": "OLD APOSTOLIC CHURCH OF AFRICA", "religion": "CHRISTIAN", "building_type": "CHURCH", "suburb": "RIVERTON ELSIES RIVER" }, "geometry": { "type": "Point", "coordinates": [ 18.564293032365114, -33.915497614745732 ] } },
{ "type": "Feature", "properties": { "name": "SACRED HEART CATHOLIC CHURCH", "religion": "CHRISTIAN", "building_type": "CHURCH", "suburb": "GREEN POINT" }, "geometry": { "type": "Point", "coordinates": [ 18.417653850999145, -33.914942198149589 ] } },
{ "type": "Feature", "properties": { "name": "SEVENTH-DAY ADVENTIST CHURCH - KENSINGTON", "religion": "CHRISTIAN", "building_type": "CHURCH", "suburb": "KENSINGTON" }, "geometry": { "type": "Point", "coordinates": [ 18.501899555261456, -33.915412052560214 ] } },
{ "type": "Feature", "properties": { "name": "HIDAYATUL ISLAM MASJIED", "religion": "ISLAMIC", "building_type": "MOSQUE", "suburb": "KENSINGTON" }, "geometry": { "type": "Point", "coordinates": [ 18.497797377855271, -33.915375050010056 ] } },
{ "type": "Feature", "properties": { "name": "EVANGELICAL LUTHERAN CHURCH IN S.A.", "religion": "CHRISTIAN", "building_type": "CHURCH", "suburb": "BELLVILLE SOUTH" }, "geometry": { "type": "Point", "coordinates": [ 18.649211600826369, -33.916027762915846 ] } },
{ "type": "Feature", "properties": { "name": "OMEGA GOSPEL CHURCH", "religion": "CHRISTIAN", "building_type": "CHURCH", "suburb": "BELLVILLE SOUTH" }, "geometry": { "type": "Point", "coordinates": [ 18.639094065325846, -33.916428882851804 ] } },
{ "type": "Feature", "properties": { "name": "NEW APOSTOLIC CHURCH OF S.A.", "religion": "CHRISTIAN", "building_type": "CHURCH", "suburb": "LEONSDALE" }, "geometry": { "type": "Point", "coordinates": [ 18.575713425963205, -33.916416865144768 ] } },
{ "type": "Feature", "properties": { "name": "NEW APOSTOLIC CHURCH OF S.A.", "religion": "CHRISTIAN", "building_type": "CHURCH", "suburb": "RAVENSMEAD" }, "geometry": { "type": "Point", "coordinates": [ 18.611042232913139, -33.91692611967818 ] } },
{ "type": "Feature", "properties": { "name": "OLD APOSTOLIC CHURCH OF AFRICA", "religion": "CHRISTIAN", "building_type": "CHURCH", "suburb": "RIVERTON ELSIES RIVER" }, "geometry": { "type": "Point", "coordinates": [ 18.563827580182107, -33.916957576045334 ] } },
{ "type": "Feature", "properties": { "name": "OLD APOSTOLIC CHURCH OF AFRICA", "religion": "CHRISTIAN", "building_type": "CHURCH", "suburb": "RAVENSMEAD" }, "geometry": { "type": "Point", "coordinates": [ 18.603339154198999, -33.917335232692324 ] } },
{ "type": "Feature", "properties": { "name": "NEW APOSTOLIC CHURCH OF S.A.", "religion": "CHRISTIAN", "building_type": "CHURCH", "suburb": "RUYTERWACHT" }, "geometry": { "type": "Point", "coordinates": [ 18.560941948944404, -33.917405858392868 ] } },
{ "type": "Feature", "properties": { "name": "NEW APOSTOLIC CHURCH OF S.A.", "religion": "CHRISTIAN", "building_type": "CHURCH", "suburb": "AVON" }, "geometry": { "type": "Point", "coordinates": [ 18.566729152024532, -33.91755316647447 ] } },
{ "type": "Feature", "properties": { "name": "INDEPENDENT CONGREGATIONAL CHURCH OF S.A.", "religion": "CHRISTIAN", "building_type": "CHURCH", "suburb": "BELLVILLE SOUTH" }, "geometry": { "type": "Point", "coordinates": [ 18.637372259030876, -33.917486801944186 ] } },
{ "type": "Feature", "properties": { "name": "PENTECOSTAL CHURCH OF GOD IN S.A.", "religion": "CHRISTIAN", "building_type": "CHURCH", "suburb": "BELLVILLE SOUTH" }, "geometry": { "type": "Point", "coordinates": [ 18.634290784281429, -33.917430337075089 ] } },
{ "type": "Feature", "properties": { "name": "EPPING ASSEMBLY OF GOD", "religion": "CHRISTIAN", "building_type": "CHURCH", "suburb": "RIVERTON ELSIES RIVER" }, "geometry": { "type": "Point", "coordinates": [ 18.56176723209423, -33.917377798510344 ] } },
{ "type": "Feature", "properties": { "name": "NED. GER. SENDINGKERK - BELLVILLE SUID", "religion": "CHRISTIAN", "building_type": "CHURCH", "suburb": "BELLVILLE SOUTH" }, "geometry": { "type": "Point", "coordinates": [ 18.646394912591738, -33.917881730706547 ] } },
{ "type": "Feature", "properties": { "name": "NURUL MOGAMMADIAH  MASJIED", "religion": "ISLAMIC", "building_type": "MOSQUE", "suburb": "CAPE TOWN CITY CENTRE" }, "geometry": { "type": "Point", "coordinates": [ 18.417214538892605, -33.916939627497072 ] } },
{ "type": "Feature", "properties": { "name": "ST. ANDREW'S PRESBYTERIAN CHURCH", "religion": "CHRISTIAN", "building_type": "CHURCH", "suburb": "CAPE TOWN CITY CENTRE" }, "geometry": { "type": "Point", "coordinates": [ 18.418794173319149, -33.917348414679886 ] } },
{ "type": "Feature", "properties": { "name": "ST. CLARE'S CATHOLIC CHURCH", "religion": "CHRISTIAN", "building_type": "CHURCH", "suburb": "AVON" }, "geometry": { "type": "Point", "coordinates": [ 18.566101423677054, -33.918126842354397 ] } },
{ "type": "Feature", "properties": { "name": "MORAVIAN CHURCH IN S.A.", "religion": "CHRISTIAN", "building_type": "CHURCH", "suburb": "RAVENSMEAD" }, "geometry": { "type": "Point", "coordinates": [ 18.601875340460357, -33.918144911416128 ] } },
{ "type": "Feature", "properties": { "name": "SPADE REEN SENDING ITERNASIONAAL KERK", "religion": "CHRISTIAN", "building_type": "CHURCH", "suburb": "LEONSDALE" }, "geometry": { "type": "Point", "coordinates": [ 18.570820343034782, -33.918187517084185 ] } },
{ "type": "Feature", "properties": { "name": "YESHIVA OF CAPE TOWN", "religion": "JUDAISM", "building_type": "SYNAGOGUE", "suburb": "SEA POINT" }, "geometry": { "type": "Point", "coordinates": [ 18.389515131735546, -33.917637202793046 ] } },
{ "type": "Feature", "properties": { "name": "NED. GER. SENDINKERK - RUYTERWACHT WES", "religion": "CHRISTIAN", "building_type": "CHURCH", "suburb": "RUYTERWACHT" }, "geometry": { "type": "Point", "coordinates": [ 18.554298852621081, -33.91847696804129 ] } },
{ "type": "Feature", "properties": { "name": "OLD APOSTOLIC CHURCH OF AFRICA", "religion": "CHRISTIAN", "building_type": "CHURCH", "suburb": "BELLVILLE SOUTH" }, "geometry": { "type": "Point", "coordinates": [ 18.645457399320208, -33.918593824876922 ] } },
{ "type": "Feature", "properties": { "name": "CHRIST THE LIFE MISSION CHURCH", "religion": "CHRISTIAN", "building_type": "CHURCH", "suburb": "BELLVILLE SOUTH" }, "geometry": { "type": "Point", "coordinates": [ 18.639732454879145, -33.918653541371498 ] } },
{ "type": "Feature", "properties": { "name": "FULL GOSPEL CHURCH OF GOD IN S.A.", "religion": "CHRISTIAN", "building_type": "CHURCH", "suburb": "RAVENSMEAD" }, "geometry": { "type": "Point", "coordinates": [ 18.597846597633701, -33.918800177883561 ] } },
{ "type": "Feature", "properties": { "name": "INDEPENDENT DUTCH MISSION CHURCH", "religion": "CHRISTIAN", "building_type": "CHURCH", "suburb": "RAVENSMEAD" }, "geometry": { "type": "Point", "coordinates": [ 18.596564768198586, -33.91896275179856 ] } },
{ "type": "Feature", "properties": { "name": "HERVORMDE OU APOSTOLIESE KERK", "religion": "CHRISTIAN", "building_type": "CHURCH", "suburb": "BELLVILLE SOUTH" }, "geometry": { "type": "Point", "coordinates": [ 18.651174552672806, -33.919047627590125 ] } },
{ "type": "Feature", "properties": { "name": "FREE CHRISTIAN FELLOWSHIP MINISTRIES", "religion": "CHRISTIAN", "building_type": "CHURCH", "suburb": "LEONSDALE" }, "geometry": { "type": "Point", "coordinates": [ 18.571055208464141, -33.918626482293483 ] } },
{ "type": "Feature", "properties": { "name": "PROTESTANT CHURCH OF AFRICA", "religion": "CHRISTIAN", "building_type": "CHURCH", "suburb": "RAVENSMEAD" }, "geometry": { "type": "Point", "coordinates": [ 18.605127610098151, -33.918934476994522 ] } },
{ "type": "Feature", "properties": { "name": "THE GATEWAY TO THE TANA BARU CEMETRY", "religion": "ISLAMIC", "building_type": "MOSQUE", "suburb": "SCHOTSCHEKLOOF" }, "geometry": { "type": "Point", "coordinates": [ 18.415322813566693, -33.918253475542251 ] } },
{ "type": "Feature", "properties": { "name": "SHAFIE MASJID", "religion": "ISLAMIC", "building_type": "MOSQUE", "suburb": "SCHOTSCHEKLOOF" }, "geometry": { "type": "Point", "coordinates": [ 18.416759958121169, -33.918251016292558 ] } },
{ "type": "Feature", "properties": { "name": "PINKSTER PROTESTANTE SENDINGKERK - BELLVILLE SUID", "religion": "CHRISTIAN", "building_type": "CHURCH", "suburb": "GLENHAVEN" }, "geometry": { "type": "Point", "coordinates": [ 18.657149371594997, -33.919351247252152 ] } },
{ "type": "Feature", "properties": { "name": "GLADTIDINGS FELLOWSHIP - A.F.M. OF S.A.", "religion": "CHRISTIAN", "building_type": "CHURCH", "suburb": "AVON" }, "geometry": { "type": "Point", "coordinates": [ 18.566130220071777, -33.919095526962316 ] } },
{ "type": "Feature", "properties": { "name": "OLD APOSTOLIC CHURCH OF AFRICA", "religion": "CHRISTIAN", "building_type": "CHURCH", "suburb": "FLORIDA" }, "geometry": { "type": "Point", "coordinates": [ 18.596002995057564, -33.919297696068099 ] } },
{ "type": "Feature", "properties": { "name": "NEW APOSTOLIC CHURCH OF S.A.", "religion": "CHRISTIAN", "building_type": "CHURCH", "suburb": "LEONSDALE" }, "geometry": { "type": "Point", "coordinates": [ 18.571383958620487, -33.919203879661765 ] } },
{ "type": "Feature", "properties": { "name": "RYNSE KERK", "religion": "CHRISTIAN", "building_type": "CHURCH", "suburb": "AVON" }, "geometry": { "type": "Point", "coordinates": [ 18.566530517447244, -33.919288074622756 ] } },
{ "type": "Feature", "properties": { "name": "MORAVIAN CHURCH - MAITLAND", "religion": "CHRISTIAN", "building_type": "CHURCH", "suburb": "MAITLAND" }, "geometry": { "type": "Point", "coordinates": [ 18.493974006970568, -33.919529209019721 ] } },
{ "type": "Feature", "properties": { "name": "APOSTOLIC FAITH MISSION OF S.A.", "religion": "CHRISTIAN", "building_type": "CHURCH", "suburb": "RAVENSMEAD" }, "geometry": { "type": "Point", "coordinates": [ 18.598018767842735, -33.920070319851249 ] } },
{ "type": "Feature", "properties": { "name": "CALVYN PROTESTANTE KERK - TIERVLEI", "religion": "CHRISTIAN", "building_type": "CHURCH", "suburb": "RAVENSMEAD" }, "geometry": { "type": "Point", "coordinates": [ 18.601942936888847, -33.920084322887327 ] } },
{ "type": "Feature", "properties": { "name": "CHABAD CENTRE OF CAPE TOWN", "religion": "JUDAISM", "building_type": "SYNAGOGUE", "suburb": "SEA POINT" }, "geometry": { "type": "Point", "coordinates": [ 18.389221942288071, -33.919249796809574 ] } },
{ "type": "Feature", "properties": { "name": "UNITED MISSION CHURCH OF S.A.", "religion": "CHRISTIAN", "building_type": "CHURCH", "suburb": "LEONSDALE" }, "geometry": { "type": "Point", "coordinates": [ 18.577975295813712, -33.920160029440048 ] } },
{ "type": "Feature", "properties": { "name": "NED. GER. SENDINKERK - KUILSRIVIER DIGTEBIJ", "religion": "CHRISTIAN", "building_type": "CHURCH", "suburb": "BRANTWOOD" }, "geometry": { "type": "Point", "coordinates": [ 18.672681343468732, -33.920817852891183 ] } },
{ "type": "Feature", "properties": { "name": "NEW APOSTOLIC CHURCH OF S.A.", "religion": "CHRISTIAN", "building_type": "CHURCH", "suburb": "CAPE TOWN CITY CENTRE" }, "geometry": { "type": "Point", "coordinates": [ 18.418831235112798, -33.919849706690272 ] } },
{ "type": "Feature", "properties": { "name": "PINKSTER PROTESTANTE KERK", "religion": "CHRISTIAN", "building_type": "CHURCH", "suburb": "LEONSDALE" }, "geometry": { "type": "Point", "coordinates": [ 18.57657619041996, -33.920665560532363 ] } },
{ "type": "Feature", "properties": { "name": "UNITED CHURCH OF S.A.", "religion": "CHRISTIAN", "building_type": "CHURCH", "suburb": "LEONSDALE" }, "geometry": { "type": "Point", "coordinates": [ 18.57055207554825, -33.920646245642644 ] } },
{ "type": "Feature", "properties": { "name": "SEVENTH-DAY ADVENTIST CHURCH", "religion": "CHRISTIAN", "building_type": "CHURCH", "suburb": "RAVENSMEAD" }, "geometry": { "type": "Point", "coordinates": [ 18.600034021401679, -33.920881786215844 ] } },
{ "type": "Feature", "properties": { "name": "OUR LADY OF GOOD HOPE CATHOLIC CHURCH", "religion": "CHRISTIAN", "building_type": "CHURCH", "suburb": "SEA POINT" }, "geometry": { "type": "Point", "coordinates": [ 18.382964159441265, -33.920126131459206 ] } },
{ "type": "Feature", "properties": { "name": "MASJIED SHAFEE", "religion": "ISLAMIC", "building_type": "MOSQUE", "suburb": "SCHOTSCHEKLOOF" }, "geometry": { "type": "Point", "coordinates": [ 18.414755123222925, -33.920272214560129 ] } },
{ "type": "Feature", "properties": { "name": "PINKSTER PROTESTANTE KERK - PAROW", "religion": "CHRISTIAN", "building_type": "CHURCH", "suburb": "RAVENSMEAD" }, "geometry": { "type": "Point", "coordinates": [ 18.600718134304607, -33.921058769020618 ] } },
{ "type": "Feature", "properties": { "name": "APOSTOLIESE GELOOF SENDING VAN S.A.", "religion": "CHRISTIAN", "building_type": "CHURCH", "suburb": "RUYTERWACHT" }, "geometry": { "type": "Point", "coordinates": [ 18.562604322700139, -33.921566843385172 ] } },
{ "type": "Feature", "properties": { "name": "ST. FRANCIS OF ASSISI ANGLICAN CHURCH", "religion": "CHRISTIAN", "building_type": "CHURCH", "suburb": "RAVENSMEAD" }, "geometry": { "type": "Point", "coordinates": [ 18.597673860587733, -33.921330165694762 ] } },
{ "type": "Feature", "properties": { "name": "EMMANUEL PINKSTER SENDING GEMEENTES", "religion": "CHRISTIAN", "building_type": "CHURCH", "suburb": "FLORIDA" }, "geometry": { "type": "Point", "coordinates": [ 18.5917085557227, -33.921423715133805 ] } },
{ "type": "Feature", "properties": { "name": "VREDE OP AARDE SENDINGKERK VAN S.A.", "religion": "CHRISTIAN", "building_type": "CHURCH", "suburb": "LEONSDALE" }, "geometry": { "type": "Point", "coordinates": [ 18.573543284882984, -33.921480055106812 ] } },
{ "type": "Feature", "properties": { "name": "THORTON METHODIST CHURCH", "religion": "CHRISTIAN", "building_type": "CHURCH", "suburb": "THORNTON" }, "geometry": { "type": "Point", "coordinates": [ 18.539178698117993, -33.921585262066635 ] } },
{ "type": "Feature", "properties": { "name": "ALPHA PINKSTER PROTESTANTE SENDINKERK VAN S.A.", "religion": "CHRISTIAN", "building_type": "CHURCH", "suburb": "RAVENSMEAD" }, "geometry": { "type": "Point", "coordinates": [ 18.598495819072703, -33.921811218390765 ] } },
{ "type": "Feature", "properties": { "name": "UNITED CONGREGATIONAL CHURCH OF S.A.", "religion": "CHRISTIAN", "building_type": "CHURCH", "suburb": "AVON" }, "geometry": { "type": "Point", "coordinates": [ 18.570024400658788, -33.921693547493462 ] } },
{ "type": "Feature", "properties": { "name": "FOUNTAIN CHRISTIAN COMMUNITY CHURCH", "religion": "CHRISTIAN", "building_type": "CHURCH", "suburb": "RAVENSMEAD" }, "geometry": { "type": "Point", "coordinates": [ 18.601772731295334, -33.921890937502447 ] } },
{ "type": "Feature", "properties": { "name": "APOSTOLIESE GELOOF SENDING VAN S.A. - KUILSRIVIER", "religion": "CHRISTIAN", "building_type": "CHURCH", "suburb": "ROUXVILLE" }, "geometry": { "type": "Point", "coordinates": [ 18.694577102986063, -33.922696129520034 ] } },
{ "type": "Feature", "properties": { "name": "AFRICAN METHODIST EPISCOPAL CHURCH", "religion": "CHRISTIAN", "building_type": "CHURCH", "suburb": "RAVENSMEAD" }, "geometry": { "type": "Point", "coordinates": [ 18.600335486129552, -33.92238575339266 ] } },
{ "type": "Feature", "properties": { "name": "NED. GER. SENDINGKERK - ST. STEPHEN'S", "religion": "CHRISTIAN", "building_type": "CHURCH", "suburb": "CAPE TOWN CITY CENTRE" }, "geometry": { "type": "Point", "coordinates": [ 18.41750909108438, -33.921432224908898 ] } },
{ "type": "Feature", "properties": { "name": "CONGREGATIONAL CHURCH - MAITLAND", "religion": "CHRISTIAN", "building_type": "CHURCH", "suburb": "MAITLAND" }, "geometry": { "type": "Point", "coordinates": [ 18.489019580786351, -33.921857636547514 ] } },
{ "type": "Feature", "properties": { "name": "NED. GER. SENDINKERK - MORIA", "religion": "CHRISTIAN", "building_type": "CHURCH", "suburb": "RAVENSMEAD" }, "geometry": { "type": "Point", "coordinates": [ 18.603714093032266, -33.9223901416619 ] } },
{ "type": "Feature", "properties": { "name": "OUR LADY OF THE ROSARY CATHOLIC CHURCH", "religion": "CHRISTIAN", "building_type": "CHURCH", "suburb": "RUYTERWACHT" }, "geometry": { "type": "Point", "coordinates": [ 18.554877368562373, -33.922181022156245 ] } },
{ "type": "Feature", "properties": { "name": "MAITLAND MASJID", "religion": "ISLAMIC", "building_type": "MOSQUE", "suburb": "MAITLAND" }, "geometry": { "type": "Point", "coordinates": [ 18.483757834655215, -33.922002439029249 ] } },
{ "type": "Feature", "properties": { "name": "NURUL HUDA MASJID", "religion": "ISLAMIC", "building_type": "MOSQUE", "suburb": "SCHOTSCHEKLOOF" }, "geometry": { "type": "Point", "coordinates": [ 18.413488828354019, -33.921747966334301 ] } },
{ "type": "Feature", "properties": { "name": "VOLKSKERK VAN AFRIKA", "religion": "CHRISTIAN", "building_type": "CHURCH", "suburb": "RAVENSMEAD" }, "geometry": { "type": "Point", "coordinates": [ 18.59792717292142, -33.922647934751737 ] } },
{ "type": "Feature", "properties": { "name": "DARUL HUDA MASJID", "religion": "ISLAMIC", "building_type": "MOSQUE", "suburb": "SCHOTSCHEKLOOF" }, "geometry": { "type": "Point", "coordinates": [ 18.414120439220152, -33.921910909571352 ] } },
{ "type": "Feature", "properties": { "name": "OLD APOSTOLIC CHURCH OF AFRICA", "religion": "CHRISTIAN", "building_type": "CHURCH", "suburb": "THORNTON" }, "geometry": { "type": "Point", "coordinates": [ 18.538456770633179, -33.922519662962713 ] } },
{ "type": "Feature", "properties": { "name": "PENTECOSTAL CHRISTIAN CHURCH OF S.A.", "religion": "CHRISTIAN", "building_type": "CHURCH", "suburb": "AVONWOOD" }, "geometry": { "type": "Point", "coordinates": [ 18.577444266614986, -33.922827279828589 ] } },
{ "type": "Feature", "properties": { "name": "OWAL MOSQUE", "religion": "ISLAMIC", "building_type": "MOSQUE", "suburb": "SCHOTSCHEKLOOF" }, "geometry": { "type": "Point", "coordinates": [ 18.414881917730305, -33.92227998612173 ] } },
{ "type": "Feature", "properties": { "name": "MAITLAND PRESBYTERIAN CHURCH", "religion": "CHRISTIAN", "building_type": "CHURCH", "suburb": "MAITLAND" }, "geometry": { "type": "Point", "coordinates": [ 18.484705398278177, -33.922809181197913 ] } },
{ "type": "Feature", "properties": { "name": "NEW APOSTOLIC CHURCH OF S.A.", "religion": "CHRISTIAN", "building_type": "CHURCH", "suburb": "ELIM" }, "geometry": { "type": "Point", "coordinates": [ 18.68309151685115, -33.923850075055576 ] } },
{ "type": "Feature", "properties": { "name": "LIFE CHANGING MINISTRIES", "religion": "CHRISTIAN", "building_type": "CHURCH", "suburb": "RUYTERWACHT" }, "geometry": { "type": "Point", "coordinates": [ 18.560076866834205, -33.923446368458016 ] } },
{ "type": "Feature", "properties": { "name": "DIE RYNSE KERK", "religion": "CHRISTIAN", "building_type": "CHURCH", "suburb": "RAVENSMEAD" }, "geometry": { "type": "Point", "coordinates": [ 18.599752768767701, -33.923580214492191 ] } },
{ "type": "Feature", "properties": { "name": "NED. GER. SENDINGKERK - KUILS RIVER", "religion": "CHRISTIAN", "building_type": "CHURCH", "suburb": "ELIM" }, "geometry": { "type": "Point", "coordinates": [ 18.679073369653285, -33.924247070389278 ] } },
{ "type": "Feature", "properties": { "name": "MORAVIAN CHURCH IN S.A.", "religion": "CHRISTIAN", "building_type": "CHURCH", "suburb": "ELSIES RIVER" }, "geometry": { "type": "Point", "coordinates": [ 18.572527496010835, -33.923626022688339 ] } },
{ "type": "Feature", "properties": { "name": "NED. GER. SENDINKERK - MAITLAND", "religion": "CHRISTIAN", "building_type": "CHURCH", "suburb": "MAITLAND" }, "geometry": { "type": "Point", "coordinates": [ 18.485316643438516, -33.923556604484745 ] } },
{ "type": "Feature", "properties": { "name": "COMMUNITY OF FAITH CHURCH", "religion": "CHRISTIAN", "building_type": "CHURCH", "suburb": "ELSIES RIVER" }, "geometry": { "type": "Point", "coordinates": [ 18.571740854791283, -33.923863308213477 ] } },
{ "type": "Feature", "properties": { "name": "NEW APOSTOLIC CHURCH OF S.A.", "religion": "CHRISTIAN", "building_type": "CHURCH", "suburb": "ELSIES RIVER" }, "geometry": { "type": "Point", "coordinates": [ 18.572822044609349, -33.924264238454697 ] } },
{ "type": "Feature", "properties": { "name": "WESLEY METHODIST CHAPEL", "religion": "CHRISTIAN", "building_type": "CHURCH", "suburb": "RAVENSMEAD" }, "geometry": { "type": "Point", "coordinates": [ 18.59767515326342, -33.924167012833927 ] } },
{ "type": "Feature", "properties": { "name": "NEW APOSTOLIC CHURCH OF S.A.", "religion": "CHRISTIAN", "building_type": "CHURCH", "suburb": "RAVENSMEAD" }, "geometry": { "type": "Point", "coordinates": [ 18.602089977626143, -33.924562685100206 ] } },
{ "type": "Feature", "properties": { "name": "NEW APOSTOLIC CHURCH OF S.A.", "religion": "CHRISTIAN", "building_type": "CHURCH", "suburb": "VOELVLEI" }, "geometry": { "type": "Point", "coordinates": [ 18.667640298131559, -33.924905912544169 ] } },
{ "type": "Feature", "properties": { "name": "NOOR EL HAMEDIA MASJIED", "religion": "ISLAMIC", "building_type": "MOSQUE", "suburb": "CAPE TOWN CITY CENTRE" }, "geometry": { "type": "Point", "coordinates": [ 18.417412329951858, -33.923830997926402 ] } },
{ "type": "Feature", "properties": { "name": "ANGLICAN CHURCH OF THE HOLY REDEEMER", "religion": "CHRISTIAN", "building_type": "CHURCH", "suburb": "SEA POINT" }, "geometry": { "type": "Point", "coordinates": [ 18.383224722975957, -33.923798590724452 ] } },
{ "type": "Feature", "properties": { "name": "OLD APOSTOLIC CHURCH OF AFRICA", "religion": "CHRISTIAN", "building_type": "CHURCH", "suburb": "RAVENSMEAD" }, "geometry": { "type": "Point", "coordinates": [ 18.604069515966025, -33.924897756433239 ] } },
{ "type": "Feature", "properties": { "name": "APOSTOLIC FAITH MISSION OF S.A. - NORWOOD", "religion": "CHRISTIAN", "building_type": "CHURCH", "suburb": "ELSIES RIVER" }, "geometry": { "type": "Point", "coordinates": [ 18.574064971602763, -33.924837279539588 ] } },
{ "type": "Feature", "properties": { "name": "MORAVIAN CHURCH IN S.A.", "religion": "CHRISTIAN", "building_type": "CHURCH", "suburb": "RAVENSMEAD" }, "geometry": { "type": "Point", "coordinates": [ 18.598388485667606, -33.925026686551213 ] } },
{ "type": "Feature", "properties": { "name": "ELSIES RIVER ASSEMBLY CHURCH", "religion": "CHRISTIAN", "building_type": "CHURCH", "suburb": "ELSIES RIVER" }, "geometry": { "type": "Point", "coordinates": [ 18.571226855853702, -33.925115800569721 ] } },
{ "type": "Feature", "properties": { "name": "ST. GEORGE'S CATHEDRAL", "religion": "CHRISTIAN", "building_type": "CHURCH", "suburb": "CAPE TOWN CITY CENTRE" }, "geometry": { "type": "Point", "coordinates": [ 18.419416128194282, -33.924902536650791 ] } },
{ "type": "Feature", "properties": { "name": "NED. GER. SENDINGKERK - KAAPSTAD", "religion": "CHRISTIAN", "building_type": "CHURCH", "suburb": "CAPE TOWN CITY CENTRE" }, "geometry": { "type": "Point", "coordinates": [ 18.420893145370957, -33.924784953507711 ] } },
{ "type": "Feature", "properties": { "name": "LIVING WATERS CHRISTIAN CHURCH", "religion": "CHRISTIAN", "building_type": "CHURCH", "suburb": "CRAVENBY" }, "geometry": { "type": "Point", "coordinates": [ 18.588309628029975, -33.925716685108362 ] } },
{ "type": "Feature", "properties": { "name": "PALM TREE MASJIED", "religion": "ISLAMIC", "building_type": "MOSQUE", "suburb": "CAPE TOWN CITY CENTRE" }, "geometry": { "type": "Point", "coordinates": [ 18.416823773540642, -33.924781574627957 ] } },
{ "type": "Feature", "properties": { "name": "DIE CHRISTEN GEMEENTES", "religion": "CHRISTIAN", "building_type": "CHURCH", "suburb": "RAVENSMEAD" }, "geometry": { "type": "Point", "coordinates": [ 18.601738828876545, -33.925900478152478 ] } },
{ "type": "Feature", "properties": { "name": "HERSTIGTE PROTESTANTE SENDING KERK", "religion": "CHRISTIAN", "building_type": "CHURCH", "suburb": "ELSIES RIVER" }, "geometry": { "type": "Point", "coordinates": [ 18.576420446804217, -33.925980313444605 ] } },
{ "type": "Feature", "properties": { "name": "OLD APOSTOLIC CHURCH OF AFRICA", "religion": "CHRISTIAN", "building_type": "CHURCH", "suburb": "FLORIDA" }, "geometry": { "type": "Point", "coordinates": [ 18.595090127065866, -33.926081849045588 ] } },
{ "type": "Feature", "properties": { "name": "ST. PETER'S EVANGELICAL LUTHERAN CHURCH", "religion": "CHRISTIAN", "building_type": "CHURCH", "suburb": "RAVENSMEAD" }, "geometry": { "type": "Point", "coordinates": [ 18.598783854885394, -33.926343943000369 ] } },
{ "type": "Feature", "properties": { "name": "NED. GER. SENDINGKERK - ELSIESRIVIER", "religion": "CHRISTIAN", "building_type": "CHURCH", "suburb": "ELSIES RIVER" }, "geometry": { "type": "Point", "coordinates": [ 18.571187476406571, -33.926701998549525 ] } },
{ "type": "Feature", "properties": { "name": "ST. MARTINI LUTHERAN CHURCH", "religion": "CHRISTIAN", "building_type": "CHURCH", "suburb": "CAPE TOWN CITY CENTRE" }, "geometry": { "type": "Point", "coordinates": [ 18.4144738643007, -33.926281547772682 ] } },
{ "type": "Feature", "properties": { "name": "COOWATOOL ISLAM MASJID", "religion": "ISLAMIC", "building_type": "MOSQUE", "suburb": "CAPE TOWN CITY CENTRE" }, "geometry": { "type": "Point", "coordinates": [ 18.413604014831307, -33.926224637029939 ] } },
{ "type": "Feature", "properties": { "name": "NEW APOSTOLIC CHURCH OF S.A.", "religion": "CHRISTIAN", "building_type": "CHURCH", "suburb": "FLORIDA" }, "geometry": { "type": "Point", "coordinates": [ 18.59354438697331, -33.927113408082327 ] } },
{ "type": "Feature", "properties": { "name": "CHRISTIAN BRETHEREN - ELIM HALL", "religion": "CHRISTIAN", "building_type": "CHURCH", "suburb": "CAPE TOWN CITY CENTRE" }, "geometry": { "type": "Point", "coordinates": [ 18.423170529126434, -33.926416451521028 ] } },
{ "type": "Feature", "properties": { "name": "STAD MISSION KAPSTADT", "religion": "CHRISTIAN", "building_type": "CHURCH", "suburb": "TAMBOERSKLOOF" }, "geometry": { "type": "Point", "coordinates": [ 18.404462536616244, -33.926492241892483 ] } },
{ "type": "Feature", "properties": { "name": "SEVENTH-DAY ADVENTIST CHURCH", "religion": "CHRISTIAN", "building_type": "CHURCH", "suburb": "ELSIES RIVER" }, "geometry": { "type": "Point", "coordinates": [ 18.578871860281353, -33.927620096469951 ] } },
{ "type": "Feature", "properties": { "name": "NEW APOSTOLIC CHURCH OF S.A.", "religion": "CHRISTIAN", "building_type": "CHURCH", "suburb": "AVONWOOD" }, "geometry": { "type": "Point", "coordinates": [ 18.579657223198264, -33.92756685683122 ] } },
{ "type": "Feature", "properties": { "name": "SULAIMANEYAH MASJID", "religion": "ISLAMIC", "building_type": "MOSQUE", "suburb": "WOODSTOCK" }, "geometry": { "type": "Point", "coordinates": [ 18.445334410603234, -33.927072946852199 ] } },
{ "type": "Feature", "properties": { "name": "NEW APOSTOLIC CHURCH OF S.A.", "religion": "CHRISTIAN", "building_type": "CHURCH", "suburb": "CRAVENBY" }, "geometry": { "type": "Point", "coordinates": [ 18.58862728399253, -33.927737528861584 ] } },
{ "type": "Feature", "properties": { "name": "PENTECOSTAL RAPHA MINISTRIES INTERNATIONAL", "religion": "CHRISTIAN", "building_type": "CHURCH", "suburb": "AVONWOOD" }, "geometry": { "type": "Point", "coordinates": [ 18.582816918751071, -33.927899851676003 ] } },
{ "type": "Feature", "properties": { "name": "ST. MARY THE VIRGIN ANGLICAN CHURCH", "religion": "CHRISTIAN", "building_type": "CHURCH", "suburb": "WOODSTOCK" }, "geometry": { "type": "Point", "coordinates": [ 18.446488722387137, -33.926753894811071 ] } },
{ "type": "Feature", "properties": { "name": "SENDING VIR CHRISTUS KERK BET-EL", "religion": "CHRISTIAN", "building_type": "CHURCH", "suburb": "FLORIDA" }, "geometry": { "type": "Point", "coordinates": [ 18.596758649789734, -33.928043555650774 ] } },
{ "type": "Feature", "properties": { "name": "KUILS RIVER COMMUNITY CHURCH", "religion": "CHRISTIAN", "building_type": "CHURCH", "suburb": "AMANDELSIG" }, "geometry": { "type": "Point", "coordinates": [ 18.695284511000956, -33.928820476128706 ] } },
{ "type": "Feature", "properties": { "name": "MASONIC CENTRE", "religion": "MASONIC", "building_type": "LODGE", "suburb": "PINELANDS" }, "geometry": { "type": "Point", "coordinates": [ 18.520408376900122, -33.928156611412504 ] } },
{ "type": "Feature", "properties": { "name": "CHRISTIAN UNITED CHURCH OF S.A.", "religion": "CHRISTIAN", "building_type": "CHURCH", "suburb": "ELSIES RIVER" }, "geometry": { "type": "Point", "coordinates": [ 18.576689344009786, -33.928370263718307 ] } },
{ "type": "Feature", "properties": { "name": "INDEPENDENT LUTHERAN MISSION CHURCH OF S.A.", "religion": "CHRISTIAN", "building_type": "CHURCH", "suburb": "ELSIES RIVER" }, "geometry": { "type": "Point", "coordinates": [ 18.577186716029757, -33.928480195973037 ] } },
{ "type": "Feature", "properties": { "name": "ST. AGNES CATHOLIC CHURCH", "religion": "CHRISTIAN", "building_type": "CHURCH", "suburb": "WOODSTOCK" }, "geometry": { "type": "Point", "coordinates": [ 18.45303036208394, -33.928650705175038 ] } },
{ "type": "Feature", "properties": { "name": "CAPE TOWN BAPTIST CHURCH", "religion": "CHRISTIAN", "building_type": "CHURCH", "suburb": "GARDENS" }, "geometry": { "type": "Point", "coordinates": [ 18.413315168738229, -33.928132337061086 ] } },
{ "type": "Feature", "properties": { "name": "DE GOEDE HOOP TEMPLE", "religion": "MASONIC", "building_type": "LODGE", "suburb": "CAPE TOWN CITY CENTRE" }, "geometry": { "type": "Point", "coordinates": [ 18.418018491546022, -33.928609811619594 ] } },
{ "type": "Feature", "properties": { "name": "UNITING PRESBYTERIAN CHURCH IN S.A.", "religion": "CHRISTIAN", "building_type": "CHURCH", "suburb": "WOODSTOCK" }, "geometry": { "type": "Point", "coordinates": [ 18.450294674938487, -33.928251732784823 ] } },
{ "type": "Feature", "properties": { "name": "NEW APOSTOLIC CHURCH OF S.A.", "religion": "CHRISTIAN", "building_type": "CHURCH", "suburb": "ELSIES RIVER" }, "geometry": { "type": "Point", "coordinates": [ 18.568793395207489, -33.929103754426855 ] } },
{ "type": "Feature", "properties": { "name": "ST. NICHOLAS ANGLICAN CHURCH", "religion": "CHRISTIAN", "building_type": "CHURCH", "suburb": "ELSIES RIVER" }, "geometry": { "type": "Point", "coordinates": [ 18.574662173400277, -33.929367820238923 ] } },
{ "type": "Feature", "properties": { "name": "ST. GEORGE THE MARTYR ANGLICAN CHURCH", "religion": "CHRISTIAN", "building_type": "CHURCH", "suburb": "DES HAMPDEN" }, "geometry": { "type": "Point", "coordinates": [ 18.669403577846559, -33.929621938489184 ] } },
{ "type": "Feature", "properties": { "name": "SALT RIVER METHODIST CHURCH", "religion": "CHRISTIAN", "building_type": "CHURCH", "suburb": "SALT RIVER" }, "geometry": { "type": "Point", "coordinates": [ 18.460086030362699, -33.929344484635926 ] } },
{ "type": "Feature", "properties": { "name": "NED. GER. SENDINKERK - TAFELBERG", "religion": "CHRISTIAN", "building_type": "CHURCH", "suburb": "ZONNEBLOEM" }, "geometry": { "type": "Point", "coordinates": [ 18.422801157152978, -33.928710779847442 ] } },
{ "type": "Feature", "properties": { "name": "NORWOOD METHODIST CHURCH", "religion": "CHRISTIAN", "building_type": "CHURCH", "suburb": "ELSIES RIVER" }, "geometry": { "type": "Point", "coordinates": [ 18.576071795371082, -33.929434821737289 ] } },
{ "type": "Feature", "properties": { "name": "ZEENATUL ISLAM MASJID", "religion": "ISLAMIC", "building_type": "MOSQUE", "suburb": "ZONNEBLOEM" }, "geometry": { "type": "Point", "coordinates": [ 18.432083320524708, -33.928916786353817 ] } },
{ "type": "Feature", "properties": { "name": "OLD APOSTOLIC CHURCH OF AFRICA", "religion": "CHRISTIAN", "building_type": "CHURCH", "suburb": "KLIPDAM" }, "geometry": { "type": "Point", "coordinates": [ 18.682505870981462, -33.930247327357932 ] } },
{ "type": "Feature", "properties": { "name": "ST. PHILIPS ANGLICAN CHURCH", "religion": "CHRISTIAN", "building_type": "CHURCH", "suburb": "ZONNEBLOEM" }, "geometry": { "type": "Point", "coordinates": [ 18.437994652810797, -33.929303583960035 ] } },
{ "type": "Feature", "properties": { "name": "NED. GER. SENDINKERK", "religion": "CHRISTIAN", "building_type": "CHURCH", "suburb": "SAREPTA" }, "geometry": { "type": "Point", "coordinates": [ 18.665037989246247, -33.930866355352158 ] } },
{ "type": "Feature", "properties": { "name": "ALPHA & OMEGA MINISTRIES INTERNATIONAL", "religion": "CHRISTIAN", "building_type": "CHURCH", "suburb": "PINELANDS" }, "geometry": { "type": "Point", "coordinates": [ 18.520936385064577, -33.929760078484556 ] } },
{ "type": "Feature", "properties": { "name": "NED. GER. SENDINGKERK - KAAPSTAD", "religion": "CHRISTIAN", "building_type": "CHURCH", "suburb": "GARDENS" }, "geometry": { "type": "Point", "coordinates": [ 18.411422647504988, -33.929558631113231 ] } },
{ "type": "Feature", "properties": { "name": "SIDDIQUE MASJID", "religion": "ISLAMIC", "building_type": "MOSQUE", "suburb": "ELSIES RIVER" }, "geometry": { "type": "Point", "coordinates": [ 18.572142179839396, -33.930109523560027 ] } },
{ "type": "Feature", "properties": { "name": "THE UNITED CONGREGATIONAL CHURCH OF S.A.", "religion": "CHRISTIAN", "building_type": "CHURCH", "suburb": "ZONNEBLOEM" }, "geometry": { "type": "Point", "coordinates": [ 18.422732433338798, -33.929254490302888 ] } },
{ "type": "Feature", "properties": { "name": "CHURCH OF GOD IN S.A.", "religion": "CHRISTIAN", "building_type": "CHURCH", "suburb": "CONNAUGHT" }, "geometry": { "type": "Point", "coordinates": [ 18.592255159013536, -33.930367264220173 ] } },
{ "type": "Feature", "properties": { "name": "WESTERN CAPE CHRISTIAN CENTRE NETWORK", "religion": "CHRISTIAN", "building_type": "CHURCH", "suburb": "ELSIES RIVER" }, "geometry": { "type": "Point", "coordinates": [ 18.577360644241814, -33.9305265939321 ] } },
{ "type": "Feature", "properties": { "name": "INDEPENDENT CONGREGATIONAL CHURCH OF S. A.", "religion": "CHRISTIAN", "building_type": "CHURCH", "suburb": "UITSIG" }, "geometry": { "type": "Point", "coordinates": [ 18.59921075407134, -33.930303388698007 ] } },
{ "type": "Feature", "properties": { "name": "OLD APOSTOLIC CHURCH OF AFRICA", "religion": "CHRISTIAN", "building_type": "CHURCH", "suburb": "DES HAMPDEN" }, "geometry": { "type": "Point", "coordinates": [ 18.669595284616399, -33.930638565648067 ] } },
{ "type": "Feature", "properties": { "name": "CHRISTELIKE EVANGELIE SENDINGKERK VAN S.A.", "religion": "CHRISTIAN", "building_type": "CHURCH", "suburb": "BALVENIE" }, "geometry": { "type": "Point", "coordinates": [ 18.581197303006213, -33.930686256514846 ] } },
{ "type": "Feature", "properties": { "name": "KOINONIA CELEBRATION CENTRE - A.F.M. OF S.A.", "religion": "CHRISTIAN", "building_type": "CHURCH", "suburb": "BALVENIE" }, "geometry": { "type": "Point", "coordinates": [ 18.582431237863645, -33.930853815705682 ] } },
{ "type": "Feature", "properties": { "name": "KINGDOM HALL OF JEHOVAH'S WITNESSES - ELSIES RIVER", "religion": "CHRISTIAN", "building_type": "CHURCH", "suburb": "BALVENIE" }, "geometry": { "type": "Point", "coordinates": [ 18.580051217993699, -33.931023658292695 ] } },
{ "type": "Feature", "properties": { "name": "NURUL ISLAM MASJID", "religion": "ISLAMIC", "building_type": "MOSQUE", "suburb": "SALT RIVER" }, "geometry": { "type": "Point", "coordinates": [ 18.460398473401696, -33.930761335010523 ] } },
{ "type": "Feature", "properties": { "name": "REFORMED OLD APOSTOLIC CHURCH", "religion": "CHRISTIAN", "building_type": "CHURCH", "suburb": "ELSIES RIVER" }, "geometry": { "type": "Point", "coordinates": [ 18.576409011250636, -33.931296720356208 ] } },
{ "type": "Feature", "properties": { "name": "UNIVERSAL CHURCH OF CHRIST IN S.A.", "religion": "CHRISTIAN", "building_type": "CHURCH", "suburb": "BALVENIE" }, "geometry": { "type": "Point", "coordinates": [ 18.580125562566614, -33.931432807211031 ] } },
{ "type": "Feature", "properties": { "name": "OLD APOSTOLIC CHURCH OF AFRICA", "religion": "CHRISTIAN", "building_type": "CHURCH", "suburb": "UITSIG" }, "geometry": { "type": "Point", "coordinates": [ 18.595315022992171, -33.931428716052068 ] } },
{ "type": "Feature", "properties": { "name": "WESLEYAN METHODIST CHURCH OF S.A.", "religion": "CHRISTIAN", "building_type": "CHURCH", "suburb": "SALT RIVER" }, "geometry": { "type": "Point", "coordinates": [ 18.458764422628512, -33.93097348115478 ] } },
{ "type": "Feature", "properties": { "name": "PENTECOSTAL MISSION CHURCH OF S.A.", "religion": "CHRISTIAN", "building_type": "CHURCH", "suburb": "OBSERVATORY" }, "geometry": { "type": "Point", "coordinates": [ 18.465851899353193, -33.931139341149972 ] } },
{ "type": "Feature", "properties": { "name": "NED. GER. SENDINKERK - KUILS RIVIER-SUID", "religion": "CHRISTIAN", "building_type": "CHURCH", "suburb": "KLIPDAM" }, "geometry": { "type": "Point", "coordinates": [ 18.686777628753717, -33.932120740732685 ] } },
{ "type": "Feature", "properties": { "name": "MOEGAMMADIYAH MASJID", "religion": "CHRISTIAN", "building_type": "MOSQUE", "suburb": "SALT RIVER" }, "geometry": { "type": "Point", "coordinates": [ 18.464886239168841, -33.931277864024487 ] } },
{ "type": "Feature", "properties": { "name": "NED. GER. SENDINGKERK - KAAPSTAD", "religion": "CHRISTIAN", "building_type": "CHURCH", "suburb": "GARDENS" }, "geometry": { "type": "Point", "coordinates": [ 18.41613068467138, -33.931282535064476 ] } },
{ "type": "Feature", "properties": { "name": "UNITING PRESBYTERIAN CHURCH", "religion": "CHRISTIAN", "building_type": "CHURCH", "suburb": "CONNAUGHT" }, "geometry": { "type": "Point", "coordinates": [ 18.586703602897039, -33.932072610923257 ] } },
{ "type": "Feature", "properties": { "name": "DIE ALGEMENE SENDING KERK VAN S.A.", "religion": "CHRISTIAN", "building_type": "CHURCH", "suburb": "BALVENIE" }, "geometry": { "type": "Point", "coordinates": [ 18.579084917310546, -33.93203352495145 ] } },
{ "type": "Feature", "properties": { "name": "WOODSTOCK METHODIST CHURCH", "religion": "CHRISTIAN", "building_type": "CHURCH", "suburb": "WOODSTOCK" }, "geometry": { "type": "Point", "coordinates": [ 18.453290436036784, -33.931728343547256 ] } },
{ "type": "Feature", "properties": { "name": "SEVENTH-DAY ADVENTIST CHURCH - UITSIG", "religion": "CHRISTIAN", "building_type": "CHURCH", "suburb": "UITSIG" }, "geometry": { "type": "Point", "coordinates": [ 18.595929707801766, -33.932191261754859 ] } },
{ "type": "Feature", "properties": { "name": "NED. GER. SENDINGKERK - KAAPSTAD", "religion": "CHRISTIAN", "building_type": "CHURCH", "suburb": "GARDENS" }, "geometry": { "type": "Point", "coordinates": [ 18.413185396315669, -33.931675573801982 ] } },
{ "type": "Feature", "properties": { "name": "ST. BARNABAS ANGLICAN CHURCH", "religion": "CHRISTIAN", "building_type": "CHURCH", "suburb": "GARDENS" }, "geometry": { "type": "Point", "coordinates": [ 18.406433898490405, -33.931624474322128 ] } },
{ "type": "Feature", "properties": { "name": "ST. NINIAN CATHOLIC CHURCH", "religion": "CHRISTIAN", "building_type": "CHURCH", "suburb": "DE KUILEN" }, "geometry": { "type": "Point", "coordinates": [ 18.680285009223656, -33.9325981839877 ] } },
{ "type": "Feature", "properties": { "name": "UNITED REFORMED CHURCH IN S.A. - GOODWOOD", "religion": "CHRISTIAN", "building_type": "CHURCH", "suburb": "BALVENIE" }, "geometry": { "type": "Point", "coordinates": [ 18.580318178431522, -33.932918972357442 ] } },
{ "type": "Feature", "properties": { "name": "HIS PEOPLE CHURCH CITY BOWL", "religion": "CHRISTIAN", "building_type": "CHURCH", "suburb": "GARDENS" }, "geometry": { "type": "Point", "coordinates": [ 18.417878604991675, -33.931835272242722 ] } },
{ "type": "Feature", "properties": { "name": "ASSEMBLY OF GOD - KUILS RIVER", "religion": "CHRISTIAN", "building_type": "CHURCH", "suburb": "SAREPTA" }, "geometry": { "type": "Point", "coordinates": [ 18.669932724176466, -33.932905575889599 ] } },
{ "type": "Feature", "properties": { "name": "GREEK OTHODOX CATHEDRAL OF ST. GEORGE", "religion": "CHRISTIAN", "building_type": "CHURCH", "suburb": "WOODSTOCK" }, "geometry": { "type": "Point", "coordinates": [ 18.449854934335569, -33.93232192863163 ] } },
{ "type": "Feature", "properties": { "name": "UNITED PENTECOSTAL MISSION CHURCH", "religion": "CHRISTIAN", "building_type": "CHURCH", "suburb": "CONNAUGHT" }, "geometry": { "type": "Point", "coordinates": [ 18.587502214167746, -33.932785459997184 ] } },
{ "type": "Feature", "properties": { "name": "AFRICAN METHODIST EPISCOPAL CHURCH", "religion": "CHRISTIAN", "building_type": "CHURCH", "suburb": "SALT RIVER" }, "geometry": { "type": "Point", "coordinates": [ 18.4643739703865, -33.932278220980933 ] } },
{ "type": "Feature", "properties": { "name": "NEW APOSTOLIC CHURCH OF S.A.", "religion": "CHRISTIAN", "building_type": "CHURCH", "suburb": "WOODSTOCK" }, "geometry": { "type": "Point", "coordinates": [ 18.455416092544141, -33.932423106368176 ] } },
{ "type": "Feature", "properties": { "name": "MASJIEDU GALEELIER RAHMAAN", "religion": "ISLAMIC", "building_type": "MOSQUE", "suburb": "ZONNEBLOEM" }, "geometry": { "type": "Point", "coordinates": [ 18.430114996752827, -33.932378382885375 ] } },
{ "type": "Feature", "properties": { "name": "BAPTIST CHURCH", "religion": "CHRISTIAN", "building_type": "CHURCH", "suburb": "CONNAUGHT" }, "geometry": { "type": "Point", "coordinates": [ 18.589956301031211, -33.933169997357908 ] } },
{ "type": "Feature", "properties": { "name": "REFORMED GOSPEL MISSION CHURCH", "religion": "CHRISTIAN", "building_type": "CHURCH", "suburb": "THE RANGE" }, "geometry": { "type": "Point", "coordinates": [ 18.569906499472673, -33.933229607488251 ] } },
{ "type": "Feature", "properties": { "name": "HOLY CROSS CATHOLIC CHURCH", "religion": "CHRISTIAN", "building_type": "CHURCH", "suburb": "ZONNEBLOEM" }, "geometry": { "type": "Point", "coordinates": [ 18.439650301778364, -33.932909959144958 ] } },
{ "type": "Feature", "properties": { "name": "CHRIST THE KING CATHOLIC CHURCH", "religion": "CHRISTIAN", "building_type": "CHURCH", "suburb": "PINELANDS" }, "geometry": { "type": "Point", "coordinates": [ 18.50325204527849, -33.933479807249313 ] } },
{ "type": "Feature", "properties": { "name": "KINGDOM HALL OF JEHOVAH'S WITNESSES - KUILS RIVER", "religion": "CHRISTIAN", "building_type": "CHURCH", "suburb": "SAREPTA" }, "geometry": { "type": "Point", "coordinates": [ 18.674358643631273, -33.933911436518152 ] } },
{ "type": "Feature", "properties": { "name": "EVANGELICAL LUTHERAN CHURCH - EUREKA", "religion": "CHRISTIAN", "building_type": "CHURCH", "suburb": "CONNAUGHT" }, "geometry": { "type": "Point", "coordinates": [ 18.587375655917267, -33.933867629810834 ] } },
{ "type": "Feature", "properties": { "name": "PRESBYTERIAN CHURCH - GARDENS", "religion": "CHRISTIAN", "building_type": "CHURCH", "suburb": "GARDENS" }, "geometry": { "type": "Point", "coordinates": [ 18.414150929837533, -33.933253353444321 ] } },
{ "type": "Feature", "properties": { "name": "UNIVERSAL PENTECOSTAL MISSION CHURCH", "religion": "CHRISTIAN", "building_type": "CHURCH", "suburb": "UITSIG" }, "geometry": { "type": "Point", "coordinates": [ 18.602262946437467, -33.934081026308107 ] } },
{ "type": "Feature", "properties": { "name": "PEOPLE FOR CHRIST CHURCH", "religion": "CHRISTIAN", "building_type": "CHURCH", "suburb": "THE RANGE" }, "geometry": { "type": "Point", "coordinates": [ 18.567583780439776, -33.934370312211421 ] } },
{ "type": "Feature", "properties": { "name": "CHURCH OF THE ASCENSION ANGLICAN CHURCH", "religion": "CHRISTIAN", "building_type": "CHURCH", "suburb": "VREDEHOEK" }, "geometry": { "type": "Point", "coordinates": [ 18.426202870521401, -33.934168519485105 ] } },
{ "type": "Feature", "properties": { "name": "OLD APOSTOLIC CHURCH OF AFRICA", "religion": "CHRISTIAN", "building_type": "CHURCH", "suburb": "THE RANGE" }, "geometry": { "type": "Point", "coordinates": [ 18.57023288795811, -33.934781711534079 ] } },
{ "type": "Feature", "properties": { "name": "GOSPEL HALL CHURCH", "religion": "CHRISTIAN", "building_type": "CHURCH", "suburb": "ELNOR" }, "geometry": { "type": "Point", "coordinates": [ 18.581198342356988, -33.935143156288866 ] } },
{ "type": "Feature", "properties": { "name": "INDEPENDENT DUTCH MISSION CHURCH", "religion": "CHRISTIAN", "building_type": "CHURCH", "suburb": "ELNOR" }, "geometry": { "type": "Point", "coordinates": [ 18.58249912175301, -33.935236780739764 ] } },
{ "type": "Feature", "properties": { "name": "OLD APOSTOLIC CHURCH OF AFRICA", "religion": "CHRISTIAN", "building_type": "CHURCH", "suburb": "EUREKA ESTATE" }, "geometry": { "type": "Point", "coordinates": [ 18.591613252555899, -33.935304194245688 ] } },
{ "type": "Feature", "properties": { "name": "NEW APOSTOLIC CHURCH OF S.A.", "religion": "CHRISTIAN", "building_type": "CHURCH", "suburb": "MAITLAND GARDEN VILLAGE" }, "geometry": { "type": "Point", "coordinates": [ 18.485688943919808, -33.934791269368837 ] } },
{ "type": "Feature", "properties": { "name": "APOSTOLIC FAITH MISSION OF S.A.", "religion": "CHRISTIAN", "building_type": "CHURCH", "suburb": "UITSIG" }, "geometry": { "type": "Point", "coordinates": [ 18.601505496871361, -33.935263265129201 ] } },
{ "type": "Feature", "properties": { "name": "APOSTOLIC FAITH MISSION CITY CHURCH", "religion": "CHRISTIAN", "building_type": "CHURCH", "suburb": "VREDEHOEK" }, "geometry": { "type": "Point", "coordinates": [ 18.424240407358486, -33.934534981292458 ] } },
{ "type": "Feature", "properties": { "name": "KUILS RIVER MOSQUE", "religion": "ISLAMIC", "building_type": "MOSQUE", "suburb": "OAKDENE" }, "geometry": { "type": "Point", "coordinates": [ 18.673488746551165, -33.935725373357691 ] } },
{ "type": "Feature", "properties": { "name": "OLD APOSTOLIC CHURCH OF AFRICA", "religion": "CHRISTIAN", "building_type": "CHURCH", "suburb": "WOODSTOCK" }, "geometry": { "type": "Point", "coordinates": [ 18.451827358916699, -33.934773702449306 ] } },
{ "type": "Feature", "properties": { "name": "BETHEL TABERNACLE COMMUNITY CHURCH", "religion": "CHRISTIAN", "building_type": "CHURCH", "suburb": "EUREKA ESTATE" }, "geometry": { "type": "Point", "coordinates": [ 18.590923424571137, -33.935370755071297 ] } },
{ "type": "Feature", "properties": { "name": "FULL GOSPEL CHURCH OF GOD - EBENEZER TABERNACLE", "religion": "CHRISTIAN", "building_type": "CHURCH", "suburb": "BALVENIE" }, "geometry": { "type": "Point", "coordinates": [ 18.58601443247905, -33.935466817901549 ] } },
{ "type": "Feature", "properties": { "name": "SAREPTA METHODIST CHURCH", "religion": "CHRISTIAN", "building_type": "CHURCH", "suburb": "SAREPTA" }, "geometry": { "type": "Point", "coordinates": [ 18.666991843853847, -33.935909777562294 ] } },
{ "type": "Feature", "properties": { "name": "NEW APOSTOLIC CHURCH OF S.A.", "religion": "CHRISTIAN", "building_type": "CHURCH", "suburb": "ELNOR" }, "geometry": { "type": "Point", "coordinates": [ 18.582907236268081, -33.935555871061659 ] } },
{ "type": "Feature", "properties": { "name": "NED. GER. SENDINKERK - UITSIG", "religion": "CHRISTIAN", "building_type": "CHURCH", "suburb": "UITSIG" }, "geometry": { "type": "Point", "coordinates": [ 18.598546554123303, -33.935651016963035 ] } },
{ "type": "Feature", "properties": { "name": "WESLEYAN METHODIST CHURCH OF S.A.", "religion": "CHRISTIAN", "building_type": "CHURCH", "suburb": "MAITLAND GARDEN VILLAGE" }, "geometry": { "type": "Point", "coordinates": [ 18.486150255767662, -33.935289899316508 ] } },
{ "type": "Feature", "properties": { "name": "NEW APOSTOLIC CHURCH OF S.A.", "religion": "CHRISTIAN", "building_type": "CHURCH", "suburb": "EUREKA ESTATE" }, "geometry": { "type": "Point", "coordinates": [ 18.591477003280133, -33.93580836919903 ] } },
{ "type": "Feature", "properties": { "name": "SHILOH SANCTUARY PENTECOSTAL CHURCH", "religion": "CHRISTIAN", "building_type": "CHURCH", "suburb": "OBSERVATORY" }, "geometry": { "type": "Point", "coordinates": [ 18.466051914641092, -33.93588672249362 ] } },
{ "type": "Feature", "properties": { "name": "INDEPENDENT DOCKS MISSION CHURCH", "religion": "CHRISTIAN", "building_type": "CHURCH", "suburb": "UITSIG" }, "geometry": { "type": "Point", "coordinates": [ 18.600421724396838, -33.936563657523742 ] } },
{ "type": "Feature", "properties": { "name": "PENTECOSTAL PROTESTANT CHURCH", "religion": "CHRISTIAN", "building_type": "CHURCH", "suburb": "THE RANGE" }, "geometry": { "type": "Point", "coordinates": [ 18.572231229833498, -33.936536376820449 ] } },
{ "type": "Feature", "properties": { "name": "ST. ANDREWS ANGLICAN CHURCH - EUREKA", "religion": "CHRISTIAN", "building_type": "CHURCH", "suburb": "EUREKA ESTATE" }, "geometry": { "type": "Point", "coordinates": [ 18.590936759163217, -33.936924902429901 ] } },
{ "type": "Feature", "properties": { "name": "ST. ANNE'S ANGLICAN CHURCH", "religion": "CHRISTIAN", "building_type": "CHURCH", "suburb": "MAITLAND GARDEN VILLAGE" }, "geometry": { "type": "Point", "coordinates": [ 18.488265110033719, -33.936443499092384 ] } },
{ "type": "Feature", "properties": { "name": "NED. GER. SENDINKERK - ELSIESRIVIER", "religion": "CHRISTIAN", "building_type": "CHURCH", "suburb": "CLARKES ESTATE" }, "geometry": { "type": "Point", "coordinates": [ 18.579359586191828, -33.937306392254335 ] } },
{ "type": "Feature", "properties": { "name": "AFRICAN METHODIST EPISCOPAL CHURCH", "religion": "CHRISTIAN", "building_type": "CHURCH", "suburb": "ADRIAANSE" }, "geometry": { "type": "Point", "coordinates": [ 18.585541244903133, -33.937472760869305 ] } },
{ "type": "Feature", "properties": { "name": "THE APOSTOLIC CHURCH - APOSTLE UNITY", "religion": "CHRISTIAN", "building_type": "CHURCH", "suburb": "UITSIG" }, "geometry": { "type": "Point", "coordinates": [ 18.601220208106792, -33.93746253481487 ] } },
{ "type": "Feature", "properties": { "name": "KINGDOM HALL OF JEHOVAH'S WITNESSES - VREDEHOEK", "religion": "CHRISTIAN", "building_type": "CHURCH", "suburb": "VREDEHOEK" }, "geometry": { "type": "Point", "coordinates": [ 18.418839996381788, -33.937002212783042 ] } },
{ "type": "Feature", "properties": { "name": "OBSERVATORY METHODIST CHURCH", "religion": "CHRISTIAN", "building_type": "CHURCH", "suburb": "OBSERVATORY" }, "geometry": { "type": "Point", "coordinates": [ 18.465988315715588, -33.937396120209797 ] } },
{ "type": "Feature", "properties": { "name": "NEW APOSTOLIC CHURCH OF S.A.", "religion": "CHRISTIAN", "building_type": "CHURCH", "suburb": "SAREPTA" }, "geometry": { "type": "Point", "coordinates": [ 18.665403531701674, -33.938274536800201 ] } },
{ "type": "Feature", "properties": { "name": "NEW APOSTOLIC CHURCH OF S.A.", "religion": "CHRISTIAN", "building_type": "CHURCH", "suburb": "BELHAR EXT 23" }, "geometry": { "type": "Point", "coordinates": [ 18.644502495563064, -33.938163126630812 ] } },
{ "type": "Feature", "properties": { "name": "NEW APOSTOLIC CHURCH OF S.A.", "religion": "CHRISTIAN", "building_type": "CHURCH", "suburb": "ADRIAANSE" }, "geometry": { "type": "Point", "coordinates": [ 18.586479012397881, -33.938108292722958 ] } },
{ "type": "Feature", "properties": { "name": "CALVARY BAPTIST MISSION CHURCH", "religion": "CHRISTIAN", "building_type": "CHURCH", "suburb": "EUREKA ESTATE" }, "geometry": { "type": "Point", "coordinates": [ 18.592325934579819, -33.93824549853403 ] } },
{ "type": "Feature", "properties": { "name": "METHODIST CHURCH OF S.A.", "religion": "CHRISTIAN", "building_type": "CHURCH", "suburb": "PINELANDS" }, "geometry": { "type": "Point", "coordinates": [ 18.499474992428162, -33.938102338686342 ] } },
{ "type": "Feature", "properties": { "name": "APOSTOLIC FAITH MISSION OF S.A.", "religion": "CHRISTIAN", "building_type": "CHURCH", "suburb": "CLARKES ESTATE" }, "geometry": { "type": "Point", "coordinates": [ 18.579143402127141, -33.939297706973122 ] } },
{ "type": "Feature", "properties": { "name": "KINGDOM HALL OF JEHOVAH'S WITNESSES - OBSERVATORY", "religion": "CHRISTIAN", "building_type": "CHURCH", "suburb": "OBSERVATORY" }, "geometry": { "type": "Point", "coordinates": [ 18.467226159142822, -33.939270270639362 ] } },
{ "type": "Feature", "properties": { "name": "REFORMED OLD APOSTOLIC CHURCH OF AFRICA", "religion": "CHRISTIAN", "building_type": "CHURCH", "suburb": "BELHAR EXT 23" }, "geometry": { "type": "Point", "coordinates": [ 18.643883840199933, -33.940088318835897 ] } },
{ "type": "Feature", "properties": { "name": "THE LOGOS ASSEMBLIES OF GOD - KUILS RIVER", "religion": "CHRISTIAN", "building_type": "CHURCH", "suburb": "SAREPTA" }, "geometry": { "type": "Point", "coordinates": [ 18.672040405395006, -33.940389615797599 ] } },
{ "type": "Feature", "properties": { "name": "RHENISH CHURCH", "religion": "CHRISTIAN", "building_type": "CHURCH", "suburb": "MATROOSFONTEIN" }, "geometry": { "type": "Point", "coordinates": [ 18.568774372483052, -33.939823254075435 ] } },
{ "type": "Feature", "properties": { "name": "NEW APOSTOLIC CHURCH OF S.A.", "religion": "CHRISTIAN", "building_type": "CHURCH", "suburb": "MATROOSFONTEIN" }, "geometry": { "type": "Point", "coordinates": [ 18.574068809205663, -33.939861951915489 ] } },
{ "type": "Feature", "properties": { "name": "CHURCH OF THE NAZARENE", "religion": "CHRISTIAN", "building_type": "CHURCH", "suburb": "MATROOSFONTEIN" }, "geometry": { "type": "Point", "coordinates": [ 18.572397793656879, -33.940019472996759 ] } },
{ "type": "Feature", "properties": { "name": "OW-WAL MASJIED", "religion": "ISLAMIC", "building_type": "MOSQUE", "suburb": "BELHAR EXT 17 ERICA" }, "geometry": { "type": "Point", "coordinates": [ 18.617836403409356, -33.94061439764311 ] } },
{ "type": "Feature", "properties": { "name": "SEVENTH-DAY ADVENTIST CHURCH - BELHAR", "religion": "CHRISTIAN", "building_type": "CHURCH", "suburb": "BELHAR EXT 17 ERICA" }, "geometry": { "type": "Point", "coordinates": [ 18.62561431717657, -33.940805572341091 ] } },
{ "type": "Feature", "properties": { "name": "CALVINIST PROTESTANT CONGREGATION - MATROOSFONTEIN", "religion": "CHRISTIAN", "building_type": "CHURCH", "suburb": "CLARKES ESTATE" }, "geometry": { "type": "Point", "coordinates": [ 18.583882579392849, -33.941000895438876 ] } },
{ "type": "Feature", "properties": { "name": "OUR LADY OF THE BLESSED SACRAMENT CATHOLIC CHAPEL", "religion": "CHRISTIAN", "building_type": "CHURCH", "suburb": "PINELANDS" }, "geometry": { "type": "Point", "coordinates": [ 18.496888466942387, -33.940570134560261 ] } },
{ "type": "Feature", "properties": { "name": "MORAVIAN CHURCH", "religion": "CHRISTIAN", "building_type": "CHURCH", "suburb": "LANGA" }, "geometry": { "type": "Point", "coordinates": [ 18.524742813723019, -33.940792621286519 ] } },
{ "type": "Feature", "properties": { "name": "UNITING REFORMED CHURCH IN S.A.", "religion": "CHRISTIAN", "building_type": "CHURCH", "suburb": "BELHAR EXT 17 ERICA" }, "geometry": { "type": "Point", "coordinates": [ 18.62192048964403, -33.941173228542986 ] } },
{ "type": "Feature", "properties": { "name": "OLD APOSTOLIC CHURCH OF AFRICA", "religion": "CHRISTIAN", "building_type": "CHURCH", "suburb": "BELHAR EXT 23" }, "geometry": { "type": "Point", "coordinates": [ 18.644635624091542, -33.941505199124322 ] } },
{ "type": "Feature", "properties": { "name": "WALTER RUBUSANA MEMORIAL CONGREGATIONAL CHURCH", "religion": "CHRISTIAN", "building_type": "CHURCH", "suburb": "LANGA" }, "geometry": { "type": "Point", "coordinates": [ 18.524936242563268, -33.941204368167114 ] } },
{ "type": "Feature", "properties": { "name": "PRESBYTERIAN CHURCH", "religion": "CHRISTIAN", "building_type": "CHURCH", "suburb": "LANGA" }, "geometry": { "type": "Point", "coordinates": [ 18.529178734121881, -33.941475691707403 ] } },
{ "type": "Feature", "properties": { "name": "VOLKSKERK VAN AFRIKA - ELSIESRIVIER", "religion": "CHRISTIAN", "building_type": "CHURCH", "suburb": "CLARKES ESTATE" }, "geometry": { "type": "Point", "coordinates": [ 18.580660300010823, -33.941729393750187 ] } },
{ "type": "Feature", "properties": { "name": "ALL SAINTS ANGLICAN CHURCH", "religion": "CHRISTIAN", "building_type": "CHURCH", "suburb": "BELHAR EXT 17 ERICA" }, "geometry": { "type": "Point", "coordinates": [ 18.613865949566527, -33.942102484755864 ] } },
{ "type": "Feature", "properties": { "name": "ST. CYPRIAN'S ANGLICAN CHURCH", "religion": "CHRISTIAN", "building_type": "CHURCH", "suburb": "LANGA" }, "geometry": { "type": "Point", "coordinates": [ 18.524465286402506, -33.942084132366531 ] } },
{ "type": "Feature", "properties": { "name": "LANGA UNITED CHURCH", "religion": "CHRISTIAN", "building_type": "CHURCH", "suburb": "LANGA" }, "geometry": { "type": "Point", "coordinates": [ 18.525875542583893, -33.942093450158147 ] } },
{ "type": "Feature", "properties": { "name": "AFRICAN METHODIST EPISCOPAL CHURCH", "religion": "CHRISTIAN", "building_type": "CHURCH", "suburb": "BELHAR EXT 21" }, "geometry": { "type": "Point", "coordinates": [ 18.656232304877634, -33.943345447865035 ] } },
{ "type": "Feature", "properties": { "name": "TIYO SOGA MEMORIAL CHURCH", "religion": "CHRISTIAN", "building_type": "CHURCH", "suburb": "LANGA" }, "geometry": { "type": "Point", "coordinates": [ 18.525893837672982, -33.943255858831293 ] } },
{ "type": "Feature", "properties": { "name": "THE SALVATION ARMY OBSERVATORY CORPS CHURCH", "religion": "CHRISTIAN", "building_type": "CHURCH", "suburb": "OBSERVATORY" }, "geometry": { "type": "Point", "coordinates": [ 18.469218304439401, -33.943155509999137 ] } },
{ "type": "Feature", "properties": { "name": "REFORMED PRESBYTERIAN CHURCH IN S.A.", "religion": "CHRISTIAN", "building_type": "CHURCH", "suburb": "LANGA" }, "geometry": { "type": "Point", "coordinates": [ 18.527577161039492, -33.943706429994016 ] } },
{ "type": "Feature", "properties": { "name": "V. G. KERK - BONTEHEUWEL", "religion": "CHRISTIAN", "building_type": "CHURCH", "suburb": "BONTEHEUWEL" }, "geometry": { "type": "Point", "coordinates": [ 18.549788513987476, -33.943930425063378 ] } },
{ "type": "Feature", "properties": { "name": "BISHOP LAVIS CONGREGATIONAL CHURCH", "religion": "CHRISTIAN", "building_type": "CHURCH", "suburb": "BISHOP LAVIS" }, "geometry": { "type": "Point", "coordinates": [ 18.567847561739807, -33.944215236701737 ] } },
{ "type": "Feature", "properties": { "name": "AFRICAN METHODIST EPISCOPAL CHURCH", "religion": "CHRISTIAN", "building_type": "CHURCH", "suburb": "LANGA" }, "geometry": { "type": "Point", "coordinates": [ 18.520287201354819, -33.94403731309805 ] } },
{ "type": "Feature", "properties": { "name": "ST. MARY MAGDALENE ANGLICAN CHURCH", "religion": "CHRISTIAN", "building_type": "CHURCH", "suburb": "BELHAR EXT 21" }, "geometry": { "type": "Point", "coordinates": [ 18.651720741840283, -33.944728398422832 ] } },
{ "type": "Feature", "properties": { "name": "NEW APOSTOLIC CHURCH OF S.A.", "religion": "CHRISTIAN", "building_type": "CHURCH", "suburb": "BISHOP LAVIS" }, "geometry": { "type": "Point", "coordinates": [ 18.576345402443692, -33.944588062691814 ] } },
{ "type": "Feature", "properties": { "name": "OBSERVATORY & MOWBRAY HEBREW CONGREGATION", "religion": "JUDAISM", "building_type": "SYNAGOGUE", "suburb": "OBSERVATORY" }, "geometry": { "type": "Point", "coordinates": [ 18.467616674763129, -33.944120751699025 ] } },
{ "type": "Feature", "properties": { "name": "NED. GER. SENDINKERK - BISHOP LAVIS", "religion": "CHRISTIAN", "building_type": "CHURCH", "suburb": "BISHOP LAVIS" }, "geometry": { "type": "Point", "coordinates": [ 18.581320196130335, -33.944763812079742 ] } },
{ "type": "Feature", "properties": { "name": "CHURCH OF CHRIST - BONTEHEUWEL", "religion": "CHRISTIAN", "building_type": "CHURCH", "suburb": "BONTEHEUWEL" }, "geometry": { "type": "Point", "coordinates": [ 18.553786456277987, -33.944795186625413 ] } },
{ "type": "Feature", "properties": { "name": "ST. JOSEPH THE WORKER ANGLICAN CHURCH", "religion": "CHRISTIAN", "building_type": "CHURCH", "suburb": "BISHOP LAVIS" }, "geometry": { "type": "Point", "coordinates": [ 18.585801768911921, -33.946053952832706 ] } },
{ "type": "Feature", "properties": { "name": "ST. MATTHEW'S CATHOLIC CHURCH", "religion": "CHRISTIAN", "building_type": "CHURCH", "suburb": "BONTEHEUWEL" }, "geometry": { "type": "Point", "coordinates": [ 18.550695432437063, -33.945802266062941 ] } },
{ "type": "Feature", "properties": { "name": "VERENIGENDE GEREFORMEERDE KERK IN S.A.- BELHAR-OOS", "religion": "CHRISTIAN", "building_type": "CHURCH", "suburb": "BELHAR EXT 20" }, "geometry": { "type": "Point", "coordinates": [ 18.653020804380716, -33.946244354457541 ] } },
{ "type": "Feature", "properties": { "name": "FULL GOSPEL CHURCH OF GOD IN S.A.", "religion": "CHRISTIAN", "building_type": "CHURCH", "suburb": "KALKSTEENFONTEIN" }, "geometry": { "type": "Point", "coordinates": [ 18.56521665319077, -33.945956439099476 ] } },
{ "type": "Feature", "properties": { "name": "DIE VRYE GEREFORMEERDE KERK", "religion": "CHRISTIAN", "building_type": "CHURCH", "suburb": "BELHAR EXT 15" }, "geometry": { "type": "Point", "coordinates": [ 18.642432676537158, -33.946207222966002 ] } },
{ "type": "Feature", "properties": { "name": "MARANATHA BAPTIST CHURCH", "religion": "CHRISTIAN", "building_type": "CHURCH", "suburb": "BELHAR EXT 1" }, "geometry": { "type": "Point", "coordinates": [ 18.606772439756405, -33.946165023293496 ] } },
{ "type": "Feature", "properties": { "name": "NEW APOSTOLIC CHURCH OF S.A.", "religion": "CHRISTIAN", "building_type": "CHURCH", "suburb": "BELHAR EXT 14" }, "geometry": { "type": "Point", "coordinates": [ 18.63663021647022, -33.94658536844787 ] } },
{ "type": "Feature", "properties": { "name": "THE CHURCH OF THE RESURRECTION ANGLICAN CHURCH", "religion": "CHRISTIAN", "building_type": "CHURCH", "suburb": "BONTEHEUWEL" }, "geometry": { "type": "Point", "coordinates": [ 18.544852596691353, -33.946260862305522 ] } },
{ "type": "Feature", "properties": { "name": "CHURCH OF THE NAZARENE", "religion": "CHRISTIAN", "building_type": "CHURCH", "suburb": "BELHAR EXT 6" }, "geometry": { "type": "Point", "coordinates": [ 18.628399525748645, -33.946543057182019 ] } },
{ "type": "Feature", "properties": { "name": "FULL GOSPEL CHURCH OF GOD - BONTEHEUWEL ASSEMBLY", "religion": "CHRISTIAN", "building_type": "CHURCH", "suburb": "BONTEHEUWEL" }, "geometry": { "type": "Point", "coordinates": [ 18.558654933452445, -33.946430235979371 ] } },
{ "type": "Feature", "properties": { "name": "CAMELLIA CHAPEL", "religion": "CHRISTIAN", "building_type": "CHURCH", "suburb": "BONTEHEUWEL" }, "geometry": { "type": "Point", "coordinates": [ 18.555106911473661, -33.94640460310886 ] } },
{ "type": "Feature", "properties": { "name": "ST. ANTHONY'S CATHOLIC CHURCH", "religion": "CHRISTIAN", "building_type": "CHURCH", "suburb": "LANGA" }, "geometry": { "type": "Point", "coordinates": [ 18.51977171480711, -33.947283239732975 ] } },
{ "type": "Feature", "properties": { "name": "EMMANUEL MISSION CHURCH", "religion": "CHRISTIAN", "building_type": "CHURCH", "suburb": "BISHOP LAVIS" }, "geometry": { "type": "Point", "coordinates": [ 18.591044293790929, -33.947267945267491 ] } },
{ "type": "Feature", "properties": { "name": "APOSTOLIC FAITH MISSION OF S.A.", "religion": "CHRISTIAN", "building_type": "CHURCH", "suburb": "BELHAR EXT 4" }, "geometry": { "type": "Point", "coordinates": [ 18.615144164180919, -33.947409503921094 ] } },
{ "type": "Feature", "properties": { "name": "NEW APOSTOLIC CHURCH OF S.A.", "religion": "CHRISTIAN", "building_type": "CHURCH", "suburb": "BONTEHEUWEL" }, "geometry": { "type": "Point", "coordinates": [ 18.550677221789638, -33.947227877391398 ] } },
{ "type": "Feature", "properties": { "name": "VINEYARD BAPTIST CHURCH", "religion": "CHRISTIAN", "building_type": "CHURCH", "suburb": "LANGA" }, "geometry": { "type": "Point", "coordinates": [ 18.535162177769109, -33.94726605767805 ] } },
{ "type": "Feature", "properties": { "name": "BONTEHEUWEL MOSQUE", "religion": "ISLAMIC", "building_type": "MOSQUE", "suburb": "BONTEHEUWEL" }, "geometry": { "type": "Point", "coordinates": [ 18.551952962443725, -33.947373879728637 ] } },
{ "type": "Feature", "properties": { "name": "BISHOP LAVIS METHODIST CHURCH", "religion": "CHRISTIAN", "building_type": "CHURCH", "suburb": "BISHOP LAVIS" }, "geometry": { "type": "Point", "coordinates": [ 18.579746149224874, -33.947748165134072 ] } },
{ "type": "Feature", "properties": { "name": "SHAMMAH MINISTRIES INTERNATIONAL", "religion": "CHRISTIAN", "building_type": "CHURCH", "suburb": "BELHAR EXT 7" }, "geometry": { "type": "Point", "coordinates": [ 18.632607428575589, -33.948051657893416 ] } },
{ "type": "Feature", "properties": { "name": "EVANGELICAL LUTHERAN CHURCH IN S.A.", "religion": "CHRISTIAN", "building_type": "CHURCH", "suburb": "BELHAR EXT 2" }, "geometry": { "type": "Point", "coordinates": [ 18.614457818964503, -33.948891293174917 ] } },
{ "type": "Feature", "properties": { "name": "MOWBRAY BAPTIST CHURCH", "religion": "CHRISTIAN", "building_type": "CHURCH", "suburb": "MOWBRAY" }, "geometry": { "type": "Point", "coordinates": [ 18.470179354469686, -33.948685028721641 ] } },
{ "type": "Feature", "properties": { "name": "OLD APOSTOLIC CHURCH OF AFRICA", "religion": "CHRISTIAN", "building_type": "CHURCH", "suburb": "BELHAR EXT 3" }, "geometry": { "type": "Point", "coordinates": [ 18.61790928552497, -33.94912450965186 ] } },
{ "type": "Feature", "properties": { "name": "MOWBRAY MOSQUE CONGREGATION", "religion": "ISLAMIC", "building_type": "MOSQUE", "suburb": "MOWBRAY" }, "geometry": { "type": "Point", "coordinates": [ 18.472195984247655, -33.948624477808025 ] } },
{ "type": "Feature", "properties": { "name": "BELHAR MORAVIAN CHURCH", "religion": "CHRISTIAN", "building_type": "CHURCH", "suburb": "BELHAR EXT 7" }, "geometry": { "type": "Point", "coordinates": [ 18.630091960727082, -33.949526251693385 ] } },
{ "type": "Feature", "properties": { "name": "NEW APOSTOLIC CHURCH OF S.A.", "religion": "CHRISTIAN", "building_type": "CHURCH", "suburb": "BISHOP LAVIS" }, "geometry": { "type": "Point", "coordinates": [ 18.5842797146985, -33.949278658786241 ] } },
{ "type": "Feature", "properties": { "name": "MASJIEDUL IZZA", "religion": "ISLAMIC", "building_type": "MOSQUE", "suburb": "BISHOP LAVIS" }, "geometry": { "type": "Point", "coordinates": [ 18.592453745081816, -33.949448375199012 ] } },
{ "type": "Feature", "properties": { "name": "LIVING WATERS COMMUNITY WORSHIP CENTRE", "religion": "CHRISTIAN", "building_type": "CHURCH", "suburb": "BELHAR EXT 2" }, "geometry": { "type": "Point", "coordinates": [ 18.613607023660613, -33.949665205919274 ] } },
{ "type": "Feature", "properties": { "name": "MOWBRAY METHODIST CHURCH", "religion": "CHRISTIAN", "building_type": "CHURCH", "suburb": "MOWBRAY" }, "geometry": { "type": "Point", "coordinates": [ 18.482114320130545, -33.949179212763703 ] } },
{ "type": "Feature", "properties": { "name": "NEW APOSTOLIC CHURCH OF S.A.", "religion": "CHRISTIAN", "building_type": "CHURCH", "suburb": "BELHAR EXT 2" }, "geometry": { "type": "Point", "coordinates": [ 18.608923966845637, -33.949882984696437 ] } },
{ "type": "Feature", "properties": { "name": "DIE GEMEENTES VAN DIE MOIRA KERK", "religion": "CHRISTIAN", "building_type": "CHURCH", "suburb": "BELHAR EXT 13" }, "geometry": { "type": "Point", "coordinates": [ 18.641812216458625, -33.950237113314472 ] } },
{ "type": "Feature", "properties": { "name": "OLD APOSTOLIC CHURCH OF AFRICA", "religion": "CHRISTIAN", "building_type": "CHURCH", "suburb": "BELHAR EXT 19" }, "geometry": { "type": "Point", "coordinates": [ 18.649787914996875, -33.950864098931 ] } },
{ "type": "Feature", "properties": { "name": "NEW APOSTOLIC CHURCH OF S.A.", "religion": "CHRISTIAN", "building_type": "CHURCH", "suburb": "BONTEHEUWEL" }, "geometry": { "type": "Point", "coordinates": [ 18.551967101028005, -33.950429940801612 ] } },
{ "type": "Feature", "properties": { "name": "NEW APOSTOLIC CHURCH OF S.A.", "religion": "CHRISTIAN", "building_type": "CHURCH", "suburb": "HIGHBURY" }, "geometry": { "type": "Point", "coordinates": [ 18.679146642536068, -33.950846763349254 ] } },
{ "type": "Feature", "properties": { "name": "CHURCH OF THE NAZARENE - BONTEHEUWEL", "religion": "CHRISTIAN", "building_type": "CHURCH", "suburb": "BONTEHEUWEL" }, "geometry": { "type": "Point", "coordinates": [ 18.559907039431433, -33.950753356515321 ] } },
{ "type": "Feature", "properties": { "name": "RELIGIOUS SOCIETY OF FRIENDS - QUAKER HOUSE", "religion": "CHRISTIAN", "building_type": "CHURCH", "suburb": "ROSEBANK" }, "geometry": { "type": "Point", "coordinates": [ 18.475188877923546, -33.950344431590594 ] } },
{ "type": "Feature", "properties": { "name": "NEW APOSTOLIC CHURCH OF S.A.", "religion": "CHRISTIAN", "building_type": "CHURCH", "suburb": "ROSEBANK" }, "geometry": { "type": "Point", "coordinates": [ 18.475619126028871, -33.950382606008141 ] } },
{ "type": "Feature", "properties": { "name": "MORAVIAN CHURCH IN S.A.", "religion": "CHRISTIAN", "building_type": "CHURCH", "suburb": "BISHOP LAVIS" }, "geometry": { "type": "Point", "coordinates": [ 18.586174231988288, -33.951204001254894 ] } },
{ "type": "Feature", "properties": { "name": "EVANGELIE STREWERS SENDINGKERK", "religion": "CHRISTIAN", "building_type": "CHURCH", "suburb": "BONTEHEUWEL" }, "geometry": { "type": "Point", "coordinates": [ 18.545742100400876, -33.951101538816488 ] } },
{ "type": "Feature", "properties": { "name": "KEIMOES ROMAN CATHOLIC CHURCH", "religion": "CHRISTIAN", "building_type": "CHURCH", "suburb": "BISHOP LAVIS" }, "geometry": { "type": "Point", "coordinates": [ 18.579256078711538, -33.951972400409296 ] } },
{ "type": "Feature", "properties": { "name": "THICKET ROAD CHURCH OF CHRIST", "religion": "CHRISTIAN", "building_type": "CHURCH", "suburb": "MOWBRAY" }, "geometry": { "type": "Point", "coordinates": [ 18.482774103062319, -33.951048289268847 ] } },
{ "type": "Feature", "properties": { "name": "NED. GER. SENDINKERK", "religion": "CHRISTIAN", "building_type": "CHURCH", "suburb": "CAMPS BAY / BAKOVEN" }, "geometry": { "type": "Point", "coordinates": [ 18.379361474977465, -33.95055695368864 ] } },
{ "type": "Feature", "properties": { "name": "APOSTOLIC FAITH MISSION OF S.A.", "religion": "CHRISTIAN", "building_type": "CHURCH", "suburb": "BISHOP LAVIS" }, "geometry": { "type": "Point", "coordinates": [ 18.589972327874193, -33.952431427636668 ] } },
{ "type": "Feature", "properties": { "name": "NEW APOSTOLIC CHURCH OF S.A.", "religion": "CHRISTIAN", "building_type": "CHURCH", "suburb": "KALKSTEENFONTEIN" }, "geometry": { "type": "Point", "coordinates": [ 18.564941468676519, -33.952507843881563 ] } },
{ "type": "Feature", "properties": { "name": "PENTECOSTAL CHURCH OF JESUS CHRIST - BELHAR", "religion": "CHRISTIAN", "building_type": "CHURCH", "suburb": "BELHAR EXT 16" }, "geometry": { "type": "Point", "coordinates": [ 18.639175009821138, -33.952780164915815 ] } },
{ "type": "Feature", "properties": { "name": "CHRISTIAN BRETHREN CHURCH", "religion": "CHRISTIAN", "building_type": "CHURCH", "suburb": "ROSEBANK" }, "geometry": { "type": "Point", "coordinates": [ 18.48237073255028, -33.952292805050526 ] } },
{ "type": "Feature", "properties": { "name": "APOSTOLIC FAITH MISSION OF S.A.", "religion": "CHRISTIAN", "building_type": "CHURCH", "suburb": "BONTEHEUWEL" }, "geometry": { "type": "Point", "coordinates": [ 18.560398565215529, -33.953141725503734 ] } },
{ "type": "Feature", "properties": { "name": "HARVEST TIME MINISTRIES OF S.A.", "religion": "CHRISTIAN", "building_type": "CHURCH", "suburb": "VALHALLA PARK" }, "geometry": { "type": "Point", "coordinates": [ 18.576875317731485, -33.953500320370473 ] } },
{ "type": "Feature", "properties": { "name": "AL-MARKAZ AL ISLAMI MASJID", "religion": "ISLAMIC", "building_type": "MOSQUE", "suburb": "KALKSTEENFONTEIN" }, "geometry": { "type": "Point", "coordinates": [ 18.565819938379395, -33.953709297394781 ] } },
{ "type": "Feature", "properties": { "name": "PEOPLES CHURCH", "religion": "CHRISTIAN", "building_type": "CHURCH", "suburb": "VALHALLA PARK" }, "geometry": { "type": "Point", "coordinates": [ 18.573687666607039, -33.954220012215494 ] } },
{ "type": "Feature", "properties": { "name": null, "religion": "CHRISTIAN", "building_type": "CHURCH", "suburb": "NOOITGEDACHT" }, "geometry": { "type": "Point", "coordinates": [ 18.584264762240579, -33.954684269337804 ] } },
{ "type": "Feature", "properties": { "name": "DOCKS MISSION CHURCH", "religion": "CHRISTIAN", "building_type": "CHURCH", "suburb": "BONTEHEUWEL" }, "geometry": { "type": "Point", "coordinates": [ 18.545453261494313, -33.954596871758874 ] } },
{ "type": "Feature", "properties": { "name": "CHRIST ANGLICAN CHURCH", "religion": "CHRISTIAN", "building_type": "CHURCH", "suburb": "SYBRAND PARK" }, "geometry": { "type": "Point", "coordinates": [ 18.499394872586269, -33.954449094231215 ] } },
{ "type": "Feature", "properties": { "name": "NEW APOSTOLIC CHURCH OF S.A.", "religion": "CHRISTIAN", "building_type": "CHURCH", "suburb": "HAZENDAL" }, "geometry": { "type": "Point", "coordinates": [ 18.504206590607826, -33.954476588264036 ] } },
{ "type": "Feature", "properties": { "name": "CALVYN PROTESTANTE KERK", "religion": "CHRISTIAN", "building_type": "CHURCH", "suburb": "BONTEHEUWEL" }, "geometry": { "type": "Point", "coordinates": [ 18.546060309725643, -33.954956125896068 ] } },
{ "type": "Feature", "properties": { "name": "BRIDGETOWN PRESBYTERIAN CHURCH", "religion": "CHRISTIAN", "building_type": "CHURCH", "suburb": "BRIDGETOWN" }, "geometry": { "type": "Point", "coordinates": [ 18.529910559244481, -33.954905063488255 ] } },
{ "type": "Feature", "properties": { "name": "SEVENTH-DAY ADVENTIST CHURCH", "religion": "CHRISTIAN", "building_type": "CHURCH", "suburb": "NOOITGEDACHT" }, "geometry": { "type": "Point", "coordinates": [ 18.582476118593533, -33.955648053969199 ] } },
{ "type": "Feature", "properties": { "name": "AFRICAN METHODIST EPISCOPAL CHURCH - BONTEHEUWEL", "religion": "CHRISTIAN", "building_type": "CHURCH", "suburb": "BONTEHEUWEL" }, "geometry": { "type": "Point", "coordinates": [ 18.556021175447352, -33.955941103224809 ] } },
{ "type": "Feature", "properties": { "name": "MASJID KHALEEL", "religion": "ISLAMIC", "building_type": "MOSQUE", "suburb": "HAZENDAL" }, "geometry": { "type": "Point", "coordinates": [ 18.505100081938867, -33.955983239185166 ] } },
{ "type": "Feature", "properties": { "name": "ASSEMBLY OF GOD - SHARON", "religion": "CHRISTIAN", "building_type": "CHURCH", "suburb": "VALHALLA PARK" }, "geometry": { "type": "Point", "coordinates": [ 18.5678003139491, -33.956075155250325 ] } },
{ "type": "Feature", "properties": { "name": null, "religion": "CHRISTIAN", "building_type": "CHURCH", "suburb": "THE HAGUE" }, "geometry": { "type": "Point", "coordinates": [ 18.639715215310513, -33.956684725459276 ] } },
{ "type": "Feature", "properties": { "name": "BRIDGETOWN MOSQUE", "religion": "ISLAMIC", "building_type": "MOSQUE", "suburb": "BRIDGETOWN" }, "geometry": { "type": "Point", "coordinates": [ 18.526094321881462, -33.956091158979284 ] } },
{ "type": "Feature", "properties": { "name": "FAITH BAPTIST CHURCH OF DELFT", "religion": "CHRISTIAN", "building_type": "CHURCH", "suburb": "ROOSENDAL" }, "geometry": { "type": "Point", "coordinates": [ 18.647207053388964, -33.956460428653564 ] } },
{ "type": "Feature", "properties": { "name": "REFORMED OLD APOSTOLIC CHURCH", "religion": "CHRISTIAN", "building_type": "CHURCH", "suburb": "VALHALLA PARK" }, "geometry": { "type": "Point", "coordinates": [ 18.567849079892635, -33.956471212754877 ] } },
{ "type": "Feature", "properties": { "name": "CHURCH OF THE NAZARENE", "religion": "CHRISTIAN", "building_type": "CHURCH", "suburb": "ROOSENDAL" }, "geometry": { "type": "Point", "coordinates": [ 18.649803551971015, -33.957896702738154 ] } },
{ "type": "Feature", "properties": { "name": "BIBLE TABERNACLE", "religion": "CHRISTIAN", "building_type": "CHURCH", "suburb": "WELCOME" }, "geometry": { "type": "Point", "coordinates": [ 18.545923668784411, -33.95800809527541 ] } },
{ "type": "Feature", "properties": { "name": "OUR LADY OF GOOD COUNSEL CATHOLIC CHURCH", "religion": "CHRISTIAN", "building_type": "CHURCH", "suburb": "BRIDGETOWN" }, "geometry": { "type": "Point", "coordinates": [ 18.527648093810935, -33.958315978098113 ] } },
{ "type": "Feature", "properties": { "name": "KINGDOM HALL OF JEHOVAH'S WITNESSES - BELHAR", "religion": "CHRISTIAN", "building_type": "CHURCH", "suburb": "THE HAGUE" }, "geometry": { "type": "Point", "coordinates": [ 18.645428673892351, -33.958691361340932 ] } },
{ "type": "Feature", "properties": { "name": "CHURCH OF JESUS CHRIST OF LATTER DAY SAINTS", "religion": "CHRISTIAN", "building_type": "CHURCH", "suburb": "MONTANA EXTENSION" }, "geometry": { "type": "Point", "coordinates": [ 18.579121701524791, -33.958598582296027 ] } },
{ "type": "Feature", "properties": { "name": "NEW APOSTOLIC CHURCH OF S.A.", "religion": "CHRISTIAN", "building_type": "CHURCH", "suburb": "KEWTOWN" }, "geometry": { "type": "Point", "coordinates": [ 18.517235311720949, -33.958618174695872 ] } },
{ "type": "Feature", "properties": { "name": "GOSPEL MISSION OF S.A. - BONTEHEUWEL", "religion": "CHRISTIAN", "building_type": "CHURCH", "suburb": "BONTEHEUWEL" }, "geometry": { "type": "Point", "coordinates": [ 18.560288035604664, -33.958938997645404 ] } },
{ "type": "Feature", "properties": { "name": "HOLY NATIVITY CATHOLIC CHURCH", "religion": "CHRISTIAN", "building_type": "CHURCH", "suburb": "HAZENDAL" }, "geometry": { "type": "Point", "coordinates": [ 18.507254877099108, -33.959210443473843 ] } },
{ "type": "Feature", "properties": { "name": "FRIENDS FIRST CHURCH", "religion": "CHRISTIAN", "building_type": "CHURCH", "suburb": "RONDEBOSCH" }, "geometry": { "type": "Point", "coordinates": [ 18.4860779359974, -33.958896566600131 ] } },
{ "type": "Feature", "properties": { "name": "PRAYER FELLOWSHIP OF S.A.", "religion": "CHRISTIAN", "building_type": "CHURCH", "suburb": "ROOSENDAL" }, "geometry": { "type": "Point", "coordinates": [ 18.653665006932197, -33.959708277685685 ] } },
{ "type": "Feature", "properties": { "name": "ATHLONE METHODIST CHURCH", "religion": "CHRISTIAN", "building_type": "CHURCH", "suburb": "HAZENDAL" }, "geometry": { "type": "Point", "coordinates": [ 18.505570567382414, -33.959998235744628 ] } },
{ "type": "Feature", "properties": { "name": "ST. MARK THE EVANGELIST ANGLICAN CHURCH", "religion": "CHRISTIAN", "building_type": "CHURCH", "suburb": "CAMELOT" }, "geometry": { "type": "Point", "coordinates": [ 18.672652909095039, -33.960934469734418 ] } },
{ "type": "Feature", "properties": { "name": "DELFT BAPTIST FELLOWSHIP CHURCH", "religion": "CHRISTIAN", "building_type": "CHURCH", "suburb": "THE HAGUE" }, "geometry": { "type": "Point", "coordinates": [ 18.639356152403249, -33.961448603549634 ] } },
{ "type": "Feature", "properties": { "name": "DOCKS MISSION CHURCH - WELCOME ESTATE", "religion": "CHRISTIAN", "building_type": "CHURCH", "suburb": "WELCOME" }, "geometry": { "type": "Point", "coordinates": [ 18.547300872353226, -33.96119411164468 ] } },
{ "type": "Feature", "properties": { "name": "CALVYN PROTESTANT CHURCH", "religion": "CHRISTIAN", "building_type": "CHURCH", "suburb": "SILVERTOWN" }, "geometry": { "type": "Point", "coordinates": [ 18.512733183689011, -33.961259764094699 ] } },
{ "type": "Feature", "properties": { "name": "NEW APOSTOLIC CHURCH OF S.A.", "religion": "CHRISTIAN", "building_type": "CHURCH", "suburb": "CHARLESVILLE" }, "geometry": { "type": "Point", "coordinates": [ 18.564116774821521, -33.9614227121913 ] } },
{ "type": "Feature", "properties": { "name": "PENTECOSTAL GOSPEL CHURCH OF S.A.", "religion": "CHRISTIAN", "building_type": "CHURCH", "suburb": "WELCOME" }, "geometry": { "type": "Point", "coordinates": [ 18.544121333914102, -33.961667037636495 ] } },
{ "type": "Feature", "properties": { "name": "PENTECOSTAL PROTESTANT CHURCH", "religion": "CHRISTIAN", "building_type": "CHURCH", "suburb": "ROOSENDAL" }, "geometry": { "type": "Point", "coordinates": [ 18.652426039712559, -33.962798343792961 ] } },
{ "type": "Feature", "properties": { "name": "THE SALVATION ARMY", "religion": "CHRISTIAN", "building_type": "CHURCH", "suburb": "ATHLONE" }, "geometry": { "type": "Point", "coordinates": [ 18.511424945581194, -33.962574083967063 ] } },
{ "type": "Feature", "properties": { "name": "HARE KRISHNA TEMPLE", "religion": "HARE KRISHNA", "building_type": "TEMPLE", "suburb": "RONDEBOSCH" }, "geometry": { "type": "Point", "coordinates": [ 18.471906902795936, -33.962839776743266 ] } },
{ "type": "Feature", "properties": { "name": "JUBILEE CATHOLIC CHURCH OF ST. LAWRENCE", "religion": "CHRISTIAN", "building_type": "CHURCH", "suburb": "LEIDEN" }, "geometry": { "type": "Point", "coordinates": [ 18.63875273695891, -33.963934401754102 ] } },
{ "type": "Feature", "properties": { "name": "VOLKSKERK VAN AFRIKA", "religion": "CHRISTIAN", "building_type": "CHURCH", "suburb": "BELGRAVIA" }, "geometry": { "type": "Point", "coordinates": [ 18.515739781164594, -33.963981875784064 ] } },
{ "type": "Feature", "properties": { "name": "MASJIDUR RAGHMA", "religion": "CHRISTIAN", "building_type": "MOSQUE", "suburb": "ATHLONE" }, "geometry": { "type": "Point", "coordinates": [ 18.500269069003323, -33.964030735584885 ] } },
{ "type": "Feature", "properties": { "name": "NEW APOSTOLIC CHURCH OF S.A.", "religion": "CHRISTIAN", "building_type": "CHURCH", "suburb": "ATHLONE" }, "geometry": { "type": "Point", "coordinates": [ 18.506450383659871, -33.964088250625139 ] } },
{ "type": "Feature", "properties": { "name": "GLEEMOOR DOCKS MISSION", "religion": "CHRISTIAN", "building_type": "CHURCH", "suburb": "BELGRAVIA" }, "geometry": { "type": "Point", "coordinates": [ 18.514795624851526, -33.964255519066072 ] } },
{ "type": "Feature", "properties": { "name": "ASSEMBLY OF CHRISTIAN BROTHERS", "religion": "CHRISTIAN", "building_type": "CHURCH", "suburb": "ATHLONE" }, "geometry": { "type": "Point", "coordinates": [ 18.504099585986136, -33.964708489853521 ] } },
{ "type": "Feature", "properties": { "name": "NED. GER. SENDINGKERK - RONDEBOSCH", "religion": "CHRISTIAN", "building_type": "CHURCH", "suburb": "RONDEBOSCH" }, "geometry": { "type": "Point", "coordinates": [ 18.471746857148293, -33.964710955212013 ] } },
{ "type": "Feature", "properties": { "name": "MASJIDUL JUMU'AH", "religion": "CHRISTIAN", "building_type": "MOSQUE", "suburb": "VOORBRUG" }, "geometry": { "type": "Point", "coordinates": [ 18.646226003267202, -33.966004792901408 ] } },
{ "type": "Feature", "properties": { "name": "ST. MATTHEW'S ANGLICAN CHURCH", "religion": "CHRISTIAN", "building_type": "CHURCH", "suburb": "ROOSENDAL" }, "geometry": { "type": "Point", "coordinates": [ 18.649114332145718, -33.965796340782482 ] } },
{ "type": "Feature", "properties": { "name": "ASSEMBLY OF GOSPEL TESTIMONY", "religion": "CHRISTIAN", "building_type": "CHURCH", "suburb": "BELGRAVIA" }, "geometry": { "type": "Point", "coordinates": [ 18.518246138299464, -33.965215450691169 ] } },
{ "type": "Feature", "properties": { "name": "ST. MARY OF THE ANGELS CATHOLIC CHURCH", "religion": "CHRISTIAN", "building_type": "CHURCH", "suburb": "ATHLONE" }, "geometry": { "type": "Point", "coordinates": [ 18.502656844927444, -33.965290357921191 ] } },
{ "type": "Feature", "properties": { "name": "CHRISTIAN MISSION CHURCH OF AFRICA", "religion": "CHRISTIAN", "building_type": "CHURCH", "suburb": "ATHLONE" }, "geometry": { "type": "Point", "coordinates": [ 18.504510908385047, -33.965213505386593 ] } },
{ "type": "Feature", "properties": { "name": "SILVERTON BAPTIST CHURCH", "religion": "CHRISTIAN", "building_type": "CHURCH", "suburb": "BRIDGETOWN" }, "geometry": { "type": "Point", "coordinates": [ 18.532169691030031, -33.965325140912086 ] } },
{ "type": "Feature", "properties": { "name": "ST. MICHAEL'S CATHOLIC CHURCH", "religion": "CHRISTIAN", "building_type": "CHURCH", "suburb": "RONDEBOSCH" }, "geometry": { "type": "Point", "coordinates": [ 18.470304490687091, -33.965612243464022 ] } },
{ "type": "Feature", "properties": { "name": "BAITUL-AWNAL MASJID", "religion": "ISLAMIC", "building_type": "MOSQUE", "suburb": "ATHLONE" }, "geometry": { "type": "Point", "coordinates": [ 18.50013662768605, -33.966458367533612 ] } },
{ "type": "Feature", "properties": { "name": "EVANGELICAL LUTHERAN CHURCH IN S.A.", "religion": "CHRISTIAN", "building_type": "CHURCH", "suburb": "BELGRAVIA" }, "geometry": { "type": "Point", "coordinates": [ 18.521136221587717, -33.966716126285895 ] } },
{ "type": "Feature", "properties": { "name": "SPOKEN WORD BELIEVERS", "religion": "CHRISTIAN", "building_type": "CHURCH", "suburb": "VOORBRUG" }, "geometry": { "type": "Point", "coordinates": [ 18.652255917662377, -33.967215638323623 ] } },
{ "type": "Feature", "properties": { "name": "OLD APOSTOLIC CHURCH OF AFRICA", "religion": "CHRISTIAN", "building_type": "CHURCH", "suburb": "VOORBRUG" }, "geometry": { "type": "Point", "coordinates": [ 18.64501550635384, -33.967521652088486 ] } },
{ "type": "Feature", "properties": { "name": "ST. STEPHENS AFRICAN METHODIST EPISCOPAL CHURCH", "religion": "CHRISTIAN", "building_type": "CHURCH", "suburb": "VANGUARD" }, "geometry": { "type": "Point", "coordinates": [ 18.546342099552188, -33.967262073448723 ] } },
{ "type": "Feature", "properties": { "name": "KINGDOM HALL OF JEHOVAH'S WITNESSES - ATHLONE", "religion": "CHRISTIAN", "building_type": "CHURCH", "suburb": "ATHLONE" }, "geometry": { "type": "Point", "coordinates": [ 18.503366754750385, -33.9675675528662 ] } },
{ "type": "Feature", "properties": { "name": "CHURCH OF GOD OF S.A.", "religion": "CHRISTIAN", "building_type": "CHURCH", "suburb": "ATHLONE" }, "geometry": { "type": "Point", "coordinates": [ 18.503980033696557, -33.96758863994787 ] } },
{ "type": "Feature", "properties": { "name": "GOSPEL CENTRE", "religion": "CHRISTIAN", "building_type": "CHURCH", "suburb": "HEIDEVELD" }, "geometry": { "type": "Point", "coordinates": [ 18.555476552941716, -33.968350066050228 ] } },
{ "type": "Feature", "properties": { "name": "NED. GER. SENDINGKERK", "religion": "CHRISTIAN", "building_type": "CHURCH", "suburb": "BELGRAVIA" }, "geometry": { "type": "Point", "coordinates": [ 18.512765982078371, -33.968170683506074 ] } },
{ "type": "Feature", "properties": { "name": "REVELATION GOSPEL MISSION TABERNACLE", "religion": "CHRISTIAN", "building_type": "CHURCH", "suburb": "HEIDEVELD" }, "geometry": { "type": "Point", "coordinates": [ 18.560083920405813, -33.968779198531543 ] } },
{ "type": "Feature", "properties": { "name": "REFORMED OL APOSTOLIC CHURCH", "religion": "CHRISTIAN", "building_type": "CHURCH", "suburb": "BELGRAVIA" }, "geometry": { "type": "Point", "coordinates": [ 18.520489878350919, -33.968759638272431 ] } },
{ "type": "Feature", "properties": { "name": "NEW APOSTOLIC CHURCH OF S.A.", "religion": "CHRISTIAN", "building_type": "CHURCH", "suburb": "RYLANDS" }, "geometry": { "type": "Point", "coordinates": [ 18.530644919412858, -33.969149053836752 ] } },
{ "type": "Feature", "properties": { "name": "APOSTOLIC CHURCH", "religion": "CHRISTIAN", "building_type": "CHURCH", "suburb": "BELGRAVIA" }, "geometry": { "type": "Point", "coordinates": [ 18.51658401786861, -33.969607114501557 ] } },
{ "type": "Feature", "properties": { "name": "VERENIGDE GEREFORMEERDE KERK", "religion": "CHRISTIAN", "building_type": "CHURCH", "suburb": "VOORBRUG" }, "geometry": { "type": "Point", "coordinates": [ 18.650369937961035, -33.970502584602791 ] } },
{ "type": "Feature", "properties": { "name": "SURREY ESTATE METHODIST CHURCH", "religion": "CHRISTIAN", "building_type": "CHURCH", "suburb": "SURREY" }, "geometry": { "type": "Point", "coordinates": [ 18.544928107277503, -33.970279806775451 ] } },
{ "type": "Feature", "properties": { "name": "CAPE TOWN HINDU SEVA SAMAJ", "religion": "HINDUISM", "building_type": "TEMPLE", "suburb": "GATESVILLE" }, "geometry": { "type": "Point", "coordinates": [ 18.533834138995768, -33.970638044816717 ] } },
{ "type": "Feature", "properties": { "name": "NEW APOSTOLIC CHURCH OF S.A.", "religion": "CHRISTIAN", "building_type": "CHURCH", "suburb": "VOORBRUG" }, "geometry": { "type": "Point", "coordinates": [ 18.649287295567124, -33.971069368690152 ] } },
{ "type": "Feature", "properties": { "name": "FULL GOSPEL CHURCH OF GOD IN S.A.", "religion": "CHRISTIAN", "building_type": "CHURCH", "suburb": "BELGRAVIA" }, "geometry": { "type": "Point", "coordinates": [ 18.519877308175527, -33.970987886041314 ] } },
{ "type": "Feature", "properties": { "name": "FULL GOSPEL CHURCH OF GOD IN S.A.", "religion": "CHRISTIAN", "building_type": "CHURCH", "suburb": "ATHLONE" }, "geometry": { "type": "Point", "coordinates": [ 18.510146527049226, -33.971222285338051 ] } },
{ "type": "Feature", "properties": { "name": "GRAND LODGE OF FREE GARDENERS IN AFRICA", "religion": "MASONIC", "building_type": "LODGE", "suburb": "ATHLONE" }, "geometry": { "type": "Point", "coordinates": [ 18.504155324652871, -33.971410650467234 ] } },
{ "type": "Feature", "properties": { "name": null, "religion": "CHRISTIAN", "building_type": "CHURCH", "suburb": "GUGULETU" }, "geometry": { "type": "Point", "coordinates": [ 18.565004826853535, -33.972198873581455 ] } },
{ "type": "Feature", "properties": { "name": "ST. ANDREW'S ANGLICAN CHURCH", "religion": "CHRISTIAN", "building_type": "CHURCH", "suburb": "NEWLANDS" }, "geometry": { "type": "Point", "coordinates": [ 18.454657212860088, -33.971704063359709 ] } },
{ "type": "Feature", "properties": { "name": "OLD APOSTOLIC CHURCH OF AFRICA", "religion": "CHRISTIAN", "building_type": "CHURCH", "suburb": "GAYLEE" }, "geometry": { "type": "Point", "coordinates": [ 18.699705114225875, -33.974132624269558 ] } },
{ "type": "Feature", "properties": { "name": "ST. ANDREW'S ANGLICAN CHURCH", "religion": "CHRISTIAN", "building_type": "CHURCH", "suburb": "NEWLANDS" }, "geometry": { "type": "Point", "coordinates": [ 18.456218438111513, -33.973930542159778 ] } },
{ "type": "Feature", "properties": { "name": "BETHESDA CHRISTIAN FELLOWSHIP COMMUNITY CHURCH", "religion": "CHRISTIAN", "building_type": "CHURCH", "suburb": "GATESVILLE" }, "geometry": { "type": "Point", "coordinates": [ 18.53346981375757, -33.97420939946273 ] } },
{ "type": "Feature", "properties": { "name": "THE SUNNYSIDE CHURCH OF NAZARENE", "religion": "CHRISTIAN", "building_type": "CHURCH", "suburb": "BELGRAVIA" }, "geometry": { "type": "Point", "coordinates": [ 18.516685614632276, -33.974934299911588 ] } },
{ "type": "Feature", "properties": { "name": "J.Z. NDALISO MEMORIAL BAPTIST MISSION", "religion": "CHRISTIAN", "building_type": "CHURCH", "suburb": "GUGULETU" }, "geometry": { "type": "Point", "coordinates": [ 18.564097660468914, -33.974922351548457 ] } },
{ "type": "Feature", "properties": { "name": "DOCKS MISSION CHURCH - CRANLEIGH CHAPEL", "religion": "CHRISTIAN", "building_type": "CHURCH", "suburb": "BELGRAVIA" }, "geometry": { "type": "Point", "coordinates": [ 18.517788237354722, -33.974885660922538 ] } },
{ "type": "Feature", "properties": { "name": "DARUL ISLAM MASJID", "religion": "ISLAMIC", "building_type": "MOSQUE", "suburb": "SURREY" }, "geometry": { "type": "Point", "coordinates": [ 18.547143452481169, -33.97508823913752 ] } },
{ "type": "Feature", "properties": { "name": "KINGDOM HALL OF JEHOVAH'S WITNESSES - GAYLEE", "religion": "CHRISTIAN", "building_type": "CHURCH", "suburb": "GAYLEE" }, "geometry": { "type": "Point", "coordinates": [ 18.70559235279778, -33.975869861439371 ] } },
{ "type": "Feature", "properties": { "name": "HABIBIA SOOFIE SAHEB MASJID", "religion": "ISLAMIC", "building_type": "MOSQUE", "suburb": "RYLANDS" }, "geometry": { "type": "Point", "coordinates": [ 18.523754183616848, -33.975972365561866 ] } },
{ "type": "Feature", "properties": { "name": "NEW APOSTOLIC CHURCH OF S.A.", "religion": "CHRISTIAN", "building_type": "CHURCH", "suburb": "GAYLEE" }, "geometry": { "type": "Point", "coordinates": [ 18.705357634692113, -33.976279034655022 ] } },
{ "type": "Feature", "properties": { "name": null, "religion": "CHRISTIAN", "building_type": "CHURCH", "suburb": "GUGULETU" }, "geometry": { "type": "Point", "coordinates": [ 18.575131994090505, -33.975988586051884 ] } },
{ "type": "Feature", "properties": { "name": "INTERNATIONAL ASSEMBLIES OF GOD", "religion": "CHRISTIAN", "building_type": "CHURCH", "suburb": "VOORBRUG" }, "geometry": { "type": "Point", "coordinates": [ 18.648771460473107, -33.97641473894771 ] } },
{ "type": "Feature", "properties": { "name": "SHRI RADHA KRISHNA TEMPLE", "religion": "HINDUISM", "building_type": "TEMPLE", "suburb": "GATESVILLE" }, "geometry": { "type": "Point", "coordinates": [ 18.530413623888428, -33.976141680834793 ] } },
{ "type": "Feature", "properties": { "name": null, "religion": "CHRISTIAN", "building_type": "CHURCH", "suburb": "GUGULETU" }, "geometry": { "type": "Point", "coordinates": [ 18.569202448461997, -33.976349198018525 ] } },
{ "type": "Feature", "properties": { "name": "MASJIEDUL MANAARUL HUDAA", "religion": "ISLAMIC", "building_type": "MOSQUE", "suburb": "MANENBERG" }, "geometry": { "type": "Point", "coordinates": [ 18.552167931087872, -33.977178095116827 ] } },
{ "type": "Feature", "properties": { "name": "APOSTOLIC FAITH MISSION OF S.A. - BLACKHEATH", "religion": "CHRISTIAN", "building_type": "CHURCH", "suburb": "AUSTINVILLE" }, "geometry": { "type": "Point", "coordinates": [ 18.696831197019492, -33.977342612092592 ] } },
{ "type": "Feature", "properties": { "name": "EMMANUEL GOSPEL FELLOWSHIP", "religion": "CHRISTIAN", "building_type": "CHURCH", "suburb": "MANENBERG" }, "geometry": { "type": "Point", "coordinates": [ 18.55437980340459, -33.977297485365234 ] } },
{ "type": "Feature", "properties": { "name": "HEBREW CONGREGATION - CAPE TOWN", "religion": "JUDAISM", "building_type": "SYNAGOGUE", "suburb": "RONDEBOSCH" }, "geometry": { "type": "Point", "coordinates": [ 18.490526271113481, -33.977990579286129 ] } },
{ "type": "Feature", "properties": { "name": "DENNEMERE BAPTIST CHURCH", "religion": "CHRISTIAN", "building_type": "CHURCH", "suburb": "DENNEMERE" }, "geometry": { "type": "Point", "coordinates": [ 18.705741767782339, -33.978722054969303 ] } },
{ "type": "Feature", "properties": { "name": "ABEDNEGO JAFTA METHODIST CHURCH", "religion": "CHRISTIAN", "building_type": "CHURCH", "suburb": "GUGULETU" }, "geometry": { "type": "Point", "coordinates": [ 18.572901905736448, -33.978343775952993 ] } },
{ "type": "Feature", "properties": { "name": "NEW APOSTOLIC CHURCH OF S.A.", "religion": "CHRISTIAN", "building_type": "CHURCH", "suburb": "SILVERSANDS" }, "geometry": { "type": "Point", "coordinates": [ 18.673960717808182, -33.978949123029501 ] } },
{ "type": "Feature", "properties": { "name": "CLAREMONT MAIN ROAD MOSQUE", "religion": "ISLAMIC", "building_type": "MOSQUE", "suburb": "CLAREMONT" }, "geometry": { "type": "Point", "coordinates": [ 18.464660501521092, -33.977953463139215 ] } },
{ "type": "Feature", "properties": { "name": "BETHEL CHRISTIAN UNITED CHURCH", "religion": "CHRISTIAN", "building_type": "CHURCH", "suburb": "CRAWFORD" }, "geometry": { "type": "Point", "coordinates": [ 18.508538984661758, -33.97852236678402 ] } },
{ "type": "Feature", "properties": { "name": null, "religion": "CHRISTIAN", "building_type": "CHURCH", "suburb": "GUGULETU" }, "geometry": { "type": "Point", "coordinates": [ 18.566113796173443, -33.978678030716772 ] } },
{ "type": "Feature", "properties": { "name": "APOSTOLIC FAITH MISSION OF S.A.", "religion": "CHRISTIAN", "building_type": "CHURCH", "suburb": "CRAWFORD" }, "geometry": { "type": "Point", "coordinates": [ 18.509324842550406, -33.978504563810702 ] } },
{ "type": "Feature", "properties": { "name": "SUNNI MOGAMAD MASJID - KROMBOOM ESTATE", "religion": "ISLAMIC", "building_type": "MOSQUE", "suburb": "RONDEBOSCH EAST" }, "geometry": { "type": "Point", "coordinates": [ 18.495363447390179, -33.97865854722712 ] } },
{ "type": "Feature", "properties": { "name": "MASJID AL JAAMIA", "religion": "ISLAMIC", "building_type": "MOSQUE", "suburb": "NEWLANDS" }, "geometry": { "type": "Point", "coordinates": [ 18.467948446852073, -33.978938810333773 ] } },
{ "type": "Feature", "properties": { "name": "REDEEMED CHURCH OF CHRIST", "religion": "CHRISTIAN", "building_type": "CHURCH", "suburb": "DENNEMERE" }, "geometry": { "type": "Point", "coordinates": [ 18.709409136336504, -33.979993611459506 ] } },
{ "type": "Feature", "properties": { "name": null, "religion": "CHRISTIAN", "building_type": "CHURCH", "suburb": "GUGULETU" }, "geometry": { "type": "Point", "coordinates": [ 18.570087957363427, -33.979836877259743 ] } },
{ "type": "Feature", "properties": { "name": null, "religion": "CHRISTIAN", "building_type": "CHURCH", "suburb": "GUGULETU" }, "geometry": { "type": "Point", "coordinates": [ 18.567591523019193, -33.979982959210375 ] } },
{ "type": "Feature", "properties": { "name": "ANGLICAN CHURCH OF THE NATIVITY", "religion": "CHRISTIAN", "building_type": "CHURCH", "suburb": "DENNEMERE" }, "geometry": { "type": "Point", "coordinates": [ 18.707045301413022, -33.980609178087306 ] } },
{ "type": "Feature", "properties": { "name": "GHOUSIA MANZIL", "religion": "ISLAMIC", "building_type": "MOSQUE", "suburb": "RYLANDS" }, "geometry": { "type": "Point", "coordinates": [ 18.525421348986338, -33.980328979335361 ] } },
{ "type": "Feature", "properties": { "name": "NEW APOSTOLIC CHURCH OF S.A.", "religion": "CHRISTIAN", "building_type": "CHURCH", "suburb": "CLAREMONT" }, "geometry": { "type": "Point", "coordinates": [ 18.469025067838604, -33.980420983063027 ] } },
{ "type": "Feature", "properties": { "name": null, "religion": "CHRISTIAN", "building_type": "CHURCH", "suburb": "GUGULETU" }, "geometry": { "type": "Point", "coordinates": [ 18.563089685143119, -33.98077757757558 ] } },
{ "type": "Feature", "properties": { "name": "MASJID GHIEDMATIEL ISLAMIA", "religion": "ISLAMIC", "building_type": "MOSQUE", "suburb": "CRAWFORD" }, "geometry": { "type": "Point", "coordinates": [ 18.503896986245156, -33.981559339755201 ] } },
{ "type": "Feature", "properties": { "name": "EMMANUEL BAPTIST CHURCH - MANENBERG", "religion": "CHRISTIAN", "building_type": "CHURCH", "suburb": "MANENBERG" }, "geometry": { "type": "Point", "coordinates": [ 18.553501019291396, -33.981802634515347 ] } },
{ "type": "Feature", "properties": { "name": "OLD APOSTOLIC CHURCH OF AFRICA", "religion": "CHRISTIAN", "building_type": "CHURCH", "suburb": "CLAREMONT" }, "geometry": { "type": "Point", "coordinates": [ 18.481431251069942, -33.981696587985724 ] } },
{ "type": "Feature", "properties": { "name": "J.L. ZWANE MEMORIAL UNITING PRESBYTERIAN CHURCH", "religion": "CHRISTIAN", "building_type": "CHURCH", "suburb": "GUGULETU" }, "geometry": { "type": "Point", "coordinates": [ 18.567616430607082, -33.982421918458378 ] } },
{ "type": "Feature", "properties": { "name": "ALL SAINTS PARISH CENTRE", "religion": "CHRISTIAN", "building_type": "CHURCH", "suburb": "LANSDOWNE" }, "geometry": { "type": "Point", "coordinates": [ 18.494338302564358, -33.982762980363219 ] } },
{ "type": "Feature", "properties": { "name": "CLAREMONT METHODIST CURCH", "religion": "CHRISTIAN", "building_type": "CHURCH", "suburb": "CLAREMONT" }, "geometry": { "type": "Point", "coordinates": [ 18.462680723331051, -33.982552324226148 ] } },
{ "type": "Feature", "properties": { "name": null, "religion": "CHRISTIAN", "building_type": "CHURCH", "suburb": "GUGULETU" }, "geometry": { "type": "Point", "coordinates": [ 18.576944920996322, -33.98305542893111 ] } },
{ "type": "Feature", "properties": { "name": "CHRISTIAN BRETHREN LIVINGSTONE CHAPEL", "religion": "CHRISTIAN", "building_type": "CHURCH", "suburb": "CLAREMONT" }, "geometry": { "type": "Point", "coordinates": [ 18.474444416199809, -33.982596838844344 ] } },
{ "type": "Feature", "properties": { "name": "SEVENTH-DAY ADVENTIST CHURCH - CLAREMONT", "religion": "CHRISTIAN", "building_type": "CHURCH", "suburb": "CLAREMONT" }, "geometry": { "type": "Point", "coordinates": [ 18.463683869313886, -33.9827477027046 ] } },
{ "type": "Feature", "properties": { "name": "SHILOH PENTECOSTAL CHURCH", "religion": "CHRISTIAN", "building_type": "CHURCH", "suburb": "MANENBERG" }, "geometry": { "type": "Point", "coordinates": [ 18.54862275227697, -33.983283638496061 ] } },
{ "type": "Feature", "properties": { "name": "JAMIYA TUS SABR MASJID", "religion": "ISLAMIC", "building_type": "MOSQUE", "suburb": "NEWFIELDS" }, "geometry": { "type": "Point", "coordinates": [ 18.54776990252601, -33.983759558224591 ] } },
{ "type": "Feature", "properties": { "name": null, "religion": "CHRISTIAN", "building_type": "CHURCH", "suburb": "EINDHOVEN" }, "geometry": { "type": "Point", "coordinates": [ 18.648772427958683, -33.984145354266879 ] } },
{ "type": "Feature", "properties": { "name": null, "religion": "CHRISTIAN", "building_type": "CHURCH", "suburb": "GUGULETU" }, "geometry": { "type": "Point", "coordinates": [ 18.561815404251348, -33.984079770880726 ] } },
{ "type": "Feature", "properties": { "name": "BLACKHEATH BAPTIST CHURCH", "religion": "CHRISTIAN", "building_type": "CHURCH", "suburb": "GREENFIELDS" }, "geometry": { "type": "Point", "coordinates": [ 18.698567445529264, -33.984426324790668 ] } },
{ "type": "Feature", "properties": { "name": "AFRICAN METHODIST EPISCOPAL CHURCH", "religion": "CHRISTIAN", "building_type": "CHURCH", "suburb": "KLEINVLEI TOWN" }, "geometry": { "type": "Point", "coordinates": [ 18.7150000593237, -33.985075402218037 ] } },
{ "type": "Feature", "properties": { "name": "CHURCH OF THE NAZARENE", "religion": "CHRISTIAN", "building_type": "CHURCH", "suburb": "CLAREMONT" }, "geometry": { "type": "Point", "coordinates": [ 18.476514299904441, -33.984453452339238 ] } },
{ "type": "Feature", "properties": { "name": "NEW APOSTOLIC CHURCH OF S.A.", "religion": "CHRISTIAN", "building_type": "CHURCH", "suburb": "BELTHORN ESTATE" }, "geometry": { "type": "Point", "coordinates": [ 18.511936379828633, -33.984648598517005 ] } },
{ "type": "Feature", "properties": { "name": "SCHOENSTATT INSTITUTE OF SECULAR PRIESTS", "religion": "CHRISTIAN", "building_type": "CHURCH", "suburb": "CLAREMONT" }, "geometry": { "type": "Point", "coordinates": [ 18.472106176075432, -33.984712722261712 ] } },
{ "type": "Feature", "properties": { "name": "OLD APOSTOLIC CHURCH OF AFRICA", "religion": "CHRISTIAN", "building_type": "CHURCH", "suburb": "CRAWFORD" }, "geometry": { "type": "Point", "coordinates": [ 18.505204378139975, -33.985313641937786 ] } },
{ "type": "Feature", "properties": { "name": "SUNNI MUSLIM MASJID", "religion": "ISLAMIC", "building_type": "MOSQUE", "suburb": "CLAREMONT" }, "geometry": { "type": "Point", "coordinates": [ 18.476025661305645, -33.985055501578785 ] } },
{ "type": "Feature", "properties": { "name": "NEW APOSTOLIC CHURCH OF S.A.", "religion": "CHRISTIAN", "building_type": "CHURCH", "suburb": "KLEINVLEI TOWN" }, "geometry": { "type": "Point", "coordinates": [ 18.717343325522105, -33.986297280027941 ] } },
{ "type": "Feature", "properties": { "name": "EVANGELICAL BIBLE CHURCH - NEWFIELDS", "religion": "CHRISTIAN", "building_type": "CHURCH", "suburb": "NEWFIELDS" }, "geometry": { "type": "Point", "coordinates": [ 18.530387881765638, -33.985875107304516 ] } },
{ "type": "Feature", "properties": { "name": "METHODIST CHURCH OF S.A.", "religion": "CHRISTIAN", "building_type": "CHURCH", "suburb": "GUGULETU" }, "geometry": { "type": "Point", "coordinates": [ 18.574971870289449, -33.985946297358822 ] } },
{ "type": "Feature", "properties": { "name": null, "religion": "CHRISTIAN", "building_type": "CHURCH", "suburb": "GUGULETU" }, "geometry": { "type": "Point", "coordinates": [ 18.57321106543305, -33.986351104139736 ] } },
{ "type": "Feature", "properties": { "name": "CLAREMONT CONGREGATIONAL CHURCH", "religion": "CHRISTIAN", "building_type": "CHURCH", "suburb": "CLAREMONT" }, "geometry": { "type": "Point", "coordinates": [ 18.465824780113053, -33.986172195315127 ] } },
{ "type": "Feature", "properties": { "name": "NED. GER. SENDINKERK - EERSTERIVIER", "religion": "CHRISTIAN", "building_type": "CHURCH", "suburb": "KLEINVLEI TOWN" }, "geometry": { "type": "Point", "coordinates": [ 18.710233508594641, -33.987220670059941 ] } },
{ "type": "Feature", "properties": { "name": "J. L. ZWANE UNITED PRESBYTERIAN CHURCH", "religion": "CHRISTIAN", "building_type": "CHURCH", "suburb": "GUGULETU" }, "geometry": { "type": "Point", "coordinates": [ 18.569126936079218, -33.987036813532704 ] } },
{ "type": "Feature", "properties": { "name": "NEW APOSTOLIC CHURCH OF S.A.", "religion": "CHRISTIAN", "building_type": "CHURCH", "suburb": "NEWFIELDS" }, "geometry": { "type": "Point", "coordinates": [ 18.528705869939454, -33.987026595669427 ] } },
{ "type": "Feature", "properties": { "name": "ANGLICAN CHURCH OF THE GOOD SHEPERD - PROTEA", "religion": "CHRISTIAN", "building_type": "CHURCH", "suburb": "BISHOPSCOURT" }, "geometry": { "type": "Point", "coordinates": [ 18.43669088202488, -33.986852950648938 ] } },
{ "type": "Feature", "properties": { "name": "VOLLE EVANGELIE KERK VAN GOD IN S.A. - MARANATHA", "religion": "CHRISTIAN", "building_type": "CHURCH", "suburb": "KLEINVLEI TOWN" }, "geometry": { "type": "Point", "coordinates": [ 18.710286360974369, -33.987964893252133 ] } },
{ "type": "Feature", "properties": { "name": "SOWERS OF THE WORD CHURCH", "religion": "CHRISTIAN", "building_type": "CHURCH", "suburb": "LANSDOWNE" }, "geometry": { "type": "Point", "coordinates": [ 18.501374724438168, -33.98733031848694 ] } },
{ "type": "Feature", "properties": { "name": "COPTIC ORTHODOX CHURCH OF S.A.", "religion": "CHRISTIAN", "building_type": "CHURCH", "suburb": "NYANGA" }, "geometry": { "type": "Point", "coordinates": [ 18.574562684982567, -33.987674736334036 ] } },
{ "type": "Feature", "properties": { "name": null, "religion": "CHRISTIAN", "building_type": "CHURCH", "suburb": "GUGULETU" }, "geometry": { "type": "Point", "coordinates": [ 18.565536326769472, -33.987877790566444 ] } },
{ "type": "Feature", "properties": { "name": "OLD APOSTOLIC CHURCH OF AFRICA", "religion": "CHRISTIAN", "building_type": "CHURCH", "suburb": "NYANGA" }, "geometry": { "type": "Point", "coordinates": [ 18.584574883134547, -33.988344998254405 ] } },
{ "type": "Feature", "properties": { "name": "REFORMED OLD APOSTOLIC CHURCH", "religion": "CHRISTIAN", "building_type": "CHURCH", "suburb": "KLEINVLEI TOWN" }, "geometry": { "type": "Point", "coordinates": [ 18.707376667463446, -33.988834963299773 ] } },
{ "type": "Feature", "properties": { "name": "MOUNTVIEW MOSQUE", "religion": "ISLAMIC", "building_type": "MOSQUE", "suburb": "MOUNTVIEW" }, "geometry": { "type": "Point", "coordinates": [ 18.523508269807824, -33.988566473694291 ] } },
{ "type": "Feature", "properties": { "name": "CHRIST GOSPEL CHURCH", "religion": "CHRISTIAN", "building_type": "CHURCH", "suburb": "HANOVER PARK" }, "geometry": { "type": "Point", "coordinates": [ 18.53012211968041, -33.988856173963306 ] } },
{ "type": "Feature", "properties": { "name": "KENILWORTH METHODIST CHURCH", "religion": "CHRISTIAN", "building_type": "CHURCH", "suburb": "CLAREMONT" }, "geometry": { "type": "Point", "coordinates": [ 18.474328346678575, -33.988887407860524 ] } },
{ "type": "Feature", "properties": { "name": "HARFIELD ASSEMBLY OF GOD", "religion": "CHRISTIAN", "building_type": "CHURCH", "suburb": "CLAREMONT" }, "geometry": { "type": "Point", "coordinates": [ 18.471019747282593, -33.989048391030892 ] } },
{ "type": "Feature", "properties": { "name": "AFRICAN GOSPEL CHURCH", "religion": "CHRISTIAN", "building_type": "CHURCH", "suburb": "GUGULETU" }, "geometry": { "type": "Point", "coordinates": [ 18.571901822110416, -33.989804969786022 ] } },
{ "type": "Feature", "properties": { "name": "KLEINVLEI METHODIST CHURCH", "religion": "CHRISTIAN", "building_type": "CHURCH", "suburb": "KLEINVLEI TOWN" }, "geometry": { "type": "Point", "coordinates": [ 18.712536565302631, -33.990407997796602 ] } },
{ "type": "Feature", "properties": { "name": "ST. PETER'S ANGLICAN CHURCH", "religion": "CHRISTIAN", "building_type": "CHURCH", "suburb": "KLEINVLEI TOWN" }, "geometry": { "type": "Point", "coordinates": [ 18.706502125195016, -33.990529617330218 ] } },
{ "type": "Feature", "properties": { "name": "NEW APOSTOLIC CHURCH OF S.A.", "religion": "CHRISTIAN", "building_type": "CHURCH", "suburb": "LANSDOWNE" }, "geometry": { "type": "Point", "coordinates": [ 18.496562754888327, -33.990041446655049 ] } },
{ "type": "Feature", "properties": { "name": "PALM PARK MOSQUE", "religion": "ISLAMIC", "building_type": "MOSQUE", "suburb": "ROSEDALE" }, "geometry": { "type": "Point", "coordinates": [ 18.720720897565627, -33.991084729224333 ] } },
{ "type": "Feature", "properties": { "name": null, "religion": "CHRISTIAN", "building_type": "CHURCH", "suburb": "GUGULETU" }, "geometry": { "type": "Point", "coordinates": [ 18.56551731392647, -33.990779716393675 ] } },
{ "type": "Feature", "properties": { "name": "OLD APOSTOLIC CHURCH OF AFRICA", "religion": "CHRISTIAN", "building_type": "CHURCH", "suburb": "MALIBU VILLAGE" }, "geometry": { "type": "Point", "coordinates": [ 18.691308692419259, -33.99125815705009 ] } },
{ "type": "Feature", "properties": { "name": "ST. CATHERINE OF SIENA CATHOLIC CHURCH", "religion": "CHRISTIAN", "building_type": "CHURCH", "suburb": "KLEINVLEI TOWN" }, "geometry": { "type": "Point", "coordinates": [ 18.70655929936958, -33.991842850223257 ] } },
{ "type": "Feature", "properties": { "name": "INDEPENDENT CONGREGATIONAL CHURCH OF S. A.", "religion": "CHRISTIAN", "building_type": "CHURCH", "suburb": "HANOVER PARK" }, "geometry": { "type": "Point", "coordinates": [ 18.530452350260333, -33.991450858770769 ] } },
{ "type": "Feature", "properties": { "name": "MORAVIAN CHURCH", "religion": "CHRISTIAN", "building_type": "CHURCH", "suburb": "MANENBERG" }, "geometry": { "type": "Point", "coordinates": [ 18.549343937753346, -33.991523786268253 ] } },
{ "type": "Feature", "properties": { "name": "INTERNATIONAL ASSEMBLIES OF GOD", "religion": "CHRISTIAN", "building_type": "CHURCH", "suburb": "KLEINVLEI TOWN" }, "geometry": { "type": "Point", "coordinates": [ 18.706008449742431, -33.992154586324894 ] } },
{ "type": "Feature", "properties": { "name": "OLD APOSTOLIC CHURCH OF AFRICA", "religion": "CHRISTIAN", "building_type": "CHURCH", "suburb": "CROSSROADS" }, "geometry": { "type": "Point", "coordinates": [ 18.596930628657621, -33.991738808586632 ] } },
{ "type": "Feature", "properties": { "name": "ACTS MISSION CHURCH OF S.A.", "religion": "CHRISTIAN", "building_type": "CHURCH", "suburb": "HANOVER PARK" }, "geometry": { "type": "Point", "coordinates": [ 18.530406926948, -33.991886846802551 ] } },
{ "type": "Feature", "properties": { "name": "PINKSTER PROTESTANTE OPPERSAAL VAN S.A.", "religion": "CHRISTIAN", "building_type": "CHURCH", "suburb": "NYANGA" }, "geometry": { "type": "Point", "coordinates": [ 18.580217085622696, -33.992241085803542 ] } },
{ "type": "Feature", "properties": { "name": "BAPTIST CHURCH", "religion": "CHRISTIAN", "building_type": "CHURCH", "suburb": "PINATI" }, "geometry": { "type": "Point", "coordinates": [ 18.517609780735334, -33.99237543737263 ] } },
{ "type": "Feature", "properties": { "name": null, "religion": "CHRISTIAN", "building_type": "CHURCH", "suburb": "GUGULETU" }, "geometry": { "type": "Point", "coordinates": [ 18.567676739901984, -33.993596606195801 ] } },
{ "type": "Feature", "properties": { "name": "FULL GOSPEL CHURCH OF GOD IN S.A.", "religion": "CHRISTIAN", "building_type": "CHURCH", "suburb": "HANOVER PARK" }, "geometry": { "type": "Point", "coordinates": [ 18.526999276613829, -33.993527617457829 ] } },
{ "type": "Feature", "properties": { "name": "WATERLOO ROAD MASJID", "religion": "ISLAMIC", "building_type": "MOSQUE", "suburb": "LANSDOWNE" }, "geometry": { "type": "Point", "coordinates": [ 18.495335265443103, -33.993409773856676 ] } },
{ "type": "Feature", "properties": { "name": "APOSTOLIC CHURCH", "religion": "CHRISTIAN", "building_type": "CHURCH", "suburb": "LANSDOWNE" }, "geometry": { "type": "Point", "coordinates": [ 18.501932148834907, -33.993598347522429 ] } },
{ "type": "Feature", "properties": { "name": "METHODIST CHURCH OF S.A.", "religion": "CHRISTIAN", "building_type": "CHURCH", "suburb": "HANOVER PARK" }, "geometry": { "type": "Point", "coordinates": [ 18.528756246562281, -33.993827236328876 ] } },
{ "type": "Feature", "properties": { "name": "GREEN PASTURES CHURCH OF THE NAZARENE", "religion": "CHRISTIAN", "building_type": "CHURCH", "suburb": "HANOVER PARK" }, "geometry": { "type": "Point", "coordinates": [ 18.531215761046678, -33.993921771138403 ] } },
{ "type": "Feature", "properties": { "name": "NED. GER. SENDINGKERK - CLAREMONT", "religion": "CHRISTIAN", "building_type": "CHURCH", "suburb": "LANSDOWNE" }, "geometry": { "type": "Point", "coordinates": [ 18.513389185611771, -33.994156636000291 ] } },
{ "type": "Feature", "properties": { "name": "NEW APOSTOLIC CHURCH OF S.A.", "religion": "CHRISTIAN", "building_type": "CHURCH", "suburb": "MALIBU VILLAGE" }, "geometry": { "type": "Point", "coordinates": [ 18.692073359948672, -33.995466593910841 ] } },
{ "type": "Feature", "properties": { "name": "MORAVIAN CHURCH", "religion": "CHRISTIAN", "building_type": "CHURCH", "suburb": "LANSDOWNE" }, "geometry": { "type": "Point", "coordinates": [ 18.50509465880949, -33.995117449991156 ] } },
{ "type": "Feature", "properties": { "name": "SEVENTH-DAY ADVENTIST CHURCH - EERSTE RIVER", "religion": "CHRISTIAN", "building_type": "CHURCH", "suburb": "ROSEDALE" }, "geometry": { "type": "Point", "coordinates": [ 18.720938880057506, -33.995983215750591 ] } },
{ "type": "Feature", "properties": { "name": "EPWORTH METHODIST CHURCH", "religion": "CHRISTIAN", "building_type": "CHURCH", "suburb": "LANSDOWNE" }, "geometry": { "type": "Point", "coordinates": [ 18.510239612275594, -33.995548480598273 ] } },
{ "type": "Feature", "properties": { "name": "BETHEL ASSEMBLY OF GOD", "religion": "CHRISTIAN", "building_type": "CHURCH", "suburb": "LANSDOWNE" }, "geometry": { "type": "Point", "coordinates": [ 18.508114078837437, -33.995669908814691 ] } },
{ "type": "Feature", "properties": { "name": "NEW APOSTOLIC CHURCH OF S.A.", "religion": "CHRISTIAN", "building_type": "CHURCH", "suburb": "LANSDOWNE" }, "geometry": { "type": "Point", "coordinates": [ 18.500035712743653, -33.995586575889696 ] } },
{ "type": "Feature", "properties": { "name": "OLD APOSTOLIC CHURCH OF AFRICA", "religion": "CHRISTIAN", "building_type": "CHURCH", "suburb": "CROSSROADS" }, "geometry": { "type": "Point", "coordinates": [ 18.593181169357866, -33.995802276097677 ] } },
{ "type": "Feature", "properties": { "name": "CALVYN PROTESTANTE KERK - CLAREMONR", "religion": "CHRISTIAN", "building_type": "CHURCH", "suburb": "LANSDOWNE" }, "geometry": { "type": "Point", "coordinates": [ 18.507386206302069, -33.99589719375733 ] } },
{ "type": "Feature", "properties": { "name": "ASSEMBLY OF GOD - SHARON", "religion": "CHRISTIAN", "building_type": "CHURCH", "suburb": "HANOVER PARK" }, "geometry": { "type": "Point", "coordinates": [ 18.5365417196526, -33.996179321528366 ] } },
{ "type": "Feature", "properties": { "name": "NEW APOSTOLIC CHURCH OF S.A.", "religion": "CHRISTIAN", "building_type": "CHURCH", "suburb": "ROSEDALE" }, "geometry": { "type": "Point", "coordinates": [ 18.713845295687225, -33.996395365059328 ] } },
{ "type": "Feature", "properties": { "name": "MASJIEDUN NUR", "religion": "ISLAMIC", "building_type": "MOSQUE", "suburb": "HANOVER PARK" }, "geometry": { "type": "Point", "coordinates": [ 18.53326459632585, -33.996496634181447 ] } },
{ "type": "Feature", "properties": { "name": "CALVYN PROTESTANTE KERK - EERSTERIVIER", "religion": "CHRISTIAN", "building_type": "CHURCH", "suburb": "ROSEDALE" }, "geometry": { "type": "Point", "coordinates": [ 18.71309186787866, -33.997300125396343 ] } },
{ "type": "Feature", "properties": { "name": "HEBREERSE PINKSTER GELOOF SENDING VAN S.A.", "religion": "CHRISTIAN", "building_type": "CHURCH", "suburb": "ROSEDALE" }, "geometry": { "type": "Point", "coordinates": [ 18.723058473835017, -33.997483256664481 ] } },
{ "type": "Feature", "properties": { "name": null, "religion": "CHRISTIAN", "building_type": "CHURCH", "suburb": "GUGULETU" }, "geometry": { "type": "Point", "coordinates": [ 18.567450142566507, -33.997252140444935 ] } },
{ "type": "Feature", "properties": { "name": "HOLY SPIRIT GOSPEL CHURCH", "religion": "CHRISTIAN", "building_type": "CHURCH", "suburb": "CROSSROADS" }, "geometry": { "type": "Point", "coordinates": [ 18.592889494469933, -33.997246222572109 ] } },
{ "type": "Feature", "properties": { "name": "MASJID JAMA'AH", "religion": "ISLAMIC", "building_type": "MOSQUE", "suburb": "MANENBERG" }, "geometry": { "type": "Point", "coordinates": [ 18.557143738972467, -33.997250793916635 ] } },
{ "type": "Feature", "properties": { "name": "OLD APOSTOLIC CHURCH OF AFRICA", "religion": "CHRISTIAN", "building_type": "CHURCH", "suburb": "FOREST HEIGHTS" }, "geometry": { "type": "Point", "coordinates": [ 18.708889009990383, -33.997982374186357 ] } },
{ "type": "Feature", "properties": { "name": null, "religion": "CHRISTIAN", "building_type": "CHURCH", "suburb": "GUGULETU" }, "geometry": { "type": "Point", "coordinates": [ 18.570336721526882, -33.997497932142991 ] } },
{ "type": "Feature", "properties": { "name": "KINGDOM HALL OF JEHOVAH'S WITNESSES - CLAREMONT", "religion": "CHRISTIAN", "building_type": "CHURCH", "suburb": "LANSDOWNE" }, "geometry": { "type": "Point", "coordinates": [ 18.511438948519849, -33.997624881442931 ] } },
{ "type": "Feature", "properties": { "name": "KENILWORTH COMMUNITY PRESBYTERIAN CHURCH", "religion": "CHRISTIAN", "building_type": "CHURCH", "suburb": "KENILWORTH" }, "geometry": { "type": "Point", "coordinates": [ 18.468104858814389, -33.997789124988124 ] } },
{ "type": "Feature", "properties": { "name": "MASJID SHUKRUL MUBEEN", "religion": "ISLAMIC", "building_type": "MOSQUE", "suburb": "LANSDOWNE" }, "geometry": { "type": "Point", "coordinates": [ 18.508899858572637, -33.997880622744084 ] } },
{ "type": "Feature", "properties": { "name": "ASSEMBLY OF CHRISTIAN BRETHREN CHURCH", "religion": "CHRISTIAN", "building_type": "CHURCH", "suburb": "LANSDOWNE" }, "geometry": { "type": "Point", "coordinates": [ 18.511212394303502, -33.997800699248188 ] } },
{ "type": "Feature", "properties": { "name": "NEW APOSTOLIC CHURCH OF S.A.", "religion": "CHRISTIAN", "building_type": "CHURCH", "suburb": "LANSDOWNE" }, "geometry": { "type": "Point", "coordinates": [ 18.510688928021143, -33.997801688284696 ] } },
{ "type": "Feature", "properties": { "name": "SEVENTH-DAY ADVENTIST CHURCH", "religion": "CHRISTIAN", "building_type": "CHURCH", "suburb": "GUGULETU" }, "geometry": { "type": "Point", "coordinates": [ 18.566184101920847, -33.998127143227016 ] } },
{ "type": "Feature", "properties": { "name": "NEW APOSTOLIC CHURCH OF S.A.", "religion": "CHRISTIAN", "building_type": "CHURCH", "suburb": "MANENBERG" }, "geometry": { "type": "Point", "coordinates": [ 18.558157377277801, -33.998381969206264 ] } },
{ "type": "Feature", "properties": { "name": "PENTACOSTAL HOLINESS CHURCH IN S.A.", "religion": "CHRISTIAN", "building_type": "CHURCH", "suburb": "HANOVER PARK" }, "geometry": { "type": "Point", "coordinates": [ 18.522676312175427, -33.998247716505645 ] } },
{ "type": "Feature", "properties": { "name": null, "religion": "CHRISTIAN", "building_type": "CHURCH", "suburb": "GUGULETU" }, "geometry": { "type": "Point", "coordinates": [ 18.570377657754378, -33.99858989234577 ] } },
{ "type": "Feature", "properties": { "name": "NEW APOSTOLIC CHURCH OF S.A.", "religion": "CHRISTIAN", "building_type": "CHURCH", "suburb": "TUSCANY GLEN" }, "geometry": { "type": "Point", "coordinates": [ 18.701125495318848, -33.999491781418918 ] } },
{ "type": "Feature", "properties": { "name": null, "religion": "CHRISTIAN", "building_type": "CHURCH", "suburb": "GUGULETU" }, "geometry": { "type": "Point", "coordinates": [ 18.56530226623061, -33.999439024653867 ] } },
{ "type": "Feature", "properties": { "name": "REFORMED OLD APOSTOLIC CHURCH", "religion": "CHRISTIAN", "building_type": "CHURCH", "suburb": "HANOVER PARK" }, "geometry": { "type": "Point", "coordinates": [ 18.527667713915076, -33.999482914525224 ] } },
{ "type": "Feature", "properties": { "name": "VOLKSKERK VAN AFRIKA - KLEINVLEI / BLUE DOWNS", "religion": "CHRISTIAN", "building_type": "CHURCH", "suburb": "FOREST HEIGHTS" }, "geometry": { "type": "Point", "coordinates": [ 18.71287425639095, -34.000613858269972 ] } },
{ "type": "Feature", "properties": { "name": "OLD APOSTOLIC CHURCH OF AFRICA", "religion": "CHRISTIAN", "building_type": "CHURCH", "suburb": "MANENBERG" }, "geometry": { "type": "Point", "coordinates": [ 18.557693729810225, -34.000113454410702 ] } },
{ "type": "Feature", "properties": { "name": "TUSCANY GLEN MASJID", "religion": "ISLAMIC", "building_type": "MOSQUE", "suburb": "TUSCANY GLEN" }, "geometry": { "type": "Point", "coordinates": [ 18.701493993231562, -34.000695959691583 ] } },
{ "type": "Feature", "properties": { "name": "COMMUNITY BAPTIST CHURCH", "religion": "CHRISTIAN", "building_type": "CHURCH", "suburb": "MALIBU VILLAGE" }, "geometry": { "type": "Point", "coordinates": [ 18.693378288662984, -34.000781713191145 ] } },
{ "type": "Feature", "properties": { "name": "ST. MARY'S CATHOLIC CHURCH", "religion": "CHRISTIAN", "building_type": "CHURCH", "suburb": "NYANGA" }, "geometry": { "type": "Point", "coordinates": [ 18.579076580944715, -34.000679023761741 ] } },
{ "type": "Feature", "properties": { "name": "CO-FREEMASONRY TEMPLE - CAPE TOWN", "religion": "MASONIC", "building_type": "LODGE", "suburb": "LANSDOWNE" }, "geometry": { "type": "Point", "coordinates": [ 18.499080677832499, -34.000768739244137 ] } },
{ "type": "Feature", "properties": { "name": "ST. PHILIP ANGLICAN CHURCH", "religion": "CHRISTIAN", "building_type": "CHURCH", "suburb": "OTTERY" }, "geometry": { "type": "Point", "coordinates": [ 18.500659212721128, -34.001201552353223 ] } },
{ "type": "Feature", "properties": { "name": "LUTHERSE KERK - PHILIPPI", "religion": "CHRISTIAN", "building_type": "CHURCH", "suburb": "PHILIPPI" }, "geometry": { "type": "Point", "coordinates": [ 18.528694875458712, -34.001960395567579 ] } },
{ "type": "Feature", "properties": { "name": "EERSTE RIVER WORSHIP CENTRE", "religion": "CHRISTIAN", "building_type": "CHURCH", "suburb": "FOREST HEIGHTS" }, "geometry": { "type": "Point", "coordinates": [ 18.719861139770128, -34.002559157965905 ] } },
{ "type": "Feature", "properties": { "name": "UNIVERSAL CHURCH OF THE KINGDOM OF GOD", "religion": "CHRISTIAN", "building_type": "CHURCH", "suburb": "PHILIPPI" }, "geometry": { "type": "Point", "coordinates": [ 18.570678960785504, -34.00280875319406 ] } },
{ "type": "Feature", "properties": { "name": "KINGDOM HALL OF JEHOVAH'S WITNESSES - GAYLEE", "religion": "CHRISTIAN", "building_type": "CHURCH", "suburb": "EERSTERIVIER" }, "geometry": { "type": "Point", "coordinates": [ 18.71919702067046, -34.003524803156324 ] } },
{ "type": "Feature", "properties": { "name": "ST. JOHNS ANGLICAN CHURCH", "religion": "CHRISTIAN", "building_type": "CHURCH", "suburb": "WYNBERG" }, "geometry": { "type": "Point", "coordinates": [ 18.459969228714531, -34.003607716472061 ] } },
{ "type": "Feature", "properties": { "name": "UNITING REFORMED CHURCH", "religion": "CHRISTIAN", "building_type": "CHURCH", "suburb": "WYNBERG" }, "geometry": { "type": "Point", "coordinates": [ 18.463966358029701, -34.00384561901032 ] } },
{ "type": "Feature", "properties": { "name": "CHURCH STREET METHODIST CHURCH", "religion": "CHRISTIAN", "building_type": "CHURCH", "suburb": "WYNBERG" }, "geometry": { "type": "Point", "coordinates": [ 18.46696543121643, -34.00400520433184 ] } },
{ "type": "Feature", "properties": { "name": "NED. GER. SENDINKERK - WYNBERG", "religion": "CHRISTIAN", "building_type": "CHURCH", "suburb": "WYNBERG" }, "geometry": { "type": "Point", "coordinates": [ 18.462036850461271, -34.004546118400611 ] } },
{ "type": "Feature", "properties": { "name": "THE SALVATION ARMY WYNBERG CORPS", "religion": "CHRISTIAN", "building_type": "CHURCH", "suburb": "WYNBERG" }, "geometry": { "type": "Point", "coordinates": [ 18.468287528532468, -34.004949106644823 ] } },
{ "type": "Feature", "properties": { "name": "YUSUFEYAH MASJID", "religion": "ISLAMIC", "building_type": "MOSQUE", "suburb": "WYNBERG" }, "geometry": { "type": "Point", "coordinates": [ 18.471606920288277, -34.005056378219379 ] } },
{ "type": "Feature", "properties": { "name": "DUTCH REFORMED MISSION CHURCH", "religion": "CHRISTIAN", "building_type": "CHURCH", "suburb": "EERSTERIVIER" }, "geometry": { "type": "Point", "coordinates": [ 18.720284843648599, -34.006201457047233 ] } },
{ "type": "Feature", "properties": { "name": "ST. TIMOTHY'S CHURCH", "religion": "CHRISTIAN", "building_type": "CHURCH", "suburb": "OTTERY" }, "geometry": { "type": "Point", "coordinates": [ 18.510049350895045, -34.006037121788779 ] } },
{ "type": "Feature", "properties": { "name": "UNITED REFORMED CHURCH IN S.A.", "religion": "CHRISTIAN", "building_type": "CHURCH", "suburb": "MFULENI" }, "geometry": { "type": "Point", "coordinates": [ 18.680630077277108, -34.006646030739383 ] } },
{ "type": "Feature", "properties": { "name": "CHRISTIAN BRETHREN GOSPEL CHURCH", "religion": "CHRISTIAN", "building_type": "CHURCH", "suburb": "WYNBERG" }, "geometry": { "type": "Point", "coordinates": [ 18.473461644905942, -34.006683091908272 ] } },
{ "type": "Feature", "properties": { "name": "THE SALVATION ARMY", "religion": "CHRISTIAN", "building_type": "CHURCH", "suburb": "WYNBERG" }, "geometry": { "type": "Point", "coordinates": [ 18.468448423986398, -34.00693172481008 ] } },
{ "type": "Feature", "properties": { "name": "BLUE DOWNS UNITED CHURCH", "religion": "CHRISTIAN", "building_type": "CHURCH", "suburb": "FOREST VILLAGE" }, "geometry": { "type": "Point", "coordinates": [ 18.709596378479372, -34.008021707282211 ] } },
{ "type": "Feature", "properties": { "name": "WYNBERG HEBREW CONGREGATION", "religion": "JUDAISM", "building_type": "SYNAGOGUE", "suburb": "WYNBERG" }, "geometry": { "type": "Point", "coordinates": [ 18.465311105467286, -34.007375319903055 ] } },
{ "type": "Feature", "properties": { "name": "ST. MATTHEWS ANGLICAN CHURCH", "religion": "CHRISTIAN", "building_type": "CHURCH", "suburb": "MFULENI" }, "geometry": { "type": "Point", "coordinates": [ 18.682927007474863, -34.00818428501335 ] } },
{ "type": "Feature", "properties": { "name": "WYNBERG CONGREGATIONAL CHURCH", "religion": "CHRISTIAN", "building_type": "CHURCH", "suburb": "WYNBERG" }, "geometry": { "type": "Point", "coordinates": [ 18.476003812481309, -34.007454531419761 ] } },
{ "type": "Feature", "properties": { "name": "LUTHERAN CHURCH", "religion": "CHRISTIAN", "building_type": "CHURCH", "suburb": "PHILIPPI" }, "geometry": { "type": "Point", "coordinates": [ 18.594081020761124, -34.008141627592131 ] } },
{ "type": "Feature", "properties": { "name": null, "religion": "CHRISTIAN", "building_type": "CHURCH", "suburb": "HILLCREST HEIGHTS" }, "geometry": { "type": "Point", "coordinates": [ 18.703180201986751, -34.008781301984847 ] } },
{ "type": "Feature", "properties": { "name": "LUTHERAN CHURCH - WYNBERG", "religion": "CHRISTIAN", "building_type": "CHURCH", "suburb": "WYNBERG" }, "geometry": { "type": "Point", "coordinates": [ 18.461478181897849, -34.008197900473718 ] } },
{ "type": "Feature", "properties": { "name": "OLD APOSTOLIC CHURCH OF AFRICA", "religion": "CHRISTIAN", "building_type": "CHURCH", "suburb": "EERSTERIVIER" }, "geometry": { "type": "Point", "coordinates": [ 18.720812820372018, -34.009223398848363 ] } },
{ "type": "Feature", "properties": { "name": "NEW APOSTOLIC CHURCH OF S.A.", "religion": "CHRISTIAN", "building_type": "CHURCH", "suburb": "EERSTERIVIER" }, "geometry": { "type": "Point", "coordinates": [ 18.730614511811897, -34.009672446229075 ] } },
{ "type": "Feature", "properties": { "name": "REFORMED OLD APOSTOLIC CHURCH", "religion": "CHRISTIAN", "building_type": "CHURCH", "suburb": "EERSTERIVIER" }, "geometry": { "type": "Point", "coordinates": [ 18.726788284284559, -34.010688415466461 ] } },
{ "type": "Feature", "properties": { "name": "EMMANUEL ANGLICAN CHURCH", "religion": "CHRISTIAN", "building_type": "CHURCH", "suburb": "WYNBERG" }, "geometry": { "type": "Point", "coordinates": [ 18.476623930301713, -34.009935120435941 ] } },
{ "type": "Feature", "properties": { "name": "NEW APOSTOLIC CHURCH OF S.A.", "religion": "CHRISTIAN", "building_type": "CHURCH", "suburb": "WYNBERG" }, "geometry": { "type": "Point", "coordinates": [ 18.479257170877215, -34.010865992626456 ] } },
{ "type": "Feature", "properties": { "name": "SEVENTH-DAY ADVENTIST CHURCH", "religion": "CHRISTIAN", "building_type": "CHURCH", "suburb": "WYNBERG" }, "geometry": { "type": "Point", "coordinates": [ 18.474071659374356, -34.010825912269773 ] } },
{ "type": "Feature", "properties": { "name": null, "religion": "CHRISTIAN", "building_type": "CHURCH", "suburb": "PHILIPPI" }, "geometry": { "type": "Point", "coordinates": [ 18.578998656585394, -34.011294572391648 ] } },
{ "type": "Feature", "properties": { "name": "NEW APOSTOLIC CHURCH OF S.A.", "religion": "CHRISTIAN", "building_type": "CHURCH", "suburb": "IKWEZI PARK" }, "geometry": { "type": "Point", "coordinates": [ 18.625393448397649, -34.011822965187775 ] } },
{ "type": "Feature", "properties": { "name": "EMMANUEL BAPTIST CHURCH", "religion": "CHRISTIAN", "building_type": "CHURCH", "suburb": "EERSTERIVIER" }, "geometry": { "type": "Point", "coordinates": [ 18.731441303233083, -34.012007981081176 ] } },
{ "type": "Feature", "properties": { "name": "ROSMEAD GOSPEL HALL", "religion": "CHRISTIAN", "building_type": "CHURCH", "suburb": "WYNBERG" }, "geometry": { "type": "Point", "coordinates": [ 18.480040814418683, -34.01147337767884 ] } },
{ "type": "Feature", "properties": { "name": "MANDALAY MASJID", "religion": "ISLAMIC", "building_type": "MOSQUE", "suburb": "IKWEZI PARK" }, "geometry": { "type": "Point", "coordinates": [ 18.630507129712065, -34.012679012337003 ] } },
{ "type": "Feature", "properties": { "name": "DARUL KARAAR MASJID", "religion": "ISLAMIC", "building_type": "MOSQUE", "suburb": "WYNBERG" }, "geometry": { "type": "Point", "coordinates": [ 18.473025320596047, -34.012219222443207 ] } },
{ "type": "Feature", "properties": { "name": "DARUN-NA-IMA MASJID", "religion": "ISLAMIC", "building_type": "MOSQUE", "suburb": "WYNBERG" }, "geometry": { "type": "Point", "coordinates": [ 18.470769100250358, -34.01233407558221 ] } },
{ "type": "Feature", "properties": { "name": "ST. LUKE ANGLICAN CHURCH", "religion": "CHRISTIAN", "building_type": "CHURCH", "suburb": "EERSTERIVIER" }, "geometry": { "type": "Point", "coordinates": [ 18.722709057037253, -34.013719358610246 ] } },
{ "type": "Feature", "properties": { "name": "OTTERY BAPTIST CHURCH", "religion": "CHRISTIAN", "building_type": "CHURCH", "suburb": "OTTERY" }, "geometry": { "type": "Point", "coordinates": [ 18.498338427761016, -34.013004102742748 ] } },
{ "type": "Feature", "properties": { "name": "MASJIDUR-RAOOF", "religion": "ISLAMIC", "building_type": "MOSQUE", "suburb": "PHILIPPI" }, "geometry": { "type": "Point", "coordinates": [ 18.546644560511705, -34.013791995205253 ] } },
{ "type": "Feature", "properties": { "name": "NEW APOSTOLIC CHURCH OF S.A.", "religion": "CHRISTIAN", "building_type": "CHURCH", "suburb": "ELECTRIC CITY" }, "geometry": { "type": "Point", "coordinates": [ 18.710701272142881, -34.01464554369926 ] } },
{ "type": "Feature", "properties": { "name": "ASSEMBLY OF GOD - BETHAL", "religion": "CHRISTIAN", "building_type": "CHURCH", "suburb": "WYNBERG" }, "geometry": { "type": "Point", "coordinates": [ 18.477168235702038, -34.013889144478306 ] } },
{ "type": "Feature", "properties": { "name": "OLD APOSTOLIC CHURCH OF AFRICA", "religion": "CHRISTIAN", "building_type": "CHURCH", "suburb": "WYNBERG" }, "geometry": { "type": "Point", "coordinates": [ 18.464609601180452, -34.013851764035884 ] } },
{ "type": "Feature", "properties": { "name": "STRATFORD METHODIST CHURCH", "religion": "CHRISTIAN", "building_type": "CHURCH", "suburb": "EERSTERIVIER SOUTH" }, "geometry": { "type": "Point", "coordinates": [ 18.732142532635443, -34.015073962166689 ] } },
{ "type": "Feature", "properties": { "name": "CALVARY SANCTUARY FULL GOSPEL CHURCH OF GOD S.A.", "religion": "CHRISTIAN", "building_type": "CHURCH", "suburb": "PLUMSTEAD" }, "geometry": { "type": "Point", "coordinates": [ 18.470270672709894, -34.014448980923603 ] } },
{ "type": "Feature", "properties": { "name": "ASSEMBLIES OF GOD", "religion": "CHRISTIAN", "building_type": "CHURCH", "suburb": "THEMBOKWEZI" }, "geometry": { "type": "Point", "coordinates": [ 18.632960612009317, -34.015358241431684 ] } },
{ "type": "Feature", "properties": { "name": "NEW APOSTOLIC CHURCH OF S.A.", "religion": "CHRISTIAN", "building_type": "CHURCH", "suburb": "OTTERY" }, "geometry": { "type": "Point", "coordinates": [ 18.503080176005085, -34.01498843531121 ] } },
{ "type": "Feature", "properties": { "name": "BLUE DOWNS GOSPEL ASSEMBLY", "religion": "CHRISTIAN", "building_type": "CHURCH", "suburb": "EERSTERIVIER SOUTH" }, "geometry": { "type": "Point", "coordinates": [ 18.730143585295544, -34.015927187274933 ] } },
{ "type": "Feature", "properties": { "name": "OLD APOSTOLIC CHURCH OF AFRICA", "religion": "CHRISTIAN", "building_type": "CHURCH", "suburb": "OTTERY" }, "geometry": { "type": "Point", "coordinates": [ 18.49980377582213, -34.015245617258785 ] } },
{ "type": "Feature", "properties": { "name": "OLD APOSTOLIC CHURCH OF AFRICA", "religion": "CHRISTIAN", "building_type": "CHURCH", "suburb": "THEMBOKWEZI" }, "geometry": { "type": "Point", "coordinates": [ 18.633907889967997, -34.016978130933595 ] } },
{ "type": "Feature", "properties": { "name": "MANDALAY BAPTIST CHURCH", "religion": "CHRISTIAN", "building_type": "CHURCH", "suburb": "IKWEZI PARK" }, "geometry": { "type": "Point", "coordinates": [ 18.63101134869115, -34.017167218905733 ] } },
{ "type": "Feature", "properties": { "name": "PARISH OF ALL SAINTS ANGLICAN CHURCH", "religion": "CHRISTIAN", "building_type": "CHURCH", "suburb": "PLUMSTEAD" }, "geometry": { "type": "Point", "coordinates": [ 18.46923038588163, -34.017985076309373 ] } },
{ "type": "Feature", "properties": { "name": "NEW APOSTOLIC CHURCH OF S.A.", "religion": "CHRISTIAN", "building_type": "CHURCH", "suburb": "PHILIPPI" }, "geometry": { "type": "Point", "coordinates": [ 18.59862259022389, -34.018063581002586 ] } },
{ "type": "Feature", "properties": { "name": null, "religion": "CHRISTIAN", "building_type": "CHURCH", "suburb": "EERSTERIVIER SOUTH" }, "geometry": { "type": "Point", "coordinates": [ 18.728220343476231, -34.018901938246209 ] } },
{ "type": "Feature", "properties": { "name": "SALAAMUDIEN MASJIED", "religion": "ISLAMIC", "building_type": "MOSQUE", "suburb": "LENTEGEUR" }, "geometry": { "type": "Point", "coordinates": [ 18.607270556479776, -34.02103948040763 ] } },
{ "type": "Feature", "properties": { "name": "PLUMSTEAD METHODIST CHURCH", "religion": "CHRISTIAN", "building_type": "CHURCH", "suburb": "PLUMSTEAD" }, "geometry": { "type": "Point", "coordinates": [ 18.466965700711025, -34.021021693043885 ] } },
{ "type": "Feature", "properties": { "name": "PENTECOSTAL PROTESTANT CHURCH", "religion": "CHRISTIAN", "building_type": "CHURCH", "suburb": "NEW WOODLANDS" }, "geometry": { "type": "Point", "coordinates": [ 18.597426477134885, -34.021623897843753 ] } },
{ "type": "Feature", "properties": { "name": "ABUNDANT LIFE CENTRE - A.F.M. CHURCH", "religion": "CHRISTIAN", "building_type": "CHURCH", "suburb": "PLUMSTEAD" }, "geometry": { "type": "Point", "coordinates": [ 18.469271194548373, -34.021332686953485 ] } },
{ "type": "Feature", "properties": { "name": "THE CHRISTIAN COMMUNITY CENTRE", "religion": "CHRISTIAN", "building_type": "CHURCH", "suburb": "PLUMSTEAD" }, "geometry": { "type": "Point", "coordinates": [ 18.463414825682928, -34.021618807372455 ] } },
{ "type": "Feature", "properties": { "name": "NED. GER. SENDINKERK - PLUMSTEAD", "religion": "CHRISTIAN", "building_type": "CHURCH", "suburb": "PLUMSTEAD" }, "geometry": { "type": "Point", "coordinates": [ 18.475130895265227, -34.021924762248446 ] } },
{ "type": "Feature", "properties": { "name": "PENTECOSTAL PROTESTANT CHURCH - PLUMSTEAD", "religion": "CHRISTIAN", "building_type": "CHURCH", "suburb": "PLUMSTEAD" }, "geometry": { "type": "Point", "coordinates": [ 18.465705932102665, -34.021737684726055 ] } },
{ "type": "Feature", "properties": { "name": "NEW APOSTOLIC CHURCH OF S.A.", "religion": "CHRISTIAN", "building_type": "CHURCH", "suburb": "PLUMSTEAD" }, "geometry": { "type": "Point", "coordinates": [ 18.466095418253662, -34.021687747978447 ] } },
{ "type": "Feature", "properties": { "name": "OUR LADY OF THE VISITATION CATHOLIC CHURCH", "religion": "CHRISTIAN", "building_type": "CHURCH", "suburb": "CONSTANTIA" }, "geometry": { "type": "Point", "coordinates": [ 18.422934461751261, -34.021971807790614 ] } },
{ "type": "Feature", "properties": { "name": "HERVORMDE KERK IN S.A.", "religion": "CHRISTIAN", "building_type": "CHURCH", "suburb": "VICTORIA MXENGE" }, "geometry": { "type": "Point", "coordinates": [ 18.65815882285283, -34.022699325097562 ] } },
{ "type": "Feature", "properties": { "name": "MEDWAY CHAPEL", "religion": "CHRISTIAN", "building_type": "CHURCH", "suburb": "PLUMSTEAD" }, "geometry": { "type": "Point", "coordinates": [ 18.48290924381703, -34.02213073958567 ] } },
{ "type": "Feature", "properties": { "name": "NED. GER. SENDINKERK - OTTERY", "religion": "CHRISTIAN", "building_type": "CHURCH", "suburb": "OTTERY" }, "geometry": { "type": "Point", "coordinates": [ 18.504365480123703, -34.022848633882518 ] } },
{ "type": "Feature", "properties": { "name": "MASJID AL HUDA", "religion": "ISLAMIC", "building_type": "MOSQUE", "suburb": "NEW WOODLANDS" }, "geometry": { "type": "Point", "coordinates": [ 18.600557966486093, -34.02321269742211 ] } },
{ "type": "Feature", "properties": { "name": "NEW APOSTOLIC CHURCH OF S.A.", "religion": "CHRISTIAN", "building_type": "CHURCH", "suburb": "CONSTANTIA" }, "geometry": { "type": "Point", "coordinates": [ 18.436947186646798, -34.023053093849015 ] } },
{ "type": "Feature", "properties": { "name": "MASJID MAHMOUD", "religion": "CHRISTIAN", "building_type": "MOSQUE", "suburb": "CONSTANTIA" }, "geometry": { "type": "Point", "coordinates": [ 18.436799480257889, -34.023254801528331 ] } },
{ "type": "Feature", "properties": { "name": "THE ANGLICAN CHURCH OF ST. FAITH'S", "religion": "CHRISTIAN", "building_type": "CHURCH", "suburb": "PLUMSTEAD" }, "geometry": { "type": "Point", "coordinates": [ 18.483288488275456, -34.024090748840692 ] } },
{ "type": "Feature", "properties": { "name": "SEVENTH-DAY ADVENTIST CHURCH", "religion": "CHRISTIAN", "building_type": "CHURCH", "suburb": "PLUMSTEAD" }, "geometry": { "type": "Point", "coordinates": [ 18.466128042369849, -34.024877282400716 ] } },
{ "type": "Feature", "properties": { "name": "NEW APOSTOLIC CHURCH OF S.A.", "religion": "CHRISTIAN", "building_type": "CHURCH", "suburb": "COLORADO PARK" }, "geometry": { "type": "Point", "coordinates": [ 18.594333230861974, -34.026301946158028 ] } },
{ "type": "Feature", "properties": { "name": "OLD APOSTOLIC CHURCH OF AFRICA", "religion": "CHRISTIAN", "building_type": "CHURCH", "suburb": "PHILIPPI" }, "geometry": { "type": "Point", "coordinates": [ 18.526200832429751, -34.025841908422045 ] } },
{ "type": "Feature", "properties": { "name": "DESIRE OF ALL NATIONS CHRISTIAN CHURCH", "religion": "CHRISTIAN", "building_type": "CHURCH", "suburb": "LOTUS RIVER" }, "geometry": { "type": "Point", "coordinates": [ 18.520983296885333, -34.026050216243178 ] } },
{ "type": "Feature", "properties": { "name": "COLORADO PARK MASJID", "religion": "ISLAMIC", "building_type": "MOSQUE", "suburb": "COLORADO PARK" }, "geometry": { "type": "Point", "coordinates": [ 18.586738580599256, -34.026367504392304 ] } },
{ "type": "Feature", "properties": { "name": "ST. PAUL'S ANGLICAN CHURCH", "religion": "CHRISTIAN", "building_type": "CHURCH", "suburb": "FAURE" }, "geometry": { "type": "Point", "coordinates": [ 18.744497317859491, -34.027146518257091 ] } },
{ "type": "Feature", "properties": { "name": "NEW APOSTOLIC CHURCH OF S.A.", "religion": "CHRISTIAN", "building_type": "CHURCH", "suburb": "LOTUS RIVER" }, "geometry": { "type": "Point", "coordinates": [ 18.49749483425072, -34.026429166579661 ] } },
{ "type": "Feature", "properties": { "name": "APOSTOLIC FAITH MISSION OF S.A.", "religion": "CHRISTIAN", "building_type": "CHURCH", "suburb": "LOTUS RIVER" }, "geometry": { "type": "Point", "coordinates": [ 18.503392531907462, -34.02659232104331 ] } },
{ "type": "Feature", "properties": { "name": "NEW APOSTOLIC CHURCH OF S.A.", "religion": "CHRISTIAN", "building_type": "CHURCH", "suburb": "PHILIPPI" }, "geometry": { "type": "Point", "coordinates": [ 18.524455969076378, -34.026936929607587 ] } },
{ "type": "Feature", "properties": { "name": "RESTORATION COMMUNITY CHURCH", "religion": "CHRISTIAN", "building_type": "CHURCH", "suburb": "LENTEGEUR" }, "geometry": { "type": "Point", "coordinates": [ 18.629414707359658, -34.027535198723271 ] } },
{ "type": "Feature", "properties": { "name": "PARKWOOD METHODIST CHURCH", "religion": "CHRISTIAN", "building_type": "CHURCH", "suburb": "PARKWOOD" }, "geometry": { "type": "Point", "coordinates": [ 18.495338257731301, -34.02735524723915 ] } },
{ "type": "Feature", "properties": { "name": "HOLY TEMPLE MISSION OF S.A.", "religion": "CHRISTIAN", "building_type": "CHURCH", "suburb": "PARKWOOD" }, "geometry": { "type": "Point", "coordinates": [ 18.493479828461407, -34.027590095579498 ] } },
{ "type": "Feature", "properties": { "name": "ASSEMBLY OF GOD - PARKWOOD", "religion": "CHRISTIAN", "building_type": "CHURCH", "suburb": "PARKWOOD" }, "geometry": { "type": "Point", "coordinates": [ 18.496257141740497, -34.027807541486716 ] } },
{ "type": "Feature", "properties": { "name": "NED. GER. SENDINGKERK - ACACIA PARK", "religion": "CHRISTIAN", "building_type": "CHURCH", "suburb": "LOTUS RIVER" }, "geometry": { "type": "Point", "coordinates": [ 18.515426909629213, -34.028076852553802 ] } },
{ "type": "Feature", "properties": { "name": "PARISH OF ST. CLEMENT - GRASSY PARK", "religion": "CHRISTIAN", "building_type": "CHURCH", "suburb": "LOTUS RIVER" }, "geometry": { "type": "Point", "coordinates": [ 18.50042973179357, -34.027899626316213 ] } },
{ "type": "Feature", "properties": { "name": "ASSEMBLY OF GOD - MONTROSE PARK", "religion": "CHRISTIAN", "building_type": "CHURCH", "suburb": "LENTEGEUR" }, "geometry": { "type": "Point", "coordinates": [ 18.628568445853016, -34.028373919526771 ] } },
{ "type": "Feature", "properties": { "name": "PINKSTER PROTESTANTE KERK - GRASSY PARK", "religion": "CHRISTIAN", "building_type": "CHURCH", "suburb": "LOTUS RIVER" }, "geometry": { "type": "Point", "coordinates": [ 18.52052251055191, -34.028074794780999 ] } },
{ "type": "Feature", "properties": { "name": "CHRISTIAN ASSEMBLIES - MITCHELLS PLAIN", "religion": "CHRISTIAN", "building_type": "CHURCH", "suburb": "LENTEGEUR" }, "geometry": { "type": "Point", "coordinates": [ 18.603039719663631, -34.028384631223282 ] } },
{ "type": "Feature", "properties": { "name": "ST. PIUS X CAYHOLIC CHURCH", "religion": "CHRISTIAN", "building_type": "CHURCH", "suburb": "PLUMSTEAD" }, "geometry": { "type": "Point", "coordinates": [ 18.481089335204839, -34.02811282411173 ] } },
{ "type": "Feature", "properties": { "name": "WESLEY METHODIST MISSION", "religion": "CHRISTIAN", "building_type": "CHURCH", "suburb": "LENTEGEUR" }, "geometry": { "type": "Point", "coordinates": [ 18.615804429508039, -34.029030907778179 ] } },
{ "type": "Feature", "properties": { "name": "AFRICAN METHODIST EPISCOPAL CHURCH", "religion": "CHRISTIAN", "building_type": "CHURCH", "suburb": "PARKWOOD" }, "geometry": { "type": "Point", "coordinates": [ 18.490949011099666, -34.028795614501327 ] } },
{ "type": "Feature", "properties": { "name": "NEW APOSTOLIC CHURCH OF S.A.", "religion": "CHRISTIAN", "building_type": "CHURCH", "suburb": "PARKWOOD" }, "geometry": { "type": "Point", "coordinates": [ 18.490862424286071, -34.028999632806944 ] } },
{ "type": "Feature", "properties": { "name": "OLD APOSTOLIC CHURCH OF AFRICA", "religion": "CHRISTIAN", "building_type": "CHURCH", "suburb": "PARKWOOD" }, "geometry": { "type": "Point", "coordinates": [ 18.49472851365578, -34.02919780421265 ] } },
{ "type": "Feature", "properties": { "name": "MASJID UMMAH", "religion": "ISLAMIC", "building_type": "MOSQUE", "suburb": "LOTUS RIVER" }, "geometry": { "type": "Point", "coordinates": [ 18.520786150816431, -34.029254770393649 ] } },
{ "type": "Feature", "properties": { "name": "ST. MARK'S ANGLICAN CHURCH OF ENGLAND IN S. A.", "religion": "CHRISTIAN", "building_type": "CHURCH", "suburb": "SOUTHFIELD" }, "geometry": { "type": "Point", "coordinates": [ 18.481509298498462, -34.029127264604888 ] } },
{ "type": "Feature", "properties": { "name": "ANGLICAN CHURCH OF SIMON OF CYRENE", "religion": "CHRISTIAN", "building_type": "CHURCH", "suburb": "PARKWOOD" }, "geometry": { "type": "Point", "coordinates": [ 18.497295534021813, -34.029420973277759 ] } },
{ "type": "Feature", "properties": { "name": "ST. LUKE'S ANGLICAN CHURCH", "religion": "CHRISTIAN", "building_type": "CHURCH", "suburb": "DIEPRIVER" }, "geometry": { "type": "Point", "coordinates": [ 18.466510594425152, -34.029762753257138 ] } },
{ "type": "Feature", "properties": { "name": "ST. MICHAELS AND ALL ANGELS ANGLCIAN CHURCH", "religion": "CHRISTIAN", "building_type": "CHURCH", "suburb": "LOTUS RIVER" }, "geometry": { "type": "Point", "coordinates": [ 18.516366309362851, -34.03011503637434 ] } },
{ "type": "Feature", "properties": { "name": "NED. GER. SENDINGKERK - ACACIA PARK", "religion": "CHRISTIAN", "building_type": "CHURCH", "suburb": "PARKWOOD" }, "geometry": { "type": "Point", "coordinates": [ 18.498082963063883, -34.03040118450852 ] } },
{ "type": "Feature", "properties": { "name": "PARKWOOD BAPTIST CHURCH", "religion": "CHRISTIAN", "building_type": "CHURCH", "suburb": "PARKWOOD" }, "geometry": { "type": "Point", "coordinates": [ 18.491786830239288, -34.030489935021443 ] } },
{ "type": "Feature", "properties": { "name": "CHRISTIAN BRETHREN CHURCH", "religion": "CHRISTIAN", "building_type": "CHURCH", "suburb": "PARKWOOD" }, "geometry": { "type": "Point", "coordinates": [ 18.495656735652336, -34.030774293681077 ] } },
{ "type": "Feature", "properties": { "name": "NED. GER. SENDINGKERK - LENTEGEUR", "religion": "CHRISTIAN", "building_type": "CHURCH", "suburb": "LENTEGEUR" }, "geometry": { "type": "Point", "coordinates": [ 18.603840228176274, -34.031489173493519 ] } },
{ "type": "Feature", "properties": { "name": "FULL GOSPEL CHURCH OF GOD IN S. A.", "religion": "CHRISTIAN", "building_type": "CHURCH", "suburb": "SOUTHFIELD" }, "geometry": { "type": "Point", "coordinates": [ 18.481801159337628, -34.030822754015567 ] } },
{ "type": "Feature", "properties": { "name": "NEW APOSTOLIC CHURCH OF S.A.", "religion": "CHRISTIAN", "building_type": "CHURCH", "suburb": "SOUTHFIELD" }, "geometry": { "type": "Point", "coordinates": [ 18.478945284793713, -34.031099176314562 ] } },
{ "type": "Feature", "properties": { "name": "OLD APOSTOLIC CHURCH OF AFRICA", "religion": "CHRISTIAN", "building_type": "CHURCH", "suburb": "LENTEGEUR" }, "geometry": { "type": "Point", "coordinates": [ 18.614144864784155, -34.031631098151706 ] } },
{ "type": "Feature", "properties": { "name": "NEW APOSTOLIC CHURCH OF S.A.", "religion": "CHRISTIAN", "building_type": "CHURCH", "suburb": "KHAYA" }, "geometry": { "type": "Point", "coordinates": [ 18.663819093084992, -34.031696137103012 ] } },
{ "type": "Feature", "properties": { "name": "FREE CHURCH IN S.A.", "religion": "CHRISTIAN", "building_type": "CHURCH", "suburb": "EYETHU" }, "geometry": { "type": "Point", "coordinates": [ 18.676581055881236, -34.032213612779977 ] } },
{ "type": "Feature", "properties": { "name": "REHOBOT PINKSTER PROTESTANTE GEMEEENTE", "religion": "CHRISTIAN", "building_type": "CHURCH", "suburb": "LENTEGEUR" }, "geometry": { "type": "Point", "coordinates": [ 18.600600631072208, -34.031932058102797 ] } },
{ "type": "Feature", "properties": { "name": "MASJIDUN NUR", "religion": "ISLAMIC", "building_type": "MOSQUE", "suburb": "LOTUS RIVER" }, "geometry": { "type": "Point", "coordinates": [ 18.501398701371432, -34.031478998945353 ] } },
{ "type": "Feature", "properties": { "name": "BEZAFEER PENTECOSTAL CHURCH", "religion": "CHRISTIAN", "building_type": "CHURCH", "suburb": "LOTUS RIVER" }, "geometry": { "type": "Point", "coordinates": [ 18.518626632314454, -34.031602101441891 ] } },
{ "type": "Feature", "properties": { "name": "MASJIDUL MIEFTAAGH", "religion": "ISLAMIC", "building_type": "MOSQUE", "suburb": "LENTEGEUR" }, "geometry": { "type": "Point", "coordinates": [ 18.614238431507498, -34.032181409157779 ] } },
{ "type": "Feature", "properties": { "name": "CHURCH OF THE NAZARENE", "religion": "CHRISTIAN", "building_type": "CHURCH", "suburb": "PARKWOOD" }, "geometry": { "type": "Point", "coordinates": [ 18.499049915025598, -34.031944631236961 ] } },
{ "type": "Feature", "properties": { "name": "KINGDOM HALL OF JEHOVAH'S WITNESSES - WYNBERG", "religion": "CHRISTIAN", "building_type": "CHURCH", "suburb": "PLUMSTEAD" }, "geometry": { "type": "Point", "coordinates": [ 18.470659872298317, -34.031955284415048 ] } },
{ "type": "Feature", "properties": { "name": "MASJID MONIER", "religion": "ISLAMIC", "building_type": "MOSQUE", "suburb": "CONSTANTIA" }, "geometry": { "type": "Point", "coordinates": [ 18.436923913992729, -34.033138405693713 ] } },
{ "type": "Feature", "properties": { "name": "METHODIST CHURCH OF S.A.", "religion": "CHRISTIAN", "building_type": "CHURCH", "suburb": "EYETHU" }, "geometry": { "type": "Point", "coordinates": [ 18.666871192924649, -34.033163211390658 ] } },
{ "type": "Feature", "properties": { "name": "UNITING REFORMED CHURCH IN S.A.", "religion": "CHRISTIAN", "building_type": "CHURCH", "suburb": "EYETHU" }, "geometry": { "type": "Point", "coordinates": [ 18.672790788813071, -34.033275586221322 ] } },
{ "type": "Feature", "properties": { "name": "NEW APOSTOLIC CHURCH OF S.A.", "religion": "CHRISTIAN", "building_type": "CHURCH", "suburb": "BEACON VALLEY" }, "geometry": { "type": "Point", "coordinates": [ 18.628839162147035, -34.03329439388424 ] } },
{ "type": "Feature", "properties": { "name": "EVANGELICAL BIBLE CHURCH", "religion": "CHRISTIAN", "building_type": "CHURCH", "suburb": "LOTUS RIVER" }, "geometry": { "type": "Point", "coordinates": [ 18.516185024846965, -34.033183059069657 ] } },
{ "type": "Feature", "properties": { "name": "MASJID AS-SABR", "religion": "ISLAMIC", "building_type": "MOSQUE", "suburb": "PARKWOOD" }, "geometry": { "type": "Point", "coordinates": [ 18.493952434827335, -34.033201440185614 ] } },
{ "type": "Feature", "properties": { "name": "ST. PETER'S ANGLICAN CHURCH", "religion": "CHRISTIAN", "building_type": "CHURCH", "suburb": "KHAYA" }, "geometry": { "type": "Point", "coordinates": [ 18.662741397713365, -34.032923713762351 ] } },
{ "type": "Feature", "properties": { "name": "NEW APOSTOLIC CHURCH OF S.A.", "religion": "CHRISTIAN", "building_type": "CHURCH", "suburb": "PARKWOOD" }, "geometry": { "type": "Point", "coordinates": [ 18.494820638583118, -34.033592774397484 ] } },
{ "type": "Feature", "properties": { "name": "MASJIDUL IRSHAAD", "religion": "ISLAMIC", "building_type": "MOSQUE", "suburb": "WOODLANDS" }, "geometry": { "type": "Point", "coordinates": [ 18.598535871357953, -34.034414600665244 ] } },
{ "type": "Feature", "properties": { "name": "THE POTTER'S HOUSE CHRISTIAN CENTRE", "religion": "CHRISTIAN", "building_type": "CHURCH", "suburb": "BEACON VALLEY" }, "geometry": { "type": "Point", "coordinates": [ 18.626331665050046, -34.03494468902737 ] } },
{ "type": "Feature", "properties": { "name": "THE SPIRITUAL CENTRE CHURCH", "religion": "CHRISTIAN", "building_type": "CHURCH", "suburb": "DIEPRIVER" }, "geometry": { "type": "Point", "coordinates": [ 18.463315877152674, -34.034257404824892 ] } },
{ "type": "Feature", "properties": { "name": "PENTECOSTAL GOSPEL CHURCH", "religion": "CHRISTIAN", "building_type": "CHURCH", "suburb": "LENTEGEUR" }, "geometry": { "type": "Point", "coordinates": [ 18.621077301273921, -34.035002656330448 ] } },
{ "type": "Feature", "properties": { "name": "ASSEMBLY OF GOD - LENTEGEUR", "religion": "CHRISTIAN", "building_type": "CHURCH", "suburb": "LENTEGEUR" }, "geometry": { "type": "Point", "coordinates": [ 18.620529137609463, -34.035121455380889 ] } },
{ "type": "Feature", "properties": { "name": "OLD APOSTOLIC CHURCH OF AFRICA", "religion": "CHRISTIAN", "building_type": "CHURCH", "suburb": "EYETHU" }, "geometry": { "type": "Point", "coordinates": [ 18.67792556077374, -34.035509569283839 ] } },
{ "type": "Feature", "properties": { "name": "SOUTHFIELD METHODIST CHURCH", "religion": "CHRISTIAN", "building_type": "CHURCH", "suburb": "SOUTHFIELD" }, "geometry": { "type": "Point", "coordinates": [ 18.485027377832193, -34.034681164647964 ] } },
{ "type": "Feature", "properties": { "name": "MEADOWRIDGE BAPTIST CHURCH", "religion": "CHRISTIAN", "building_type": "CHURCH", "suburb": "MEADOWRIDGE" }, "geometry": { "type": "Point", "coordinates": [ 18.44739038299738, -34.034862069100079 ] } },
{ "type": "Feature", "properties": { "name": "KLIP ROAD CATHOLIC CENTRE", "religion": "CHRISTIAN", "building_type": "CHURCH", "suburb": "LOTUS RIVER" }, "geometry": { "type": "Point", "coordinates": [ 18.506819800549113, -34.034875864900492 ] } },
{ "type": "Feature", "properties": { "name": "SAYED MAHMUD KRAMAT", "religion": "ISLAMIC", "building_type": "MOSQUE", "suburb": "CONSTANTIA" }, "geometry": { "type": "Point", "coordinates": [ 18.429135516886159, -34.035686972431776 ] } },
{ "type": "Feature", "properties": { "name": "BETHANY CHURCH OF THE NAZARENE", "religion": "CHRISTIAN", "building_type": "CHURCH", "suburb": "LOTUS RIVER" }, "geometry": { "type": "Point", "coordinates": [ 18.510818738172944, -34.035466706732635 ] } },
{ "type": "Feature", "properties": { "name": "THE SALVATION ARMY - MITCHELLS PLAIN", "religion": "CHRISTIAN", "building_type": "CHURCH", "suburb": "LENTEGEUR" }, "geometry": { "type": "Point", "coordinates": [ 18.609750758266824, -34.036505852853651 ] } },
{ "type": "Feature", "properties": { "name": "MASJID-UL-DA'WAH", "religion": "ISLAMIC", "building_type": "MOSQUE", "suburb": "BEACON VALLEY" }, "geometry": { "type": "Point", "coordinates": [ 18.62046286889095, -34.036218323567276 ] } },
{ "type": "Feature", "properties": { "name": "ROBERT THOMAS AFRICAN METHODIST EPISCOPAL CHURCH", "religion": "CHRISTIAN", "building_type": "CHURCH", "suburb": "BEACON VALLEY" }, "geometry": { "type": "Point", "coordinates": [ 18.623196333604383, -34.036524823572144 ] } },
{ "type": "Feature", "properties": { "name": "THE PENTECOSTAL CHURCH OF JESUS CHRIST", "religion": "CHRISTIAN", "building_type": "CHURCH", "suburb": "LOTUS RIVER" }, "geometry": { "type": "Point", "coordinates": [ 18.519081545462548, -34.036199779332705 ] } },
{ "type": "Feature", "properties": { "name": "ISRAEL LAATREENS PENTECOSTAL MISSION CHURCH", "religion": "CHRISTIAN", "building_type": "CHURCH", "suburb": "LOTUS RIVER" }, "geometry": { "type": "Point", "coordinates": [ 18.521177644702107, -34.036615228471213 ] } },
{ "type": "Feature", "properties": { "name": "NEW APOSTOLIC CHURCH OF S.A.", "religion": "CHRISTIAN", "building_type": "CHURCH", "suburb": "LOTUS RIVER" }, "geometry": { "type": "Point", "coordinates": [ 18.514862596950895, -34.036792647172859 ] } },
{ "type": "Feature", "properties": { "name": "WOODLANDS GOSPEL HALL", "religion": "CHRISTIAN", "building_type": "CHURCH", "suburb": "WOODLANDS" }, "geometry": { "type": "Point", "coordinates": [ 18.59958529764592, -34.037406851589452 ] } },
{ "type": "Feature", "properties": { "name": "CAPE TOWN CITY MISSION CHURCH", "religion": "CHRISTIAN", "building_type": "CHURCH", "suburb": "BEACON VALLEY" }, "geometry": { "type": "Point", "coordinates": [ 18.620181386288248, -34.037689280640272 ] } },
{ "type": "Feature", "properties": { "name": "EMMANUEL APOSTOLIC CHURCH", "religion": "CHRISTIAN", "building_type": "CHURCH", "suburb": "BEACON VALLEY" }, "geometry": { "type": "Point", "coordinates": [ 18.619625813319328, -34.037562457494339 ] } },
{ "type": "Feature", "properties": { "name": "REFORMED OLD APOSTOLIC CHURCH", "religion": "CHRISTIAN", "building_type": "CHURCH", "suburb": "ELFINDALE" }, "geometry": { "type": "Point", "coordinates": [ 18.472272730017309, -34.03711352787991 ] } },
{ "type": "Feature", "properties": { "name": "ROMAN CATHOLIC CHURCH - CAPE TOWN", "religion": "CHRISTIAN", "building_type": "CHURCH", "suburb": "KHAYA" }, "geometry": { "type": "Point", "coordinates": [ 18.663792760769073, -34.037965185537836 ] } },
{ "type": "Feature", "properties": { "name": "PRESBYTERIAN CHURCH OF AFRICA", "religion": "CHRISTIAN", "building_type": "CHURCH", "suburb": "KHAYA" }, "geometry": { "type": "Point", "coordinates": [ 18.664531360087253, -34.038259007284566 ] } },
{ "type": "Feature", "properties": { "name": "WOODLANDS GONGREGATION OF JEHOVAH'S WITNESSES", "religion": "CHRISTIAN", "building_type": "CHURCH", "suburb": "WOODLANDS" }, "geometry": { "type": "Point", "coordinates": [ 18.598092190744161, -34.037929102774349 ] } },
{ "type": "Feature", "properties": { "name": "SHEKINAH FULL GOSPEL CHURCH OF GOD", "religion": "CHRISTIAN", "building_type": "CHURCH", "suburb": "BEACON VALLEY" }, "geometry": { "type": "Point", "coordinates": [ 18.624814655775253, -34.038265940640109 ] } },
{ "type": "Feature", "properties": { "name": "EFESE EVANGELIE SENDINGKERK VAN S.A.", "religion": "CHRISTIAN", "building_type": "CHURCH", "suburb": "LOTUS RIVER" }, "geometry": { "type": "Point", "coordinates": [ 18.517837056298852, -34.038033142161368 ] } },
{ "type": "Feature", "properties": { "name": "NED. GER. SENDINGKERK - LOTUSRIVIER", "religion": "CHRISTIAN", "building_type": "CHURCH", "suburb": "LOTUS RIVER" }, "geometry": { "type": "Point", "coordinates": [ 18.514454275823322, -34.038330209260735 ] } },
{ "type": "Feature", "properties": { "name": "CALVYN PROTESTANTE KERK - SOUTHFIELD", "religion": "CHRISTIAN", "building_type": "CHURCH", "suburb": "ELFINDALE" }, "geometry": { "type": "Point", "coordinates": [ 18.473322249730042, -34.038446789061474 ] } },
{ "type": "Feature", "properties": { "name": "CHURCH OF THE NEW TESTAMENT", "religion": "CHRISTIAN", "building_type": "CHURCH", "suburb": "WOODLANDS" }, "geometry": { "type": "Point", "coordinates": [ 18.599491565632544, -34.039242812314257 ] } },
{ "type": "Feature", "properties": { "name": "SHAYKH ABDURAHMAN MATEBE SHAH KRAMAT", "religion": "ISLAMIC", "building_type": "MOSQUE", "suburb": "CONSTANTIA" }, "geometry": { "type": "Point", "coordinates": [ 18.41569568268158, -34.038270290922149 ] } },
{ "type": "Feature", "properties": { "name": "OLD APOSTOLIC CHURCH OF AFRICA", "religion": "CHRISTIAN", "building_type": "CHURCH", "suburb": "HOUT BAY" }, "geometry": { "type": "Point", "coordinates": [ 18.350747419367764, -34.038332598787584 ] } },
{ "type": "Feature", "properties": { "name": "TRINITY PRESBYTERIAN CHURCH", "religion": "CHRISTIAN", "building_type": "CHURCH", "suburb": "MEADOWRIDGE" }, "geometry": { "type": "Point", "coordinates": [ 18.458275263006836, -34.03898047594285 ] } },
{ "type": "Feature", "properties": { "name": "UNITING PRESBYTERIAN CHURCH IN S.A.", "religion": "CHRISTIAN", "building_type": "CHURCH", "suburb": "KHAYA" }, "geometry": { "type": "Point", "coordinates": [ 18.654203273857203, -34.039647164825439 ] } },
{ "type": "Feature", "properties": { "name": "EMMANUEL PENTECOSTAL FELLOWSHIP CHURCH", "religion": "CHRISTIAN", "building_type": "CHURCH", "suburb": "WOODLANDS" }, "geometry": { "type": "Point", "coordinates": [ 18.596978076772611, -34.039719442022388 ] } },
{ "type": "Feature", "properties": { "name": "NED. GER. SENDINGKERK - BEACON VALLEY", "religion": "CHRISTIAN", "building_type": "CHURCH", "suburb": "BEACON VALLEY" }, "geometry": { "type": "Point", "coordinates": [ 18.621503483604286, -34.039775842847398 ] } },
{ "type": "Feature", "properties": { "name": "NED. GER. SENDINGKERK - DIE SLOT", "religion": "CHRISTIAN", "building_type": "CHURCH", "suburb": "GRASSY PARK" }, "geometry": { "type": "Point", "coordinates": [ 18.503178431934209, -34.039595947101155 ] } },
{ "type": "Feature", "properties": { "name": "CHURCH OF GOD OF S.A.", "religion": "CHRISTIAN", "building_type": "CHURCH", "suburb": "LOTUS RIVER" }, "geometry": { "type": "Point", "coordinates": [ 18.515112253141396, -34.039566779670835 ] } },
{ "type": "Feature", "properties": { "name": "NED. GER. SENDINKERK - HOUT BAY", "religion": "CHRISTIAN", "building_type": "CHURCH", "suburb": "HOUT BAY" }, "geometry": { "type": "Point", "coordinates": [ 18.348556829038412, -34.039120371505312 ] } },
{ "type": "Feature", "properties": { "name": "BEACON HILL CAVALRY MINISTRIES", "religion": "CHRISTIAN", "building_type": "CHURCH", "suburb": "BEACON VALLEY" }, "geometry": { "type": "Point", "coordinates": [ 18.624272199107789, -34.040312633633853 ] } },
{ "type": "Feature", "properties": { "name": "CHURCH OF THE NAZARENE", "religion": "CHRISTIAN", "building_type": "CHURCH", "suburb": "MANDELA PARK" }, "geometry": { "type": "Point", "coordinates": [ 18.677844180595521, -34.040533896875395 ] } },
{ "type": "Feature", "properties": { "name": "ST. CLEMENT CATHOLIC CHURCH", "religion": "CHRISTIAN", "building_type": "CHURCH", "suburb": "LOTUS RIVER" }, "geometry": { "type": "Point", "coordinates": [ 18.522251918390818, -34.040381444417001 ] } },
{ "type": "Feature", "properties": { "name": "EVANGELICAL BIBLE CHURCH", "religion": "CHRISTIAN", "building_type": "CHURCH", "suburb": "BEACON VALLEY" }, "geometry": { "type": "Point", "coordinates": [ 18.624652940159475, -34.040635487032574 ] } },
{ "type": "Feature", "properties": { "name": "OLD APOSTOLIC CHURCH OF AFRICA", "religion": "CHRISTIAN", "building_type": "CHURCH", "suburb": "LOTUS RIVER" }, "geometry": { "type": "Point", "coordinates": [ 18.525515235509946, -34.040467968463602 ] } },
{ "type": "Feature", "properties": { "name": "GALILEAN GOSPEL MISSION CHURCH", "religion": "CHRISTIAN", "building_type": "CHURCH", "suburb": "WOODLANDS" }, "geometry": { "type": "Point", "coordinates": [ 18.601627438679625, -34.040966765559055 ] } },
{ "type": "Feature", "properties": { "name": "NED. GER. SENDINGKERK - CONSTANTIA", "religion": "CHRISTIAN", "building_type": "CHURCH", "suburb": "BERGVLIET" }, "geometry": { "type": "Point", "coordinates": [ 18.44928897863856, -34.040711656494857 ] } },
{ "type": "Feature", "properties": { "name": "LOTUS RIVER ASSEMBLIES OF GOD", "religion": "CHRISTIAN", "building_type": "CHURCH", "suburb": "LOTUS RIVER" }, "geometry": { "type": "Point", "coordinates": [ 18.52256793043642, -34.041056546402253 ] } },
{ "type": "Feature", "properties": { "name": "AL-MASJIDUTH THAALITH", "religion": "ISLAMIC", "building_type": "MOSQUE", "suburb": "BEACON VALLEY" }, "geometry": { "type": "Point", "coordinates": [ 18.63102494738791, -34.041638267569212 ] } },
{ "type": "Feature", "properties": { "name": "CHURCH OF JESUS CHRIST OF LATTER DAY SAINTS", "religion": "CHRISTIAN", "building_type": "CHURCH", "suburb": "MEADOWRIDGE" }, "geometry": { "type": "Point", "coordinates": [ 18.456729686407687, -34.04113211328594 ] } },
{ "type": "Feature", "properties": { "name": "HARMONY HALL", "religion": "CHRISTIAN", "building_type": "CHURCH", "suburb": "GRASSY PARK" }, "geometry": { "type": "Point", "coordinates": [ 18.502293204205472, -34.041381784177084 ] } },
{ "type": "Feature", "properties": { "name": "GRASSY PARK BAPTIST CHURCH", "religion": "CHRISTIAN", "building_type": "CHURCH", "suburb": "GRASSY PARK" }, "geometry": { "type": "Point", "coordinates": [ 18.499986614423495, -34.041650115735422 ] } },
{ "type": "Feature", "properties": { "name": "CALVYN PROTESTANTE KERK", "religion": "CHRISTIAN", "building_type": "CHURCH", "suburb": "GRASSY PARK" }, "geometry": { "type": "Point", "coordinates": [ 18.502108112629386, -34.042033447718879 ] } },
{ "type": "Feature", "properties": { "name": "NEW APOSTOLIC CHURCH OF S.A.", "religion": "CHRISTIAN", "building_type": "CHURCH", "suburb": "LOTUS RIVER" }, "geometry": { "type": "Point", "coordinates": [ 18.520365098764692, -34.04244776811359 ] } },
{ "type": "Feature", "properties": { "name": "THE MOST HOLY REDEEMER CATHOLIC CHURCH", "religion": "CHRISTIAN", "building_type": "CHURCH", "suburb": "BERGVLIET" }, "geometry": { "type": "Point", "coordinates": [ 18.460882944715888, -34.042755518467708 ] } },
{ "type": "Feature", "properties": { "name": "CHURCH OF THE NAZARENE", "religion": "CHRISTIAN", "building_type": "CHURCH", "suburb": "PHILIPPI" }, "geometry": { "type": "Point", "coordinates": [ 18.528274555533873, -34.042809836038764 ] } },
{ "type": "Feature", "properties": { "name": "WITHOUT WALLS CHRISTIAN FAMILY CHURCH", "religion": "CHRISTIAN", "building_type": "CHURCH", "suburb": "ILITHA PARK" }, "geometry": { "type": "Point", "coordinates": [ 18.668567161875401, -34.046645769822234 ] } },
{ "type": "Feature", "properties": { "name": "GREAT BAPTIST CHURCH", "religion": "CHRISTIAN", "building_type": "CHURCH", "suburb": "MANDELA PARK" }, "geometry": { "type": "Point", "coordinates": [ 18.680769871305017, -34.043608471967197 ] } },
{ "type": "Feature", "properties": { "name": "CHURCH OF THE NAZARENE- MITCHELLS PLAIN", "religion": "CHRISTIAN", "building_type": "CHURCH", "suburb": "PORTLAND" }, "geometry": { "type": "Point", "coordinates": [ 18.610415330117394, -34.043679839165257 ] } },
{ "type": "Feature", "properties": { "name": "METHODIST CHURCH OF S.A.", "religion": "CHRISTIAN", "building_type": "CHURCH", "suburb": "GRASSY PARK" }, "geometry": { "type": "Point", "coordinates": [ 18.496089888010975, -34.043527231581081 ] } },
{ "type": "Feature", "properties": { "name": "MASJID AHMEDIYAH", "religion": "CHRISTIAN", "building_type": "MOSQUE", "suburb": "GRASSY PARK" }, "geometry": { "type": "Point", "coordinates": [ 18.491804144368079, -34.043202669723051 ] } },
{ "type": "Feature", "properties": { "name": "HEATHFIELD BAPTIST CHURCH", "religion": "CHRISTIAN", "building_type": "CHURCH", "suburb": "ELFINDALE" }, "geometry": { "type": "Point", "coordinates": [ 18.467631767358228, -34.043715554748971 ] } },
{ "type": "Feature", "properties": { "name": "BERGVLIET METHODIST CHURCH", "religion": "CHRISTIAN", "building_type": "CHURCH", "suburb": "BERGVLIET" }, "geometry": { "type": "Point", "coordinates": [ 18.451128275589539, -34.044002727384481 ] } },
{ "type": "Feature", "properties": { "name": "AFRICAN GOSPEL CHURCH", "religion": "CHRISTIAN", "building_type": "CHURCH", "suburb": "ILITHA PARK" }, "geometry": { "type": "Point", "coordinates": [ 18.662631123224042, -34.044473723177468 ] } },
{ "type": "Feature", "properties": { "name": "MILTON MATIWANE MEMORIAL METHODIST CHURCH OF S.A.", "religion": "CHRISTIAN", "building_type": "CHURCH", "suburb": "MANDELA PARK" }, "geometry": { "type": "Point", "coordinates": [ 18.686397494064838, -34.044641935752068 ] } },
{ "type": "Feature", "properties": { "name": "PENTECOSTAL CHRISTIAN CHURCH OF S.A.", "religion": "CHRISTIAN", "building_type": "CHURCH", "suburb": "EASTRIDGE" }, "geometry": { "type": "Point", "coordinates": [ 18.635153055563109, -34.044670556576271 ] } },
{ "type": "Feature", "properties": { "name": "BEACON VALLEY BAPTIST CHURCH", "religion": "CHRISTIAN", "building_type": "CHURCH", "suburb": "BEACON VALLEY" }, "geometry": { "type": "Point", "coordinates": [ 18.623411464843574, -34.044701988037509 ] } },
{ "type": "Feature", "properties": { "name": "NEW APOSTOLIC CHURCH OF S.A.", "religion": "CHRISTIAN", "building_type": "CHURCH", "suburb": "WESTGATE" }, "geometry": { "type": "Point", "coordinates": [ 18.589273503261833, -34.044841835456722 ] } },
{ "type": "Feature", "properties": { "name": "OUR LADY QUEEN OF PEACE CATHOLIC CHURCH", "religion": "CHRISTIAN", "building_type": "CHURCH", "suburb": "GRASSY PARK" }, "geometry": { "type": "Point", "coordinates": [ 18.500908868013298, -34.044522433974336 ] } },
{ "type": "Feature", "properties": { "name": "INDEPENDENT CONGREGATIONAL CHURCH OF S.A.", "religion": "CHRISTIAN", "building_type": "CHURCH", "suburb": "EASTRIDGE" }, "geometry": { "type": "Point", "coordinates": [ 18.634567167148276, -34.045256454753989 ] } },
{ "type": "Feature", "properties": { "name": "JIREH COMMUNITY PROJECTS CENTRE", "religion": "CHRISTIAN", "building_type": "CHURCH", "suburb": "PORTLAND" }, "geometry": { "type": "Point", "coordinates": [ 18.611221807036749, -34.045168726783075 ] } },
{ "type": "Feature", "properties": { "name": "REFORMED APOSTOLIC CHURCH", "religion": "CHRISTIAN", "building_type": "CHURCH", "suburb": "MANDELA PARK" }, "geometry": { "type": "Point", "coordinates": [ 18.687819157053699, -34.045295652439549 ] } },
{ "type": "Feature", "properties": { "name": "SEVENTH-DAY ADVENTIST CHURCH - GRASSY PARK", "religion": "CHRISTIAN", "building_type": "CHURCH", "suburb": "GRASSY PARK" }, "geometry": { "type": "Point", "coordinates": [ 18.50128722044467, -34.044816830713437 ] } },
{ "type": "Feature", "properties": { "name": "BERGVLIET CONGREGATIONAL CHURCH", "religion": "CHRISTIAN", "building_type": "CHURCH", "suburb": "BERGVLIET" }, "geometry": { "type": "Point", "coordinates": [ 18.460427429696537, -34.04471776145045 ] } },
{ "type": "Feature", "properties": { "name": "ST. PETER THE FISHERMAN ANGLICAN CHURCH", "religion": "CHRISTIAN", "building_type": "CHURCH", "suburb": "HOUT BAY" }, "geometry": { "type": "Point", "coordinates": [ 18.360592284738512, -34.044620782194492 ] } },
{ "type": "Feature", "properties": { "name": "OLD APOSTOLIC CHURCH OF AFRICA", "religion": "CHRISTIAN", "building_type": "CHURCH", "suburb": "GRASSY PARK" }, "geometry": { "type": "Point", "coordinates": [ 18.508131507052259, -34.045469143719437 ] } },
{ "type": "Feature", "properties": { "name": "VREDE HULP DOOD GENOOTSKAP", "religion": "CHRISTIAN", "building_type": "CHURCH", "suburb": "GRASSY PARK" }, "geometry": { "type": "Point", "coordinates": [ 18.494295165464408, -34.045207334247131 ] } },
{ "type": "Feature", "properties": { "name": "EVANGELICAL LUTHERAN CHURCH IN S.A.", "religion": "CHRISTIAN", "building_type": "CHURCH", "suburb": "GRASSY PARK" }, "geometry": { "type": "Point", "coordinates": [ 18.495403982969069, -34.045877963815791 ] } },
{ "type": "Feature", "properties": { "name": "CORNERSTONE FAITH MINISTRIES", "religion": "CHRISTIAN", "building_type": "CHURCH", "suburb": "WESTRIDGE" }, "geometry": { "type": "Point", "coordinates": [ 18.595780509311172, -34.046130033116782 ] } },
{ "type": "Feature", "properties": { "name": "GOOD SHEPERD ANGLICAN CHURCH", "religion": "CHRISTIAN", "building_type": "CHURCH", "suburb": "GRASSY PARK" }, "geometry": { "type": "Point", "coordinates": [ 18.493493396615467, -34.045886939746957 ] } },
{ "type": "Feature", "properties": { "name": "NEW APOSTOLIC CHURCH OF S.A.", "religion": "CHRISTIAN", "building_type": "CHURCH", "suburb": "GRASSY PARK" }, "geometry": { "type": "Point", "coordinates": [ 18.499601352150947, -34.046632162018192 ] } },
{ "type": "Feature", "properties": { "name": "GRASSY PARK ASSEMBLY OF GOD", "religion": "CHRISTIAN", "building_type": "CHURCH", "suburb": "GRASSY PARK" }, "geometry": { "type": "Point", "coordinates": [ 18.495759571192828, -34.046483712360434 ] } },
{ "type": "Feature", "properties": { "name": "NEW APOSTOLIC CHURCH OF S.A.", "religion": "CHRISTIAN", "building_type": "CHURCH", "suburb": "EASTRIDGE" }, "geometry": { "type": "Point", "coordinates": [ 18.627197442456264, -34.047281605095023 ] } },
{ "type": "Feature", "properties": { "name": "METROPOLITAN EVANGELISTIC CHURCH", "religion": "CHRISTIAN", "building_type": "CHURCH", "suburb": "GRASSY PARK" }, "geometry": { "type": "Point", "coordinates": [ 18.493512940362784, -34.046992722684145 ] } },
{ "type": "Feature", "properties": { "name": "METHODIST CHURCH OF S.A.", "religion": "CHRISTIAN", "building_type": "CHURCH", "suburb": "EASTRIDGE" }, "geometry": { "type": "Point", "coordinates": [ 18.632114602030928, -34.047607854344676 ] } },
{ "type": "Feature", "properties": { "name": "ASSEMBLY HALL", "religion": "CHRISTIAN", "building_type": "CHURCH", "suburb": "GRASSY PARK" }, "geometry": { "type": "Point", "coordinates": [ 18.498971395981567, -34.04711185179606 ] } },
{ "type": "Feature", "properties": { "name": "CHRIST ANGLICAN CHURCH", "religion": "CHRISTIAN", "building_type": "CHURCH", "suburb": "MANDELA PARK" }, "geometry": { "type": "Point", "coordinates": [ 18.689105775407572, -34.047835299462072 ] } },
{ "type": "Feature", "properties": { "name": "PORTLANDS GOSPEL HALL", "religion": "CHRISTIAN", "building_type": "CHURCH", "suburb": "PORTLAND" }, "geometry": { "type": "Point", "coordinates": [ 18.612486908942945, -34.047790548850728 ] } },
{ "type": "Feature", "properties": { "name": "WESTRIDGE BAPTIST CHURCH", "religion": "CHRISTIAN", "building_type": "CHURCH", "suburb": "WESTRIDGE" }, "geometry": { "type": "Point", "coordinates": [ 18.603206670660896, -34.048321647014347 ] } },
{ "type": "Feature", "properties": { "name": "NEW APOSTOLIC CHURCH OF S.A.", "religion": "CHRISTIAN", "building_type": "CHURCH", "suburb": "HEATHFIELD" }, "geometry": { "type": "Point", "coordinates": [ 18.46404422579517, -34.048015491088059 ] } },
{ "type": "Feature", "properties": { "name": "SAYIDINA BILAL MASJID", "religion": "ISLAMIC", "building_type": "MOSQUE", "suburb": "UMRHABULO TRIANGLE" }, "geometry": { "type": "Point", "coordinates": [ 18.709309046047537, -34.048776194893257 ] } },
{ "type": "Feature", "properties": { "name": "AFRICA THEOLOGICAL COLLEGE AND CHURCH", "religion": "CHRISTIAN", "building_type": "CHURCH", "suburb": "ILITHA PARK" }, "geometry": { "type": "Point", "coordinates": [ 18.669055610929675, -34.048555960953536 ] } },
{ "type": "Feature", "properties": { "name": "OLD APOSTOLIC CHURCH OF AFRICA", "religion": "CHRISTIAN", "building_type": "CHURCH", "suburb": "HEATHFIELD" }, "geometry": { "type": "Point", "coordinates": [ 18.468588395880701, -34.048505224224584 ] } },
{ "type": "Feature", "properties": { "name": "APOSTOLIC CHURCH - APOSTLE UNITY", "religion": "CHRISTIAN", "building_type": "CHURCH", "suburb": "GRASSY PARK" }, "geometry": { "type": "Point", "coordinates": [ 18.506385611534625, -34.048613882483018 ] } },
{ "type": "Feature", "properties": { "name": "ST. FRANCIS ANGLICAN CHURCH", "religion": "CHRISTIAN", "building_type": "CHURCH", "suburb": "MANDELA PARK" }, "geometry": { "type": "Point", "coordinates": [ 18.686090151660057, -34.049269683864445 ] } },
{ "type": "Feature", "properties": { "name": "HEATHFIELD TRINITY METHODIST CHURCH", "religion": "CHRISTIAN", "building_type": "CHURCH", "suburb": "HEATHFIELD" }, "geometry": { "type": "Point", "coordinates": [ 18.471926377372977, -34.049143570984143 ] } },
{ "type": "Feature", "properties": { "name": "UINTY PRESBYTERIAN CHURCH", "religion": "CHRISTIAN", "building_type": "CHURCH", "suburb": "ILITHA PARK" }, "geometry": { "type": "Point", "coordinates": [ 18.664822213016706, -34.049733696400708 ] } },
{ "type": "Feature", "properties": { "name": "MORAVIAN CHURCH - WESTRIDGE", "religion": "CHRISTIAN", "building_type": "CHURCH", "suburb": "WESTRIDGE" }, "geometry": { "type": "Point", "coordinates": [ 18.596316792755989, -34.04967370424562 ] } },
{ "type": "Feature", "properties": { "name": "CHRIST THE MEDIATOR ANGLICAN CHURCH", "religion": "CHRISTIAN", "building_type": "CHURCH", "suburb": "PORTLAND" }, "geometry": { "type": "Point", "coordinates": [ 18.617132235617696, -34.049687648730021 ] } },
{ "type": "Feature", "properties": { "name": "MORAVIAN CHURCH", "religion": "CHRISTIAN", "building_type": "CHURCH", "suburb": "ILITHA PARK" }, "geometry": { "type": "Point", "coordinates": [ 18.660211975435285, -34.049854385435438 ] } },
{ "type": "Feature", "properties": { "name": "OLD APOSTOLIC CHURCH OF AFRICA", "religion": "CHRISTIAN", "building_type": "CHURCH", "suburb": "EASTRIDGE" }, "geometry": { "type": "Point", "coordinates": [ 18.624671100501264, -34.050336283172193 ] } },
{ "type": "Feature", "properties": { "name": "ACTS MISSION CHURCH OF S.A.", "religion": "CHRISTIAN", "building_type": "CHURCH", "suburb": "EASTRIDGE" }, "geometry": { "type": "Point", "coordinates": [ 18.633694545477905, -34.050894210468243 ] } },
{ "type": "Feature", "properties": { "name": "ST. MARTINS ANGLICAN CHURCH", "religion": "CHRISTIAN", "building_type": "CHURCH", "suburb": "BERGVLIET" }, "geometry": { "type": "Point", "coordinates": [ 18.458111601640177, -34.050536473868974 ] } },
{ "type": "Feature", "properties": { "name": "NED. GER. SENDINGKERK - GRASSY PARK", "religion": "CHRISTIAN", "building_type": "CHURCH", "suburb": "GRASSY PARK" }, "geometry": { "type": "Point", "coordinates": [ 18.494650471617174, -34.050737175421645 ] } },
{ "type": "Feature", "properties": { "name": "EASTRIDGE UNITED CHURCH", "religion": "CHRISTIAN", "building_type": "CHURCH", "suburb": "EASTRIDGE" }, "geometry": { "type": "Point", "coordinates": [ 18.631097962454223, -34.051085807032237 ] } },
{ "type": "Feature", "properties": { "name": "OLD APOSTOLIC CHURCH OF AFRICA", "religion": "CHRISTIAN", "building_type": "CHURCH", "suburb": "RETREAT" }, "geometry": { "type": "Point", "coordinates": [ 18.462009975562903, -34.051499620997205 ] } },
{ "type": "Feature", "properties": { "name": "CHRISTIAN FELLOWSHIP CENTRE", "religion": "CHRISTIAN", "building_type": "CHURCH", "suburb": "MANDELA PARK" }, "geometry": { "type": "Point", "coordinates": [ 18.683194613801366, -34.052558829129538 ] } },
{ "type": "Feature", "properties": { "name": "PENTECOSTAL SOUND DOCTRINE CHURCH", "religion": "CHRISTIAN", "building_type": "CHURCH", "suburb": "GRASSY PARK" }, "geometry": { "type": "Point", "coordinates": [ 18.502525526504247, -34.05203758573321 ] } },
{ "type": "Feature", "properties": { "name": "CHURCH OF GOD - ROCKLANDS", "religion": "CHRISTIAN", "building_type": "CHURCH", "suburb": "PORTLAND" }, "geometry": { "type": "Point", "coordinates": [ 18.618237584727034, -34.052659550453349 ] } },
{ "type": "Feature", "properties": { "name": "CHURCH OF CHRIST", "religion": "CHRISTIAN", "building_type": "CHURCH", "suburb": "MANDELA PARK" }, "geometry": { "type": "Point", "coordinates": [ 18.68080028646391, -34.052993746443569 ] } },
{ "type": "Feature", "properties": { "name": "APOSTOLIC CHURCH OF S.A.", "religion": "CHRISTIAN", "building_type": "CHURCH", "suburb": "PORTLAND" }, "geometry": { "type": "Point", "coordinates": [ 18.614182511381085, -34.052856699028851 ] } },
{ "type": "Feature", "properties": { "name": "WESTRIDGE EVANGELICAL COMMUNITY CHURCH", "religion": "CHRISTIAN", "building_type": "CHURCH", "suburb": "WESTRIDGE" }, "geometry": { "type": "Point", "coordinates": [ 18.605636548825718, -34.052973423344717 ] } },
{ "type": "Feature", "properties": { "name": "EVANGELICAL LUTHERAN CHURCH", "religion": "CHRISTIAN", "building_type": "CHURCH", "suburb": "MANDELA PARK" }, "geometry": { "type": "Point", "coordinates": [ 18.685843257789028, -34.053660750136387 ] } },
{ "type": "Feature", "properties": { "name": "CITY MISSION CHURCH", "religion": "CHRISTIAN", "building_type": "CHURCH", "suburb": "EASTRIDGE" }, "geometry": { "type": "Point", "coordinates": [ 18.626437802797504, -34.05391945820783 ] } },
{ "type": "Feature", "properties": { "name": "GRASSY PARK MORAVIAN CHURCH", "religion": "CHRISTIAN", "building_type": "CHURCH", "suburb": "GRASSY PARK" }, "geometry": { "type": "Point", "coordinates": [ 18.492788050234147, -34.053692588355624 ] } },
{ "type": "Feature", "properties": { "name": "ST. CYPRIAN'S ANGLICAN CHURCH", "religion": "CHRISTIAN", "building_type": "CHURCH", "suburb": "RETREAT" }, "geometry": { "type": "Point", "coordinates": [ 18.469953635686572, -34.053987582902927 ] } },
{ "type": "Feature", "properties": { "name": "AL-MASJIDUR RAWBIE", "religion": "ISLAMIC", "building_type": "MOSQUE", "suburb": "PORTLAND" }, "geometry": { "type": "Point", "coordinates": [ 18.618093137425959, -34.054300370955048 ] } },
{ "type": "Feature", "properties": { "name": "AFRICAN METHODIST EPISCOPAL CHURCH", "religion": "CHRISTIAN", "building_type": "CHURCH", "suburb": "MANDELA PARK" }, "geometry": { "type": "Point", "coordinates": [ 18.678781885208203, -34.054563075230789 ] } },
{ "type": "Feature", "properties": { "name": "HOUT BAY ISLAMIC SOCIETY MASJID", "religion": "ISLAMIC", "building_type": "MOSQUE", "suburb": "HOUT BAY" }, "geometry": { "type": "Point", "coordinates": [ 18.341415829790801, -34.053463771635315 ] } },
{ "type": "Feature", "properties": { "name": "BAYVIEW BAPTIST CHURCH", "religion": "CHRISTIAN", "building_type": "CHURCH", "suburb": "HOUT BAY" }, "geometry": { "type": "Point", "coordinates": [ 18.342667639325747, -34.0535379900141 ] } },
{ "type": "Feature", "properties": { "name": "PENTECOSTAL FAITH CENTRE", "religion": "CHRISTIAN", "building_type": "CHURCH", "suburb": "RETREAT" }, "geometry": { "type": "Point", "coordinates": [ 18.469173833341259, -34.054441718600039 ] } },
{ "type": "Feature", "properties": { "name": "NED. GER. SENDINGKERK IN S.A.", "religion": "CHRISTIAN", "building_type": "CHURCH", "suburb": "FIRGROVE" }, "geometry": { "type": "Point", "coordinates": [ 18.786846097632047, -34.055518440878977 ] } },
{ "type": "Feature", "properties": { "name": "JESUS CELEBRATION COVENANT CENTRE", "religion": "CHRISTIAN", "building_type": "CHURCH", "suburb": "GRASSY PARK" }, "geometry": { "type": "Point", "coordinates": [ 18.488701128018135, -34.05463561211311 ] } },
{ "type": "Feature", "properties": { "name": "THE BETHANY ASSEMBLY OF GOD", "religion": "CHRISTIAN", "building_type": "CHURCH", "suburb": "RETREAT" }, "geometry": { "type": "Point", "coordinates": [ 18.466713903835206, -34.054544726281918 ] } },
{ "type": "Feature", "properties": { "name": "THE BETHANY ASSEMBLY OF GOD", "religion": "CHRISTIAN", "building_type": "CHURCH", "suburb": "HARARE" }, "geometry": { "type": "Point", "coordinates": [ 18.677866165065453, -34.05542144941608 ] } },
{ "type": "Feature", "properties": { "name": "MASJIDUL GAUMIES", "religion": "ISLAMIC", "building_type": "MOSQUE", "suburb": "EASTRIDGE" }, "geometry": { "type": "Point", "coordinates": [ 18.62725706813324, -34.055608646166618 ] } },
{ "type": "Feature", "properties": { "name": "MASJIDUL AMINA", "religion": "ISLAMIC", "building_type": "MOSQUE", "suburb": "TAFELSIG" }, "geometry": { "type": "Point", "coordinates": [ 18.640222424781168, -34.0560332787351 ] } },
{ "type": "Feature", "properties": { "name": "OUR LADY STAR OF THE SEA CATHOLIC CHURCH", "religion": "CHRISTIAN", "building_type": "CHURCH", "suburb": "HOUT BAY" }, "geometry": { "type": "Point", "coordinates": [ 18.342604500337686, -34.054785145276341 ] } },
{ "type": "Feature", "properties": { "name": "CHRISTELIKE ENVANGELIE SENDINGKERK VAN S.A.", "religion": "CHRISTIAN", "building_type": "CHURCH", "suburb": "GRASSY PARK" }, "geometry": { "type": "Point", "coordinates": [ 18.492408098801576, -34.055580270171404 ] } },
{ "type": "Feature", "properties": { "name": "ASSEMBLY OF CHRISTIAN BRETHREN - RETREAT", "religion": "CHRISTIAN", "building_type": "CHURCH", "suburb": "RETREAT" }, "geometry": { "type": "Point", "coordinates": [ 18.477674478585453, -34.055494724604365 ] } },
{ "type": "Feature", "properties": { "name": "METHODIST CHURCH OF S.A.", "religion": "CHRISTIAN", "building_type": "CHURCH", "suburb": "HOUT BAY" }, "geometry": { "type": "Point", "coordinates": [ 18.339937015983562, -34.054855655359994 ] } },
{ "type": "Feature", "properties": { "name": "SEVENTH-DAY ADVENTIST CHURCH", "religion": "CHRISTIAN", "building_type": "CHURCH", "suburb": "FIRGROVE" }, "geometry": { "type": "Point", "coordinates": [ 18.78524705869707, -34.056562720680795 ] } },
{ "type": "Feature", "properties": { "name": "KINGDOM HALL OF JEHOVAH'S WITNESSES - GRASSY PARK", "religion": "CHRISTIAN", "building_type": "CHURCH", "suburb": "GRASSY PARK" }, "geometry": { "type": "Point", "coordinates": [ 18.492358095877908, -34.055931065484472 ] } },
{ "type": "Feature", "properties": { "name": "OLD APOSTOLIC CHURCH OF AFRICA", "religion": "CHRISTIAN", "building_type": "CHURCH", "suburb": "RETREAT" }, "geometry": { "type": "Point", "coordinates": [ 18.474456641372505, -34.055900750834653 ] } },
{ "type": "Feature", "properties": { "name": "REFORMED OLD APOSTOLIC CHURCH", "religion": "CHRISTIAN", "building_type": "CHURCH", "suburb": "FIRGROVE" }, "geometry": { "type": "Point", "coordinates": [ 18.787110274190802, -34.057043936520905 ] } },
{ "type": "Feature", "properties": { "name": "ST. MARY'S CATHOLIC CHURCH", "religion": "CHRISTIAN", "building_type": "CHURCH", "suburb": "RETREAT" }, "geometry": { "type": "Point", "coordinates": [ 18.481767342258767, -34.056347532839524 ] } },
{ "type": "Feature", "properties": { "name": "NEW APOSTOLIC CHURCH OF S.A.", "religion": "CHRISTIAN", "building_type": "CHURCH", "suburb": "RETREAT" }, "geometry": { "type": "Point", "coordinates": [ 18.478501225090884, -34.056341460562734 ] } },
{ "type": "Feature", "properties": { "name": "KINGDOM HALL OF JEHOVAH'S WITNESSES", "religion": "CHRISTIAN", "building_type": "CHURCH", "suburb": "BELL GLEN" }, "geometry": { "type": "Point", "coordinates": [ 18.749807838018963, -34.057035304864023 ] } },
{ "type": "Feature", "properties": { "name": "WESLEY METHODIST CHURCH", "religion": "CHRISTIAN", "building_type": "CHURCH", "suburb": "RETREAT" }, "geometry": { "type": "Point", "coordinates": [ 18.469298854574269, -34.056193293600082 ] } },
{ "type": "Feature", "properties": { "name": "ST. TIMOTHY CATHOLIC CHURCH", "religion": "CHRISTIAN", "building_type": "CHURCH", "suburb": "TAFELSIG" }, "geometry": { "type": "Point", "coordinates": [ 18.6313750073794, -34.057036322979826 ] } },
{ "type": "Feature", "properties": { "name": "HARARE BAPTIST FELLOWSHIP", "religion": "CHRISTIAN", "building_type": "CHURCH", "suburb": "HARARE" }, "geometry": { "type": "Point", "coordinates": [ 18.682686139502799, -34.056968767099463 ] } },
{ "type": "Feature", "properties": { "name": "BEZALEEL PENTECOSTAL CHURCH", "religion": "CHRISTIAN", "building_type": "CHURCH", "suburb": "TAFELSIG" }, "geometry": { "type": "Point", "coordinates": [ 18.638005073639519, -34.057063830707911 ] } },
{ "type": "Feature", "properties": { "name": "UNITED APOSTOLIC FAITH CHURCH", "religion": "CHRISTIAN", "building_type": "CHURCH", "suburb": "FIRGROVE" }, "geometry": { "type": "Point", "coordinates": [ 18.784517098476979, -34.057492290273515 ] } },
{ "type": "Feature", "properties": { "name": "GATEWAY TO THE NATION", "religion": "CHRISTIAN", "building_type": "CHURCH", "suburb": "RETREAT" }, "geometry": { "type": "Point", "coordinates": [ 18.47535634185882, -34.056542200469465 ] } },
{ "type": "Feature", "properties": { "name": "UNITED PENTECOSTAL CHURCH OF S.A.", "religion": "CHRISTIAN", "building_type": "CHURCH", "suburb": "FIRGROVE" }, "geometry": { "type": "Point", "coordinates": [ 18.782915636785699, -34.057517523479213 ] } },
{ "type": "Feature", "properties": { "name": "NEW APOSTOLIC CHURCH OF S.A.", "religion": "CHRISTIAN", "building_type": "CHURCH", "suburb": "TAFELSIG" }, "geometry": { "type": "Point", "coordinates": [ 18.635483676011845, -34.057223650870583 ] } },
{ "type": "Feature", "properties": { "name": "NEW APOSTOLIC CHURCH OF S.A.", "religion": "CHRISTIAN", "building_type": "CHURCH", "suburb": "BELL GLEN" }, "geometry": { "type": "Point", "coordinates": [ 18.752449942271358, -34.058500915304855 ] } },
{ "type": "Feature", "properties": { "name": "RETREAT CONGREGATIONAL CHURCH", "religion": "CHRISTIAN", "building_type": "CHURCH", "suburb": "RETREAT" }, "geometry": { "type": "Point", "coordinates": [ 18.473321947896117, -34.056804413298174 ] } },
{ "type": "Feature", "properties": { "name": "EBENEZER AFRICAN EPISCOPAL METHODIST CHURCH", "religion": "CHRISTIAN", "building_type": "CHURCH", "suburb": "RETREAT" }, "geometry": { "type": "Point", "coordinates": [ 18.477093842620111, -34.056870770341895 ] } },
{ "type": "Feature", "properties": { "name": "ASSEMBLY OF CHRISTIAN BRETHREN - MACASSAR", "religion": "CHRISTIAN", "building_type": "CHURCH", "suburb": "MACASSAR" }, "geometry": { "type": "Point", "coordinates": [ 18.767210823661397, -34.05804644040429 ] } },
{ "type": "Feature", "properties": { "name": "SHARON ASSEMBLY OF GOD", "religion": "CHRISTIAN", "building_type": "CHURCH", "suburb": "PORTLAND" }, "geometry": { "type": "Point", "coordinates": [ 18.619393303272659, -34.057700229377176 ] } },
{ "type": "Feature", "properties": { "name": "MARANATHA MORNING STAR PENTECOSTAL MISSION CHURCH", "religion": "CHRISTIAN", "building_type": "CHURCH", "suburb": "RETREAT" }, "geometry": { "type": "Point", "coordinates": [ 18.471865630598526, -34.057026614411569 ] } },
{ "type": "Feature", "properties": { "name": "NEW APOSTOLIC CHURCH OF S.A.", "religion": "CHRISTIAN", "building_type": "CHURCH", "suburb": "FIRGROVE" }, "geometry": { "type": "Point", "coordinates": [ 18.785566441221615, -34.058191685271126 ] } },
{ "type": "Feature", "properties": { "name": "EVANGELICAL CHURCH OF S.A. - HARARE", "religion": "CHRISTIAN", "building_type": "CHURCH", "suburb": "HARARE" }, "geometry": { "type": "Point", "coordinates": [ 18.677584231508476, -34.058049825896617 ] } },
{ "type": "Feature", "properties": { "name": "PENTECOSTAL HOLINESS CHURCH - GRASSY PARK", "religion": "CHRISTIAN", "building_type": "CHURCH", "suburb": "RETREAT" }, "geometry": { "type": "Point", "coordinates": [ 18.46967978786547, -34.057489267200239 ] } },
{ "type": "Feature", "properties": { "name": "PINKSTER PROTESTANTE KERK - MACASSAR", "religion": "CHRISTIAN", "building_type": "CHURCH", "suburb": "DEACONVILLE" }, "geometry": { "type": "Point", "coordinates": [ 18.766401096637338, -34.058962722054787 ] } },
{ "type": "Feature", "properties": { "name": "MORAVIAN CHURCH IN S.A.", "religion": "CHRISTIAN", "building_type": "CHURCH", "suburb": "BELL GLEN" }, "geometry": { "type": "Point", "coordinates": [ 18.755874196166914, -34.059072769018329 ] } },
{ "type": "Feature", "properties": { "name": "PENTECOSTAL EVANGELICAL CHURCH OF S.A.", "religion": "CHRISTIAN", "building_type": "CHURCH", "suburb": "RETREAT" }, "geometry": { "type": "Point", "coordinates": [ 18.473931727904223, -34.058725288819822 ] } },
{ "type": "Feature", "properties": { "name": "HERVORMDE OU APOSTOLIESE KERK", "religion": "CHRISTIAN", "building_type": "CHURCH", "suburb": "BELL GLEN" }, "geometry": { "type": "Point", "coordinates": [ 18.754678015704261, -34.059773090915009 ] } },
{ "type": "Feature", "properties": { "name": "APOSTOLIC FAITH MISSION OF S.A.", "religion": "CHRISTIAN", "building_type": "CHURCH", "suburb": "RETREAT" }, "geometry": { "type": "Point", "coordinates": [ 18.473184651184702, -34.059075238336312 ] } },
{ "type": "Feature", "properties": { "name": "ST. MICHAELS AND ALL ANGELS ANGLICAN CHURCH", "religion": "CHRISTIAN", "building_type": "CHURCH", "suburb": "HARARE" }, "geometry": { "type": "Point", "coordinates": [ 18.672875870050266, -34.059852403110192 ] } },
{ "type": "Feature", "properties": { "name": "EVANGELICAL BIBLE CHURCH", "religion": "CHRISTIAN", "building_type": "CHURCH", "suburb": "TAFELSIG" }, "geometry": { "type": "Point", "coordinates": [ 18.6261649251569, -34.059787504080504 ] } },
{ "type": "Feature", "properties": { "name": "BAPTISTE BYBEL KERK", "religion": "CHRISTIAN", "building_type": "CHURCH", "suburb": "NEW MACASSAR" }, "geometry": { "type": "Point", "coordinates": [ 18.759089951983348, -34.060112356696855 ] } },
{ "type": "Feature", "properties": { "name": "CALVYN PROTESTANTE GEMEENTE - RETREAT", "religion": "CHRISTIAN", "building_type": "CHURCH", "suburb": "RETREAT" }, "geometry": { "type": "Point", "coordinates": [ 18.467585198693897, -34.059147011510639 ] } },
{ "type": "Feature", "properties": { "name": "SEVENTH-DAY ADVENTIST CHURCH", "religion": "CHRISTIAN", "building_type": "CHURCH", "suburb": "RETREAT" }, "geometry": { "type": "Point", "coordinates": [ 18.471663011094609, -34.059213689710809 ] } },
{ "type": "Feature", "properties": { "name": "NEW APOSTOLIC CHURCH OF S.A.", "religion": "CHRISTIAN", "building_type": "CHURCH", "suburb": "PORTLAND" }, "geometry": { "type": "Point", "coordinates": [ 18.616496073886299, -34.059959990045357 ] } },
{ "type": "Feature", "properties": { "name": "AFRICAN METHODIST EPISCOPAL CHURCH", "religion": "CHRISTIAN", "building_type": "CHURCH", "suburb": "MACASSAR" }, "geometry": { "type": "Point", "coordinates": [ 18.769624922019968, -34.060522473290654 ] } },
{ "type": "Feature", "properties": { "name": "NEW TAFELSIG MASJID", "religion": "ISLAMIC", "building_type": "MOSQUE", "suburb": "TAFELSIG" }, "geometry": { "type": "Point", "coordinates": [ 18.635370994935858, -34.06026012237831 ] } },
{ "type": "Feature", "properties": { "name": "KINGDOM MINISTRIES INTERNATIONAL", "religion": "CHRISTIAN", "building_type": "CHURCH", "suburb": "TAFELSIG" }, "geometry": { "type": "Point", "coordinates": [ 18.634180037278263, -34.060518924171753 ] } },
{ "type": "Feature", "properties": { "name": "MASJIDUS SAABIEREEN", "religion": "ISLAMIC", "building_type": "MOSQUE", "suburb": "CHRIS HANI PARK" }, "geometry": { "type": "Point", "coordinates": [ 18.75988504814638, -34.061312992099886 ] } },
{ "type": "Feature", "properties": { "name": "DEACONVILLE METHODIST CHURCH", "religion": "CHRISTIAN", "building_type": "CHURCH", "suburb": "DEACONVILLE" }, "geometry": { "type": "Point", "coordinates": [ 18.767996932180001, -34.061330014165186 ] } },
{ "type": "Feature", "properties": { "name": "TABERNACLE OF LIFE FULL GOSPEL CHURCH OG GOD", "religion": "CHRISTIAN", "building_type": "CHURCH", "suburb": "ROCKLANDS" }, "geometry": { "type": "Point", "coordinates": [ 18.595351493694398, -34.060815026896009 ] } },
{ "type": "Feature", "properties": { "name": "NED. GER. SENDINGKERK - RETREAT", "religion": "CHRISTIAN", "building_type": "CHURCH", "suburb": "RETREAT" }, "geometry": { "type": "Point", "coordinates": [ 18.474053733492877, -34.060817230482606 ] } },
{ "type": "Feature", "properties": { "name": "ST. JOSEPH THE WORKER ANGLICAN CHURCH", "religion": "CHRISTIAN", "building_type": "CHURCH", "suburb": "MARVINPARK" }, "geometry": { "type": "Point", "coordinates": [ 18.775813247129001, -34.061577946674497 ] } },
{ "type": "Feature", "properties": { "name": "ST. TERESA ROMAN CATHOLIC CHURCH", "religion": "CHRISTIAN", "building_type": "CHURCH", "suburb": "HARARE" }, "geometry": { "type": "Point", "coordinates": [ 18.677978961125799, -34.061344039338309 ] } },
{ "type": "Feature", "properties": { "name": "SHARON ASSEMBLY OF GOD", "religion": "CHRISTIAN", "building_type": "CHURCH", "suburb": "RETREAT" }, "geometry": { "type": "Point", "coordinates": [ 18.486783501567647, -34.061336718653685 ] } },
{ "type": "Feature", "properties": { "name": "ISLAMIA MOSQUE", "religion": "ISLAMIC", "building_type": "MOSQUE", "suburb": "RETREAT" }, "geometry": { "type": "Point", "coordinates": [ 18.487425947912737, -34.061355304275857 ] } },
{ "type": "Feature", "properties": { "name": "SALEM UNITED CHURCH - MACASSAR", "religion": "CHRISTIAN", "building_type": "CHURCH", "suburb": "NEW SCHEME" }, "geometry": { "type": "Point", "coordinates": [ 18.770898146492954, -34.062390486632765 ] } },
{ "type": "Feature", "properties": { "name": "NEW APOSTOLIC CHURCH OF S.A.", "religion": "CHRISTIAN", "building_type": "CHURCH", "suburb": "TAFELSIG" }, "geometry": { "type": "Point", "coordinates": [ 18.636497566743795, -34.06219038272117 ] } },
{ "type": "Feature", "properties": { "name": "NEW APOSTOLIC CHURCH OF S.A.", "religion": "CHRISTIAN", "building_type": "CHURCH", "suburb": "NEW SCHEME" }, "geometry": { "type": "Point", "coordinates": [ 18.769891883356088, -34.062752161302519 ] } },
{ "type": "Feature", "properties": { "name": "ACTS MISSION CHURCH OF S.A.", "religion": "CHRISTIAN", "building_type": "CHURCH", "suburb": "ROCKLANDS" }, "geometry": { "type": "Point", "coordinates": [ 18.619120246867329, -34.062539820812226 ] } },
{ "type": "Feature", "properties": { "name": "CHRIST CHURCH - SOMERSET WEST", "religion": "CHRISTIAN", "building_type": "CHURCH", "suburb": "BRIZA" }, "geometry": { "type": "Point", "coordinates": [ 18.835079428217202, -34.063598304577987 ] } },
{ "type": "Feature", "properties": { "name": "TIRANNUS GOSPEL MISSION", "religion": "CHRISTIAN", "building_type": "CHURCH", "suburb": "TAFELSIG" }, "geometry": { "type": "Point", "coordinates": [ 18.643338095698521, -34.062946742780809 ] } },
{ "type": "Feature", "properties": { "name": "AL-MASJIDUSH THANIE", "religion": "ISLAMIC", "building_type": "MOSQUE", "suburb": "ROCKLANDS" }, "geometry": { "type": "Point", "coordinates": [ 18.608804106433887, -34.063026377214413 ] } },
{ "type": "Feature", "properties": { "name": "AL-MASJID AL-MUNOWAR", "religion": "ISLAMIC", "building_type": "MOSQUE", "suburb": "STEENBERG" }, "geometry": { "type": "Point", "coordinates": [ 18.470614952042524, -34.062582735912159 ] } },
{ "type": "Feature", "properties": { "name": "LAVENDER HILL METHODIST CHURCH", "religion": "CHRISTIAN", "building_type": "CHURCH", "suburb": "LAVENDER HILL" }, "geometry": { "type": "Point", "coordinates": [ 18.488408483848001, -34.063172743216484 ] } },
{ "type": "Feature", "properties": { "name": "CALVYN PROTESTANTE KERK - MACASSAR", "religion": "CHRISTIAN", "building_type": "CHURCH", "suburb": "NEW SCHEME" }, "geometry": { "type": "Point", "coordinates": [ 18.771911679695425, -34.064156582160862 ] } },
{ "type": "Feature", "properties": { "name": "NED. GER. SENDINGKERK - MACASSAR", "religion": "CHRISTIAN", "building_type": "CHURCH", "suburb": "RIVERSIDE" }, "geometry": { "type": "Point", "coordinates": [ 18.763189933906965, -34.064116382606663 ] } },
{ "type": "Feature", "properties": { "name": "APOSTOLIC FAITH MISSION OF S.A.", "religion": "CHRISTIAN", "building_type": "CHURCH", "suburb": "RIVERSIDE" }, "geometry": { "type": "Point", "coordinates": [ 18.764301843412806, -34.064245299582659 ] } },
{ "type": "Feature", "properties": { "name": "TOKAI COMMUNITY CHURCH", "religion": "CHRISTIAN", "building_type": "CHURCH", "suburb": "TOKAI" }, "geometry": { "type": "Point", "coordinates": [ 18.444313175245547, -34.063349250544817 ] } },
{ "type": "Feature", "properties": { "name": "FOLLOWERS OF CHRIST CHURCH", "religion": "CHRISTIAN", "building_type": "CHURCH", "suburb": "ROCKLANDS" }, "geometry": { "type": "Point", "coordinates": [ 18.615740806328041, -34.064747098681629 ] } },
{ "type": "Feature", "properties": { "name": "NEW APOSTOLIC CHURCH OF S.A.", "religion": "CHRISTIAN", "building_type": "CHURCH", "suburb": "RETREAT" }, "geometry": { "type": "Point", "coordinates": [ 18.459544765759613, -34.063687299418589 ] } },
{ "type": "Feature", "properties": { "name": "NED. GER. SENDINKERK - HELDERBERG", "religion": "CHRISTIAN", "building_type": "CHURCH", "suburb": "BRIZA" }, "geometry": { "type": "Point", "coordinates": [ 18.836564069395678, -34.065407209722345 ] } },
{ "type": "Feature", "properties": { "name": "ST. STEPHEN THE MARTYR CATHOLIC CHURCH", "religion": "CHRISTIAN", "building_type": "CHURCH", "suburb": "MACASSAR" }, "geometry": { "type": "Point", "coordinates": [ 18.766783822067516, -34.064768586558408 ] } },
{ "type": "Feature", "properties": { "name": "SHEKINAH CHRISTIAN CENTRE", "religion": "CHRISTIAN", "building_type": "CHURCH", "suburb": "RETREAT" }, "geometry": { "type": "Point", "coordinates": [ 18.479702889768351, -34.064297029292035 ] } },
{ "type": "Feature", "properties": { "name": "SUNNI JUMU'AH MASJID", "religion": "ISLAMIC", "building_type": "MOSQUE", "suburb": "PELIKAN PARK" }, "geometry": { "type": "Point", "coordinates": [ 18.527016417367779, -34.064263175369881 ] } },
{ "type": "Feature", "properties": { "name": "APOSTOLIC FAITH MISSION OF S.A.", "religion": "CHRISTIAN", "building_type": "CHURCH", "suburb": "ROCKLANDS" }, "geometry": { "type": "Point", "coordinates": [ 18.599487286058505, -34.064837715346599 ] } },
{ "type": "Feature", "properties": { "name": "PENTECOSTAL PROTESTANT CHURCH", "religion": "CHRISTIAN", "building_type": "CHURCH", "suburb": "TAFELSIG" }, "geometry": { "type": "Point", "coordinates": [ 18.634084957791977, -34.064847493716066 ] } },
{ "type": "Feature", "properties": { "name": "TOKAI FAMILY METHODIST CHURCH", "religion": "CHRISTIAN", "building_type": "CHURCH", "suburb": "TOKAI" }, "geometry": { "type": "Point", "coordinates": [ 18.43541049438581, -34.064468607863859 ] } },
{ "type": "Feature", "properties": { "name": "FULL GOSPEL CHURCH OF GOD IN S.A.", "religion": "CHRISTIAN", "building_type": "CHURCH", "suburb": "STEENBERG" }, "geometry": { "type": "Point", "coordinates": [ 18.47701933545212, -34.065015343642727 ] } },
{ "type": "Feature", "properties": { "name": "ORION TABERNACLE", "religion": "CHRISTIAN", "building_type": "CHURCH", "suburb": "ROCKLANDS" }, "geometry": { "type": "Point", "coordinates": [ 18.613615828947026, -34.065989295891214 ] } },
{ "type": "Feature", "properties": { "name": "OLD APOSTOLIC CHURCH OF AFRICA", "religion": "CHRISTIAN", "building_type": "CHURCH", "suburb": "RIVERSIDE" }, "geometry": { "type": "Point", "coordinates": [ 18.765378722215868, -34.06641478357561 ] } },
{ "type": "Feature", "properties": { "name": "RETREAT UNITING PRESBTYERIAN CHURCH", "religion": "CHRISTIAN", "building_type": "CHURCH", "suburb": "STEENBERG" }, "geometry": { "type": "Point", "coordinates": [ 18.472313147916882, -34.065887400496791 ] } },
{ "type": "Feature", "properties": { "name": "KAPTEINSKLIP MASJID", "religion": "ISLAMIC", "building_type": "MOSQUE", "suburb": "ROCKLANDS" }, "geometry": { "type": "Point", "coordinates": [ 18.618456626332655, -34.066698911644949 ] } },
{ "type": "Feature", "properties": { "name": "DOCKS MISSION CHURCH OF ENGLAND IN S.A.", "religion": "CHRISTIAN", "building_type": "CHURCH", "suburb": "ROCKLANDS" }, "geometry": { "type": "Point", "coordinates": [ 18.604381640103053, -34.067066527812621 ] } },
{ "type": "Feature", "properties": { "name": "LIFE CHURCH - SOMERSET WEST", "religion": "CHRISTIAN", "building_type": "CHURCH", "suburb": "HELDERVUE" }, "geometry": { "type": "Point", "coordinates": [ 18.822277511950382, -34.067898243013147 ] } },
{ "type": "Feature", "properties": { "name": "ST. PAUL'S ANGLICAN CHURCH", "religion": "CHRISTIAN", "building_type": "CHURCH", "suburb": "LAVENDER HILL" }, "geometry": { "type": "Point", "coordinates": [ 18.485274560960722, -34.067080316885395 ] } },
{ "type": "Feature", "properties": { "name": "CHRIST DIVINE TABERNACLE CHURCH OF S.A.", "religion": "CHRISTIAN", "building_type": "CHURCH", "suburb": "STRANDFONTEIN" }, "geometry": { "type": "Point", "coordinates": [ 18.565137852974051, -34.068153902793433 ] } },
{ "type": "Feature", "properties": { "name": "NEW APOSTOLIC CHURCH OF S.A.", "religion": "CHRISTIAN", "building_type": "CHURCH", "suburb": "STRANDFONTEIN" }, "geometry": { "type": "Point", "coordinates": [ 18.582305834846601, -34.068483332518134 ] } },
{ "type": "Feature", "properties": { "name": "RAHMANIEYAH MOSQUE", "religion": "ISLAMIC", "building_type": "MOSQUE", "suburb": "STEENBERG" }, "geometry": { "type": "Point", "coordinates": [ 18.483101187742108, -34.068133332554694 ] } },
{ "type": "Feature", "properties": { "name": "REHOBOTH APOSTOLIC COMMUNITY LIFE CENTRE", "religion": "CHRISTIAN", "building_type": "CHURCH", "suburb": "ROCKLANDS" }, "geometry": { "type": "Point", "coordinates": [ 18.605043168461421, -34.068855983188399 ] } },
{ "type": "Feature", "properties": { "name": "ALGEMENE CHRISTELIKE KERK VAN S.A.", "religion": "CHRISTIAN", "building_type": "CHURCH", "suburb": "LAVENDER HILL" }, "geometry": { "type": "Point", "coordinates": [ 18.484546918394038, -34.068577330259231 ] } },
{ "type": "Feature", "properties": { "name": "MASJID NIZAMIA", "religion": "ISLAMIC", "building_type": "MOSQUE", "suburb": "RETREAT" }, "geometry": { "type": "Point", "coordinates": [ 18.45874016631922, -34.068379771767624 ] } },
{ "type": "Feature", "properties": { "name": "MASJIDUL AASHIQ", "religion": "ISLAMIC", "building_type": "MOSQUE", "suburb": "TAFELSIG" }, "geometry": { "type": "Point", "coordinates": [ 18.625566890621144, -34.06934888794698 ] } },
{ "type": "Feature", "properties": { "name": "NEW APOSTOLIC CHURCH OF S.A.", "religion": "CHRISTIAN", "building_type": "CHURCH", "suburb": "RETREAT" }, "geometry": { "type": "Point", "coordinates": [ 18.467471204280958, -34.069326157792595 ] } },
{ "type": "Feature", "properties": { "name": "APOSTOLIC FAITH MISSION OF S.A.", "religion": "CHRISTIAN", "building_type": "CHURCH", "suburb": "STRANDFONTEIN" }, "geometry": { "type": "Point", "coordinates": [ 18.571260010874205, -34.069896177861388 ] } },
{ "type": "Feature", "properties": { "name": "NED. GER. SENDINGKERK - LAVENDER HILL", "religion": "CHRISTIAN", "building_type": "CHURCH", "suburb": "LAVENDER HILL" }, "geometry": { "type": "Point", "coordinates": [ 18.485147476297474, -34.069893295125894 ] } },
{ "type": "Feature", "properties": { "name": "NEW APOSTOLIC CHURCH OF S.A.", "religion": "CHRISTIAN", "building_type": "CHURCH", "suburb": "STRANDFONTEIN" }, "geometry": { "type": "Point", "coordinates": [ 18.561741998417897, -34.07029457855608 ] } },
{ "type": "Feature", "properties": { "name": "THE CHURCH OF THE NAZARENE", "religion": "CHRISTIAN", "building_type": "CHURCH", "suburb": "STRANDFONTEIN" }, "geometry": { "type": "Point", "coordinates": [ 18.586790901176336, -34.070540428093977 ] } },
{ "type": "Feature", "properties": { "name": "THE WINDOW OF HEAVEN FELLOWSHIP", "religion": "CHRISTIAN", "building_type": "CHURCH", "suburb": "STRANDFONTEIN" }, "geometry": { "type": "Point", "coordinates": [ 18.568631125331201, -34.070466081733116 ] } },
{ "type": "Feature", "properties": { "name": "SOMERSET WEST BAPTIST CHURCH", "religion": "CHRISTIAN", "building_type": "CHURCH", "suburb": "LAND EN ZEEZICHT" }, "geometry": { "type": "Point", "coordinates": [ 18.878234503449441, -34.071788018486664 ] } },
{ "type": "Feature", "properties": { "name": "REFORMED OLD APOSTOLIC CHURCH", "religion": "CHRISTIAN", "building_type": "CHURCH", "suburb": "LAVENDER HILL" }, "geometry": { "type": "Point", "coordinates": [ 18.48421402430932, -34.070600313953896 ] } },
{ "type": "Feature", "properties": { "name": "KINGDOM HALL OF JEHOVAH'S WITNESSES - S/FONTEIN", "religion": "CHRISTIAN", "building_type": "CHURCH", "suburb": "STRANDFONTEIN" }, "geometry": { "type": "Point", "coordinates": [ 18.568019961019235, -34.071081827351207 ] } },
{ "type": "Feature", "properties": { "name": "BETHANY ASSEMBLY OF GOD", "religion": "CHRISTIAN", "building_type": "CHURCH", "suburb": "LAVENDER HILL" }, "geometry": { "type": "Point", "coordinates": [ 18.484739018625977, -34.071231210207067 ] } },
{ "type": "Feature", "properties": { "name": "MUSJID UL BAHR", "religion": "ISLAMIC", "building_type": "MOSQUE", "suburb": "STRANDFONTEIN" }, "geometry": { "type": "Point", "coordinates": [ 18.554140620672012, -34.071354230440591 ] } },
{ "type": "Feature", "properties": { "name": "NEW APOSTOLIC CHURCH OF S.A.", "religion": "CHRISTIAN", "building_type": "CHURCH", "suburb": "STRANDFONTEIN" }, "geometry": { "type": "Point", "coordinates": [ 18.549830873146377, -34.071862405357386 ] } },
{ "type": "Feature", "properties": { "name": "BAY VIEW ISLAMIC MOSQUE", "religion": "ISLAMIC", "building_type": "MOSQUE", "suburb": "STRANDFONTEIN" }, "geometry": { "type": "Point", "coordinates": [ 18.584997123657445, -34.071976186605106 ] } },
{ "type": "Feature", "properties": { "name": "NEW APOSTOLIC CHURCH OF S.A.", "religion": "CHRISTIAN", "building_type": "CHURCH", "suburb": "LAVENDER HILL" }, "geometry": { "type": "Point", "coordinates": [ 18.483148506499681, -34.072161774497552 ] } },
{ "type": "Feature", "properties": { "name": "OLD APOSTOLIC CHURCH OF AFRICA", "religion": "CHRISTIAN", "building_type": "CHURCH", "suburb": "STRANDFONTEIN" }, "geometry": { "type": "Point", "coordinates": [ 18.570295836503352, -34.072764328317994 ] } },
{ "type": "Feature", "properties": { "name": "ST. ANDREW'S ANGLICAN CHURCH", "religion": "CHRISTIAN", "building_type": "CHURCH", "suburb": "STEENBERG" }, "geometry": { "type": "Point", "coordinates": [ 18.478479373571624, -34.072621770073034 ] } },
{ "type": "Feature", "properties": { "name": "METROPOLITAN EVANGELISTIC CHURCH OF S.A.", "religion": "CHRISTIAN", "building_type": "CHURCH", "suburb": "LAVENDER HILL" }, "geometry": { "type": "Point", "coordinates": [ 18.484002373143554, -34.072750767120439 ] } },
{ "type": "Feature", "properties": { "name": "SOUTHERN HILLS BAPTIST CHURCH", "religion": "CHRISTIAN", "building_type": "CHURCH", "suburb": "LAVENDER HILL" }, "geometry": { "type": "Point", "coordinates": [ 18.482004393289195, -34.07300537796354 ] } },
{ "type": "Feature", "properties": { "name": "CORONATION AVENUE METHODIST CHURCH", "religion": "CHRISTIAN", "building_type": "CHURCH", "suburb": "DORHILL" }, "geometry": { "type": "Point", "coordinates": [ 18.84311491772246, -34.074332392908161 ] } },
{ "type": "Feature", "properties": { "name": "ST. FRANCIS OF ASSISI ANGLICAN CHURCH", "religion": "CHRISTIAN", "building_type": "CHURCH", "suburb": "STRANDFONTEIN" }, "geometry": { "type": "Point", "coordinates": [ 18.557530284039238, -34.073770811646938 ] } },
{ "type": "Feature", "properties": { "name": "DOCTRINE OF CHRIST IN S.A.", "religion": "CHRISTIAN", "building_type": "CHURCH", "suburb": "LAVENDER HILL" }, "geometry": { "type": "Point", "coordinates": [ 18.483678993115991, -34.073522920766464 ] } },
{ "type": "Feature", "properties": { "name": "OLD APOSTOLIC CHURCH OF AFRICA", "religion": "CHRISTIAN", "building_type": "CHURCH", "suburb": "LAVENDER HILL" }, "geometry": { "type": "Point", "coordinates": [ 18.483160573568895, -34.073956546657584 ] } },
{ "type": "Feature", "properties": { "name": "COMMISSION ASSEMBLY CHURCH", "religion": "CHRISTIAN", "building_type": "CHURCH", "suburb": "STRANDFONTEIN" }, "geometry": { "type": "Point", "coordinates": [ 18.587501924011914, -34.074438299175441 ] } },
{ "type": "Feature", "properties": { "name": "STEENBERG ASSEMBLY GOSPEL HALL", "religion": "CHRISTIAN", "building_type": "CHURCH", "suburb": "STEENBERG" }, "geometry": { "type": "Point", "coordinates": [ 18.479267458383841, -34.074028135343454 ] } },
{ "type": "Feature", "properties": { "name": "ST. ANNE'S CATHOLIC CHURCH", "religion": "CHRISTIAN", "building_type": "CHURCH", "suburb": "STEENBERG" }, "geometry": { "type": "Point", "coordinates": [ 18.474675603926382, -34.074143848307109 ] } },
{ "type": "Feature", "properties": { "name": "GALILEAN GOSPEL MISSION CHURCH", "religion": "CHRISTIAN", "building_type": "CHURCH", "suburb": "STEENBERG" }, "geometry": { "type": "Point", "coordinates": [ 18.466854421905211, -34.074237839767768 ] } },
{ "type": "Feature", "properties": { "name": "DOCKS MISSION CHURCH", "religion": "CHRISTIAN", "building_type": "CHURCH", "suburb": "STRANDFONTEIN" }, "geometry": { "type": "Point", "coordinates": [ 18.562703865016775, -34.075064293876693 ] } },
{ "type": "Feature", "properties": { "name": "THE PALM TREE GOSPEL MISSION CHURCH", "religion": "CHRISTIAN", "building_type": "CHURCH", "suburb": "STEENBERG" }, "geometry": { "type": "Point", "coordinates": [ 18.470180003053326, -34.075155352650455 ] } },
{ "type": "Feature", "properties": { "name": "STEENBERG BAPTIST CHURCH", "religion": "CHRISTIAN", "building_type": "CHURCH", "suburb": "STEENBERG" }, "geometry": { "type": "Point", "coordinates": [ 18.472149854859467, -34.075145209384416 ] } },
{ "type": "Feature", "properties": { "name": "CHURCH OF CHRIST - SOMERSET WEST", "religion": "CHRISTIAN", "building_type": "CHURCH", "suburb": "JACQUES HILL" }, "geometry": { "type": "Point", "coordinates": [ 18.8558880537642, -34.07670881016147 ] } },
{ "type": "Feature", "properties": { "name": "NEW APOSTOLIC CHURCH OF S.A.", "religion": "CHRISTIAN", "building_type": "CHURCH", "suburb": "STEENBERG" }, "geometry": { "type": "Point", "coordinates": [ 18.477275994010263, -34.075564291487005 ] } },
{ "type": "Feature", "properties": { "name": "METROPOLITAN EVANGELISTIC CHURCH OF S.A.", "religion": "CHRISTIAN", "building_type": "CHURCH", "suburb": "STRANDFONTEIN" }, "geometry": { "type": "Point", "coordinates": [ 18.549977110789801, -34.076085672935243 ] } },
{ "type": "Feature", "properties": { "name": "STEENBERG CHURCH OF CHRIST", "religion": "CHRISTIAN", "building_type": "CHURCH", "suburb": "STEENBERG" }, "geometry": { "type": "Point", "coordinates": [ 18.469737683387201, -34.075820210880437 ] } },
{ "type": "Feature", "properties": { "name": "CARMEL FELLOWSHIP", "religion": "CHRISTIAN", "building_type": "CHURCH", "suburb": "STRANDFONTEIN" }, "geometry": { "type": "Point", "coordinates": [ 18.550084972404289, -34.076501078420335 ] } },
{ "type": "Feature", "properties": { "name": "APOSTOLIESE GELOOF SENDING VAN S.A.", "religion": "CHRISTIAN", "building_type": "CHURCH", "suburb": "STEENBERG" }, "geometry": { "type": "Point", "coordinates": [ 18.458631568984508, -34.075929602747273 ] } },
{ "type": "Feature", "properties": { "name": "EVANGELIESE BROEDERKERK", "religion": "CHRISTIAN", "building_type": "CHURCH", "suburb": "STEENBERG" }, "geometry": { "type": "Point", "coordinates": [ 18.47879618960939, -34.076679056528079 ] } },
{ "type": "Feature", "properties": { "name": "METHODIST CHURCH OF S.A.", "religion": "CHRISTIAN", "building_type": "CHURCH", "suburb": "STRANDFONTEIN" }, "geometry": { "type": "Point", "coordinates": [ 18.549132899238597, -34.076778162843219 ] } },
{ "type": "Feature", "properties": { "name": "NEW TESTAMENT CHURCH OF GOD", "religion": "CHRISTIAN", "building_type": "CHURCH", "suburb": "SEAWINDS" }, "geometry": { "type": "Point", "coordinates": [ 18.481830457890631, -34.076502845576478 ] } },
{ "type": "Feature", "properties": { "name": "ASSEMBLY OF CHRISTIAN BRETHREN - STRANDFONTEIN", "religion": "CHRISTIAN", "building_type": "CHURCH", "suburb": "STRANDFONTEIN" }, "geometry": { "type": "Point", "coordinates": [ 18.556097512483564, -34.077214606192712 ] } },
{ "type": "Feature", "properties": { "name": "ELIM PENTECOSTAL ASSEMBLY - RETREAT", "religion": "CHRISTIAN", "building_type": "CHURCH", "suburb": "SEAWINDS" }, "geometry": { "type": "Point", "coordinates": [ 18.483747395333314, -34.07735446172925 ] } },
{ "type": "Feature", "properties": { "name": "ANGLICAN PARISH OF ST. JOHN THE EVANGELIST", "religion": "CHRISTIAN", "building_type": "CHURCH", "suburb": "KIRSTENHOF" }, "geometry": { "type": "Point", "coordinates": [ 18.454502729580707, -34.078780028882363 ] } },
{ "type": "Feature", "properties": { "name": "CHURCH OF CHRIST", "religion": "CHRISTIAN", "building_type": "CHURCH", "suburb": "LAKESIDE" }, "geometry": { "type": "Point", "coordinates": [ 18.455631744806176, -34.079962272089453 ] } },
{ "type": "Feature", "properties": { "name": "RIVERS OF LIFE FULL GOSPEL CHURCH OF GOD IN S.A.", "religion": "CHRISTIAN", "building_type": "CHURCH", "suburb": "ROUNDHAY" }, "geometry": { "type": "Point", "coordinates": [ 18.853839050500039, -34.080968003241317 ] } },
{ "type": "Feature", "properties": { "name": "KINGDOM HALL OF JEHOVAH'S WITNESSES - SOMERSET WES", "religion": "CHRISTIAN", "building_type": "CHURCH", "suburb": "MARTINVILLE" }, "geometry": { "type": "Point", "coordinates": [ 18.863490924510096, -34.081075927937263 ] } },
{ "type": "Feature", "properties": { "name": "DISSIPEELSKAP NED. GER. SENDINGKERK - HOT. HOLLAND", "religion": "CHRISTIAN", "building_type": "CHURCH", "suburb": "MARTINVILLE" }, "geometry": { "type": "Point", "coordinates": [ 18.864559766984591, -34.081299612973346 ] } },
{ "type": "Feature", "properties": { "name": "NED. GER. SENDINKERK - SOMERSET WEST", "religion": "CHRISTIAN", "building_type": "CHURCH", "suburb": "AUDAS ESTATE" }, "geometry": { "type": "Point", "coordinates": [ 18.846642184126573, -34.082240467243906 ] } },
{ "type": "Feature", "properties": { "name": "HEBREW CONGREGATION - SOMERSET WEST", "religion": "JUDAISM", "building_type": "SYNAGOGUE", "suburb": "SOMERSET WEST" }, "geometry": { "type": "Point", "coordinates": [ 18.850797631629103, -34.085215916770181 ] } },
{ "type": "Feature", "properties": { "name": "MOUNTAIN VIEW BAPTIST CHURCH", "religion": "CHRISTIAN", "building_type": "CHURCH", "suburb": "LAKESIDE" }, "geometry": { "type": "Point", "coordinates": [ 18.455658967352552, -34.084211445809338 ] } },
{ "type": "Feature", "properties": { "name": "HISTORIESE NED. GER. SENDINGKERK - SOMERSET WEST", "religion": "CHRISTIAN", "building_type": "CHURCH", "suburb": "SOMERSET WEST" }, "geometry": { "type": "Point", "coordinates": [ 18.846190163553697, -34.086589141523305 ] } },
{ "type": "Feature", "properties": { "name": "BIZWENI COMMUNITY CHURCH", "religion": "CHRISTIAN", "building_type": "CHURCH", "suburb": "CHERRYWOOD GARDENS" }, "geometry": { "type": "Point", "coordinates": [ 18.859392313415587, -34.087176504211172 ] } },
{ "type": "Feature", "properties": { "name": "OLD APOSTOLIC CHURCH OF AFRICA", "religion": "CHRISTIAN", "building_type": "CHURCH", "suburb": "CAREY PARK" }, "geometry": { "type": "Point", "coordinates": [ 18.842589338602522, -34.087195048454106 ] } },
{ "type": "Feature", "properties": { "name": "NEW APOSTOLIC CHURCH OF S.A.", "religion": "CHRISTIAN", "building_type": "CHURCH", "suburb": "SOMERSET WEST" }, "geometry": { "type": "Point", "coordinates": [ 18.849367035793069, -34.087181686719667 ] } },
{ "type": "Feature", "properties": { "name": "UNITING REFORM CHURCH", "religion": "CHRISTIAN", "building_type": "CHURCH", "suburb": "SOMERSET WEST" }, "geometry": { "type": "Point", "coordinates": [ 18.844264860999111, -34.087976645243543 ] } },
{ "type": "Feature", "properties": { "name": "NED. GER. SENDINGKERK - VISHOEK", "religion": "CHRISTIAN", "building_type": "CHURCH", "suburb": "LAKESIDE" }, "geometry": { "type": "Point", "coordinates": [ 18.458284187769202, -34.089399969860224 ] } },
{ "type": "Feature", "properties": { "name": "PINKSTER PROTESTANTE KERK - LAKESIDE", "religion": "CHRISTIAN", "building_type": "CHURCH", "suburb": "LAKESIDE" }, "geometry": { "type": "Point", "coordinates": [ 18.458737519882369, -34.090452398580247 ] } },
{ "type": "Feature", "properties": { "name": "URBAN VOICE FELLOWSHIP", "religion": "CHRISTIAN", "building_type": "CHURCH", "suburb": "OLIVE GROVE" }, "geometry": { "type": "Point", "coordinates": [ 18.863534848534204, -34.094984641640487 ] } },
{ "type": "Feature", "properties": { "name": "KINGDOM HALL OF JEHOVAH'S WITNESSES - MUIZENBERG", "religion": "CHRISTIAN", "building_type": "CHURCH", "suburb": "LAKESIDE" }, "geometry": { "type": "Point", "coordinates": [ 18.466390594774548, -34.094503070725835 ] } },
{ "type": "Feature", "properties": { "name": "APOSTOLIESE GELOOF SENDING VAN S.A. - STRAND", "religion": "CHRISTIAN", "building_type": "CHURCH", "suburb": "STRAND" }, "geometry": { "type": "Point", "coordinates": [ 18.826859464278431, -34.098967270269014 ] } },
{ "type": "Feature", "properties": { "name": "NEW APOSTOLIC CHURCH OF S.A.", "religion": "CHRISTIAN", "building_type": "CHURCH", "suburb": "MUIZENBERG" }, "geometry": { "type": "Point", "coordinates": [ 18.479104397091774, -34.098901083070551 ] } },
{ "type": "Feature", "properties": { "name": "NED. GER. SENDINGKERK - LOURENSRIVIER", "religion": "CHRISTIAN", "building_type": "CHURCH", "suburb": "STRAND" }, "geometry": { "type": "Point", "coordinates": [ 18.82989157300975, -34.10132184113872 ] } },
{ "type": "Feature", "properties": { "name": "OLD APOSTOLIC CHURCH OF AFRICA", "religion": "CHRISTIAN", "building_type": "CHURCH", "suburb": "MUIZENBERG" }, "geometry": { "type": "Point", "coordinates": [ 18.469911861330914, -34.103223841886162 ] } },
{ "type": "Feature", "properties": { "name": "NEW APOSTOLIC CHURCH OF S.A.", "religion": "CHRISTIAN", "building_type": "CHURCH", "suburb": "STRAND" }, "geometry": { "type": "Point", "coordinates": [ 18.842099521414074, -34.104820176489284 ] } },
{ "type": "Feature", "properties": { "name": "NED. GER. SENDINGKERK - STRAND NOORD", "religion": "CHRISTIAN", "building_type": "CHURCH", "suburb": "STRAND" }, "geometry": { "type": "Point", "coordinates": [ 18.824127971367062, -34.105837888892502 ] } },
{ "type": "Feature", "properties": { "name": "BAPTIST CHURCH - STRAND", "religion": "CHRISTIAN", "building_type": "CHURCH", "suburb": "STRAND" }, "geometry": { "type": "Point", "coordinates": [ 18.835010676555246, -34.106871227426403 ] } },
{ "type": "Feature", "properties": { "name": "ALL SAINTS ANGLICAN CHURCH", "religion": "CHRISTIAN", "building_type": "CHURCH", "suburb": "MUIZENBERG" }, "geometry": { "type": "Point", "coordinates": [ 18.468276796359778, -34.105885311841774 ] } },
{ "type": "Feature", "properties": { "name": "HALFWAY MASJID", "religion": "ISLAMIC", "building_type": "MOSQUE", "suburb": "STRAND" }, "geometry": { "type": "Point", "coordinates": [ 18.841761499745722, -34.107035766729282 ] } },
{ "type": "Feature", "properties": { "name": "OLD APOSTOLIC CHURCH OF AFRICA", "religion": "CHRISTIAN", "building_type": "CHURCH", "suburb": "STRAND" }, "geometry": { "type": "Point", "coordinates": [ 18.828236737017559, -34.106974247223597 ] } },
{ "type": "Feature", "properties": { "name": "LEDE IN CHRISTUS KERK", "religion": "CHRISTIAN", "building_type": "CHURCH", "suburb": "STRAND" }, "geometry": { "type": "Point", "coordinates": [ 18.83542912259437, -34.107146228009746 ] } },
{ "type": "Feature", "properties": { "name": "HEBREW CONGREGATION - MUIZENBERG", "religion": "JUDAISM", "building_type": "SYNAGOGUE", "suburb": "MUIZENBERG" }, "geometry": { "type": "Point", "coordinates": [ 18.467165423148135, -34.106666363404578 ] } },
{ "type": "Feature", "properties": { "name": "NEDERDUITSE HERVORMDE KERK VAN S.A.- STELLENBOSCH", "religion": "CHRISTIAN", "building_type": "CHURCH", "suburb": "ONVERWACHT" }, "geometry": { "type": "Point", "coordinates": [ 18.842489191719711, -34.109922237529489 ] } },
{ "type": "Feature", "properties": { "name": "SEVENTH-DAY ADVENTIST CHURCH - STRAND", "religion": "CHRISTIAN", "building_type": "CHURCH", "suburb": "STRAND" }, "geometry": { "type": "Point", "coordinates": [ 18.828945450284536, -34.110746299451883 ] } },
{ "type": "Feature", "properties": { "name": "METHODIST CHURCH OF S.A.", "religion": "CHRISTIAN", "building_type": "CHURCH", "suburb": "STRAND" }, "geometry": { "type": "Point", "coordinates": [ 18.827338657092046, -34.112930906246632 ] } },
{ "type": "Feature", "properties": { "name": "STRAND MASONIC LODGE", "religion": "MASONIC", "building_type": "LODGE", "suburb": "STRAND" }, "geometry": { "type": "Point", "coordinates": [ 18.833516650676959, -34.113455938416962 ] } },
{ "type": "Feature", "properties": { "name": "NED. GER. SENDINKERK - STRAND", "religion": "CHRISTIAN", "building_type": "CHURCH", "suburb": "STRAND" }, "geometry": { "type": "Point", "coordinates": [ 18.826781433917922, -34.113797037412787 ] } },
{ "type": "Feature", "properties": { "name": "NURUL ANWAR MASJID", "religion": "ISLAMIC", "building_type": "MOSQUE", "suburb": "STRAND" }, "geometry": { "type": "Point", "coordinates": [ 18.827310967421713, -34.114755908782215 ] } },
{ "type": "Feature", "properties": { "name": "SIR LOWRYS PASS CHRISTEN GEMEENTES", "religion": "CHRISTIAN", "building_type": "CHURCH", "suburb": "SIR LOWRYS PASS" }, "geometry": { "type": "Point", "coordinates": [ 18.908786264652857, -34.115691823250998 ] } },
{ "type": "Feature", "properties": { "name": "NEW APOSTOLIC CHURCH OF S.A.", "religion": "CHRISTIAN", "building_type": "CHURCH", "suburb": "STELLENBOSCH FARMS" }, "geometry": { "type": "Point", "coordinates": [ 18.901029355293613, -34.116447551525297 ] } },
{ "type": "Feature", "properties": { "name": "NED. GER. SENDINKERK - STRAND", "religion": "CHRISTIAN", "building_type": "CHURCH", "suburb": "STRAND" }, "geometry": { "type": "Point", "coordinates": [ 18.833670168267464, -34.116429297047233 ] } },
{ "type": "Feature", "properties": { "name": "ST. ANDREWS ANGLICAN CHURCH", "religion": "CHRISTIAN", "building_type": "CHURCH", "suburb": "STRAND" }, "geometry": { "type": "Point", "coordinates": [ 18.828527676185239, -34.116457940474589 ] } },
{ "type": "Feature", "properties": { "name": "THE GOSPEL CHURCH OF POWER IN AFRICA", "religion": "CHRISTIAN", "building_type": "CHURCH", "suburb": "NOMZAMO" }, "geometry": { "type": "Point", "coordinates": [ 18.862316552447577, -34.117287140212945 ] } },
{ "type": "Feature", "properties": { "name": "METHODIST CHURCH OF S.A.", "religion": "CHRISTIAN", "building_type": "CHURCH", "suburb": "MISSION GROUNDS" }, "geometry": { "type": "Point", "coordinates": [ 18.903271681396795, -34.118352242792319 ] } },
{ "type": "Feature", "properties": { "name": "ANGLICAN CHAPEL OF ST. MATTHEW", "religion": "CHRISTIAN", "building_type": "CHURCH", "suburb": "SIR LOWRYS PASS VILLAGE CENTRE" }, "geometry": { "type": "Point", "coordinates": [ 18.91237450600352, -34.118851056607909 ] } },
{ "type": "Feature", "properties": { "name": "WAYMARK CHAPEL", "religion": "CHRISTIAN", "building_type": "CHURCH", "suburb": "STRAND" }, "geometry": { "type": "Point", "coordinates": [ 18.833010927019803, -34.118311532015753 ] } },
{ "type": "Feature", "properties": { "name": "NED. GER. SENDINKERK - SUIDER STRAND", "religion": "CHRISTIAN", "building_type": "CHURCH", "suburb": "STRAND" }, "geometry": { "type": "Point", "coordinates": [ 18.835417548700232, -34.119503126053907 ] } },
{ "type": "Feature", "properties": { "name": "ST. JAMES CATHOLIC CHURCH", "religion": "CHRISTIAN", "building_type": "CHURCH", "suburb": "ST JAMES" }, "geometry": { "type": "Point", "coordinates": [ 18.457047791527888, -34.119805664394391 ] } },
{ "type": "Feature", "properties": { "name": "JAMIA MASJID", "religion": "ISLAMIC", "building_type": "MOSQUE", "suburb": "STRAND" }, "geometry": { "type": "Point", "coordinates": [ 18.842496090781086, -34.121902832653035 ] } },
{ "type": "Feature", "properties": { "name": "OPEN BRETHREN CHURCH", "religion": "CHRISTIAN", "building_type": "CHURCH", "suburb": "STRAND" }, "geometry": { "type": "Point", "coordinates": [ 18.840191749482276, -34.123300028006128 ] } },
{ "type": "Feature", "properties": { "name": "MORAVIAN CHURCH IN S.A.", "religion": "CHRISTIAN", "building_type": "CHURCH", "suburb": "STRAND" }, "geometry": { "type": "Point", "coordinates": [ 18.840446434441731, -34.124038058630923 ] } },
{ "type": "Feature", "properties": { "name": "ST. MARY'S ANGLICAN CHURCH", "religion": "CHRISTIAN", "building_type": "CHURCH", "suburb": "LWANDLE" }, "geometry": { "type": "Point", "coordinates": [ 18.863057587098485, -34.123884533127388 ] } },
{ "type": "Feature", "properties": { "name": "THE PEOPLE'S CHURCH - FISH HOEK", "religion": "CHRISTIAN", "building_type": "CHURCH", "suburb": "SUN VALLEY" }, "geometry": { "type": "Point", "coordinates": [ 18.395815733678667, -34.122684438332186 ] } },
{ "type": "Feature", "properties": { "name": "KING OF KINGS BAPTIST CENTRE", "religion": "CHRISTIAN", "building_type": "CHURCH", "suburb": "SUNNYDALE" }, "geometry": { "type": "Point", "coordinates": [ 18.391391677329771, -34.123449485301521 ] } },
{ "type": "Feature", "properties": { "name": "KINGDOM HALL OF JEHOVAH'S WITNESSES - FISH HOEK", "religion": "CHRISTIAN", "building_type": "CHURCH", "suburb": "SUNNYDALE" }, "geometry": { "type": "Point", "coordinates": [ 18.391081630097666, -34.123852768887573 ] } },
{ "type": "Feature", "properties": { "name": "SPADE REEN SENDING INTERNASIONAAL", "religion": "CHRISTIAN", "building_type": "CHURCH", "suburb": "STRAND" }, "geometry": { "type": "Point", "coordinates": [ 18.841189554082405, -34.125658866069038 ] } },
{ "type": "Feature", "properties": { "name": "ST. BRENDAN CATHOLIC CHURCH", "religion": "CHRISTIAN", "building_type": "CHURCH", "suburb": "SUN VALLEY" }, "geometry": { "type": "Point", "coordinates": [ 18.395468873486205, -34.124516623698902 ] } },
{ "type": "Feature", "properties": { "name": "MASJID AL JAMIA", "religion": "ISLAMIC", "building_type": "MOSQUE", "suburb": "KALK BAY" }, "geometry": { "type": "Point", "coordinates": [ 18.44986157019056, -34.124640255114841 ] } },
{ "type": "Feature", "properties": { "name": "NEW APOSTOLIC CHURCH OF S.A.", "religion": "CHRISTIAN", "building_type": "CHURCH", "suburb": "SUN VALLEY" }, "geometry": { "type": "Point", "coordinates": [ 18.398956022028077, -34.12467476681713 ] } },
{ "type": "Feature", "properties": { "name": "NED. GER. SENDINKERK - STRAND", "religion": "CHRISTIAN", "building_type": "CHURCH", "suburb": "STRAND" }, "geometry": { "type": "Point", "coordinates": [ 18.844554466168631, -34.128566559676187 ] } },
{ "type": "Feature", "properties": { "name": "EVANGELISTIC MISSION FAITH CHAPEL", "religion": "CHRISTIAN", "building_type": "CHURCH", "suburb": "STRAND" }, "geometry": { "type": "Point", "coordinates": [ 18.847001909990528, -34.128872866154119 ] } },
{ "type": "Feature", "properties": { "name": "NEW APOSTOLIC CHURCH OF S.A. - STRAND SOUTH", "religion": "CHRISTIAN", "building_type": "CHURCH", "suburb": "STRAND" }, "geometry": { "type": "Point", "coordinates": [ 18.842787776448784, -34.129128689065205 ] } },
{ "type": "Feature", "properties": { "name": "OLD APOSTOLIC CHURCH OF AFRICA", "religion": "CHRISTIAN", "building_type": "CHURCH", "suburb": "STRAND" }, "geometry": { "type": "Point", "coordinates": [ 18.855115974235371, -34.129565614999208 ] } },
{ "type": "Feature", "properties": { "name": "LORETO CENTRE", "religion": "CHRISTIAN", "building_type": "CHURCH", "suburb": "STRAND" }, "geometry": { "type": "Point", "coordinates": [ 18.851830948429086, -34.129939994840036 ] } },
{ "type": "Feature", "properties": { "name": "REFORMED OLD APOSTOLIC CHURCH OF AFRICA", "religion": "CHRISTIAN", "building_type": "CHURCH", "suburb": "STRAND" }, "geometry": { "type": "Point", "coordinates": [ 18.848001968463741, -34.130228229253291 ] } },
{ "type": "Feature", "properties": { "name": "GORDONS BAY BAPTIST CHURCH", "religion": "CHRISTIAN", "building_type": "CHURCH", "suburb": "BROADLANDS" }, "geometry": { "type": "Point", "coordinates": [ 18.88333140782763, -34.133001819271016 ] } },
{ "type": "Feature", "properties": { "name": "APOSTOLIC FAITH MISSION OF S.A.", "religion": "CHRISTIAN", "building_type": "CHURCH", "suburb": "SERCOR PARK" }, "geometry": { "type": "Point", "coordinates": [ 18.858861961546573, -34.132511901027293 ] } },
{ "type": "Feature", "properties": { "name": "BAPTIST BIBLE CHURCH", "religion": "CHRISTIAN", "building_type": "CHURCH", "suburb": "SERCOR PARK" }, "geometry": { "type": "Point", "coordinates": [ 18.859584686735342, -34.133339420506701 ] } },
{ "type": "Feature", "properties": { "name": "NEW APOSTOLIC CHURCH OF S.A.", "religion": "CHRISTIAN", "building_type": "CHURCH", "suburb": "SERCOR PARK" }, "geometry": { "type": "Point", "coordinates": [ 18.857997852311833, -34.13340589305696 ] } },
{ "type": "Feature", "properties": { "name": "GUSTROW MASJID", "religion": "ISLAMIC", "building_type": "MOSQUE", "suburb": "STRAND" }, "geometry": { "type": "Point", "coordinates": [ 18.853011980601085, -34.133448165488076 ] } },
{ "type": "Feature", "properties": { "name": "KINGDOM HALL OF JEHOVAH'S WITNESSES - NOORDHOEK", "religion": "CHRISTIAN", "building_type": "CHURCH", "suburb": "SUNNYDALE" }, "geometry": { "type": "Point", "coordinates": [ 18.380638768818702, -34.13246052678501 ] } },
{ "type": "Feature", "properties": { "name": "PENTECOSTAL EVANGELICAL CHURCH OF S.A.", "religion": "CHRISTIAN", "building_type": "CHURCH", "suburb": "STRAND" }, "geometry": { "type": "Point", "coordinates": [ 18.854023293168169, -34.134724098728519 ] } },
{ "type": "Feature", "properties": { "name": "OLD APOSTOLIC CHURCH OF AFRICA", "religion": "CHRISTIAN", "building_type": "CHURCH", "suburb": "FISH HOEK" }, "geometry": { "type": "Point", "coordinates": [ 18.421411571206274, -34.133455404837754 ] } },
{ "type": "Feature", "properties": { "name": "KING HALL OF JEHOVAH'S WITNESSES - STRAND", "religion": "CHRISTIAN", "building_type": "CHURCH", "suburb": "STRAND" }, "geometry": { "type": "Point", "coordinates": [ 18.851188003518974, -34.13501704135291 ] } },
{ "type": "Feature", "properties": { "name": "ST. KIARANS PRESBYTERIAN CHURCH", "religion": "CHRISTIAN", "building_type": "CHURCH", "suburb": "FISH HOEK" }, "geometry": { "type": "Point", "coordinates": [ 18.425707759560989, -34.13579638140488 ] } },
{ "type": "Feature", "properties": { "name": "FIRST CHURCH OF CHRIST SCIENTIST", "religion": "CHRISTIAN", "building_type": "CHURCH", "suburb": "FISH HOEK" }, "geometry": { "type": "Point", "coordinates": [ 18.421393499797695, -34.136995844686716 ] } },
{ "type": "Feature", "properties": { "name": "VOICE OF GOD RECORDINGS INTERNATIONAL", "religion": "CHRISTIAN", "building_type": "CHURCH", "suburb": "GORDONS BAY" }, "geometry": { "type": "Point", "coordinates": [ 18.861990935614976, -34.140231034104907 ] } },
{ "type": "Feature", "properties": { "name": "ST. JOHN THE EVANGELIST CATHOLIC CHURCH", "religion": "CHRISTIAN", "building_type": "CHURCH", "suburb": "FISH HOEK" }, "geometry": { "type": "Point", "coordinates": [ 18.425665603421329, -34.138970411227682 ] } },
{ "type": "Feature", "properties": { "name": "THE EMMANUEL ASSEMBLY", "religion": "CHRISTIAN", "building_type": "CHURCH", "suburb": "GORDONS BAY" }, "geometry": { "type": "Point", "coordinates": [ 18.861331125733724, -34.140762453690655 ] } },
{ "type": "Feature", "properties": { "name": "FISH HOEK SEVENTH-DAY ADVENTIST CHURCH", "religion": "CHRISTIAN", "building_type": "CHURCH", "suburb": "FISH HOEK" }, "geometry": { "type": "Point", "coordinates": [ 18.429429502240996, -34.139271792142566 ] } },
{ "type": "Feature", "properties": { "name": "FISH HOEK METHODIST CHURCH", "religion": "CHRISTIAN", "building_type": "CHURCH", "suburb": "FISH HOEK" }, "geometry": { "type": "Point", "coordinates": [ 18.42947858978139, -34.140249531774728 ] } },
{ "type": "Feature", "properties": { "name": "NED. GER. SENDINGKERK - VISHOEK", "religion": "CHRISTIAN", "building_type": "CHURCH", "suburb": "FISH HOEK" }, "geometry": { "type": "Point", "coordinates": [ 18.42720416507645, -34.140600768142292 ] } },
{ "type": "Feature", "properties": { "name": "KOMMETJIE CHRISTIAN CHURCH", "religion": "CHRISTIAN", "building_type": "CHURCH", "suburb": "KOMMETJIE" }, "geometry": { "type": "Point", "coordinates": [ 18.324504858615985, -34.141773465929084 ] } },
{ "type": "Feature", "properties": { "name": "ST. ANDREW CATHOLIC CHURCH", "religion": "CHRISTIAN", "building_type": "CHURCH", "suburb": "OCEAN VIEW" }, "geometry": { "type": "Point", "coordinates": [ 18.349962260368425, -34.145852461990245 ] } },
{ "type": "Feature", "properties": { "name": "OCEAN VIEW METHODIST CHURCH", "religion": "CHRISTIAN", "building_type": "CHURCH", "suburb": "OCEAN VIEW" }, "geometry": { "type": "Point", "coordinates": [ 18.348826127790915, -34.14736246333517 ] } },
{ "type": "Feature", "properties": { "name": "OCEAN VIEW BAPTIST CHURCH", "religion": "CHRISTIAN", "building_type": "CHURCH", "suburb": "OCEAN VIEW" }, "geometry": { "type": "Point", "coordinates": [ 18.353014262291698, -34.14746567690684 ] } },
{ "type": "Feature", "properties": { "name": "ST. CLARE OF ASSISI ANGLICAN CHURCH", "religion": "CHRISTIAN", "building_type": "CHURCH", "suburb": "OCEAN VIEW" }, "geometry": { "type": "Point", "coordinates": [ 18.352406143268556, -34.149855520697265 ] } },
{ "type": "Feature", "properties": { "name": "NED. GER. SENDINKERK - NOORDHOEK", "religion": "CHRISTIAN", "building_type": "CHURCH", "suburb": "OCEAN VIEW" }, "geometry": { "type": "Point", "coordinates": [ 18.35461438189995, -34.150614888861895 ] } },
{ "type": "Feature", "properties": { "name": "OCEAN VIEW MOSQUE", "religion": "ISLAMIC", "building_type": "MOSQUE", "suburb": "OCEAN VIEW" }, "geometry": { "type": "Point", "coordinates": [ 18.351018627938561, -34.151261870718656 ] } },
{ "type": "Feature", "properties": { "name": "PINKSTER PROTESTANTE KERK", "religion": "CHRISTIAN", "building_type": "CHURCH", "suburb": "OCEAN VIEW" }, "geometry": { "type": "Point", "coordinates": [ 18.357300957250519, -34.152645685060243 ] } },
{ "type": "Feature", "properties": { "name": "OLD APOSTOLIC CHURCH OF AFRICA", "religion": "CHRISTIAN", "building_type": "CHURCH", "suburb": "OCEAN VIEW" }, "geometry": { "type": "Point", "coordinates": [ 18.350304134911056, -34.153124283654648 ] } },
{ "type": "Feature", "properties": { "name": "NEW APOSTOLIC CHURCH OF S.A.", "religion": "CHRISTIAN", "building_type": "CHURCH", "suburb": "OCEAN VIEW" }, "geometry": { "type": "Point", "coordinates": [ 18.356706534840495, -34.153225630221399 ] } },
{ "type": "Feature", "properties": { "name": "ST. ANDREW'S ANGLICAN CHURCH", "religion": "CHRISTIAN", "building_type": "CHURCH", "suburb": "GLENCAIRN" }, "geometry": { "type": "Point", "coordinates": [ 18.425273639716803, -34.156711387449562 ] } },
{ "type": "Feature", "properties": { "name": "NED. GER. SENDINKERK - GORDONS BAY", "religion": "CHRISTIAN", "building_type": "CHURCH", "suburb": "GORDONS BAY VILLAGE" }, "geometry": { "type": "Point", "coordinates": [ 18.86739797615845, -34.161499688705057 ] } },
{ "type": "Feature", "properties": { "name": "ST. FRANCIS OF ASSISI ANGLICAN CHURCH", "religion": "CHRISTIAN", "building_type": "CHURCH", "suburb": "SIMON'S TOWN" }, "geometry": { "type": "Point", "coordinates": [ 18.427294279574181, -34.191134807076679 ] } },
{ "type": "Feature", "properties": { "name": "SIMONS TOWN METHODIST CHURCH", "religion": "CHRISTIAN", "building_type": "CHURCH", "suburb": "SIMON'S TOWN" }, "geometry": { "type": "Point", "coordinates": [ 18.427876232469732, -34.192969416990955 ] } },
{ "type": "Feature", "properties": { "name": "NED. GER. SENDINKERK - SIMONS TOWN", "religion": "CHRISTIAN", "building_type": "CHURCH", "suburb": "SIMON'S TOWN" }, "geometry": { "type": "Point", "coordinates": [ 18.437061420909899, -34.193460865154137 ] } },
{ "type": "Feature", "properties": { "name": "STS. SIMON AND JUDE CATHOLIC CHURCH", "religion": "CHRISTIAN", "building_type": "CHURCH", "suburb": "SIMON'S TOWN" }, "geometry": { "type": "Point", "coordinates": [ 18.437563948361312, -34.194053513636341 ] } },
{ "type": "Feature", "properties": { "name": "SIMONS TOWN MASJID", "religion": "ISLAMIC", "building_type": "MOSQUE", "suburb": "SIMON'S TOWN" }, "geometry": { "type": "Point", "coordinates": [ 18.434002176768789, -34.194061736765789 ] } },
{ "type": "Feature", "properties": { "name": "OLD APOSTOLIC CHURCH OF AFRICA", "religion": "CHRISTIAN", "building_type": "CHURCH", "suburb": "SIMON'S TOWN" }, "geometry": { "type": "Point", "coordinates": [ 18.442026987101951, -34.19545929452304 ] } },
{ "type": "Feature", "properties": { "name": "MASJIEDUS SOBOOR", "religion": "ISLAMIC", "building_type": "MOSQUE", "suburb": "LENTEGEUR" }, "geometry": { "type": "Point", "coordinates": [ 18.604192333631655, -34.032014115841207 ] } },
{ "type": "Feature", "properties": { "name": "CONISTON PARK AND SHERATON PARK ISLAMIC SOCIETY", "religion": "ISLAMIC", "building_type": "MOSQUE", "suburb": "STEENBERG" }, "geometry": { "type": "Point", "coordinates": [ 18.470421257300973, -34.075701866933287 ] } },
{ "type": "Feature", "properties": { "name": "APOSTOLIC FAITH MISSION OF S.A.", "religion": "CHRISTIAN", "building_type": "CHURCH", "suburb": "THE HAGUE" }, "geometry": { "type": "Point", "coordinates": [ 18.642478638838682, -33.956686287968907 ] } }
]
}
