{
"type": "FeatureCollection",
"name": "scale_grid",
"crs": { "type": "name", "properties": { "name": "urn:ogc:def:crs:OGC:1.3:CRS84" } },
"features": [
{ "type": "Feature", "properties": { }, "geometry": { "type": "Polygon", "coordinates": [ [ [ 18.356996608104151, -34.037812666522846 ], [ 18.35713640465146, -34.033308044425389 ], [ 18.351725772410234, -34.033191551147951 ], [ 18.351585690477798, -34.037696153611577 ], [ 18.356996608104151, -34.037812666522846 ] ] ] } },
{ "type": "Feature", "properties": { }, "geometry": { "type": "Polygon", "coordinates": [ [ [ 18.35713640465146, -34.033308044425389 ], [ 18.357276170150904, -34.028803418516475 ], [ 18.351865823231552, -34.02868694487082 ], [ 18.351725772410234, -34.033191551147951 ], [ 18.35713640465146, -34.033308044425389 ] ] ] } },
{ "type": "Feature", "properties": { }, "geometry": { "type": "Polygon", "coordinates": [ [ [ 18.357276170150904, -34.028803418516475 ], [ 18.357415904609105, -34.024298788796436 ], [ 18.352005842948387, -34.024182334780548 ], [ 18.351865823231552, -34.02868694487082 ], [ 18.357276170150904, -34.028803418516475 ] ] ] } },
{ "type": "Feature", "properties": { }, "geometry": { "type": "Polygon", "coordinates": [ [ [ 18.357415904609105, -34.024298788796436 ], [ 18.35755560803268, -34.019794155265643 ], [ 18.35214583156737, -34.019677720877475 ], [ 18.352005842948387, -34.024182334780548 ], [ 18.357415904609105, -34.024298788796436 ] ] ] } },
{ "type": "Feature", "properties": { }, "geometry": { "type": "Polygon", "coordinates": [ [ [ 18.35755560803268, -34.019794155265643 ], [ 18.357695280428249, -34.015289517924423 ], [ 18.352285789095134, -34.015173103161949 ], [ 18.35214583156737, -34.019677720877475 ], [ 18.35755560803268, -34.019794155265643 ] ] ] } },
{ "type": "Feature", "properties": { }, "geometry": { "type": "Polygon", "coordinates": [ [ [ 18.357695280428249, -34.015289517924423 ], [ 18.357834921802425, -34.01078487677313 ], [ 18.35242571553831, -34.010668481634312 ], [ 18.352285789095134, -34.015173103161949 ], [ 18.357695280428249, -34.015289517924423 ] ] ] } },
{ "type": "Feature", "properties": { }, "geometry": { "type": "Polygon", "coordinates": [ [ [ 18.357834921802425, -34.01078487677313 ], [ 18.357974532161826, -34.006280231812113 ], [ 18.352565610903522, -34.006163856294926 ], [ 18.35242571553831, -34.010668481634312 ], [ 18.357834921802425, -34.01078487677313 ] ] ] } },
{ "type": "Feature", "properties": { }, "geometry": { "type": "Polygon", "coordinates": [ [ [ 18.357974532161826, -34.006280231812113 ], [ 18.358114111513061, -34.001775583041692 ], [ 18.352705475197393, -34.001659227144103 ], [ 18.352565610903522, -34.006163856294926 ], [ 18.357974532161826, -34.006280231812113 ] ] ] } },
{ "type": "Feature", "properties": { }, "geometry": { "type": "Polygon", "coordinates": [ [ [ 18.358114111513061, -34.001775583041692 ], [ 18.358253659862736, -33.997270930462243 ], [ 18.352845308426552, -33.997154594182213 ], [ 18.352705475197393, -34.001659227144103 ], [ 18.358114111513061, -34.001775583041692 ] ] ] } },
{ "type": "Feature", "properties": { }, "geometry": { "type": "Polygon", "coordinates": [ [ [ 18.358253659862736, -33.997270930462243 ], [ 18.358393177217462, -33.992766274074093 ], [ 18.352985110597611, -33.992649957409583 ], [ 18.352845308426552, -33.997154594182213 ], [ 18.358253659862736, -33.997270930462243 ] ] ] } },
{ "type": "Feature", "properties": { }, "geometry": { "type": "Polygon", "coordinates": [ [ [ 18.358393177217462, -33.992766274074093 ], [ 18.358532663583841, -33.988261613877569 ], [ 18.353124881717193, -33.988145316826596 ], [ 18.352985110597611, -33.992649957409583 ], [ 18.358393177217462, -33.992766274074093 ] ] ] } },
{ "type": "Feature", "properties": { }, "geometry": { "type": "Polygon", "coordinates": [ [ [ 18.358532663583841, -33.988261613877569 ], [ 18.358672118968475, -33.983756949873055 ], [ 18.353264621791912, -33.983640672433538 ], [ 18.353124881717193, -33.988145316826596 ], [ 18.358532663583841, -33.988261613877569 ] ] ] } },
{ "type": "Feature", "properties": { }, "geometry": { "type": "Polygon", "coordinates": [ [ [ 18.358672118968475, -33.983756949873055 ], [ 18.358811543377964, -33.979252282060877 ], [ 18.353404330828376, -33.979136024230812 ], [ 18.353264621791912, -33.983640672433538 ], [ 18.358672118968475, -33.983756949873055 ] ] ] } },
{ "type": "Feature", "properties": { }, "geometry": { "type": "Polygon", "coordinates": [ [ [ 18.358811543377964, -33.979252282060877 ], [ 18.358950936818907, -33.974747610441376 ], [ 18.353544008833204, -33.974631372218731 ], [ 18.353404330828376, -33.979136024230812 ], [ 18.358811543377964, -33.979252282060877 ] ] ] } },
{ "type": "Feature", "properties": { }, "geometry": { "type": "Polygon", "coordinates": [ [ [ 18.358950936818907, -33.974747610441376 ], [ 18.359090299297897, -33.970242935014895 ], [ 18.353683655813004, -33.970126716397644 ], [ 18.353544008833204, -33.974631372218731 ], [ 18.358950936818907, -33.974747610441376 ] ] ] } },
{ "type": "Feature", "properties": { }, "geometry": { "type": "Polygon", "coordinates": [ [ [ 18.359090299297897, -33.970242935014895 ], [ 18.359229630821527, -33.96573825578178 ], [ 18.353823271774377, -33.965622056767913 ], [ 18.353683655813004, -33.970126716397644 ], [ 18.359090299297897, -33.970242935014895 ] ] ] } },
{ "type": "Feature", "properties": { }, "geometry": { "type": "Polygon", "coordinates": [ [ [ 18.359229630821527, -33.96573825578178 ], [ 18.359368931396393, -33.96123357274238 ], [ 18.353962856723928, -33.96111739332985 ], [ 18.353823271774377, -33.965622056767913 ], [ 18.359229630821527, -33.96573825578178 ] ] ] } },
{ "type": "Feature", "properties": { }, "geometry": { "type": "Polygon", "coordinates": [ [ [ 18.359368931396393, -33.96123357274238 ], [ 18.35950820102908, -33.956728885897064 ], [ 18.354102410668265, -33.956612726083833 ], [ 18.353962856723928, -33.96111739332985 ], [ 18.359368931396393, -33.96123357274238 ] ] ] } },
{ "type": "Feature", "properties": { }, "geometry": { "type": "Polygon", "coordinates": [ [ [ 18.35950820102908, -33.956728885897064 ], [ 18.359647439726171, -33.952224195246131 ], [ 18.354241933613981, -33.952108055030187 ], [ 18.354102410668265, -33.956612726083833 ], [ 18.35950820102908, -33.956728885897064 ] ] ] } },
{ "type": "Feature", "properties": { }, "geometry": { "type": "Polygon", "coordinates": [ [ [ 18.359647439726171, -33.952224195246131 ], [ 18.359786647494253, -33.947719500789951 ], [ 18.354381425567677, -33.947603380169284 ], [ 18.354241933613981, -33.952108055030187 ], [ 18.359647439726171, -33.952224195246131 ] ] ] } },
{ "type": "Feature", "properties": { }, "geometry": { "type": "Polygon", "coordinates": [ [ [ 18.359786647494253, -33.947719500789951 ], [ 18.359925824339907, -33.943214802528864 ], [ 18.354520886535948, -33.943098701501441 ], [ 18.354381425567677, -33.947603380169284 ], [ 18.359786647494253, -33.947719500789951 ] ] ] } },
{ "type": "Feature", "properties": { }, "geometry": { "type": "Polygon", "coordinates": [ [ [ 18.359925824339907, -33.943214802528864 ], [ 18.360064970269718, -33.938710100463219 ], [ 18.354660316525383, -33.938594019027015 ], [ 18.354520886535948, -33.943098701501441 ], [ 18.359925824339907, -33.943214802528864 ] ] ] } },
{ "type": "Feature", "properties": { }, "geometry": { "type": "Polygon", "coordinates": [ [ [ 18.360064970269718, -33.938710100463219 ], [ 18.360204085290253, -33.93420539459337 ], [ 18.35479971554258, -33.934089332746353 ], [ 18.354660316525383, -33.938594019027015 ], [ 18.360064970269718, -33.938710100463219 ] ] ] } },
{ "type": "Feature", "properties": { }, "geometry": { "type": "Polygon", "coordinates": [ [ [ 18.360204085290253, -33.93420539459337 ], [ 18.360343169408097, -33.929700684919645 ], [ 18.354939083594122, -33.929584642659805 ], [ 18.35479971554258, -33.934089332746353 ], [ 18.360204085290253, -33.93420539459337 ] ] ] } },
{ "type": "Feature", "properties": { }, "geometry": { "type": "Polygon", "coordinates": [ [ [ 18.360343169408097, -33.929700684919645 ], [ 18.360482222629816, -33.925195971442406 ], [ 18.355078420686596, -33.92507994876771 ], [ 18.354939083594122, -33.929584642659805 ], [ 18.360343169408097, -33.929700684919645 ] ] ] } },
{ "type": "Feature", "properties": { }, "geometry": { "type": "Polygon", "coordinates": [ [ [ 18.360482222629816, -33.925195971442406 ], [ 18.360621244961983, -33.920691254161966 ], [ 18.355217726826584, -33.920575251070403 ], [ 18.355078420686596, -33.92507994876771 ], [ 18.360482222629816, -33.925195971442406 ] ] ] } },
{ "type": "Feature", "properties": { }, "geometry": { "type": "Polygon", "coordinates": [ [ [ 18.360621244961983, -33.920691254161966 ], [ 18.360760236411171, -33.916186533078708 ], [ 18.355357002020671, -33.916070549568254 ], [ 18.355217726826584, -33.920575251070403 ], [ 18.360621244961983, -33.920691254161966 ] ] ] } },
{ "type": "Feature", "properties": { }, "geometry": { "type": "Polygon", "coordinates": [ [ [ 18.360760236411171, -33.916186533078708 ], [ 18.360899196983937, -33.911681808192952 ], [ 18.35549624627544, -33.911565844261602 ], [ 18.355357002020671, -33.916070549568254 ], [ 18.360760236411171, -33.916186533078708 ] ] ] } },
{ "type": "Feature", "properties": { }, "geometry": { "type": "Polygon", "coordinates": [ [ [ 18.360899196983937, -33.911681808192952 ], [ 18.361038126686854, -33.907177079505061 ], [ 18.355635459597462, -33.907061135150776 ], [ 18.35549624627544, -33.911565844261602 ], [ 18.360899196983937, -33.911681808192952 ] ] ] } },
{ "type": "Feature", "properties": { }, "geometry": { "type": "Polygon", "coordinates": [ [ [ 18.361038126686854, -33.907177079505061 ], [ 18.361177025526477, -33.902672347015383 ], [ 18.355774641993314, -33.902556422236152 ], [ 18.355635459597462, -33.907061135150776 ], [ 18.361038126686854, -33.907177079505061 ] ] ] } },
{ "type": "Feature", "properties": { }, "geometry": { "type": "Polygon", "coordinates": [ [ [ 18.361177025526477, -33.902672347015383 ], [ 18.361315893509371, -33.898167610724236 ], [ 18.355913793469565, -33.898051705518043 ], [ 18.355774641993314, -33.902556422236152 ], [ 18.361177025526477, -33.902672347015383 ] ] ] } },
{ "type": "Feature", "properties": { }, "geometry": { "type": "Polygon", "coordinates": [ [ [ 18.361315893509371, -33.898167610724236 ], [ 18.361454730642087, -33.893662870632006 ], [ 18.356052914032794, -33.893546984996817 ], [ 18.355913793469565, -33.898051705518043 ], [ 18.361315893509371, -33.898167610724236 ] ] ] } },
{ "type": "Feature", "properties": { }, "geometry": { "type": "Polygon", "coordinates": [ [ [ 18.361454730642087, -33.893662870632006 ], [ 18.361593536931185, -33.889158126738977 ], [ 18.356192003689564, -33.889042260672795 ], [ 18.356052914032794, -33.893546984996817 ], [ 18.361454730642087, -33.893662870632006 ] ] ] } },
{ "type": "Feature", "properties": { }, "geometry": { "type": "Polygon", "coordinates": [ [ [ 18.361593536931185, -33.889158126738977 ], [ 18.361732312383218, -33.88465337904556 ], [ 18.35633106244644, -33.884537532546361 ], [ 18.356192003689564, -33.889042260672795 ], [ 18.361593536931185, -33.889158126738977 ] ] ] } },
{ "type": "Feature", "properties": { }, "geometry": { "type": "Polygon", "coordinates": [ [ [ 18.361732312383218, -33.88465337904556 ], [ 18.361871057004731, -33.880148627552067 ], [ 18.356470090309987, -33.88003280061784 ], [ 18.35633106244644, -33.884537532546361 ], [ 18.361732312383218, -33.88465337904556 ] ] ] } },
{ "type": "Feature", "properties": { }, "geometry": { "type": "Polygon", "coordinates": [ [ [ 18.361871057004731, -33.880148627552067 ], [ 18.362009770802278, -33.87564387225887 ], [ 18.356609087286767, -33.875528064887583 ], [ 18.356470090309987, -33.88003280061784 ], [ 18.361871057004731, -33.880148627552067 ] ] ] } },
{ "type": "Feature", "properties": { }, "geometry": { "type": "Polygon", "coordinates": [ [ [ 18.362009770802278, -33.87564387225887 ], [ 18.362148453782403, -33.871139113166279 ], [ 18.356748053383342, -33.871023325355935 ], [ 18.356609087286767, -33.875528064887583 ], [ 18.362009770802278, -33.87564387225887 ] ] ] } },
{ "type": "Feature", "properties": { }, "geometry": { "type": "Polygon", "coordinates": [ [ [ 18.362148453782403, -33.871139113166279 ], [ 18.362287105951648, -33.866634350274659 ], [ 18.356886988606263, -33.866518582023225 ], [ 18.356748053383342, -33.871023325355935 ], [ 18.362148453782403, -33.871139113166279 ] ] ] } },
{ "type": "Feature", "properties": { }, "geometry": { "type": "Polygon", "coordinates": [ [ [ 18.362287105951648, -33.866634350274659 ], [ 18.362425727316559, -33.862129583584341 ], [ 18.357025892962092, -33.862013834889837 ], [ 18.356886988606263, -33.866518582023225 ], [ 18.362287105951648, -33.866634350274659 ] ] ] } },
{ "type": "Feature", "properties": { }, "geometry": { "type": "Polygon", "coordinates": [ [ [ 18.362425727316559, -33.862129583584341 ], [ 18.36256431788367, -33.857624813095697 ], [ 18.357164766457373, -33.857509083956074 ], [ 18.357025892962092, -33.862013834889837 ], [ 18.362425727316559, -33.862129583584341 ] ] ] } },
{ "type": "Feature", "properties": { }, "geometry": { "type": "Polygon", "coordinates": [ [ [ 18.36256431788367, -33.857624813095697 ], [ 18.362702877659522, -33.853120038809067 ], [ 18.357303609098668, -33.853004329222323 ], [ 18.357164766457373, -33.857509083956074 ], [ 18.36256431788367, -33.857624813095697 ] ] ] } },
{ "type": "Feature", "properties": { }, "geometry": { "type": "Polygon", "coordinates": [ [ [ 18.362407556784994, -34.037928941659743 ], [ 18.36254706794055, -34.03342429996848 ], [ 18.35713640465146, -34.033308044425389 ], [ 18.356996608104151, -34.037812666522846 ], [ 18.362407556784994, -34.037928941659743 ] ] ] } },
{ "type": "Feature", "properties": { }, "geometry": { "type": "Polygon", "coordinates": [ [ [ 18.36254706794055, -34.03342429996848 ], [ 18.362686548111498, -34.028919654467785 ], [ 18.357276170150904, -34.028803418516475 ], [ 18.35713640465146, -34.033308044425389 ], [ 18.36254706794055, -34.03342429996848 ] ] ] } },
{ "type": "Feature", "properties": { }, "geometry": { "type": "Polygon", "coordinates": [ [ [ 18.362686548111498, -34.028919654467785 ], [ 18.362825997304441, -34.024415005157998 ], [ 18.357415904609105, -34.024298788796436 ], [ 18.357276170150904, -34.028803418516475 ], [ 18.362686548111498, -34.028919654467785 ] ] ] } },
{ "type": "Feature", "properties": { }, "geometry": { "type": "Polygon", "coordinates": [ [ [ 18.362825997304441, -34.024415005157998 ], [ 18.362965415525991, -34.019910352039489 ], [ 18.35755560803268, -34.019794155265643 ], [ 18.357415904609105, -34.024298788796436 ], [ 18.362825997304441, -34.024415005157998 ] ] ] } },
{ "type": "Feature", "properties": { }, "geometry": { "type": "Polygon", "coordinates": [ [ [ 18.362965415525991, -34.019910352039489 ], [ 18.363104802782747, -34.01540569511257 ], [ 18.357695280428249, -34.015289517924423 ], [ 18.35755560803268, -34.019794155265643 ], [ 18.362965415525991, -34.019910352039489 ] ] ] } },
{ "type": "Feature", "properties": { }, "geometry": { "type": "Polygon", "coordinates": [ [ [ 18.363104802782747, -34.01540569511257 ], [ 18.363244159081315, -34.010901034377611 ], [ 18.357834921802425, -34.01078487677313 ], [ 18.357695280428249, -34.015289517924423 ], [ 18.363104802782747, -34.01540569511257 ] ] ] } },
{ "type": "Feature", "properties": { }, "geometry": { "type": "Polygon", "coordinates": [ [ [ 18.363244159081315, -34.010901034377611 ], [ 18.363383484428294, -34.00639636983496 ], [ 18.357974532161826, -34.006280231812113 ], [ 18.357834921802425, -34.01078487677313 ], [ 18.363244159081315, -34.010901034377611 ] ] ] } },
{ "type": "Feature", "properties": { }, "geometry": { "type": "Polygon", "coordinates": [ [ [ 18.363383484428294, -34.00639636983496 ], [ 18.36352277883028, -34.001891701484929 ], [ 18.358114111513061, -34.001775583041692 ], [ 18.357974532161826, -34.006280231812113 ], [ 18.363383484428294, -34.00639636983496 ] ] ] } },
{ "type": "Feature", "properties": { }, "geometry": { "type": "Polygon", "coordinates": [ [ [ 18.36352277883028, -34.001891701484929 ], [ 18.363662042293868, -33.997387029327896 ], [ 18.358253659862736, -33.997270930462243 ], [ 18.358114111513061, -34.001775583041692 ], [ 18.36352277883028, -34.001891701484929 ] ] ] } },
{ "type": "Feature", "properties": { }, "geometry": { "type": "Polygon", "coordinates": [ [ [ 18.363662042293868, -33.997387029327896 ], [ 18.363801274825658, -33.99288235336418 ], [ 18.358393177217462, -33.992766274074093 ], [ 18.358253659862736, -33.997270930462243 ], [ 18.363662042293868, -33.997387029327896 ] ] ] } },
{ "type": "Feature", "properties": { }, "geometry": { "type": "Polygon", "coordinates": [ [ [ 18.363801274825658, -33.99288235336418 ], [ 18.363940476432234, -33.988377673594144 ], [ 18.358532663583841, -33.988261613877569 ], [ 18.358393177217462, -33.992766274074093 ], [ 18.363801274825658, -33.99288235336418 ] ] ] } },
{ "type": "Feature", "properties": { }, "geometry": { "type": "Polygon", "coordinates": [ [ [ 18.363940476432234, -33.988377673594144 ], [ 18.364079647120185, -33.983872990018114 ], [ 18.358672118968475, -33.983756949873055 ], [ 18.358532663583841, -33.988261613877569 ], [ 18.363940476432234, -33.988377673594144 ] ] ] } },
{ "type": "Feature", "properties": { }, "geometry": { "type": "Polygon", "coordinates": [ [ [ 18.364079647120185, -33.983872990018114 ], [ 18.3642187868961, -33.979368302636452 ], [ 18.358811543377964, -33.979252282060877 ], [ 18.358672118968475, -33.983756949873055 ], [ 18.364079647120185, -33.983872990018114 ] ] ] } },
{ "type": "Feature", "properties": { }, "geometry": { "type": "Polygon", "coordinates": [ [ [ 18.3642187868961, -33.979368302636452 ], [ 18.364357895766563, -33.974863611449486 ], [ 18.358950936818907, -33.974747610441376 ], [ 18.358811543377964, -33.979252282060877 ], [ 18.3642187868961, -33.979368302636452 ] ] ] } },
{ "type": "Feature", "properties": { }, "geometry": { "type": "Polygon", "coordinates": [ [ [ 18.364357895766563, -33.974863611449486 ], [ 18.364496973738152, -33.970358916457563 ], [ 18.359090299297897, -33.970242935014895 ], [ 18.358950936818907, -33.974747610441376 ], [ 18.364357895766563, -33.974863611449486 ] ] ] } },
{ "type": "Feature", "properties": { }, "geometry": { "type": "Polygon", "coordinates": [ [ [ 18.364496973738152, -33.970358916457563 ], [ 18.36463602081745, -33.965854217661047 ], [ 18.359229630821527, -33.96573825578178 ], [ 18.359090299297897, -33.970242935014895 ], [ 18.364496973738152, -33.970358916457563 ] ] ] } },
{ "type": "Feature", "properties": { }, "geometry": { "type": "Polygon", "coordinates": [ [ [ 18.36463602081745, -33.965854217661047 ], [ 18.364775037011036, -33.961349515060263 ], [ 18.359368931396393, -33.96123357274238 ], [ 18.359229630821527, -33.96573825578178 ], [ 18.36463602081745, -33.965854217661047 ] ] ] } },
{ "type": "Feature", "properties": { }, "geometry": { "type": "Polygon", "coordinates": [ [ [ 18.364775037011036, -33.961349515060263 ], [ 18.364914022325483, -33.956844808655561 ], [ 18.35950820102908, -33.956728885897064 ], [ 18.359368931396393, -33.96123357274238 ], [ 18.364775037011036, -33.961349515060263 ] ] ] } },
{ "type": "Feature", "properties": { }, "geometry": { "type": "Polygon", "coordinates": [ [ [ 18.364914022325483, -33.956844808655561 ], [ 18.365052976767366, -33.95234009844728 ], [ 18.359647439726171, -33.952224195246131 ], [ 18.35950820102908, -33.956728885897064 ], [ 18.364914022325483, -33.956844808655561 ] ] ] } },
{ "type": "Feature", "properties": { }, "geometry": { "type": "Polygon", "coordinates": [ [ [ 18.365052976767366, -33.95234009844728 ], [ 18.365191900343252, -33.947835384435784 ], [ 18.359786647494253, -33.947719500789951 ], [ 18.359647439726171, -33.952224195246131 ], [ 18.365052976767366, -33.95234009844728 ] ] ] } },
{ "type": "Feature", "properties": { }, "geometry": { "type": "Polygon", "coordinates": [ [ [ 18.365191900343252, -33.947835384435784 ], [ 18.365330793059712, -33.943330666621378 ], [ 18.359925824339907, -33.943214802528864 ], [ 18.359786647494253, -33.947719500789951 ], [ 18.365191900343252, -33.947835384435784 ] ] ] } },
{ "type": "Feature", "properties": { }, "geometry": { "type": "Polygon", "coordinates": [ [ [ 18.365330793059712, -33.943330666621378 ], [ 18.365469654923317, -33.938825945004453 ], [ 18.360064970269718, -33.938710100463219 ], [ 18.359925824339907, -33.943214802528864 ], [ 18.365330793059712, -33.943330666621378 ] ] ] } },
{ "type": "Feature", "properties": { }, "geometry": { "type": "Polygon", "coordinates": [ [ [ 18.365469654923317, -33.938825945004453 ], [ 18.365608485940619, -33.934321219585321 ], [ 18.360204085290253, -33.93420539459337 ], [ 18.360064970269718, -33.938710100463219 ], [ 18.365469654923317, -33.938825945004453 ] ] ] } },
{ "type": "Feature", "properties": { }, "geometry": { "type": "Polygon", "coordinates": [ [ [ 18.365608485940619, -33.934321219585321 ], [ 18.365747286118189, -33.929816490364345 ], [ 18.360343169408097, -33.929700684919645 ], [ 18.360204085290253, -33.93420539459337 ], [ 18.365608485940619, -33.934321219585321 ] ] ] } },
{ "type": "Feature", "properties": { }, "geometry": { "type": "Polygon", "coordinates": [ [ [ 18.365747286118189, -33.929816490364345 ], [ 18.365886055462585, -33.925311757341859 ], [ 18.360482222629816, -33.925195971442406 ], [ 18.360343169408097, -33.929700684919645 ], [ 18.365747286118189, -33.929816490364345 ] ] ] } },
{ "type": "Feature", "properties": { }, "geometry": { "type": "Polygon", "coordinates": [ [ [ 18.365886055462585, -33.925311757341859 ], [ 18.366024793980365, -33.920807020518218 ], [ 18.360621244961983, -33.920691254161966 ], [ 18.360482222629816, -33.925195971442406 ], [ 18.365886055462585, -33.925311757341859 ] ] ] } },
{ "type": "Feature", "properties": { }, "geometry": { "type": "Polygon", "coordinates": [ [ [ 18.366024793980365, -33.920807020518218 ], [ 18.366163501678081, -33.916302279893749 ], [ 18.360760236411171, -33.916186533078708 ], [ 18.360621244961983, -33.920691254161966 ], [ 18.366024793980365, -33.920807020518218 ] ] ] } },
{ "type": "Feature", "properties": { }, "geometry": { "type": "Polygon", "coordinates": [ [ [ 18.366163501678081, -33.916302279893749 ], [ 18.366302178562286, -33.911797535468821 ], [ 18.360899196983937, -33.911681808192952 ], [ 18.360760236411171, -33.916186533078708 ], [ 18.366163501678081, -33.916302279893749 ] ] ] } },
{ "type": "Feature", "properties": { }, "geometry": { "type": "Polygon", "coordinates": [ [ [ 18.366302178562286, -33.911797535468821 ], [ 18.366440824639536, -33.90729278724374 ], [ 18.361038126686854, -33.907177079505061 ], [ 18.360899196983937, -33.911681808192952 ], [ 18.366302178562286, -33.911797535468821 ] ] ] } },
{ "type": "Feature", "properties": { }, "geometry": { "type": "Polygon", "coordinates": [ [ [ 18.366440824639536, -33.90729278724374 ], [ 18.366579439916372, -33.902788035218911 ], [ 18.361177025526477, -33.902672347015383 ], [ 18.361038126686854, -33.907177079505061 ], [ 18.366440824639536, -33.90729278724374 ] ] ] } },
{ "type": "Feature", "properties": { }, "geometry": { "type": "Polygon", "coordinates": [ [ [ 18.366579439916372, -33.902788035218911 ], [ 18.366718024399347, -33.898283279394626 ], [ 18.361315893509371, -33.898167610724236 ], [ 18.361177025526477, -33.902672347015383 ], [ 18.366579439916372, -33.902788035218911 ] ] ] } },
{ "type": "Feature", "properties": { }, "geometry": { "type": "Polygon", "coordinates": [ [ [ 18.366718024399347, -33.898283279394626 ], [ 18.366856578095, -33.893778519771253 ], [ 18.361454730642087, -33.893662870632006 ], [ 18.361315893509371, -33.898167610724236 ], [ 18.366718024399347, -33.898283279394626 ] ] ] } },
{ "type": "Feature", "properties": { }, "geometry": { "type": "Polygon", "coordinates": [ [ [ 18.366856578095, -33.893778519771253 ], [ 18.36699510100987, -33.889273756349127 ], [ 18.361593536931185, -33.889158126738977 ], [ 18.361454730642087, -33.893662870632006 ], [ 18.366856578095, -33.893778519771253 ] ] ] } },
{ "type": "Feature", "properties": { }, "geometry": { "type": "Polygon", "coordinates": [ [ [ 18.36699510100987, -33.889273756349127 ], [ 18.367133593150509, -33.884768989128609 ], [ 18.361732312383218, -33.88465337904556 ], [ 18.361593536931185, -33.889158126738977 ], [ 18.36699510100987, -33.889273756349127 ] ] ] } },
{ "type": "Feature", "properties": { }, "geometry": { "type": "Polygon", "coordinates": [ [ [ 18.367133593150509, -33.884768989128609 ], [ 18.367272054523443, -33.880264218110021 ], [ 18.361871057004731, -33.880148627552067 ], [ 18.361732312383218, -33.88465337904556 ], [ 18.367133593150509, -33.884768989128609 ] ] ] } },
{ "type": "Feature", "properties": { }, "geometry": { "type": "Polygon", "coordinates": [ [ [ 18.367272054523443, -33.880264218110021 ], [ 18.367410485135206, -33.875759443293738 ], [ 18.362009770802278, -33.87564387225887 ], [ 18.361871057004731, -33.880148627552067 ], [ 18.367272054523443, -33.880264218110021 ] ] ] } },
{ "type": "Feature", "properties": { }, "geometry": { "type": "Polygon", "coordinates": [ [ [ 18.367410485135206, -33.875759443293738 ], [ 18.367548884992338, -33.87125466468008 ], [ 18.362148453782403, -33.871139113166279 ], [ 18.362009770802278, -33.87564387225887 ], [ 18.367410485135206, -33.875759443293738 ] ] ] } },
{ "type": "Feature", "properties": { }, "geometry": { "type": "Polygon", "coordinates": [ [ [ 18.367548884992338, -33.87125466468008 ], [ 18.367687254101366, -33.866749882269396 ], [ 18.362287105951648, -33.866634350274659 ], [ 18.362148453782403, -33.871139113166279 ], [ 18.367548884992338, -33.87125466468008 ] ] ] } },
{ "type": "Feature", "properties": { }, "geometry": { "type": "Polygon", "coordinates": [ [ [ 18.367687254101366, -33.866749882269396 ], [ 18.367825592468822, -33.862245096062033 ], [ 18.362425727316559, -33.862129583584341 ], [ 18.362287105951648, -33.866634350274659 ], [ 18.367687254101366, -33.866749882269396 ] ] ] } },
{ "type": "Feature", "properties": { }, "geometry": { "type": "Polygon", "coordinates": [ [ [ 18.367825592468822, -33.862245096062033 ], [ 18.367963900101227, -33.857740306058346 ], [ 18.36256431788367, -33.857624813095697 ], [ 18.362425727316559, -33.862129583584341 ], [ 18.367825592468822, -33.862245096062033 ] ] ] } },
{ "type": "Feature", "properties": { }, "geometry": { "type": "Polygon", "coordinates": [ [ [ 18.367963900101227, -33.857740306058346 ], [ 18.368102177005106, -33.853235512258678 ], [ 18.362702877659522, -33.853120038809067 ], [ 18.36256431788367, -33.857624813095697 ], [ 18.367963900101227, -33.857740306058346 ] ] ] } },
{ "type": "Feature", "properties": { }, "geometry": { "type": "Polygon", "coordinates": [ [ [ 18.367818536457058, -34.038044979017762 ], [ 18.367957762214257, -34.03354031777269 ], [ 18.36254706794055, -34.03342429996848 ], [ 18.362407556784994, -34.037928941659743 ], [ 18.367818536457058, -34.038044979017762 ] ] ] } },
{ "type": "Feature", "properties": { }, "geometry": { "type": "Polygon", "coordinates": [ [ [ 18.367957762214257, -34.03354031777269 ], [ 18.368096957050096, -34.029035652720225 ], [ 18.362686548111498, -34.028919654467785 ], [ 18.36254706794055, -34.03342429996848 ], [ 18.367957762214257, -34.03354031777269 ] ] ] } },
{ "type": "Feature", "properties": { }, "geometry": { "type": "Polygon", "coordinates": [ [ [ 18.368096957050096, -34.029035652720225 ], [ 18.368236120971179, -34.024530983860707 ], [ 18.362825997304441, -34.024415005157998 ], [ 18.362686548111498, -34.028919654467785 ], [ 18.368096957050096, -34.029035652720225 ] ] ] } },
{ "type": "Feature", "properties": { }, "geometry": { "type": "Polygon", "coordinates": [ [ [ 18.368236120971179, -34.024530983860707 ], [ 18.368375253984095, -34.020026311194471 ], [ 18.362965415525991, -34.019910352039489 ], [ 18.362825997304441, -34.024415005157998 ], [ 18.368236120971179, -34.024530983860707 ] ] ] } },
{ "type": "Feature", "properties": { }, "geometry": { "type": "Polygon", "coordinates": [ [ [ 18.368375253984095, -34.020026311194471 ], [ 18.368514356095439, -34.015521634721864 ], [ 18.363104802782747, -34.01540569511257 ], [ 18.362965415525991, -34.019910352039489 ], [ 18.368375253984095, -34.020026311194471 ] ] ] } },
{ "type": "Feature", "properties": { }, "geometry": { "type": "Polygon", "coordinates": [ [ [ 18.368514356095439, -34.015521634721864 ], [ 18.368653427311795, -34.011016954443249 ], [ 18.363244159081315, -34.010901034377611 ], [ 18.363104802782747, -34.01540569511257 ], [ 18.368514356095439, -34.015521634721864 ] ] ] } },
{ "type": "Feature", "properties": { }, "geometry": { "type": "Polygon", "coordinates": [ [ [ 18.368653427311795, -34.011016954443249 ], [ 18.368792467639754, -34.006512270358947 ], [ 18.363383484428294, -34.00639636983496 ], [ 18.363244159081315, -34.010901034377611 ], [ 18.368653427311795, -34.011016954443249 ] ] ] } },
{ "type": "Feature", "properties": { }, "geometry": { "type": "Polygon", "coordinates": [ [ [ 18.368792467639754, -34.006512270358947 ], [ 18.368931477085898, -34.00200758246929 ], [ 18.36352277883028, -34.001891701484929 ], [ 18.363383484428294, -34.00639636983496 ], [ 18.368792467639754, -34.006512270358947 ] ] ] } },
{ "type": "Feature", "properties": { }, "geometry": { "type": "Polygon", "coordinates": [ [ [ 18.368931477085898, -34.00200758246929 ], [ 18.369070455656811, -33.997502890774655 ], [ 18.363662042293868, -33.997387029327896 ], [ 18.36352277883028, -34.001891701484929 ], [ 18.368931477085898, -34.00200758246929 ] ] ] } },
{ "type": "Feature", "properties": { }, "geometry": { "type": "Polygon", "coordinates": [ [ [ 18.369070455656811, -33.997502890774655 ], [ 18.369209403359068, -33.992998195275362 ], [ 18.363801274825658, -33.99288235336418 ], [ 18.363662042293868, -33.997387029327896 ], [ 18.369070455656811, -33.997502890774655 ] ] ] } },
{ "type": "Feature", "properties": { }, "geometry": { "type": "Polygon", "coordinates": [ [ [ 18.369209403359068, -33.992998195275362 ], [ 18.369348320199247, -33.988493495971767 ], [ 18.363940476432234, -33.988377673594144 ], [ 18.363801274825658, -33.99288235336418 ], [ 18.369209403359068, -33.992998195275362 ] ] ] } },
{ "type": "Feature", "properties": { }, "geometry": { "type": "Polygon", "coordinates": [ [ [ 18.369348320199247, -33.988493495971767 ], [ 18.369487206183933, -33.983988792864196 ], [ 18.364079647120185, -33.983872990018114 ], [ 18.363940476432234, -33.988377673594144 ], [ 18.369348320199247, -33.988493495971767 ] ] ] } },
{ "type": "Feature", "properties": { }, "geometry": { "type": "Polygon", "coordinates": [ [ [ 18.369487206183933, -33.983988792864196 ], [ 18.369626061319689, -33.979484085953025 ], [ 18.3642187868961, -33.979368302636452 ], [ 18.364079647120185, -33.983872990018114 ], [ 18.369487206183933, -33.983988792864196 ] ] ] } },
{ "type": "Feature", "properties": { }, "geometry": { "type": "Polygon", "coordinates": [ [ [ 18.369626061319689, -33.979484085953025 ], [ 18.369764885613087, -33.974979375238554 ], [ 18.364357895766563, -33.974863611449486 ], [ 18.3642187868961, -33.979368302636452 ], [ 18.369626061319689, -33.979484085953025 ] ] ] } },
{ "type": "Feature", "properties": { }, "geometry": { "type": "Polygon", "coordinates": [ [ [ 18.369764885613087, -33.974979375238554 ], [ 18.369903679070699, -33.970474660721159 ], [ 18.364496973738152, -33.970358916457563 ], [ 18.364357895766563, -33.974863611449486 ], [ 18.369764885613087, -33.974979375238554 ] ] ] } },
{ "type": "Feature", "properties": { }, "geometry": { "type": "Polygon", "coordinates": [ [ [ 18.369903679070699, -33.970474660721159 ], [ 18.370042441699088, -33.965969942401188 ], [ 18.36463602081745, -33.965854217661047 ], [ 18.364496973738152, -33.970358916457563 ], [ 18.369903679070699, -33.970474660721159 ] ] ] } },
{ "type": "Feature", "properties": { }, "geometry": { "type": "Polygon", "coordinates": [ [ [ 18.370042441699088, -33.965969942401188 ], [ 18.370181173504818, -33.961465220278953 ], [ 18.364775037011036, -33.961349515060263 ], [ 18.36463602081745, -33.965854217661047 ], [ 18.370042441699088, -33.965969942401188 ] ] ] } },
{ "type": "Feature", "properties": { }, "geometry": { "type": "Polygon", "coordinates": [ [ [ 18.370181173504818, -33.961465220278953 ], [ 18.370319874494459, -33.956960494354838 ], [ 18.364914022325483, -33.956844808655561 ], [ 18.364775037011036, -33.961349515060263 ], [ 18.370181173504818, -33.961465220278953 ] ] ] } },
{ "type": "Feature", "properties": { }, "geometry": { "type": "Polygon", "coordinates": [ [ [ 18.370319874494459, -33.956960494354838 ], [ 18.370458544674559, -33.952455764629157 ], [ 18.365052976767366, -33.95234009844728 ], [ 18.364914022325483, -33.956844808655561 ], [ 18.370319874494459, -33.956960494354838 ] ] ] } },
{ "type": "Feature", "properties": { }, "geometry": { "type": "Polygon", "coordinates": [ [ [ 18.370458544674559, -33.952455764629157 ], [ 18.370597184051682, -33.947951031102257 ], [ 18.365191900343252, -33.947835384435784 ], [ 18.365052976767366, -33.95234009844728 ], [ 18.370458544674559, -33.952455764629157 ] ] ] } },
{ "type": "Feature", "properties": { }, "geometry": { "type": "Polygon", "coordinates": [ [ [ 18.370597184051682, -33.947951031102257 ], [ 18.370735792632381, -33.943446293774485 ], [ 18.365330793059712, -33.943330666621378 ], [ 18.365191900343252, -33.947835384435784 ], [ 18.370597184051682, -33.947951031102257 ] ] ] } },
{ "type": "Feature", "properties": { }, "geometry": { "type": "Polygon", "coordinates": [ [ [ 18.370735792632381, -33.943446293774485 ], [ 18.370874370423213, -33.938941552646185 ], [ 18.365469654923317, -33.938825945004453 ], [ 18.365330793059712, -33.943330666621378 ], [ 18.370735792632381, -33.943446293774485 ] ] ] } },
{ "type": "Feature", "properties": { }, "geometry": { "type": "Polygon", "coordinates": [ [ [ 18.370874370423213, -33.938941552646185 ], [ 18.371012917430726, -33.934436807717724 ], [ 18.365608485940619, -33.934321219585321 ], [ 18.365469654923317, -33.938825945004453 ], [ 18.370874370423213, -33.938941552646185 ] ] ] } },
{ "type": "Feature", "properties": { }, "geometry": { "type": "Polygon", "coordinates": [ [ [ 18.371012917430726, -33.934436807717724 ], [ 18.37115143366146, -33.929932058989415 ], [ 18.365747286118189, -33.929816490364345 ], [ 18.365608485940619, -33.934321219585321 ], [ 18.371012917430726, -33.934436807717724 ] ] ] } },
{ "type": "Feature", "properties": { }, "geometry": { "type": "Polygon", "coordinates": [ [ [ 18.37115143366146, -33.929932058989415 ], [ 18.371289919121974, -33.925427306461607 ], [ 18.365886055462585, -33.925311757341859 ], [ 18.365747286118189, -33.929816490364345 ], [ 18.37115143366146, -33.929932058989415 ] ] ] } },
{ "type": "Feature", "properties": { }, "geometry": { "type": "Polygon", "coordinates": [ [ [ 18.371289919121974, -33.925427306461607 ], [ 18.371428373818809, -33.920922550134641 ], [ 18.366024793980365, -33.920807020518218 ], [ 18.365886055462585, -33.925311757341859 ], [ 18.371289919121974, -33.925427306461607 ] ] ] } },
{ "type": "Feature", "properties": { }, "geometry": { "type": "Polygon", "coordinates": [ [ [ 18.371428373818809, -33.920922550134641 ], [ 18.371566797758501, -33.916417790008893 ], [ 18.366163501678081, -33.916302279893749 ], [ 18.366024793980365, -33.920807020518218 ], [ 18.371428373818809, -33.920922550134641 ] ] ] } },
{ "type": "Feature", "properties": { }, "geometry": { "type": "Polygon", "coordinates": [ [ [ 18.371566797758501, -33.916417790008893 ], [ 18.371705190947598, -33.911913026084676 ], [ 18.366302178562286, -33.911797535468821 ], [ 18.366163501678081, -33.916302279893749 ], [ 18.371566797758501, -33.916417790008893 ] ] ] } },
{ "type": "Feature", "properties": { }, "geometry": { "type": "Polygon", "coordinates": [ [ [ 18.371705190947598, -33.911913026084676 ], [ 18.37184355339263, -33.907408258362345 ], [ 18.366440824639536, -33.90729278724374 ], [ 18.366302178562286, -33.911797535468821 ], [ 18.371705190947598, -33.911913026084676 ] ] ] } },
{ "type": "Feature", "properties": { }, "geometry": { "type": "Polygon", "coordinates": [ [ [ 18.37184355339263, -33.907408258362345 ], [ 18.371981885100134, -33.902903486842256 ], [ 18.366579439916372, -33.902788035218911 ], [ 18.366440824639536, -33.90729278724374 ], [ 18.37184355339263, -33.907408258362345 ] ] ] } },
{ "type": "Feature", "properties": { }, "geometry": { "type": "Polygon", "coordinates": [ [ [ 18.371981885100134, -33.902903486842256 ], [ 18.372120186076643, -33.898398711524713 ], [ 18.366718024399347, -33.898283279394626 ], [ 18.366579439916372, -33.902788035218911 ], [ 18.371981885100134, -33.902903486842256 ] ] ] } },
{ "type": "Feature", "properties": { }, "geometry": { "type": "Polygon", "coordinates": [ [ [ 18.372120186076643, -33.898398711524713 ], [ 18.372258456328691, -33.893893932410087 ], [ 18.366856578095, -33.893778519771253 ], [ 18.366718024399347, -33.898283279394626 ], [ 18.372120186076643, -33.898398711524713 ] ] ] } },
{ "type": "Feature", "properties": { }, "geometry": { "type": "Polygon", "coordinates": [ [ [ 18.372258456328691, -33.893893932410087 ], [ 18.3723966958628, -33.88938914949874 ], [ 18.36699510100987, -33.889273756349127 ], [ 18.366856578095, -33.893778519771253 ], [ 18.372258456328691, -33.893893932410087 ] ] ] } },
{ "type": "Feature", "properties": { }, "geometry": { "type": "Polygon", "coordinates": [ [ [ 18.3723966958628, -33.88938914949874 ], [ 18.372534904685502, -33.884884362791006 ], [ 18.367133593150509, -33.884768989128609 ], [ 18.36699510100987, -33.889273756349127 ], [ 18.3723966958628, -33.88938914949874 ] ] ] } },
{ "type": "Feature", "properties": { }, "geometry": { "type": "Polygon", "coordinates": [ [ [ 18.372534904685502, -33.884884362791006 ], [ 18.372673082803317, -33.88037957228719 ], [ 18.367272054523443, -33.880264218110021 ], [ 18.367133593150509, -33.884768989128609 ], [ 18.372534904685502, -33.884884362791006 ] ] ] } },
{ "type": "Feature", "properties": { }, "geometry": { "type": "Polygon", "coordinates": [ [ [ 18.372673082803317, -33.88037957228719 ], [ 18.372811230222769, -33.875874777987704 ], [ 18.367410485135206, -33.875759443293738 ], [ 18.367272054523443, -33.880264218110021 ], [ 18.372673082803317, -33.88037957228719 ] ] ] } },
{ "type": "Feature", "properties": { }, "geometry": { "type": "Polygon", "coordinates": [ [ [ 18.372811230222769, -33.875874777987704 ], [ 18.372949346950378, -33.871369979892847 ], [ 18.367548884992338, -33.87125466468008 ], [ 18.367410485135206, -33.875759443293738 ], [ 18.372811230222769, -33.875874777987704 ] ] ] } },
{ "type": "Feature", "properties": { }, "geometry": { "type": "Polygon", "coordinates": [ [ [ 18.372949346950378, -33.871369979892847 ], [ 18.373087432992662, -33.866865178002968 ], [ 18.367687254101366, -33.866749882269396 ], [ 18.367548884992338, -33.87125466468008 ], [ 18.372949346950378, -33.871369979892847 ] ] ] } },
{ "type": "Feature", "properties": { }, "geometry": { "type": "Polygon", "coordinates": [ [ [ 18.373087432992662, -33.866865178002968 ], [ 18.37322548835613, -33.862360372318427 ], [ 18.367825592468822, -33.862245096062033 ], [ 18.367687254101366, -33.866749882269396 ], [ 18.373087432992662, -33.866865178002968 ] ] ] } },
{ "type": "Feature", "properties": { }, "geometry": { "type": "Polygon", "coordinates": [ [ [ 18.37322548835613, -33.862360372318427 ], [ 18.373363513047305, -33.857855562839553 ], [ 18.367963900101227, -33.857740306058346 ], [ 18.367825592468822, -33.862245096062033 ], [ 18.37322548835613, -33.862360372318427 ] ] ] } },
{ "type": "Feature", "properties": { }, "geometry": { "type": "Polygon", "coordinates": [ [ [ 18.373363513047305, -33.857855562839553 ], [ 18.373501507072689, -33.853350749566715 ], [ 18.368102177005106, -33.853235512258678 ], [ 18.367963900101227, -33.857740306058346 ], [ 18.373363513047305, -33.857855562839553 ] ] ] } },
{ "type": "Feature", "properties": { }, "geometry": { "type": "Polygon", "coordinates": [ [ [ 18.373229547057075, -34.038160778592371 ], [ 18.373368487409312, -34.033656097833521 ], [ 18.367957762214257, -34.03354031777269 ], [ 18.367818536457058, -34.038044979017762 ], [ 18.373229547057075, -34.038160778592371 ] ] ] } },
{ "type": "Feature", "properties": { }, "geometry": { "type": "Polygon", "coordinates": [ [ [ 18.373368487409312, -34.033656097833521 ], [ 18.373507396903449, -34.029151413269304 ], [ 18.368096957050096, -34.029035652720225 ], [ 18.367957762214257, -34.03354031777269 ], [ 18.373368487409312, -34.033656097833521 ] ] ] } },
{ "type": "Feature", "properties": { }, "geometry": { "type": "Polygon", "coordinates": [ [ [ 18.373507396903449, -34.029151413269304 ], [ 18.373646275546079, -34.024646724900052 ], [ 18.368236120971179, -34.024530983860707 ], [ 18.368096957050096, -34.029035652720225 ], [ 18.373507396903449, -34.029151413269304 ] ] ] } },
{ "type": "Feature", "properties": { }, "geometry": { "type": "Polygon", "coordinates": [ [ [ 18.373646275546079, -34.024646724900052 ], [ 18.373785123343776, -34.020142032726099 ], [ 18.368375253984095, -34.020026311194471 ], [ 18.368236120971179, -34.024530983860707 ], [ 18.373646275546079, -34.024646724900052 ] ] ] } },
{ "type": "Feature", "properties": { }, "geometry": { "type": "Polygon", "coordinates": [ [ [ 18.373785123343776, -34.020142032726099 ], [ 18.373923940303115, -34.015637336747808 ], [ 18.368514356095439, -34.015521634721864 ], [ 18.368375253984095, -34.020026311194471 ], [ 18.373785123343776, -34.020142032726099 ] ] ] } },
{ "type": "Feature", "properties": { }, "geometry": { "type": "Polygon", "coordinates": [ [ [ 18.373923940303115, -34.015637336747808 ], [ 18.374062726430676, -34.011132636965506 ], [ 18.368653427311795, -34.011016954443249 ], [ 18.368514356095439, -34.015521634721864 ], [ 18.373923940303115, -34.015637336747808 ] ] ] } },
{ "type": "Feature", "properties": { }, "geometry": { "type": "Polygon", "coordinates": [ [ [ 18.374062726430676, -34.011132636965506 ], [ 18.374201481733028, -34.006627933379548 ], [ 18.368792467639754, -34.006512270358947 ], [ 18.368653427311795, -34.011016954443249 ], [ 18.374062726430676, -34.011132636965506 ] ] ] } },
{ "type": "Feature", "properties": { }, "geometry": { "type": "Polygon", "coordinates": [ [ [ 18.374201481733028, -34.006627933379548 ], [ 18.374340206216747, -34.002123225990267 ], [ 18.368931477085898, -34.00200758246929 ], [ 18.368792467639754, -34.006512270358947 ], [ 18.374201481733028, -34.006627933379548 ] ] ] } },
{ "type": "Feature", "properties": { }, "geometry": { "type": "Polygon", "coordinates": [ [ [ 18.374340206216747, -34.002123225990267 ], [ 18.374478899888398, -33.997618514798013 ], [ 18.369070455656811, -33.997502890774655 ], [ 18.368931477085898, -34.00200758246929 ], [ 18.374340206216747, -34.002123225990267 ] ] ] } },
{ "type": "Feature", "properties": { }, "geometry": { "type": "Polygon", "coordinates": [ [ [ 18.374478899888398, -33.997618514798013 ], [ 18.374617562754551, -33.993113799803126 ], [ 18.369209403359068, -33.992998195275362 ], [ 18.369070455656811, -33.997502890774655 ], [ 18.374478899888398, -33.997618514798013 ] ] ] } },
{ "type": "Feature", "properties": { }, "geometry": { "type": "Polygon", "coordinates": [ [ [ 18.374617562754551, -33.993113799803126 ], [ 18.374756194821764, -33.98860908100594 ], [ 18.369348320199247, -33.988493495971767 ], [ 18.369209403359068, -33.992998195275362 ], [ 18.374617562754551, -33.993113799803126 ] ] ] } },
{ "type": "Feature", "properties": { }, "geometry": { "type": "Polygon", "coordinates": [ [ [ 18.374756194821764, -33.98860908100594 ], [ 18.374894796096605, -33.984104358406817 ], [ 18.369487206183933, -33.983988792864196 ], [ 18.369348320199247, -33.988493495971767 ], [ 18.374756194821764, -33.98860908100594 ] ] ] } },
{ "type": "Feature", "properties": { }, "geometry": { "type": "Polygon", "coordinates": [ [ [ 18.374894796096605, -33.984104358406817 ], [ 18.37503336658563, -33.979599632006092 ], [ 18.369626061319689, -33.979484085953025 ], [ 18.369487206183933, -33.983988792864196 ], [ 18.374894796096605, -33.984104358406817 ] ] ] } },
{ "type": "Feature", "properties": { }, "geometry": { "type": "Polygon", "coordinates": [ [ [ 18.37503336658563, -33.979599632006092 ], [ 18.3751719062954, -33.975094901804091 ], [ 18.369764885613087, -33.974979375238554 ], [ 18.369626061319689, -33.979484085953025 ], [ 18.37503336658563, -33.979599632006092 ] ] ] } },
{ "type": "Feature", "properties": { }, "geometry": { "type": "Polygon", "coordinates": [ [ [ 18.3751719062954, -33.975094901804091 ], [ 18.375310415232462, -33.970590167801184 ], [ 18.369903679070699, -33.970474660721159 ], [ 18.369764885613087, -33.974979375238554 ], [ 18.3751719062954, -33.975094901804091 ] ] ] } },
{ "type": "Feature", "properties": { }, "geometry": { "type": "Polygon", "coordinates": [ [ [ 18.375310415232462, -33.970590167801184 ], [ 18.37544889340338, -33.966085429997698 ], [ 18.370042441699088, -33.965969942401188 ], [ 18.369903679070699, -33.970474660721159 ], [ 18.375310415232462, -33.970590167801184 ] ] ] } },
{ "type": "Feature", "properties": { }, "geometry": { "type": "Polygon", "coordinates": [ [ [ 18.37544889340338, -33.966085429997698 ], [ 18.375587340814697, -33.961580688393987 ], [ 18.370181173504818, -33.961465220278953 ], [ 18.370042441699088, -33.965969942401188 ], [ 18.37544889340338, -33.966085429997698 ] ] ] } },
{ "type": "Feature", "properties": { }, "geometry": { "type": "Polygon", "coordinates": [ [ [ 18.375587340814697, -33.961580688393987 ], [ 18.375725757472967, -33.957075942990379 ], [ 18.370319874494459, -33.956960494354838 ], [ 18.370181173504818, -33.961465220278953 ], [ 18.375587340814697, -33.961580688393987 ] ] ] } },
{ "type": "Feature", "properties": { }, "geometry": { "type": "Polygon", "coordinates": [ [ [ 18.375725757472967, -33.957075942990379 ], [ 18.375864143384732, -33.952571193787222 ], [ 18.370458544674559, -33.952455764629157 ], [ 18.370319874494459, -33.956960494354838 ], [ 18.375725757472967, -33.957075942990379 ] ] ] } },
{ "type": "Feature", "properties": { }, "geometry": { "type": "Polygon", "coordinates": [ [ [ 18.375864143384732, -33.952571193787222 ], [ 18.376002498556534, -33.948066440784885 ], [ 18.370597184051682, -33.947951031102257 ], [ 18.370458544674559, -33.952455764629157 ], [ 18.375864143384732, -33.952571193787222 ] ] ] } },
{ "type": "Feature", "properties": { }, "geometry": { "type": "Polygon", "coordinates": [ [ [ 18.376002498556534, -33.948066440784885 ], [ 18.376140822994923, -33.943561683983667 ], [ 18.370735792632381, -33.943446293774485 ], [ 18.370597184051682, -33.947951031102257 ], [ 18.376002498556534, -33.948066440784885 ] ] ] } },
{ "type": "Feature", "properties": { }, "geometry": { "type": "Polygon", "coordinates": [ [ [ 18.376140822994923, -33.943561683983667 ], [ 18.376279116706428, -33.939056923383959 ], [ 18.370874370423213, -33.938941552646185 ], [ 18.370735792632381, -33.943446293774485 ], [ 18.376140822994923, -33.943561683983667 ] ] ] } },
{ "type": "Feature", "properties": { }, "geometry": { "type": "Polygon", "coordinates": [ [ [ 18.376279116706428, -33.939056923383959 ], [ 18.376417379697596, -33.934552158986058 ], [ 18.371012917430726, -33.934436807717724 ], [ 18.370874370423213, -33.938941552646185 ], [ 18.376279116706428, -33.939056923383959 ] ] ] } },
{ "type": "Feature", "properties": { }, "geometry": { "type": "Polygon", "coordinates": [ [ [ 18.376417379697596, -33.934552158986058 ], [ 18.376555611974958, -33.930047390790342 ], [ 18.37115143366146, -33.929932058989415 ], [ 18.371012917430726, -33.934436807717724 ], [ 18.376417379697596, -33.934552158986058 ] ] ] } },
{ "type": "Feature", "properties": { }, "geometry": { "type": "Polygon", "coordinates": [ [ [ 18.376555611974958, -33.930047390790342 ], [ 18.376693813545042, -33.925542618797145 ], [ 18.371289919121974, -33.925427306461607 ], [ 18.37115143366146, -33.929932058989415 ], [ 18.376555611974958, -33.930047390790342 ] ] ] } },
{ "type": "Feature", "properties": { }, "geometry": { "type": "Polygon", "coordinates": [ [ [ 18.376693813545042, -33.925542618797145 ], [ 18.376831984414387, -33.921037843006793 ], [ 18.371428373818809, -33.920922550134641 ], [ 18.371289919121974, -33.925427306461607 ], [ 18.376693813545042, -33.925542618797145 ] ] ] } },
{ "type": "Feature", "properties": { }, "geometry": { "type": "Polygon", "coordinates": [ [ [ 18.376831984414387, -33.921037843006793 ], [ 18.376970124589523, -33.916533063419656 ], [ 18.371566797758501, -33.916417790008893 ], [ 18.371428373818809, -33.920922550134641 ], [ 18.376831984414387, -33.921037843006793 ] ] ] } },
{ "type": "Feature", "properties": { }, "geometry": { "type": "Polygon", "coordinates": [ [ [ 18.376970124589523, -33.916533063419656 ], [ 18.377108234076964, -33.912028280036068 ], [ 18.371705190947598, -33.911913026084676 ], [ 18.371566797758501, -33.916417790008893 ], [ 18.376970124589523, -33.916533063419656 ] ] ] } },
{ "type": "Feature", "properties": { }, "geometry": { "type": "Polygon", "coordinates": [ [ [ 18.377108234076964, -33.912028280036068 ], [ 18.377246312883248, -33.907523492856363 ], [ 18.37184355339263, -33.907408258362345 ], [ 18.371705190947598, -33.911913026084676 ], [ 18.377108234076964, -33.912028280036068 ] ] ] } },
{ "type": "Feature", "properties": { }, "geometry": { "type": "Polygon", "coordinates": [ [ [ 18.377246312883248, -33.907523492856363 ], [ 18.377384361014883, -33.90301870188091 ], [ 18.371981885100134, -33.902903486842256 ], [ 18.37184355339263, -33.907408258362345 ], [ 18.377246312883248, -33.907523492856363 ] ] ] } },
{ "type": "Feature", "properties": { }, "geometry": { "type": "Polygon", "coordinates": [ [ [ 18.377384361014883, -33.90301870188091 ], [ 18.377522378478403, -33.898513907110022 ], [ 18.372120186076643, -33.898398711524713 ], [ 18.371981885100134, -33.902903486842256 ], [ 18.377384361014883, -33.90301870188091 ] ] ] } },
{ "type": "Feature", "properties": { }, "geometry": { "type": "Polygon", "coordinates": [ [ [ 18.377522378478403, -33.898513907110022 ], [ 18.377660365280313, -33.894009108544054 ], [ 18.372258456328691, -33.893893932410087 ], [ 18.372120186076643, -33.898398711524713 ], [ 18.377522378478403, -33.898513907110022 ] ] ] } },
{ "type": "Feature", "properties": { }, "geometry": { "type": "Polygon", "coordinates": [ [ [ 18.377660365280313, -33.894009108544054 ], [ 18.377798321427132, -33.889504306183355 ], [ 18.3723966958628, -33.88938914949874 ], [ 18.372258456328691, -33.893893932410087 ], [ 18.377660365280313, -33.894009108544054 ] ] ] } },
{ "type": "Feature", "properties": { }, "geometry": { "type": "Polygon", "coordinates": [ [ [ 18.377798321427132, -33.889504306183355 ], [ 18.37793624692538, -33.884999500028265 ], [ 18.372534904685502, -33.884884362791006 ], [ 18.3723966958628, -33.88938914949874 ], [ 18.377798321427132, -33.889504306183355 ] ] ] } },
{ "type": "Feature", "properties": { }, "geometry": { "type": "Polygon", "coordinates": [ [ [ 18.37793624692538, -33.884999500028265 ], [ 18.378074141781557, -33.880494690079125 ], [ 18.372673082803317, -33.88037957228719 ], [ 18.372534904685502, -33.884884362791006 ], [ 18.37793624692538, -33.884999500028265 ] ] ] } },
{ "type": "Feature", "properties": { }, "geometry": { "type": "Polygon", "coordinates": [ [ [ 18.378074141781557, -33.880494690079125 ], [ 18.378212006002176, -33.875989876336298 ], [ 18.372811230222769, -33.875874777987704 ], [ 18.372673082803317, -33.88037957228719 ], [ 18.378074141781557, -33.880494690079125 ] ] ] } },
{ "type": "Feature", "properties": { }, "geometry": { "type": "Polygon", "coordinates": [ [ [ 18.378212006002176, -33.875989876336298 ], [ 18.378349839593746, -33.871485058800111 ], [ 18.372949346950378, -33.871369979892847 ], [ 18.372811230222769, -33.875874777987704 ], [ 18.378212006002176, -33.875989876336298 ] ] ] } },
{ "type": "Feature", "properties": { }, "geometry": { "type": "Polygon", "coordinates": [ [ [ 18.378349839593746, -33.871485058800111 ], [ 18.378487642562767, -33.866980237470905 ], [ 18.373087432992662, -33.866865178002968 ], [ 18.372949346950378, -33.871369979892847 ], [ 18.378349839593746, -33.871485058800111 ] ] ] } },
{ "type": "Feature", "properties": { }, "geometry": { "type": "Polygon", "coordinates": [ [ [ 18.378487642562767, -33.866980237470905 ], [ 18.378625414915742, -33.862475412349035 ], [ 18.37322548835613, -33.862360372318427 ], [ 18.373087432992662, -33.866865178002968 ], [ 18.378487642562767, -33.866980237470905 ] ] ] } },
{ "type": "Feature", "properties": { }, "geometry": { "type": "Polygon", "coordinates": [ [ [ 18.378625414915742, -33.862475412349035 ], [ 18.378763156659172, -33.857970583434835 ], [ 18.373363513047305, -33.857855562839553 ], [ 18.37322548835613, -33.862360372318427 ], [ 18.378625414915742, -33.862475412349035 ] ] ] } },
{ "type": "Feature", "properties": { }, "geometry": { "type": "Polygon", "coordinates": [ [ [ 18.378763156659172, -33.857970583434835 ], [ 18.378900867799551, -33.853465750728667 ], [ 18.373501507072689, -33.853350749566715 ], [ 18.373363513047305, -33.857855562839553 ], [ 18.378763156659172, -33.857970583434835 ] ] ] } },
{ "type": "Feature", "properties": { }, "geometry": { "type": "Polygon", "coordinates": [ [ [ 18.378640588521773, -34.038276340379063 ], [ 18.378779243462461, -34.033771640146469 ], [ 18.373368487409312, -34.033656097833521 ], [ 18.373229547057075, -34.038160778592371 ], [ 18.378640588521773, -34.038276340379063 ] ] ] } },
{ "type": "Feature", "properties": { }, "geometry": { "type": "Polygon", "coordinates": [ [ [ 18.378779243462461, -34.033771640146469 ], [ 18.378917867608315, -34.029266936110503 ], [ 18.373507396903449, -34.029151413269304 ], [ 18.373368487409312, -34.033656097833521 ], [ 18.378779243462461, -34.033771640146469 ] ] ] } },
{ "type": "Feature", "properties": { }, "geometry": { "type": "Polygon", "coordinates": [ [ [ 18.378917867608315, -34.029266936110503 ], [ 18.379056460965909, -34.024762228271527 ], [ 18.373646275546079, -34.024646724900052 ], [ 18.373507396903449, -34.029151413269304 ], [ 18.378917867608315, -34.029266936110503 ] ] ] } },
{ "type": "Feature", "properties": { }, "geometry": { "type": "Polygon", "coordinates": [ [ [ 18.379056460965909, -34.024762228271527 ], [ 18.379195023541808, -34.020257516629862 ], [ 18.373785123343776, -34.020142032726099 ], [ 18.373646275546079, -34.024646724900052 ], [ 18.379056460965909, -34.024762228271527 ] ] ] } },
{ "type": "Feature", "properties": { }, "geometry": { "type": "Polygon", "coordinates": [ [ [ 18.379195023541808, -34.020257516629862 ], [ 18.379333555342566, -34.015752801185883 ], [ 18.373923940303115, -34.015637336747808 ], [ 18.373785123343776, -34.020142032726099 ], [ 18.379195023541808, -34.020257516629862 ] ] ] } },
{ "type": "Feature", "properties": { }, "geometry": { "type": "Polygon", "coordinates": [ [ [ 18.379333555342566, -34.015752801185883 ], [ 18.379472056374759, -34.011248081939918 ], [ 18.374062726430676, -34.011132636965506 ], [ 18.373923940303115, -34.015637336747808 ], [ 18.379333555342566, -34.015752801185883 ] ] ] } },
{ "type": "Feature", "properties": { }, "geometry": { "type": "Polygon", "coordinates": [ [ [ 18.379472056374759, -34.011248081939918 ], [ 18.379610526644939, -34.006743358892294 ], [ 18.374201481733028, -34.006627933379548 ], [ 18.374062726430676, -34.011132636965506 ], [ 18.379472056374759, -34.011248081939918 ] ] ] } },
{ "type": "Feature", "properties": { }, "geometry": { "type": "Polygon", "coordinates": [ [ [ 18.379610526644939, -34.006743358892294 ], [ 18.379748966159664, -34.002238632043365 ], [ 18.374340206216747, -34.002123225990267 ], [ 18.374201481733028, -34.006627933379548 ], [ 18.379610526644939, -34.006743358892294 ] ] ] } },
{ "type": "Feature", "properties": { }, "geometry": { "type": "Polygon", "coordinates": [ [ [ 18.379748966159664, -34.002238632043365 ], [ 18.379887374925492, -33.997733901393488 ], [ 18.374478899888398, -33.997618514798013 ], [ 18.374340206216747, -34.002123225990267 ], [ 18.379748966159664, -34.002238632043365 ] ] ] } },
{ "type": "Feature", "properties": { }, "geometry": { "type": "Polygon", "coordinates": [ [ [ 18.379887374925492, -33.997733901393488 ], [ 18.380025752948971, -33.993229166942974 ], [ 18.374617562754551, -33.993113799803126 ], [ 18.374478899888398, -33.997618514798013 ], [ 18.379887374925492, -33.997733901393488 ] ] ] } },
{ "type": "Feature", "properties": { }, "geometry": { "type": "Polygon", "coordinates": [ [ [ 18.380025752948971, -33.993229166942974 ], [ 18.380164100236655, -33.988724428692194 ], [ 18.374756194821764, -33.98860908100594 ], [ 18.374617562754551, -33.993113799803126 ], [ 18.380025752948971, -33.993229166942974 ] ] ] } },
{ "type": "Feature", "properties": { }, "geometry": { "type": "Polygon", "coordinates": [ [ [ 18.380164100236655, -33.988724428692194 ], [ 18.380302416795093, -33.984219686641481 ], [ 18.374894796096605, -33.984104358406817 ], [ 18.374756194821764, -33.98860908100594 ], [ 18.380164100236655, -33.988724428692194 ] ] ] } },
{ "type": "Feature", "properties": { }, "geometry": { "type": "Polygon", "coordinates": [ [ [ 18.380302416795093, -33.984219686641481 ], [ 18.380440702630832, -33.979714940791169 ], [ 18.37503336658563, -33.979599632006092 ], [ 18.374894796096605, -33.984104358406817 ], [ 18.380302416795093, -33.984219686641481 ] ] ] } },
{ "type": "Feature", "properties": { }, "geometry": { "type": "Polygon", "coordinates": [ [ [ 18.380440702630832, -33.979714940791169 ], [ 18.380578957750412, -33.975210191141606 ], [ 18.3751719062954, -33.975094901804091 ], [ 18.37503336658563, -33.979599632006092 ], [ 18.380440702630832, -33.979714940791169 ] ] ] } },
{ "type": "Feature", "properties": { }, "geometry": { "type": "Polygon", "coordinates": [ [ [ 18.380578957750412, -33.975210191141606 ], [ 18.380717182160378, -33.970705437693141 ], [ 18.375310415232462, -33.970590167801184 ], [ 18.3751719062954, -33.975094901804091 ], [ 18.380578957750412, -33.975210191141606 ] ] ] } },
{ "type": "Feature", "properties": { }, "geometry": { "type": "Polygon", "coordinates": [ [ [ 18.380717182160378, -33.970705437693141 ], [ 18.38085537586727, -33.966200680446107 ], [ 18.37544889340338, -33.966085429997698 ], [ 18.375310415232462, -33.970590167801184 ], [ 18.380717182160378, -33.970705437693141 ] ] ] } },
{ "type": "Feature", "properties": { }, "geometry": { "type": "Polygon", "coordinates": [ [ [ 18.38085537586727, -33.966200680446107 ], [ 18.380993538877622, -33.96169591940086 ], [ 18.375587340814697, -33.961580688393987 ], [ 18.37544889340338, -33.966085429997698 ], [ 18.38085537586727, -33.966200680446107 ] ] ] } },
{ "type": "Feature", "properties": { }, "geometry": { "type": "Polygon", "coordinates": [ [ [ 18.380993538877622, -33.96169591940086 ], [ 18.381131671197977, -33.957191154557727 ], [ 18.375725757472967, -33.957075942990379 ], [ 18.375587340814697, -33.961580688393987 ], [ 18.380993538877622, -33.96169591940086 ] ] ] } },
{ "type": "Feature", "properties": { }, "geometry": { "type": "Polygon", "coordinates": [ [ [ 18.381131671197977, -33.957191154557727 ], [ 18.381269772834859, -33.952686385917055 ], [ 18.375864143384732, -33.952571193787222 ], [ 18.375725757472967, -33.957075942990379 ], [ 18.381131671197977, -33.957191154557727 ] ] ] } },
{ "type": "Feature", "properties": { }, "geometry": { "type": "Polygon", "coordinates": [ [ [ 18.381269772834859, -33.952686385917055 ], [ 18.381407843794801, -33.948181613479193 ], [ 18.376002498556534, -33.948066440784885 ], [ 18.375864143384732, -33.952571193787222 ], [ 18.381269772834859, -33.952686385917055 ] ] ] } },
{ "type": "Feature", "properties": { }, "geometry": { "type": "Polygon", "coordinates": [ [ [ 18.381407843794801, -33.948181613479193 ], [ 18.381545884084336, -33.943676837244475 ], [ 18.376140822994923, -33.943561683983667 ], [ 18.376002498556534, -33.948066440784885 ], [ 18.381407843794801, -33.948181613479193 ] ] ] } },
{ "type": "Feature", "properties": { }, "geometry": { "type": "Polygon", "coordinates": [ [ [ 18.381545884084336, -33.943676837244475 ], [ 18.381683893709983, -33.939172057213256 ], [ 18.376279116706428, -33.939056923383959 ], [ 18.376140822994923, -33.943561683983667 ], [ 18.381545884084336, -33.943676837244475 ] ] ] } },
{ "type": "Feature", "properties": { }, "geometry": { "type": "Polygon", "coordinates": [ [ [ 18.381683893709983, -33.939172057213256 ], [ 18.381821872678273, -33.934667273385884 ], [ 18.376417379697596, -33.934552158986058 ], [ 18.376279116706428, -33.939056923383959 ], [ 18.381683893709983, -33.939172057213256 ] ] ] } },
{ "type": "Feature", "properties": { }, "geometry": { "type": "Polygon", "coordinates": [ [ [ 18.381821872678273, -33.934667273385884 ], [ 18.381959820995725, -33.930162485762672 ], [ 18.376555611974958, -33.930047390790342 ], [ 18.376417379697596, -33.934552158986058 ], [ 18.381821872678273, -33.934667273385884 ] ] ] } },
{ "type": "Feature", "properties": { }, "geometry": { "type": "Polygon", "coordinates": [ [ [ 18.381959820995725, -33.930162485762672 ], [ 18.382097738668854, -33.92565769434399 ], [ 18.376693813545042, -33.925542618797145 ], [ 18.376555611974958, -33.930047390790342 ], [ 18.381959820995725, -33.930162485762672 ] ] ] } },
{ "type": "Feature", "properties": { }, "geometry": { "type": "Polygon", "coordinates": [ [ [ 18.382097738668854, -33.92565769434399 ], [ 18.382235625704183, -33.921152899130171 ], [ 18.376831984414387, -33.921037843006793 ], [ 18.376693813545042, -33.925542618797145 ], [ 18.382097738668854, -33.92565769434399 ] ] ] } },
{ "type": "Feature", "properties": { }, "geometry": { "type": "Polygon", "coordinates": [ [ [ 18.382235625704183, -33.921152899130171 ], [ 18.382373482108228, -33.916648100121563 ], [ 18.376970124589523, -33.916533063419656 ], [ 18.376831984414387, -33.921037843006793 ], [ 18.382235625704183, -33.921152899130171 ] ] ] } },
{ "type": "Feature", "properties": { }, "geometry": { "type": "Polygon", "coordinates": [ [ [ 18.382373482108228, -33.916648100121563 ], [ 18.382511307887498, -33.912143297318494 ], [ 18.377108234076964, -33.912028280036068 ], [ 18.376970124589523, -33.916533063419656 ], [ 18.382373482108228, -33.916648100121563 ] ] ] } },
{ "type": "Feature", "properties": { }, "geometry": { "type": "Polygon", "coordinates": [ [ [ 18.382511307887498, -33.912143297318494 ], [ 18.382649103048507, -33.907638490721325 ], [ 18.377246312883248, -33.907523492856363 ], [ 18.377108234076964, -33.912028280036068 ], [ 18.382511307887498, -33.912143297318494 ] ] ] } },
{ "type": "Feature", "properties": { }, "geometry": { "type": "Polygon", "coordinates": [ [ [ 18.382649103048507, -33.907638490721325 ], [ 18.382786867597758, -33.903133680330413 ], [ 18.377384361014883, -33.90301870188091 ], [ 18.377246312883248, -33.907523492856363 ], [ 18.382649103048507, -33.907638490721325 ] ] ] } },
{ "type": "Feature", "properties": { }, "geometry": { "type": "Polygon", "coordinates": [ [ [ 18.382786867597758, -33.903133680330413 ], [ 18.382924601541767, -33.898628866146062 ], [ 18.377522378478403, -33.898513907110022 ], [ 18.377384361014883, -33.90301870188091 ], [ 18.382786867597758, -33.903133680330413 ] ] ] } },
{ "type": "Feature", "properties": { }, "geometry": { "type": "Polygon", "coordinates": [ [ [ 18.382924601541767, -33.898628866146062 ], [ 18.383062304887027, -33.894124048168635 ], [ 18.377660365280313, -33.894009108544054 ], [ 18.377522378478403, -33.898513907110022 ], [ 18.382924601541767, -33.898628866146062 ] ] ] } },
{ "type": "Feature", "properties": { }, "geometry": { "type": "Polygon", "coordinates": [ [ [ 18.383062304887027, -33.894124048168635 ], [ 18.383199977640043, -33.88961922639848 ], [ 18.377798321427132, -33.889504306183355 ], [ 18.377660365280313, -33.894009108544054 ], [ 18.383062304887027, -33.894124048168635 ] ] ] } },
{ "type": "Feature", "properties": { }, "geometry": { "type": "Polygon", "coordinates": [ [ [ 18.383199977640043, -33.88961922639848 ], [ 18.383337619807321, -33.885114400835938 ], [ 18.37793624692538, -33.884999500028265 ], [ 18.377798321427132, -33.889504306183355 ], [ 18.383199977640043, -33.88961922639848 ] ] ] } },
{ "type": "Feature", "properties": { }, "geometry": { "type": "Polygon", "coordinates": [ [ [ 18.383337619807321, -33.885114400835938 ], [ 18.383475231395355, -33.880609571481351 ], [ 18.378074141781557, -33.880494690079125 ], [ 18.37793624692538, -33.884999500028265 ], [ 18.383337619807321, -33.885114400835938 ] ] ] } },
{ "type": "Feature", "properties": { }, "geometry": { "type": "Polygon", "coordinates": [ [ [ 18.383475231395355, -33.880609571481351 ], [ 18.383612812410632, -33.876104738335059 ], [ 18.378212006002176, -33.875989876336298 ], [ 18.378074141781557, -33.880494690079125 ], [ 18.383475231395355, -33.880609571481351 ] ] ] } },
{ "type": "Feature", "properties": { }, "geometry": { "type": "Polygon", "coordinates": [ [ [ 18.383612812410632, -33.876104738335059 ], [ 18.383750362859658, -33.87159990139741 ], [ 18.378349839593746, -33.871485058800111 ], [ 18.378212006002176, -33.875989876336298 ], [ 18.383612812410632, -33.876104738335059 ] ] ] } },
{ "type": "Feature", "properties": { }, "geometry": { "type": "Polygon", "coordinates": [ [ [ 18.383750362859658, -33.87159990139741 ], [ 18.383887882748915, -33.867095060668746 ], [ 18.378487642562767, -33.866980237470905 ], [ 18.378349839593746, -33.871485058800111 ], [ 18.383750362859658, -33.87159990139741 ] ] ] } },
{ "type": "Feature", "properties": { }, "geometry": { "type": "Polygon", "coordinates": [ [ [ 18.383887882748915, -33.867095060668746 ], [ 18.384025372084896, -33.862590216149393 ], [ 18.378625414915742, -33.862475412349035 ], [ 18.378487642562767, -33.866980237470905 ], [ 18.383887882748915, -33.867095060668746 ] ] ] } },
{ "type": "Feature", "properties": { }, "geometry": { "type": "Polygon", "coordinates": [ [ [ 18.384025372084896, -33.862590216149393 ], [ 18.384162830874086, -33.858085367839735 ], [ 18.378763156659172, -33.857970583434835 ], [ 18.378625414915742, -33.862475412349035 ], [ 18.384025372084896, -33.862590216149393 ] ] ] } },
{ "type": "Feature", "properties": { }, "geometry": { "type": "Polygon", "coordinates": [ [ [ 18.384162830874086, -33.858085367839735 ], [ 18.384300259122966, -33.853580515740084 ], [ 18.378900867799551, -33.853465750728667 ], [ 18.378763156659172, -33.857970583434835 ], [ 18.384162830874086, -33.858085367839735 ] ] ] } },
{ "type": "Feature", "properties": { }, "geometry": { "type": "Polygon", "coordinates": [ [ [ 18.384051660787868, -34.038391664373364 ], [ 18.384190030310442, -34.033886944707021 ], [ 18.378779243462461, -34.033771640146469 ], [ 18.378640588521773, -34.038276340379063 ], [ 18.384051660787868, -34.038391664373364 ] ] ] } },
{ "type": "Feature", "properties": { }, "geometry": { "type": "Polygon", "coordinates": [ [ [ 18.384190030310442, -34.033886944707021 ], [ 18.38432836910145, -34.029382221239331 ], [ 18.378917867608315, -34.029266936110503 ], [ 18.378779243462461, -34.033771640146469 ], [ 18.384190030310442, -34.033886944707021 ] ] ] } },
{ "type": "Feature", "properties": { }, "geometry": { "type": "Polygon", "coordinates": [ [ [ 18.38432836910145, -34.029382221239331 ], [ 18.384466677167438, -34.024877493970635 ], [ 18.379056460965909, -34.024762228271527 ], [ 18.378917867608315, -34.029266936110503 ], [ 18.38432836910145, -34.029382221239331 ] ] ] } },
{ "type": "Feature", "properties": { }, "geometry": { "type": "Polygon", "coordinates": [ [ [ 18.384466677167438, -34.024877493970635 ], [ 18.38460495451497, -34.020372762901282 ], [ 18.379195023541808, -34.020257516629862 ], [ 18.379056460965909, -34.024762228271527 ], [ 18.384466677167438, -34.024877493970635 ] ] ] } },
{ "type": "Feature", "properties": { }, "geometry": { "type": "Polygon", "coordinates": [ [ [ 18.38460495451497, -34.020372762901282 ], [ 18.384743201150595, -34.015868028031605 ], [ 18.379333555342566, -34.015752801185883 ], [ 18.379195023541808, -34.020257516629862 ], [ 18.38460495451497, -34.020372762901282 ] ] ] } },
{ "type": "Feature", "properties": { }, "geometry": { "type": "Polygon", "coordinates": [ [ [ 18.384743201150595, -34.015868028031605 ], [ 18.384881417080855, -34.011363289361967 ], [ 18.379472056374759, -34.011248081939918 ], [ 18.379333555342566, -34.015752801185883 ], [ 18.384743201150595, -34.015868028031605 ] ] ] } },
{ "type": "Feature", "properties": { }, "geometry": { "type": "Polygon", "coordinates": [ [ [ 18.384881417080855, -34.011363289361967 ], [ 18.385019602312301, -34.00685854689268 ], [ 18.379610526644939, -34.006743358892294 ], [ 18.379472056374759, -34.011248081939918 ], [ 18.384881417080855, -34.011363289361967 ] ] ] } },
{ "type": "Feature", "properties": { }, "geometry": { "type": "Polygon", "coordinates": [ [ [ 18.385019602312301, -34.00685854689268 ], [ 18.385157756851481, -34.002353800624107 ], [ 18.379748966159664, -34.002238632043365 ], [ 18.379610526644939, -34.006743358892294 ], [ 18.385019602312301, -34.00685854689268 ] ] ] } },
{ "type": "Feature", "properties": { }, "geometry": { "type": "Polygon", "coordinates": [ [ [ 18.385157756851481, -34.002353800624107 ], [ 18.385295880704927, -33.997849050556574 ], [ 18.379887374925492, -33.997733901393488 ], [ 18.379748966159664, -34.002238632043365 ], [ 18.385157756851481, -34.002353800624107 ] ] ] } },
{ "type": "Feature", "properties": { }, "geometry": { "type": "Polygon", "coordinates": [ [ [ 18.385295880704927, -33.997849050556574 ], [ 18.385433973879184, -33.993344296690438 ], [ 18.380025752948971, -33.993229166942974 ], [ 18.379887374925492, -33.997733901393488 ], [ 18.385295880704927, -33.997849050556574 ] ] ] } },
{ "type": "Feature", "properties": { }, "geometry": { "type": "Polygon", "coordinates": [ [ [ 18.385433973879184, -33.993344296690438 ], [ 18.385572036380793, -33.988839539026017 ], [ 18.380164100236655, -33.988724428692194 ], [ 18.380025752948971, -33.993229166942974 ], [ 18.385433973879184, -33.993344296690438 ] ] ] } },
{ "type": "Feature", "properties": { }, "geometry": { "type": "Polygon", "coordinates": [ [ [ 18.385572036380793, -33.988839539026017 ], [ 18.38571006821628, -33.984334777563696 ], [ 18.380302416795093, -33.984219686641481 ], [ 18.380164100236655, -33.988724428692194 ], [ 18.385572036380793, -33.988839539026017 ] ] ] } },
{ "type": "Feature", "properties": { }, "geometry": { "type": "Polygon", "coordinates": [ [ [ 18.38571006821628, -33.984334777563696 ], [ 18.385848069392186, -33.979830012303765 ], [ 18.380440702630832, -33.979714940791169 ], [ 18.380302416795093, -33.984219686641481 ], [ 18.38571006821628, -33.984334777563696 ] ] ] } },
{ "type": "Feature", "properties": { }, "geometry": { "type": "Polygon", "coordinates": [ [ [ 18.385848069392186, -33.979830012303765 ], [ 18.385986039915039, -33.975325243246601 ], [ 18.380578957750412, -33.975210191141606 ], [ 18.380440702630832, -33.979714940791169 ], [ 18.385848069392186, -33.979830012303765 ] ] ] } },
{ "type": "Feature", "properties": { }, "geometry": { "type": "Polygon", "coordinates": [ [ [ 18.385986039915039, -33.975325243246601 ], [ 18.386123979791368, -33.970820470392539 ], [ 18.380717182160378, -33.970705437693141 ], [ 18.380578957750412, -33.975210191141606 ], [ 18.385986039915039, -33.975325243246601 ] ] ] } },
{ "type": "Feature", "properties": { }, "geometry": { "type": "Polygon", "coordinates": [ [ [ 18.386123979791368, -33.970820470392539 ], [ 18.386261889027701, -33.966315693741919 ], [ 18.38085537586727, -33.966200680446107 ], [ 18.380717182160378, -33.970705437693141 ], [ 18.386123979791368, -33.970820470392539 ] ] ] } },
{ "type": "Feature", "properties": { }, "geometry": { "type": "Polygon", "coordinates": [ [ [ 18.386261889027701, -33.966315693741919 ], [ 18.386399767630554, -33.961810913295089 ], [ 18.380993538877622, -33.96169591940086 ], [ 18.38085537586727, -33.966200680446107 ], [ 18.386261889027701, -33.966315693741919 ] ] ] } },
{ "type": "Feature", "properties": { }, "geometry": { "type": "Polygon", "coordinates": [ [ [ 18.386399767630554, -33.961810913295089 ], [ 18.386537615606457, -33.957306129052377 ], [ 18.381131671197977, -33.957191154557727 ], [ 18.380993538877622, -33.96169591940086 ], [ 18.386399767630554, -33.961810913295089 ] ] ] } },
{ "type": "Feature", "properties": { }, "geometry": { "type": "Polygon", "coordinates": [ [ [ 18.386537615606457, -33.957306129052377 ], [ 18.386675432961926, -33.952801341014123 ], [ 18.381269772834859, -33.952686385917055 ], [ 18.381131671197977, -33.957191154557727 ], [ 18.386537615606457, -33.957306129052377 ] ] ] } },
{ "type": "Feature", "properties": { }, "geometry": { "type": "Polygon", "coordinates": [ [ [ 18.386675432961926, -33.952801341014123 ], [ 18.38681321970348, -33.948296549180704 ], [ 18.381407843794801, -33.948181613479193 ], [ 18.381269772834859, -33.952686385917055 ], [ 18.386675432961926, -33.952801341014123 ] ] ] } },
{ "type": "Feature", "properties": { }, "geometry": { "type": "Polygon", "coordinates": [ [ [ 18.38681321970348, -33.948296549180704 ], [ 18.386950975837639, -33.943791753552418 ], [ 18.381545884084336, -33.943676837244475 ], [ 18.381407843794801, -33.948181613479193 ], [ 18.38681321970348, -33.948296549180704 ] ] ] } },
{ "type": "Feature", "properties": { }, "geometry": { "type": "Polygon", "coordinates": [ [ [ 18.386950975837639, -33.943791753552418 ], [ 18.387088701370903, -33.939286954129635 ], [ 18.381683893709983, -33.939172057213256 ], [ 18.381545884084336, -33.943676837244475 ], [ 18.386950975837639, -33.943791753552418 ] ] ] } },
{ "type": "Feature", "properties": { }, "geometry": { "type": "Polygon", "coordinates": [ [ [ 18.387088701370903, -33.939286954129635 ], [ 18.387226396309789, -33.934782150912696 ], [ 18.381821872678273, -33.934667273385884 ], [ 18.381683893709983, -33.939172057213256 ], [ 18.387088701370903, -33.939286954129635 ] ] ] } },
{ "type": "Feature", "properties": { }, "geometry": { "type": "Polygon", "coordinates": [ [ [ 18.387226396309789, -33.934782150912696 ], [ 18.387364060660808, -33.930277343901921 ], [ 18.381959820995725, -33.930162485762672 ], [ 18.381821872678273, -33.934667273385884 ], [ 18.387226396309789, -33.934782150912696 ] ] ] } },
{ "type": "Feature", "properties": { }, "geometry": { "type": "Polygon", "coordinates": [ [ [ 18.387364060660808, -33.930277343901921 ], [ 18.387501694430465, -33.925772533097678 ], [ 18.382097738668854, -33.92565769434399 ], [ 18.381959820995725, -33.930162485762672 ], [ 18.387364060660808, -33.930277343901921 ] ] ] } },
{ "type": "Feature", "properties": { }, "geometry": { "type": "Polygon", "coordinates": [ [ [ 18.387501694430465, -33.925772533097678 ], [ 18.387639297625267, -33.921267718500296 ], [ 18.382235625704183, -33.921152899130171 ], [ 18.382097738668854, -33.92565769434399 ], [ 18.387501694430465, -33.925772533097678 ] ] ] } },
{ "type": "Feature", "properties": { }, "geometry": { "type": "Polygon", "coordinates": [ [ [ 18.387639297625267, -33.921267718500296 ], [ 18.387776870251709, -33.916762900110136 ], [ 18.382373482108228, -33.916648100121563 ], [ 18.382235625704183, -33.921152899130171 ], [ 18.387639297625267, -33.921267718500296 ] ] ] } },
{ "type": "Feature", "properties": { }, "geometry": { "type": "Polygon", "coordinates": [ [ [ 18.387776870251709, -33.916762900110136 ], [ 18.387914412316295, -33.912258077927518 ], [ 18.382511307887498, -33.912143297318494 ], [ 18.382373482108228, -33.916648100121563 ], [ 18.387776870251709, -33.916762900110136 ] ] ] } },
{ "type": "Feature", "properties": { }, "geometry": { "type": "Polygon", "coordinates": [ [ [ 18.387914412316295, -33.912258077927518 ], [ 18.388051923825522, -33.907753251952784 ], [ 18.382649103048507, -33.907638490721325 ], [ 18.382511307887498, -33.912143297318494 ], [ 18.387914412316295, -33.912258077927518 ] ] ] } },
{ "type": "Feature", "properties": { }, "geometry": { "type": "Polygon", "coordinates": [ [ [ 18.388051923825522, -33.907753251952784 ], [ 18.388189404785884, -33.903248422186309 ], [ 18.382786867597758, -33.903133680330413 ], [ 18.382649103048507, -33.907638490721325 ], [ 18.388051923825522, -33.907753251952784 ] ] ] } },
{ "type": "Feature", "properties": { }, "geometry": { "type": "Polygon", "coordinates": [ [ [ 18.388189404785884, -33.903248422186309 ], [ 18.388326855203875, -33.898743588628385 ], [ 18.382924601541767, -33.898628866146062 ], [ 18.382786867597758, -33.903133680330413 ], [ 18.388189404785884, -33.903248422186309 ] ] ] } },
{ "type": "Feature", "properties": { }, "geometry": { "type": "Polygon", "coordinates": [ [ [ 18.388326855203875, -33.898743588628385 ], [ 18.388464275085983, -33.894238751279403 ], [ 18.383062304887027, -33.894124048168635 ], [ 18.382924601541767, -33.898628866146062 ], [ 18.388326855203875, -33.898743588628385 ] ] ] } },
{ "type": "Feature", "properties": { }, "geometry": { "type": "Polygon", "coordinates": [ [ [ 18.388464275085983, -33.894238751279403 ], [ 18.388601664438699, -33.889733910139668 ], [ 18.383199977640043, -33.88961922639848 ], [ 18.383062304887027, -33.894124048168635 ], [ 18.388464275085983, -33.894238751279403 ] ] ] } },
{ "type": "Feature", "properties": { }, "geometry": { "type": "Polygon", "coordinates": [ [ [ 18.388601664438699, -33.889733910139668 ], [ 18.38873902326851, -33.88522906520955 ], [ 18.383337619807321, -33.885114400835938 ], [ 18.383199977640043, -33.88961922639848 ], [ 18.388601664438699, -33.889733910139668 ] ] ] } },
{ "type": "Feature", "properties": { }, "geometry": { "type": "Polygon", "coordinates": [ [ [ 18.38873902326851, -33.88522906520955 ], [ 18.388876351581903, -33.880724216489384 ], [ 18.383475231395355, -33.880609571481351 ], [ 18.383337619807321, -33.885114400835938 ], [ 18.38873902326851, -33.88522906520955 ] ] ] } },
{ "type": "Feature", "properties": { }, "geometry": { "type": "Polygon", "coordinates": [ [ [ 18.388876351581903, -33.880724216489384 ], [ 18.389013649385348, -33.876219363979509 ], [ 18.383612812410632, -33.876104738335059 ], [ 18.383475231395355, -33.880609571481351 ], [ 18.388876351581903, -33.880724216489384 ] ] ] } },
{ "type": "Feature", "properties": { }, "geometry": { "type": "Polygon", "coordinates": [ [ [ 18.389013649385348, -33.876219363979509 ], [ 18.389150916685338, -33.871714507680274 ], [ 18.383750362859658, -33.87159990139741 ], [ 18.383612812410632, -33.876104738335059 ], [ 18.389013649385348, -33.876219363979509 ] ] ] } },
{ "type": "Feature", "properties": { }, "geometry": { "type": "Polygon", "coordinates": [ [ [ 18.389150916685338, -33.871714507680274 ], [ 18.389288153488344, -33.867209647592013 ], [ 18.383887882748915, -33.867095060668746 ], [ 18.383750362859658, -33.87159990139741 ], [ 18.389150916685338, -33.871714507680274 ] ] ] } },
{ "type": "Feature", "properties": { }, "geometry": { "type": "Polygon", "coordinates": [ [ [ 18.389288153488344, -33.867209647592013 ], [ 18.389425359800846, -33.862704783715067 ], [ 18.384025372084896, -33.862590216149393 ], [ 18.383887882748915, -33.867095060668746 ], [ 18.389288153488344, -33.867209647592013 ] ] ] } },
{ "type": "Feature", "properties": { }, "geometry": { "type": "Polygon", "coordinates": [ [ [ 18.389425359800846, -33.862704783715067 ], [ 18.38956253562931, -33.858199916049792 ], [ 18.384162830874086, -33.858085367839735 ], [ 18.384025372084896, -33.862590216149393 ], [ 18.389425359800846, -33.862704783715067 ] ] ] } },
{ "type": "Feature", "properties": { }, "geometry": { "type": "Polygon", "coordinates": [ [ [ 18.38956253562931, -33.858199916049792 ], [ 18.389699680980211, -33.853695044596527 ], [ 18.384300259122966, -33.853580515740084 ], [ 18.384162830874086, -33.858085367839735 ], [ 18.38956253562931, -33.858199916049792 ] ] ] } },
{ "type": "Feature", "properties": { }, "geometry": { "type": "Polygon", "coordinates": [ [ [ 18.389462763792096, -34.038506750570761 ], [ 18.389600847889991, -34.034002011510715 ], [ 18.384190030310442, -34.033886944707021 ], [ 18.384051660787868, -34.038391664373364 ], [ 18.389462763792096, -34.038506750570761 ] ] ] } },
{ "type": "Feature", "properties": { }, "geometry": { "type": "Polygon", "coordinates": [ [ [ 18.389600847889991, -34.034002011510715 ], [ 18.389738901319593, -34.029497268651312 ], [ 18.38432836910145, -34.029382221239331 ], [ 18.384190030310442, -34.033886944707021 ], [ 18.389600847889991, -34.034002011510715 ] ] ] } },
{ "type": "Feature", "properties": { }, "geometry": { "type": "Polygon", "coordinates": [ [ [ 18.389738901319593, -34.029497268651312 ], [ 18.389876924087428, -34.024992521992914 ], [ 18.384466677167438, -34.024877493970635 ], [ 18.38432836910145, -34.029382221239331 ], [ 18.389738901319593, -34.029497268651312 ] ] ] } },
{ "type": "Feature", "properties": { }, "geometry": { "type": "Polygon", "coordinates": [ [ [ 18.389876924087428, -34.024992521992914 ], [ 18.390014916200045, -34.020487771535862 ], [ 18.38460495451497, -34.020372762901282 ], [ 18.384466677167438, -34.024877493970635 ], [ 18.389876924087428, -34.024992521992914 ] ] ] } },
{ "type": "Feature", "properties": { }, "geometry": { "type": "Polygon", "coordinates": [ [ [ 18.390014916200045, -34.020487771535862 ], [ 18.390152877663979, -34.015983017280504 ], [ 18.384743201150595, -34.015868028031605 ], [ 18.38460495451497, -34.020372762901282 ], [ 18.390014916200045, -34.020487771535862 ] ] ] } },
{ "type": "Feature", "properties": { }, "geometry": { "type": "Polygon", "coordinates": [ [ [ 18.390152877663979, -34.015983017280504 ], [ 18.390290808485766, -34.011478259227189 ], [ 18.384881417080855, -34.011363289361967 ], [ 18.384743201150595, -34.015868028031605 ], [ 18.390152877663979, -34.015983017280504 ] ] ] } },
{ "type": "Feature", "properties": { }, "geometry": { "type": "Polygon", "coordinates": [ [ [ 18.390290808485766, -34.011478259227189 ], [ 18.390428708671937, -34.006973497376229 ], [ 18.385019602312301, -34.00685854689268 ], [ 18.384881417080855, -34.011363289361967 ], [ 18.390290808485766, -34.011478259227189 ] ] ] } },
{ "type": "Feature", "properties": { }, "geometry": { "type": "Polygon", "coordinates": [ [ [ 18.390428708671937, -34.006973497376229 ], [ 18.39056657822902, -34.002468731727987 ], [ 18.385157756851481, -34.002353800624107 ], [ 18.385019602312301, -34.00685854689268 ], [ 18.390428708671937, -34.006973497376229 ] ] ] } },
{ "type": "Feature", "properties": { }, "geometry": { "type": "Polygon", "coordinates": [ [ [ 18.39056657822902, -34.002468731727987 ], [ 18.390704417163551, -33.99796396228281 ], [ 18.385295880704927, -33.997849050556574 ], [ 18.385157756851481, -34.002353800624107 ], [ 18.39056657822902, -34.002468731727987 ] ] ] } },
{ "type": "Feature", "properties": { }, "geometry": { "type": "Polygon", "coordinates": [ [ [ 18.390704417163551, -33.99796396228281 ], [ 18.39084222548205, -33.993459189041019 ], [ 18.385433973879184, -33.993344296690438 ], [ 18.385295880704927, -33.997849050556574 ], [ 18.390704417163551, -33.99796396228281 ] ] ] } },
{ "type": "Feature", "properties": { }, "geometry": { "type": "Polygon", "coordinates": [ [ [ 18.39084222548205, -33.993459189041019 ], [ 18.390980003191043, -33.988954412002954 ], [ 18.385572036380793, -33.988839539026017 ], [ 18.385433973879184, -33.993344296690438 ], [ 18.39084222548205, -33.993459189041019 ] ] ] } },
{ "type": "Feature", "properties": { }, "geometry": { "type": "Polygon", "coordinates": [ [ [ 18.390980003191043, -33.988954412002954 ], [ 18.391117750297052, -33.984449631168985 ], [ 18.38571006821628, -33.984334777563696 ], [ 18.385572036380793, -33.988839539026017 ], [ 18.390980003191043, -33.988954412002954 ] ] ] } },
{ "type": "Feature", "properties": { }, "geometry": { "type": "Polygon", "coordinates": [ [ [ 18.391117750297052, -33.984449631168985 ], [ 18.391255466806598, -33.979944846539418 ], [ 18.385848069392186, -33.979830012303765 ], [ 18.38571006821628, -33.984334777563696 ], [ 18.391117750297052, -33.984449631168985 ] ] ] } },
{ "type": "Feature", "properties": { }, "geometry": { "type": "Polygon", "coordinates": [ [ [ 18.391255466806598, -33.979944846539418 ], [ 18.391393152726195, -33.975440058114621 ], [ 18.385986039915039, -33.975325243246601 ], [ 18.385848069392186, -33.979830012303765 ], [ 18.391255466806598, -33.979944846539418 ] ] ] } },
{ "type": "Feature", "properties": { }, "geometry": { "type": "Polygon", "coordinates": [ [ [ 18.391393152726195, -33.975440058114621 ], [ 18.391530808062356, -33.970935265894923 ], [ 18.386123979791368, -33.970820470392539 ], [ 18.385986039915039, -33.975325243246601 ], [ 18.391393152726195, -33.975440058114621 ] ] ] } },
{ "type": "Feature", "properties": { }, "geometry": { "type": "Polygon", "coordinates": [ [ [ 18.391530808062356, -33.970935265894923 ], [ 18.3916684328216, -33.96643046988067 ], [ 18.386261889027701, -33.966315693741919 ], [ 18.386123979791368, -33.970820470392539 ], [ 18.391530808062356, -33.970935265894923 ] ] ] } },
{ "type": "Feature", "properties": { }, "geometry": { "type": "Polygon", "coordinates": [ [ [ 18.3916684328216, -33.96643046988067 ], [ 18.391806027010436, -33.961925670072205 ], [ 18.386399767630554, -33.961810913295089 ], [ 18.386261889027701, -33.966315693741919 ], [ 18.3916684328216, -33.96643046988067 ] ] ] } },
{ "type": "Feature", "properties": { }, "geometry": { "type": "Polygon", "coordinates": [ [ [ 18.391806027010436, -33.961925670072205 ], [ 18.391943590635371, -33.957420866469867 ], [ 18.386537615606457, -33.957306129052377 ], [ 18.386399767630554, -33.961810913295089 ], [ 18.391806027010436, -33.961925670072205 ] ] ] } },
{ "type": "Feature", "properties": { }, "geometry": { "type": "Polygon", "coordinates": [ [ [ 18.391943590635371, -33.957420866469867 ], [ 18.392081123702912, -33.952916059073999 ], [ 18.386675432961926, -33.952801341014123 ], [ 18.386537615606457, -33.957306129052377 ], [ 18.391943590635371, -33.957420866469867 ] ] ] } },
{ "type": "Feature", "properties": { }, "geometry": { "type": "Polygon", "coordinates": [ [ [ 18.392081123702912, -33.952916059073999 ], [ 18.392218626219563, -33.948411247884934 ], [ 18.38681321970348, -33.948296549180704 ], [ 18.386675432961926, -33.952801341014123 ], [ 18.392081123702912, -33.952916059073999 ] ] ] } },
{ "type": "Feature", "properties": { }, "geometry": { "type": "Polygon", "coordinates": [ [ [ 18.392218626219563, -33.948411247884934 ], [ 18.392356098191822, -33.94390643290302 ], [ 18.386950975837639, -33.943791753552418 ], [ 18.38681321970348, -33.948296549180704 ], [ 18.392218626219563, -33.948411247884934 ] ] ] } },
{ "type": "Feature", "properties": { }, "geometry": { "type": "Polygon", "coordinates": [ [ [ 18.392356098191822, -33.94390643290302 ], [ 18.392493539626194, -33.939401614128613 ], [ 18.387088701370903, -33.939286954129635 ], [ 18.386950975837639, -33.943791753552418 ], [ 18.392356098191822, -33.94390643290302 ] ] ] } },
{ "type": "Feature", "properties": { }, "geometry": { "type": "Polygon", "coordinates": [ [ [ 18.392493539626194, -33.939401614128613 ], [ 18.392630950529174, -33.934896791562032 ], [ 18.387226396309789, -33.934782150912696 ], [ 18.387088701370903, -33.939286954129635 ], [ 18.392493539626194, -33.939401614128613 ] ] ] } },
{ "type": "Feature", "properties": { }, "geometry": { "type": "Polygon", "coordinates": [ [ [ 18.392630950529174, -33.934896791562032 ], [ 18.392768330907259, -33.93039196520364 ], [ 18.387364060660808, -33.930277343901921 ], [ 18.387226396309789, -33.934782150912696 ], [ 18.392630950529174, -33.934896791562032 ] ] ] } },
{ "type": "Feature", "properties": { }, "geometry": { "type": "Polygon", "coordinates": [ [ [ 18.392768330907259, -33.93039196520364 ], [ 18.392905680766937, -33.925887135053756 ], [ 18.387501694430465, -33.925772533097678 ], [ 18.387364060660808, -33.930277343901921 ], [ 18.392768330907259, -33.93039196520364 ] ] ] } },
{ "type": "Feature", "properties": { }, "geometry": { "type": "Polygon", "coordinates": [ [ [ 18.392905680766937, -33.925887135053756 ], [ 18.393043000114705, -33.921382301112729 ], [ 18.387639297625267, -33.921267718500296 ], [ 18.387501694430465, -33.925772533097678 ], [ 18.392905680766937, -33.925887135053756 ] ] ] } },
{ "type": "Feature", "properties": { }, "geometry": { "type": "Polygon", "coordinates": [ [ [ 18.393043000114705, -33.921382301112729 ], [ 18.393180288957048, -33.916877463380928 ], [ 18.387776870251709, -33.916762900110136 ], [ 18.387639297625267, -33.921267718500296 ], [ 18.393043000114705, -33.921382301112729 ] ] ] } },
{ "type": "Feature", "properties": { }, "geometry": { "type": "Polygon", "coordinates": [ [ [ 18.393180288957048, -33.916877463380928 ], [ 18.393317547300452, -33.912372621858658 ], [ 18.387914412316295, -33.912258077927518 ], [ 18.387776870251709, -33.916762900110136 ], [ 18.393180288957048, -33.916877463380928 ] ] ] } },
{ "type": "Feature", "properties": { }, "geometry": { "type": "Polygon", "coordinates": [ [ [ 18.393317547300452, -33.912372621858658 ], [ 18.393454775151401, -33.907867776546261 ], [ 18.388051923825522, -33.907753251952784 ], [ 18.387914412316295, -33.912258077927518 ], [ 18.393317547300452, -33.912372621858658 ] ] ] } },
{ "type": "Feature", "properties": { }, "geometry": { "type": "Polygon", "coordinates": [ [ [ 18.393454775151401, -33.907867776546261 ], [ 18.393591972516376, -33.903362927444128 ], [ 18.388189404785884, -33.903248422186309 ], [ 18.388051923825522, -33.907753251952784 ], [ 18.393454775151401, -33.907867776546261 ] ] ] } },
{ "type": "Feature", "properties": { }, "geometry": { "type": "Polygon", "coordinates": [ [ [ 18.393591972516376, -33.903362927444128 ], [ 18.393729139401859, -33.89885807455255 ], [ 18.388326855203875, -33.898743588628385 ], [ 18.388189404785884, -33.903248422186309 ], [ 18.393591972516376, -33.903362927444128 ] ] ] } },
{ "type": "Feature", "properties": { }, "geometry": { "type": "Polygon", "coordinates": [ [ [ 18.393729139401859, -33.89885807455255 ], [ 18.393866275814332, -33.894353217871881 ], [ 18.388464275085983, -33.894238751279403 ], [ 18.388326855203875, -33.898743588628385 ], [ 18.393729139401859, -33.89885807455255 ] ] ] } },
{ "type": "Feature", "properties": { }, "geometry": { "type": "Polygon", "coordinates": [ [ [ 18.393866275814332, -33.894353217871881 ], [ 18.39400338176026, -33.889848357402464 ], [ 18.388601664438699, -33.889733910139668 ], [ 18.388464275085983, -33.894238751279403 ], [ 18.393866275814332, -33.894353217871881 ] ] ] } },
{ "type": "Feature", "properties": { }, "geometry": { "type": "Polygon", "coordinates": [ [ [ 18.39400338176026, -33.889848357402464 ], [ 18.39414045724612, -33.885343493144667 ], [ 18.38873902326851, -33.88522906520955 ], [ 18.388601664438699, -33.889733910139668 ], [ 18.39400338176026, -33.889848357402464 ] ] ] } },
{ "type": "Feature", "properties": { }, "geometry": { "type": "Polygon", "coordinates": [ [ [ 18.39414045724612, -33.885343493144667 ], [ 18.394277502278388, -33.880838625098797 ], [ 18.388876351581903, -33.880724216489384 ], [ 18.38873902326851, -33.88522906520955 ], [ 18.39414045724612, -33.885343493144667 ] ] ] } },
{ "type": "Feature", "properties": { }, "geometry": { "type": "Polygon", "coordinates": [ [ [ 18.394277502278388, -33.880838625098797 ], [ 18.394414516863524, -33.876333753265214 ], [ 18.389013649385348, -33.876219363979509 ], [ 18.388876351581903, -33.880724216489384 ], [ 18.394277502278388, -33.880838625098797 ] ] ] } },
{ "type": "Feature", "properties": { }, "geometry": { "type": "Polygon", "coordinates": [ [ [ 18.394414516863524, -33.876333753265214 ], [ 18.394551501007999, -33.871828877644262 ], [ 18.389150916685338, -33.871714507680274 ], [ 18.389013649385348, -33.876219363979509 ], [ 18.394414516863524, -33.876333753265214 ] ] ] } },
{ "type": "Feature", "properties": { }, "geometry": { "type": "Polygon", "coordinates": [ [ [ 18.394551501007999, -33.871828877644262 ], [ 18.394688454718281, -33.86732399823628 ], [ 18.389288153488344, -33.867209647592013 ], [ 18.389150916685338, -33.871714507680274 ], [ 18.394551501007999, -33.871828877644262 ] ] ] } },
{ "type": "Feature", "properties": { }, "geometry": { "type": "Polygon", "coordinates": [ [ [ 18.394688454718281, -33.86732399823628 ], [ 18.394825378000824, -33.862819115041596 ], [ 18.389425359800846, -33.862704783715067 ], [ 18.389288153488344, -33.867209647592013 ], [ 18.394688454718281, -33.86732399823628 ] ] ] } },
{ "type": "Feature", "properties": { }, "geometry": { "type": "Polygon", "coordinates": [ [ [ 18.394825378000824, -33.862819115041596 ], [ 18.394962270862091, -33.858314228060571 ], [ 18.38956253562931, -33.858199916049792 ], [ 18.389425359800846, -33.862704783715067 ], [ 18.394825378000824, -33.862819115041596 ] ] ] } },
{ "type": "Feature", "properties": { }, "geometry": { "type": "Polygon", "coordinates": [ [ [ 18.394962270862091, -33.858314228060571 ], [ 18.395099133308545, -33.853809337293555 ], [ 18.389699680980211, -33.853695044596527 ], [ 18.38956253562931, -33.858199916049792 ], [ 18.394962270862091, -33.858314228060571 ] ] ] } },
{ "type": "Feature", "properties": { }, "geometry": { "type": "Polygon", "coordinates": [ [ [ 18.394873897471165, -34.038621598966799 ], [ 18.395011696137846, -34.034116840553033 ], [ 18.389600847889991, -34.034002011510715 ], [ 18.389462763792096, -34.038506750570761 ], [ 18.394873897471165, -34.038621598966799 ] ] ] } },
{ "type": "Feature", "properties": { }, "geometry": { "type": "Polygon", "coordinates": [ [ [ 18.395011696137846, -34.034116840553033 ], [ 18.395149464199495, -34.029612078341948 ], [ 18.389738901319593, -34.029497268651312 ], [ 18.389600847889991, -34.034002011510715 ], [ 18.395011696137846, -34.034116840553033 ] ] ] } },
{ "type": "Feature", "properties": { }, "geometry": { "type": "Polygon", "coordinates": [ [ [ 18.395149464199495, -34.029612078341948 ], [ 18.39528720166264, -34.025107312333859 ], [ 18.389876924087428, -34.024992521992914 ], [ 18.389738901319593, -34.029497268651312 ], [ 18.395149464199495, -34.029612078341948 ] ] ] } },
{ "type": "Feature", "properties": { }, "geometry": { "type": "Polygon", "coordinates": [ [ [ 18.39528720166264, -34.025107312333859 ], [ 18.395424908533805, -34.020602542529133 ], [ 18.390014916200045, -34.020487771535862 ], [ 18.389876924087428, -34.024992521992914 ], [ 18.39528720166264, -34.025107312333859 ] ] ] } },
{ "type": "Feature", "properties": { }, "geometry": { "type": "Polygon", "coordinates": [ [ [ 18.395424908533805, -34.020602542529133 ], [ 18.395562584819515, -34.016097768928098 ], [ 18.390152877663979, -34.015983017280504 ], [ 18.390014916200045, -34.020487771535862 ], [ 18.395424908533805, -34.020602542529133 ] ] ] } },
{ "type": "Feature", "properties": { }, "geometry": { "type": "Polygon", "coordinates": [ [ [ 18.395562584819515, -34.016097768928098 ], [ 18.395700230526291, -34.011592991531103 ], [ 18.390290808485766, -34.011478259227189 ], [ 18.390152877663979, -34.015983017280504 ], [ 18.395562584819515, -34.016097768928098 ] ] ] } },
{ "type": "Feature", "properties": { }, "geometry": { "type": "Polygon", "coordinates": [ [ [ 18.395700230526291, -34.011592991531103 ], [ 18.395837845660655, -34.007088210338473 ], [ 18.390428708671937, -34.006973497376229 ], [ 18.390290808485766, -34.011478259227189 ], [ 18.395700230526291, -34.011592991531103 ] ] ] } },
{ "type": "Feature", "properties": { }, "geometry": { "type": "Polygon", "coordinates": [ [ [ 18.395837845660655, -34.007088210338473 ], [ 18.395975430229118, -34.002583425350558 ], [ 18.39056657822902, -34.002468731727987 ], [ 18.390428708671937, -34.006973497376229 ], [ 18.395837845660655, -34.007088210338473 ] ] ] } },
{ "type": "Feature", "properties": { }, "geometry": { "type": "Polygon", "coordinates": [ [ [ 18.395975430229118, -34.002583425350558 ], [ 18.396112984238204, -33.998078636567698 ], [ 18.390704417163551, -33.99796396228281 ], [ 18.39056657822902, -34.002468731727987 ], [ 18.395975430229118, -34.002583425350558 ] ] ] } },
{ "type": "Feature", "properties": { }, "geometry": { "type": "Polygon", "coordinates": [ [ [ 18.396112984238204, -33.998078636567698 ], [ 18.396250507694418, -33.993573843990248 ], [ 18.39084222548205, -33.993459189041019 ], [ 18.390704417163551, -33.99796396228281 ], [ 18.396112984238204, -33.998078636567698 ] ] ] } },
{ "type": "Feature", "properties": { }, "geometry": { "type": "Polygon", "coordinates": [ [ [ 18.396250507694418, -33.993573843990248 ], [ 18.396388000604279, -33.989069047618528 ], [ 18.390980003191043, -33.988954412002954 ], [ 18.39084222548205, -33.993459189041019 ], [ 18.396250507694418, -33.993573843990248 ] ] ] } },
{ "type": "Feature", "properties": { }, "geometry": { "type": "Polygon", "coordinates": [ [ [ 18.396388000604279, -33.989069047618528 ], [ 18.396525462974289, -33.98456424745288 ], [ 18.391117750297052, -33.984449631168985 ], [ 18.390980003191043, -33.988954412002954 ], [ 18.396388000604279, -33.989069047618528 ] ] ] } },
{ "type": "Feature", "properties": { }, "geometry": { "type": "Polygon", "coordinates": [ [ [ 18.396525462974289, -33.98456424745288 ], [ 18.396662894810952, -33.980059443493658 ], [ 18.391255466806598, -33.979944846539418 ], [ 18.391117750297052, -33.984449631168985 ], [ 18.396525462974289, -33.98456424745288 ] ] ] } },
{ "type": "Feature", "properties": { }, "geometry": { "type": "Polygon", "coordinates": [ [ [ 18.396662894810952, -33.980059443493658 ], [ 18.396800296120777, -33.97555463574119 ], [ 18.391393152726195, -33.975440058114621 ], [ 18.391255466806598, -33.979944846539418 ], [ 18.396662894810952, -33.980059443493658 ] ] ] } },
{ "type": "Feature", "properties": { }, "geometry": { "type": "Polygon", "coordinates": [ [ [ 18.396800296120777, -33.97555463574119 ], [ 18.396937666910265, -33.971049824195816 ], [ 18.391530808062356, -33.970935265894923 ], [ 18.391393152726195, -33.975440058114621 ], [ 18.396800296120777, -33.97555463574119 ] ] ] } },
{ "type": "Feature", "properties": { }, "geometry": { "type": "Polygon", "coordinates": [ [ [ 18.396937666910265, -33.971049824195816 ], [ 18.397075007185908, -33.966545008857899 ], [ 18.3916684328216, -33.96643046988067 ], [ 18.391530808062356, -33.970935265894923 ], [ 18.396937666910265, -33.971049824195816 ] ] ] } },
{ "type": "Feature", "properties": { }, "geometry": { "type": "Polygon", "coordinates": [ [ [ 18.397075007185908, -33.966545008857899 ], [ 18.397212316954217, -33.962040189727759 ], [ 18.391806027010436, -33.961925670072205 ], [ 18.3916684328216, -33.96643046988067 ], [ 18.397075007185908, -33.966545008857899 ] ] ] } },
{ "type": "Feature", "properties": { }, "geometry": { "type": "Polygon", "coordinates": [ [ [ 18.397212316954217, -33.962040189727759 ], [ 18.397349596221677, -33.957535366805743 ], [ 18.391943590635371, -33.957420866469867 ], [ 18.391806027010436, -33.961925670072205 ], [ 18.397212316954217, -33.962040189727759 ] ] ] } },
{ "type": "Feature", "properties": { }, "geometry": { "type": "Polygon", "coordinates": [ [ [ 18.397349596221677, -33.957535366805743 ], [ 18.397486844994784, -33.953030540092186 ], [ 18.392081123702912, -33.952916059073999 ], [ 18.391943590635371, -33.957420866469867 ], [ 18.397349596221677, -33.957535366805743 ] ] ] } },
{ "type": "Feature", "properties": { }, "geometry": { "type": "Polygon", "coordinates": [ [ [ 18.397486844994784, -33.953030540092186 ], [ 18.397624063280027, -33.94852570958745 ], [ 18.392218626219563, -33.948411247884934 ], [ 18.392081123702912, -33.952916059073999 ], [ 18.397486844994784, -33.953030540092186 ] ] ] } },
{ "type": "Feature", "properties": { }, "geometry": { "type": "Polygon", "coordinates": [ [ [ 18.397624063280027, -33.94852570958745 ], [ 18.397761251083899, -33.944020875291855 ], [ 18.392356098191822, -33.94390643290302 ], [ 18.392218626219563, -33.948411247884934 ], [ 18.397624063280027, -33.94852570958745 ] ] ] } },
{ "type": "Feature", "properties": { }, "geometry": { "type": "Polygon", "coordinates": [ [ [ 18.397761251083899, -33.944020875291855 ], [ 18.397898408412878, -33.939516037205735 ], [ 18.392493539626194, -33.939401614128613 ], [ 18.392356098191822, -33.94390643290302 ], [ 18.397761251083899, -33.944020875291855 ] ] ] } },
{ "type": "Feature", "properties": { }, "geometry": { "type": "Polygon", "coordinates": [ [ [ 18.397898408412878, -33.939516037205735 ], [ 18.398035535273454, -33.935011195329459 ], [ 18.392630950529174, -33.934896791562032 ], [ 18.392493539626194, -33.939401614128613 ], [ 18.397898408412878, -33.939516037205735 ] ] ] } },
{ "type": "Feature", "properties": { }, "geometry": { "type": "Polygon", "coordinates": [ [ [ 18.398035535273454, -33.935011195329459 ], [ 18.398172631672107, -33.930506349663347 ], [ 18.392768330907259, -33.93039196520364 ], [ 18.392630950529174, -33.934896791562032 ], [ 18.398035535273454, -33.935011195329459 ] ] ] } },
{ "type": "Feature", "properties": { }, "geometry": { "type": "Polygon", "coordinates": [ [ [ 18.398172631672107, -33.930506349663347 ], [ 18.398309697615318, -33.926001500207761 ], [ 18.392905680766937, -33.925887135053756 ], [ 18.392768330907259, -33.93039196520364 ], [ 18.398172631672107, -33.930506349663347 ] ] ] } },
{ "type": "Feature", "properties": { }, "geometry": { "type": "Polygon", "coordinates": [ [ [ 18.398309697615318, -33.926001500207761 ], [ 18.398446733109566, -33.921496646963014 ], [ 18.393043000114705, -33.921382301112729 ], [ 18.392905680766937, -33.925887135053756 ], [ 18.398309697615318, -33.926001500207761 ] ] ] } },
{ "type": "Feature", "properties": { }, "geometry": { "type": "Polygon", "coordinates": [ [ [ 18.398446733109566, -33.921496646963014 ], [ 18.398583738161321, -33.916991789929469 ], [ 18.393180288957048, -33.916877463380928 ], [ 18.393043000114705, -33.921382301112729 ], [ 18.398446733109566, -33.921496646963014 ] ] ] } },
{ "type": "Feature", "properties": { }, "geometry": { "type": "Polygon", "coordinates": [ [ [ 18.398583738161321, -33.916991789929469 ], [ 18.39872071277706, -33.912486929107459 ], [ 18.393317547300452, -33.912372621858658 ], [ 18.393180288957048, -33.916877463380928 ], [ 18.398583738161321, -33.916991789929469 ] ] ] } },
{ "type": "Feature", "properties": { }, "geometry": { "type": "Polygon", "coordinates": [ [ [ 18.39872071277706, -33.912486929107459 ], [ 18.398857656963251, -33.907982064497332 ], [ 18.393454775151401, -33.907867776546261 ], [ 18.393317547300452, -33.912372621858658 ], [ 18.39872071277706, -33.912486929107459 ] ] ] } },
{ "type": "Feature", "properties": { }, "geometry": { "type": "Polygon", "coordinates": [ [ [ 18.398857656963251, -33.907982064497332 ], [ 18.398994570726362, -33.903477196099423 ], [ 18.393591972516376, -33.903362927444128 ], [ 18.393454775151401, -33.907867776546261 ], [ 18.398857656963251, -33.907982064497332 ] ] ] } },
{ "type": "Feature", "properties": { }, "geometry": { "type": "Polygon", "coordinates": [ [ [ 18.398994570726362, -33.903477196099423 ], [ 18.399131454072865, -33.89897232391408 ], [ 18.393729139401859, -33.89885807455255 ], [ 18.393591972516376, -33.903362927444128 ], [ 18.398994570726362, -33.903477196099423 ] ] ] } },
{ "type": "Feature", "properties": { }, "geometry": { "type": "Polygon", "coordinates": [ [ [ 18.399131454072865, -33.89897232391408 ], [ 18.399268307009219, -33.894467447941636 ], [ 18.393866275814332, -33.894353217871881 ], [ 18.393729139401859, -33.89885807455255 ], [ 18.399131454072865, -33.89897232391408 ] ] ] } },
{ "type": "Feature", "properties": { }, "geometry": { "type": "Polygon", "coordinates": [ [ [ 18.399268307009219, -33.894467447941636 ], [ 18.399405129541886, -33.88996256818244 ], [ 18.39400338176026, -33.889848357402464 ], [ 18.393866275814332, -33.894353217871881 ], [ 18.399268307009219, -33.894467447941636 ] ] ] } },
{ "type": "Feature", "properties": { }, "geometry": { "type": "Polygon", "coordinates": [ [ [ 18.399405129541886, -33.88996256818244 ], [ 18.399541921677326, -33.885457684636826 ], [ 18.39414045724612, -33.885343493144667 ], [ 18.39400338176026, -33.889848357402464 ], [ 18.399405129541886, -33.88996256818244 ] ] ] } },
{ "type": "Feature", "properties": { }, "geometry": { "type": "Polygon", "coordinates": [ [ [ 18.399541921677326, -33.885457684636826 ], [ 18.399678683422, -33.880952797305142 ], [ 18.394277502278388, -33.880838625098797 ], [ 18.39414045724612, -33.885343493144667 ], [ 18.399541921677326, -33.885457684636826 ] ] ] } },
{ "type": "Feature", "properties": { }, "geometry": { "type": "Polygon", "coordinates": [ [ [ 18.399678683422, -33.880952797305142 ], [ 18.39981541478236, -33.876447906187735 ], [ 18.394414516863524, -33.876333753265214 ], [ 18.394277502278388, -33.880838625098797 ], [ 18.399678683422, -33.880952797305142 ] ] ] } },
{ "type": "Feature", "properties": { }, "geometry": { "type": "Polygon", "coordinates": [ [ [ 18.39981541478236, -33.876447906187735 ], [ 18.399952115764858, -33.871943011284934 ], [ 18.394551501007999, -33.871828877644262 ], [ 18.394414516863524, -33.876333753265214 ], [ 18.39981541478236, -33.876447906187735 ] ] ] } },
{ "type": "Feature", "properties": { }, "geometry": { "type": "Polygon", "coordinates": [ [ [ 18.399952115764858, -33.871943011284934 ], [ 18.400088786375949, -33.867438112597092 ], [ 18.394688454718281, -33.86732399823628 ], [ 18.394551501007999, -33.871828877644262 ], [ 18.399952115764858, -33.871943011284934 ] ] ] } },
{ "type": "Feature", "properties": { }, "geometry": { "type": "Polygon", "coordinates": [ [ [ 18.400088786375949, -33.867438112597092 ], [ 18.400225426622079, -33.862933210124545 ], [ 18.394825378000824, -33.862819115041596 ], [ 18.394688454718281, -33.86732399823628 ], [ 18.400088786375949, -33.867438112597092 ] ] ] } },
{ "type": "Feature", "properties": { }, "geometry": { "type": "Polygon", "coordinates": [ [ [ 18.400225426622079, -33.862933210124545 ], [ 18.400362036509694, -33.858428303867633 ], [ 18.394962270862091, -33.858314228060571 ], [ 18.394825378000824, -33.862819115041596 ], [ 18.400225426622079, -33.862933210124545 ] ] ] } },
{ "type": "Feature", "properties": { }, "geometry": { "type": "Polygon", "coordinates": [ [ [ 18.400362036509694, -33.858428303867633 ], [ 18.400498616045244, -33.853923393826712 ], [ 18.395099133308545, -33.853809337293555 ], [ 18.394962270862091, -33.858314228060571 ], [ 18.400362036509694, -33.858428303867633 ] ] ] } },
{ "type": "Feature", "properties": { }, "geometry": { "type": "Polygon", "coordinates": [ [ [ 18.400285061761796, -34.038736209556987 ], [ 18.400422574990731, -34.034231431829554 ], [ 18.395011696137846, -34.034116840553033 ], [ 18.394873897471165, -34.038621598966799 ], [ 18.400285061761796, -34.038736209556987 ] ] ] } },
{ "type": "Feature", "properties": { }, "geometry": { "type": "Polygon", "coordinates": [ [ [ 18.400422574990731, -34.034231431829554 ], [ 18.400560057677904, -34.029726650306785 ], [ 18.395149464199495, -34.029612078341948 ], [ 18.395011696137846, -34.034116840553033 ], [ 18.400422574990731, -34.034231431829554 ] ] ] } },
{ "type": "Feature", "properties": { }, "geometry": { "type": "Polygon", "coordinates": [ [ [ 18.400560057677904, -34.029726650306785 ], [ 18.400697509829826, -34.025221864989021 ], [ 18.39528720166264, -34.025107312333859 ], [ 18.395149464199495, -34.029612078341948 ], [ 18.400560057677904, -34.029726650306785 ] ] ] } },
{ "type": "Feature", "properties": { }, "geometry": { "type": "Polygon", "coordinates": [ [ [ 18.400697509829826, -34.025221864989021 ], [ 18.400834931453016, -34.020717075876625 ], [ 18.395424908533805, -34.020602542529133 ], [ 18.39528720166264, -34.025107312333859 ], [ 18.400697509829826, -34.025221864989021 ] ] ] } },
{ "type": "Feature", "properties": { }, "geometry": { "type": "Polygon", "coordinates": [ [ [ 18.400834931453016, -34.020717075876625 ], [ 18.400972322553979, -34.016212282969924 ], [ 18.395562584819515, -34.016097768928098 ], [ 18.395424908533805, -34.020602542529133 ], [ 18.400834931453016, -34.020717075876625 ] ] ] } },
{ "type": "Feature", "properties": { }, "geometry": { "type": "Polygon", "coordinates": [ [ [ 18.400972322553979, -34.016212282969924 ], [ 18.401109683139232, -34.011707486269252 ], [ 18.395700230526291, -34.011592991531103 ], [ 18.395562584819515, -34.016097768928098 ], [ 18.400972322553979, -34.016212282969924 ] ] ] } },
{ "type": "Feature", "properties": { }, "geometry": { "type": "Polygon", "coordinates": [ [ [ 18.401109683139232, -34.011707486269252 ], [ 18.401247013215265, -34.007202685774956 ], [ 18.395837845660655, -34.007088210338473 ], [ 18.395700230526291, -34.011592991531103 ], [ 18.401109683139232, -34.011707486269252 ] ] ] } },
{ "type": "Feature", "properties": { }, "geometry": { "type": "Polygon", "coordinates": [ [ [ 18.401247013215265, -34.007202685774956 ], [ 18.401384312788601, -34.00269788148735 ], [ 18.395975430229118, -34.002583425350558 ], [ 18.395837845660655, -34.007088210338473 ], [ 18.401247013215265, -34.007202685774956 ] ] ] } },
{ "type": "Feature", "properties": { }, "geometry": { "type": "Polygon", "coordinates": [ [ [ 18.401384312788601, -34.00269788148735 ], [ 18.401521581865726, -33.998193073406824 ], [ 18.396112984238204, -33.998078636567698 ], [ 18.395975430229118, -34.002583425350558 ], [ 18.401384312788601, -34.00269788148735 ] ] ] } },
{ "type": "Feature", "properties": { }, "geometry": { "type": "Polygon", "coordinates": [ [ [ 18.401521581865726, -33.998193073406824 ], [ 18.40165882045315, -33.993688261533677 ], [ 18.396250507694418, -33.993573843990248 ], [ 18.396112984238204, -33.998078636567698 ], [ 18.401521581865726, -33.998193073406824 ] ] ] } },
{ "type": "Feature", "properties": { }, "geometry": { "type": "Polygon", "coordinates": [ [ [ 18.40165882045315, -33.993688261533677 ], [ 18.401796028557367, -33.989183445868264 ], [ 18.396388000604279, -33.989069047618528 ], [ 18.396250507694418, -33.993573843990248 ], [ 18.40165882045315, -33.993688261533677 ] ] ] } },
{ "type": "Feature", "properties": { }, "geometry": { "type": "Polygon", "coordinates": [ [ [ 18.401796028557367, -33.989183445868264 ], [ 18.401933206184868, -33.98467862641094 ], [ 18.396525462974289, -33.98456424745288 ], [ 18.396388000604279, -33.989069047618528 ], [ 18.401796028557367, -33.989183445868264 ] ] ] } },
{ "type": "Feature", "properties": { }, "geometry": { "type": "Polygon", "coordinates": [ [ [ 18.401933206184868, -33.98467862641094 ], [ 18.402070353342147, -33.980173803162025 ], [ 18.396662894810952, -33.980059443493658 ], [ 18.396525462974289, -33.98456424745288 ], [ 18.401933206184868, -33.98467862641094 ] ] ] } },
{ "type": "Feature", "properties": { }, "geometry": { "type": "Polygon", "coordinates": [ [ [ 18.402070353342147, -33.980173803162025 ], [ 18.402207470035698, -33.97566897612186 ], [ 18.396800296120777, -33.97555463574119 ], [ 18.396662894810952, -33.980059443493658 ], [ 18.402070353342147, -33.980173803162025 ] ] ] } },
{ "type": "Feature", "properties": { }, "geometry": { "type": "Polygon", "coordinates": [ [ [ 18.402207470035698, -33.97566897612186 ], [ 18.402344556272009, -33.971164145290778 ], [ 18.396937666910265, -33.971049824195816 ], [ 18.396800296120777, -33.97555463574119 ], [ 18.402207470035698, -33.97566897612186 ] ] ] } },
{ "type": "Feature", "properties": { }, "geometry": { "type": "Polygon", "coordinates": [ [ [ 18.402344556272009, -33.971164145290778 ], [ 18.402481612057564, -33.966659310669151 ], [ 18.397075007185908, -33.966545008857899 ], [ 18.396937666910265, -33.971049824195816 ], [ 18.402344556272009, -33.971164145290778 ] ] ] } },
{ "type": "Feature", "properties": { }, "geometry": { "type": "Polygon", "coordinates": [ [ [ 18.402481612057564, -33.966659310669151 ], [ 18.402618637398849, -33.962154472257289 ], [ 18.397212316954217, -33.962040189727759 ], [ 18.397075007185908, -33.966545008857899 ], [ 18.402481612057564, -33.966659310669151 ] ] ] } },
{ "type": "Feature", "properties": { }, "geometry": { "type": "Polygon", "coordinates": [ [ [ 18.402618637398849, -33.962154472257289 ], [ 18.402755632302338, -33.957649630055563 ], [ 18.397349596221677, -33.957535366805743 ], [ 18.397212316954217, -33.962040189727759 ], [ 18.402618637398849, -33.962154472257289 ] ] ] } },
{ "type": "Feature", "properties": { }, "geometry": { "type": "Polygon", "coordinates": [ [ [ 18.402755632302338, -33.957649630055563 ], [ 18.402892596774521, -33.953144784064264 ], [ 18.397486844994784, -33.953030540092186 ], [ 18.397349596221677, -33.957535366805743 ], [ 18.402755632302338, -33.957649630055563 ] ] ] } },
{ "type": "Feature", "properties": { }, "geometry": { "type": "Polygon", "coordinates": [ [ [ 18.402892596774521, -33.953144784064264 ], [ 18.403029530821868, -33.948639934283783 ], [ 18.397624063280027, -33.94852570958745 ], [ 18.397486844994784, -33.953030540092186 ], [ 18.402892596774521, -33.953144784064264 ] ] ] } },
{ "type": "Feature", "properties": { }, "geometry": { "type": "Polygon", "coordinates": [ [ [ 18.403029530821868, -33.948639934283783 ], [ 18.40316643445086, -33.944135080714432 ], [ 18.397761251083899, -33.944020875291855 ], [ 18.397624063280027, -33.94852570958745 ], [ 18.403029530821868, -33.948639934283783 ] ] ] } },
{ "type": "Feature", "properties": { }, "geometry": { "type": "Polygon", "coordinates": [ [ [ 18.40316643445086, -33.944135080714432 ], [ 18.403303307667969, -33.939630223356559 ], [ 18.397898408412878, -33.939516037205735 ], [ 18.397761251083899, -33.944020875291855 ], [ 18.40316643445086, -33.944135080714432 ] ] ] } },
{ "type": "Feature", "properties": { }, "geometry": { "type": "Polygon", "coordinates": [ [ [ 18.403303307667969, -33.939630223356559 ], [ 18.403440150479657, -33.935125362210513 ], [ 18.398035535273454, -33.935011195329459 ], [ 18.397898408412878, -33.939516037205735 ], [ 18.403303307667969, -33.939630223356559 ] ] ] } },
{ "type": "Feature", "properties": { }, "geometry": { "type": "Polygon", "coordinates": [ [ [ 18.403440150479657, -33.935125362210513 ], [ 18.403576962892402, -33.930620497276635 ], [ 18.398172631672107, -33.930506349663347 ], [ 18.398035535273454, -33.935011195329459 ], [ 18.403440150479657, -33.935125362210513 ] ] ] } },
{ "type": "Feature", "properties": { }, "geometry": { "type": "Polygon", "coordinates": [ [ [ 18.403576962892402, -33.930620497276635 ], [ 18.403713744912668, -33.926115628555252 ], [ 18.398309697615318, -33.926001500207761 ], [ 18.398172631672107, -33.930506349663347 ], [ 18.403576962892402, -33.930620497276635 ] ] ] } },
{ "type": "Feature", "properties": { }, "geometry": { "type": "Polygon", "coordinates": [ [ [ 18.403713744912668, -33.926115628555252 ], [ 18.403850496546919, -33.921610756046704 ], [ 18.398446733109566, -33.921496646963014 ], [ 18.398309697615318, -33.926001500207761 ], [ 18.403713744912668, -33.926115628555252 ] ] ] } },
{ "type": "Feature", "properties": { }, "geometry": { "type": "Polygon", "coordinates": [ [ [ 18.403850496546919, -33.921610756046704 ], [ 18.403987217801614, -33.91710587975134 ], [ 18.398583738161321, -33.916991789929469 ], [ 18.398446733109566, -33.921496646963014 ], [ 18.403850496546919, -33.921610756046704 ] ] ] } },
{ "type": "Feature", "properties": { }, "geometry": { "type": "Polygon", "coordinates": [ [ [ 18.403987217801614, -33.91710587975134 ], [ 18.404123908683214, -33.912600999669507 ], [ 18.39872071277706, -33.912486929107459 ], [ 18.398583738161321, -33.916991789929469 ], [ 18.403987217801614, -33.91710587975134 ] ] ] } },
{ "type": "Feature", "properties": { }, "geometry": { "type": "Polygon", "coordinates": [ [ [ 18.404123908683214, -33.912600999669507 ], [ 18.404260569198179, -33.908096115801534 ], [ 18.398857656963251, -33.907982064497332 ], [ 18.39872071277706, -33.912486929107459 ], [ 18.404123908683214, -33.912600999669507 ] ] ] } },
{ "type": "Feature", "properties": { }, "geometry": { "type": "Polygon", "coordinates": [ [ [ 18.404260569198179, -33.908096115801534 ], [ 18.40439719935296, -33.903591228147789 ], [ 18.398994570726362, -33.903477196099423 ], [ 18.398857656963251, -33.907982064497332 ], [ 18.404260569198179, -33.908096115801534 ] ] ] } },
{ "type": "Feature", "properties": { }, "geometry": { "type": "Polygon", "coordinates": [ [ [ 18.40439719935296, -33.903591228147789 ], [ 18.404533799154013, -33.899086336708564 ], [ 18.399131454072865, -33.89897232391408 ], [ 18.398994570726362, -33.903477196099423 ], [ 18.40439719935296, -33.903591228147789 ] ] ] } },
{ "type": "Feature", "properties": { }, "geometry": { "type": "Polygon", "coordinates": [ [ [ 18.404533799154013, -33.899086336708564 ], [ 18.404670368607793, -33.894581441484227 ], [ 18.399268307009219, -33.894467447941636 ], [ 18.399131454072865, -33.89897232391408 ], [ 18.404533799154013, -33.899086336708564 ] ] ] } },
{ "type": "Feature", "properties": { }, "geometry": { "type": "Polygon", "coordinates": [ [ [ 18.404670368607793, -33.894581441484227 ], [ 18.404806907720737, -33.890076542475136 ], [ 18.399405129541886, -33.88996256818244 ], [ 18.399268307009219, -33.894467447941636 ], [ 18.404670368607793, -33.894581441484227 ] ] ] } },
{ "type": "Feature", "properties": { }, "geometry": { "type": "Polygon", "coordinates": [ [ [ 18.404806907720737, -33.890076542475136 ], [ 18.4049434164993, -33.885571639681608 ], [ 18.399541921677326, -33.885457684636826 ], [ 18.399405129541886, -33.88996256818244 ], [ 18.404806907720737, -33.890076542475136 ] ] ] } },
{ "type": "Feature", "properties": { }, "geometry": { "type": "Polygon", "coordinates": [ [ [ 18.4049434164993, -33.885571639681608 ], [ 18.405079894949925, -33.881066733103992 ], [ 18.399678683422, -33.880952797305142 ], [ 18.399541921677326, -33.885457684636826 ], [ 18.4049434164993, -33.885571639681608 ] ] ] } },
{ "type": "Feature", "properties": { }, "geometry": { "type": "Polygon", "coordinates": [ [ [ 18.405079894949925, -33.881066733103992 ], [ 18.405216343079054, -33.876561822742637 ], [ 18.39981541478236, -33.876447906187735 ], [ 18.399678683422, -33.880952797305142 ], [ 18.405079894949925, -33.881066733103992 ] ] ] } },
{ "type": "Feature", "properties": { }, "geometry": { "type": "Polygon", "coordinates": [ [ [ 18.405216343079054, -33.876561822742637 ], [ 18.405352760893127, -33.87205690859787 ], [ 18.399952115764858, -33.871943011284934 ], [ 18.39981541478236, -33.876447906187735 ], [ 18.405216343079054, -33.876561822742637 ] ] ] } },
{ "type": "Feature", "properties": { }, "geometry": { "type": "Polygon", "coordinates": [ [ [ 18.405352760893127, -33.87205690859787 ], [ 18.40548914839858, -33.867551990670037 ], [ 18.400088786375949, -33.867438112597092 ], [ 18.399952115764858, -33.871943011284934 ], [ 18.405352760893127, -33.87205690859787 ] ] ] } },
{ "type": "Feature", "properties": { }, "geometry": { "type": "Polygon", "coordinates": [ [ [ 18.40548914839858, -33.867551990670037 ], [ 18.405625505601851, -33.863047068959489 ], [ 18.400225426622079, -33.862933210124545 ], [ 18.400088786375949, -33.867438112597092 ], [ 18.40548914839858, -33.867551990670037 ] ] ] } },
{ "type": "Feature", "properties": { }, "geometry": { "type": "Polygon", "coordinates": [ [ [ 18.405625505601851, -33.863047068959489 ], [ 18.405761832509366, -33.858542143466543 ], [ 18.400362036509694, -33.858428303867633 ], [ 18.400225426622079, -33.862933210124545 ], [ 18.405625505601851, -33.863047068959489 ] ] ] } },
{ "type": "Feature", "properties": { }, "geometry": { "type": "Polygon", "coordinates": [ [ [ 18.405761832509366, -33.858542143466543 ], [ 18.405898129127571, -33.854037214191571 ], [ 18.400498616045244, -33.853923393826712 ], [ 18.400362036509694, -33.858428303867633 ], [ 18.405761832509366, -33.858542143466543 ] ] ] } },
{ "type": "Feature", "properties": { }, "geometry": { "type": "Polygon", "coordinates": [ [ [ 18.405696256600709, -34.038850582336877 ], [ 18.405833484385379, -34.03434578533578 ], [ 18.400422574990731, -34.034231431829554 ], [ 18.400285061761796, -34.038736209556987 ], [ 18.405696256600709, -34.038850582336877 ] ] ] } },
{ "type": "Feature", "properties": { }, "geometry": { "type": "Polygon", "coordinates": [ [ [ 18.405833484385379, -34.03434578533578 ], [ 18.405970681691556, -34.029840984541366 ], [ 18.400560057677904, -34.029726650306785 ], [ 18.400422574990731, -34.034231431829554 ], [ 18.405833484385379, -34.03434578533578 ] ] ] } },
{ "type": "Feature", "properties": { }, "geometry": { "type": "Polygon", "coordinates": [ [ [ 18.405970681691556, -34.029840984541366 ], [ 18.40610784852575, -34.025336179953953 ], [ 18.400697509829826, -34.025221864989021 ], [ 18.400560057677904, -34.029726650306785 ], [ 18.405970681691556, -34.029840984541366 ] ] ] } },
{ "type": "Feature", "properties": { }, "geometry": { "type": "Polygon", "coordinates": [ [ [ 18.40610784852575, -34.025336179953953 ], [ 18.40624498489445, -34.020831371573884 ], [ 18.400834931453016, -34.020717075876625 ], [ 18.400697509829826, -34.025221864989021 ], [ 18.40610784852575, -34.025336179953953 ] ] ] } },
{ "type": "Feature", "properties": { }, "geometry": { "type": "Polygon", "coordinates": [ [ [ 18.40624498489445, -34.020831371573884 ], [ 18.406382090804161, -34.016326559401513 ], [ 18.400972322553979, -34.016212282969924 ], [ 18.400834931453016, -34.020717075876625 ], [ 18.40624498489445, -34.020831371573884 ] ] ] } },
{ "type": "Feature", "properties": { }, "geometry": { "type": "Polygon", "coordinates": [ [ [ 18.406382090804161, -34.016326559401513 ], [ 18.406519166261379, -34.011821743437181 ], [ 18.401109683139232, -34.011707486269252 ], [ 18.400972322553979, -34.016212282969924 ], [ 18.406382090804161, -34.016326559401513 ] ] ] } },
{ "type": "Feature", "properties": { }, "geometry": { "type": "Polygon", "coordinates": [ [ [ 18.406519166261379, -34.011821743437181 ], [ 18.40665621127259, -34.007316923681195 ], [ 18.401247013215265, -34.007202685774956 ], [ 18.401109683139232, -34.011707486269252 ], [ 18.406519166261379, -34.011821743437181 ] ] ] } },
{ "type": "Feature", "properties": { }, "geometry": { "type": "Polygon", "coordinates": [ [ [ 18.40665621127259, -34.007316923681195 ], [ 18.406793225844286, -34.002812100133923 ], [ 18.401384312788601, -34.00269788148735 ], [ 18.401247013215265, -34.007202685774956 ], [ 18.40665621127259, -34.007316923681195 ] ] ] } },
{ "type": "Feature", "properties": { }, "geometry": { "type": "Polygon", "coordinates": [ [ [ 18.406793225844286, -34.002812100133923 ], [ 18.406930209982956, -33.998307272795707 ], [ 18.401521581865726, -33.998193073406824 ], [ 18.401384312788601, -34.00269788148735 ], [ 18.406793225844286, -34.002812100133923 ] ] ] } },
{ "type": "Feature", "properties": { }, "geometry": { "type": "Polygon", "coordinates": [ [ [ 18.406930209982956, -33.998307272795707 ], [ 18.407067163695089, -33.993802441666858 ], [ 18.40165882045315, -33.993688261533677 ], [ 18.401521581865726, -33.998193073406824 ], [ 18.406930209982956, -33.998307272795707 ] ] ] } },
{ "type": "Feature", "properties": { }, "geometry": { "type": "Polygon", "coordinates": [ [ [ 18.407067163695089, -33.993802441666858 ], [ 18.407204086987164, -33.989297606747741 ], [ 18.401796028557367, -33.989183445868264 ], [ 18.40165882045315, -33.993688261533677 ], [ 18.407067163695089, -33.993802441666858 ] ] ] } },
{ "type": "Feature", "properties": { }, "geometry": { "type": "Polygon", "coordinates": [ [ [ 18.407204086987164, -33.989297606747741 ], [ 18.407340979865666, -33.984792768038709 ], [ 18.401933206184868, -33.98467862641094 ], [ 18.401796028557367, -33.989183445868264 ], [ 18.407204086987164, -33.989297606747741 ] ] ] } },
{ "type": "Feature", "properties": { }, "geometry": { "type": "Polygon", "coordinates": [ [ [ 18.407340979865666, -33.984792768038709 ], [ 18.407477842337073, -33.980287925540068 ], [ 18.402070353342147, -33.980173803162025 ], [ 18.401933206184868, -33.98467862641094 ], [ 18.407340979865666, -33.984792768038709 ] ] ] } },
{ "type": "Feature", "properties": { }, "geometry": { "type": "Polygon", "coordinates": [ [ [ 18.407477842337073, -33.980287925540068 ], [ 18.40761467440786, -33.975783079252182 ], [ 18.402207470035698, -33.97566897612186 ], [ 18.402070353342147, -33.980173803162025 ], [ 18.407477842337073, -33.980287925540068 ] ] ] } },
{ "type": "Feature", "properties": { }, "geometry": { "type": "Polygon", "coordinates": [ [ [ 18.40761467440786, -33.975783079252182 ], [ 18.40775147608451, -33.971278229175368 ], [ 18.402344556272009, -33.971164145290778 ], [ 18.402207470035698, -33.97566897612186 ], [ 18.40761467440786, -33.975783079252182 ] ] ] } },
{ "type": "Feature", "properties": { }, "geometry": { "type": "Polygon", "coordinates": [ [ [ 18.40775147608451, -33.971278229175368 ], [ 18.407888247373485, -33.966773375309991 ], [ 18.402481612057564, -33.966659310669151 ], [ 18.402344556272009, -33.971164145290778 ], [ 18.40775147608451, -33.971278229175368 ] ] ] } },
{ "type": "Feature", "properties": { }, "geometry": { "type": "Polygon", "coordinates": [ [ [ 18.407888247373485, -33.966773375309991 ], [ 18.408024988281266, -33.962268517656369 ], [ 18.402618637398849, -33.962154472257289 ], [ 18.402481612057564, -33.966659310669151 ], [ 18.407888247373485, -33.966773375309991 ] ] ] } },
{ "type": "Feature", "properties": { }, "geometry": { "type": "Polygon", "coordinates": [ [ [ 18.408024988281266, -33.962268517656369 ], [ 18.408161698814308, -33.957763656214858 ], [ 18.402755632302338, -33.957649630055563 ], [ 18.402618637398849, -33.962154472257289 ], [ 18.408024988281266, -33.962268517656369 ] ] ] } },
{ "type": "Feature", "properties": { }, "geometry": { "type": "Polygon", "coordinates": [ [ [ 18.408161698814308, -33.957763656214858 ], [ 18.40829837897909, -33.953258790985792 ], [ 18.402892596774521, -33.953144784064264 ], [ 18.402755632302338, -33.957649630055563 ], [ 18.408161698814308, -33.957763656214858 ] ] ] } },
{ "type": "Feature", "properties": { }, "geometry": { "type": "Polygon", "coordinates": [ [ [ 18.40829837897909, -33.953258790985792 ], [ 18.408435028782069, -33.948753921969512 ], [ 18.403029530821868, -33.948639934283783 ], [ 18.402892596774521, -33.953144784064264 ], [ 18.40829837897909, -33.953258790985792 ] ] ] } },
{ "type": "Feature", "properties": { }, "geometry": { "type": "Polygon", "coordinates": [ [ [ 18.408435028782069, -33.948753921969512 ], [ 18.40857164822971, -33.944249049166352 ], [ 18.40316643445086, -33.944135080714432 ], [ 18.403029530821868, -33.948639934283783 ], [ 18.408435028782069, -33.948753921969512 ] ] ] } },
{ "type": "Feature", "properties": { }, "geometry": { "type": "Polygon", "coordinates": [ [ [ 18.40857164822971, -33.944249049166352 ], [ 18.408708237328469, -33.939744172576653 ], [ 18.403303307667969, -33.939630223356559 ], [ 18.40316643445086, -33.944135080714432 ], [ 18.40857164822971, -33.944249049166352 ] ] ] } },
{ "type": "Feature", "properties": { }, "geometry": { "type": "Polygon", "coordinates": [ [ [ 18.408708237328469, -33.939744172576653 ], [ 18.408844796084807, -33.935239292200784 ], [ 18.403440150479657, -33.935125362210513 ], [ 18.403303307667969, -33.939630223356559 ], [ 18.408708237328469, -33.939744172576653 ] ] ] } },
{ "type": "Feature", "properties": { }, "geometry": { "type": "Polygon", "coordinates": [ [ [ 18.408844796084807, -33.935239292200784 ], [ 18.408981324505177, -33.930734408039044 ], [ 18.403576962892402, -33.930620497276635 ], [ 18.403440150479657, -33.935125362210513 ], [ 18.408844796084807, -33.935239292200784 ] ] ] } },
{ "type": "Feature", "properties": { }, "geometry": { "type": "Polygon", "coordinates": [ [ [ 18.408981324505177, -33.930734408039044 ], [ 18.409117822596034, -33.926229520091788 ], [ 18.403713744912668, -33.926115628555252 ], [ 18.403576962892402, -33.930620497276635 ], [ 18.408981324505177, -33.930734408039044 ] ] ] } },
{ "type": "Feature", "properties": { }, "geometry": { "type": "Polygon", "coordinates": [ [ [ 18.409117822596034, -33.926229520091788 ], [ 18.409254290363823, -33.921724628359364 ], [ 18.403850496546919, -33.921610756046704 ], [ 18.403713744912668, -33.926115628555252 ], [ 18.409117822596034, -33.926229520091788 ] ] ] } },
{ "type": "Feature", "properties": { }, "geometry": { "type": "Polygon", "coordinates": [ [ [ 18.409254290363823, -33.921724628359364 ], [ 18.409390727815001, -33.917219732842113 ], [ 18.403987217801614, -33.91710587975134 ], [ 18.403850496546919, -33.921610756046704 ], [ 18.409254290363823, -33.921724628359364 ] ] ] } },
{ "type": "Feature", "properties": { }, "geometry": { "type": "Polygon", "coordinates": [ [ [ 18.409390727815001, -33.917219732842113 ], [ 18.409527134956008, -33.912714833540356 ], [ 18.404123908683214, -33.912600999669507 ], [ 18.403987217801614, -33.91710587975134 ], [ 18.409390727815001, -33.917219732842113 ] ] ] } },
{ "type": "Feature", "properties": { }, "geometry": { "type": "Polygon", "coordinates": [ [ [ 18.409527134956008, -33.912714833540356 ], [ 18.409663511793291, -33.908209930454454 ], [ 18.404260569198179, -33.908096115801534 ], [ 18.404123908683214, -33.912600999669507 ], [ 18.409527134956008, -33.912714833540356 ] ] ] } },
{ "type": "Feature", "properties": { }, "geometry": { "type": "Polygon", "coordinates": [ [ [ 18.409663511793291, -33.908209930454454 ], [ 18.40979985833329, -33.903705023584742 ], [ 18.40439719935296, -33.903591228147789 ], [ 18.404260569198179, -33.908096115801534 ], [ 18.409663511793291, -33.908209930454454 ] ] ] } },
{ "type": "Feature", "properties": { }, "geometry": { "type": "Polygon", "coordinates": [ [ [ 18.40979985833329, -33.903705023584742 ], [ 18.409936174582441, -33.89920011293156 ], [ 18.404533799154013, -33.899086336708564 ], [ 18.40439719935296, -33.903591228147789 ], [ 18.40979985833329, -33.903705023584742 ] ] ] } },
{ "type": "Feature", "properties": { }, "geometry": { "type": "Polygon", "coordinates": [ [ [ 18.409936174582441, -33.89920011293156 ], [ 18.410072460547191, -33.894695198495249 ], [ 18.404670368607793, -33.894581441484227 ], [ 18.404533799154013, -33.899086336708564 ], [ 18.409936174582441, -33.89920011293156 ] ] ] } },
{ "type": "Feature", "properties": { }, "geometry": { "type": "Polygon", "coordinates": [ [ [ 18.410072460547191, -33.894695198495249 ], [ 18.410208716233971, -33.89019028027613 ], [ 18.404806907720737, -33.890076542475136 ], [ 18.404670368607793, -33.894581441484227 ], [ 18.410072460547191, -33.894695198495249 ] ] ] } },
{ "type": "Feature", "properties": { }, "geometry": { "type": "Polygon", "coordinates": [ [ [ 18.410208716233971, -33.89019028027613 ], [ 18.410344941649214, -33.885685358274586 ], [ 18.4049434164993, -33.885571639681608 ], [ 18.404806907720737, -33.890076542475136 ], [ 18.410208716233971, -33.89019028027613 ] ] ] } },
{ "type": "Feature", "properties": { }, "geometry": { "type": "Polygon", "coordinates": [ [ [ 18.410344941649214, -33.885685358274586 ], [ 18.410481136799348, -33.881180432490908 ], [ 18.405079894949925, -33.881066733103992 ], [ 18.4049434164993, -33.885571639681608 ], [ 18.410344941649214, -33.885685358274586 ] ] ] } },
{ "type": "Feature", "properties": { }, "geometry": { "type": "Polygon", "coordinates": [ [ [ 18.410481136799348, -33.881180432490908 ], [ 18.410617301690806, -33.876675502925487 ], [ 18.405216343079054, -33.876561822742637 ], [ 18.405079894949925, -33.881066733103992 ], [ 18.410481136799348, -33.881180432490908 ] ] ] } },
{ "type": "Feature", "properties": { }, "geometry": { "type": "Polygon", "coordinates": [ [ [ 18.410617301690806, -33.876675502925487 ], [ 18.410753436330012, -33.872170569578628 ], [ 18.405352760893127, -33.87205690859787 ], [ 18.405216343079054, -33.876561822742637 ], [ 18.410617301690806, -33.876675502925487 ] ] ] } },
{ "type": "Feature", "properties": { }, "geometry": { "type": "Polygon", "coordinates": [ [ [ 18.410753436330012, -33.872170569578628 ], [ 18.410889540723392, -33.867665632450681 ], [ 18.40548914839858, -33.867551990670037 ], [ 18.405352760893127, -33.87205690859787 ], [ 18.410753436330012, -33.872170569578628 ] ] ] } },
{ "type": "Feature", "properties": { }, "geometry": { "type": "Polygon", "coordinates": [ [ [ 18.410889540723392, -33.867665632450681 ], [ 18.411025614877371, -33.863160691541992 ], [ 18.405625505601851, -33.863047068959489 ], [ 18.40548914839858, -33.867551990670037 ], [ 18.410889540723392, -33.867665632450681 ] ] ] } },
{ "type": "Feature", "properties": { }, "geometry": { "type": "Polygon", "coordinates": [ [ [ 18.411025614877371, -33.863160691541992 ], [ 18.41116165879836, -33.858655746852904 ], [ 18.405761832509366, -33.858542143466543 ], [ 18.405625505601851, -33.863047068959489 ], [ 18.411025614877371, -33.863160691541992 ] ] ] } },
{ "type": "Feature", "properties": { }, "geometry": { "type": "Polygon", "coordinates": [ [ [ 18.41116165879836, -33.858655746852904 ], [ 18.411297672492783, -33.854150798383756 ], [ 18.405898129127571, -33.854037214191571 ], [ 18.405761832509366, -33.858542143466543 ], [ 18.41116165879836, -33.858655746852904 ] ] ] } },
{ "type": "Feature", "properties": { }, "geometry": { "type": "Polygon", "coordinates": [ [ [ 18.411107481924613, -34.038964717302008 ], [ 18.411244424258513, -34.034459901067294 ], [ 18.405833484385379, -34.03434578533578 ], [ 18.405696256600709, -34.038850582336877 ], [ 18.411107481924613, -34.038964717302008 ] ] ] } },
{ "type": "Feature", "properties": { }, "geometry": { "type": "Polygon", "coordinates": [ [ [ 18.411244424258513, -34.034459901067294 ], [ 18.4113813361772, -34.029955081041244 ], [ 18.405970681691556, -34.029840984541366 ], [ 18.405833484385379, -34.03434578533578 ], [ 18.411244424258513, -34.034459901067294 ] ] ] } },
{ "type": "Feature", "properties": { }, "geometry": { "type": "Polygon", "coordinates": [ [ [ 18.4113813361772, -34.029955081041244 ], [ 18.41151821768716, -34.025450257224186 ], [ 18.40610784852575, -34.025336179953953 ], [ 18.405970681691556, -34.029840984541366 ], [ 18.4113813361772, -34.029955081041244 ] ] ] } },
{ "type": "Feature", "properties": { }, "geometry": { "type": "Polygon", "coordinates": [ [ [ 18.41151821768716, -34.025450257224186 ], [ 18.411655068794882, -34.020945429616475 ], [ 18.40624498489445, -34.020831371573884 ], [ 18.40610784852575, -34.025336179953953 ], [ 18.41151821768716, -34.025450257224186 ] ] ] } },
{ "type": "Feature", "properties": { }, "geometry": { "type": "Polygon", "coordinates": [ [ [ 18.411655068794882, -34.020945429616475 ], [ 18.411791889506844, -34.016440598218438 ], [ 18.406382090804161, -34.016326559401513 ], [ 18.40624498489445, -34.020831371573884 ], [ 18.411655068794882, -34.020945429616475 ] ] ] } },
{ "type": "Feature", "properties": { }, "geometry": { "type": "Polygon", "coordinates": [ [ [ 18.411791889506844, -34.016440598218438 ], [ 18.411928679829529, -34.011935763030429 ], [ 18.406519166261379, -34.011821743437181 ], [ 18.406382090804161, -34.016326559401513 ], [ 18.411791889506844, -34.016440598218438 ] ] ] } },
{ "type": "Feature", "properties": { }, "geometry": { "type": "Polygon", "coordinates": [ [ [ 18.411928679829529, -34.011935763030429 ], [ 18.412065439769421, -34.00743092405277 ], [ 18.40665621127259, -34.007316923681195 ], [ 18.406519166261379, -34.011821743437181 ], [ 18.411928679829529, -34.011935763030429 ] ] ] } },
{ "type": "Feature", "properties": { }, "geometry": { "type": "Polygon", "coordinates": [ [ [ 18.412065439769421, -34.00743092405277 ], [ 18.412202169332993, -34.002926081285821 ], [ 18.406793225844286, -34.002812100133923 ], [ 18.40665621127259, -34.007316923681195 ], [ 18.412065439769421, -34.00743092405277 ] ] ] } },
{ "type": "Feature", "properties": { }, "geometry": { "type": "Polygon", "coordinates": [ [ [ 18.412202169332993, -34.002926081285821 ], [ 18.412338868526724, -33.998421234729904 ], [ 18.406930209982956, -33.998307272795707 ], [ 18.406793225844286, -34.002812100133923 ], [ 18.412202169332993, -34.002926081285821 ] ] ] } },
{ "type": "Feature", "properties": { }, "geometry": { "type": "Polygon", "coordinates": [ [ [ 18.412338868526724, -33.998421234729904 ], [ 18.412475537357079, -33.993916384385358 ], [ 18.407067163695089, -33.993802441666858 ], [ 18.406930209982956, -33.998307272795707 ], [ 18.412338868526724, -33.998421234729904 ] ] ] } },
{ "type": "Feature", "properties": { }, "geometry": { "type": "Polygon", "coordinates": [ [ [ 18.412475537357079, -33.993916384385358 ], [ 18.412612175830539, -33.989411530252525 ], [ 18.407204086987164, -33.989297606747741 ], [ 18.407067163695089, -33.993802441666858 ], [ 18.412475537357079, -33.993916384385358 ] ] ] } },
{ "type": "Feature", "properties": { }, "geometry": { "type": "Polygon", "coordinates": [ [ [ 18.412612175830539, -33.989411530252525 ], [ 18.41274878395356, -33.984906672331746 ], [ 18.407340979865666, -33.984792768038709 ], [ 18.407204086987164, -33.989297606747741 ], [ 18.412612175830539, -33.989411530252525 ] ] ] } },
{ "type": "Feature", "properties": { }, "geometry": { "type": "Polygon", "coordinates": [ [ [ 18.41274878395356, -33.984906672331746 ], [ 18.412885361732616, -33.980401810623363 ], [ 18.407477842337073, -33.980287925540068 ], [ 18.407340979865666, -33.984792768038709 ], [ 18.41274878395356, -33.984906672331746 ] ] ] } },
{ "type": "Feature", "properties": { }, "geometry": { "type": "Polygon", "coordinates": [ [ [ 18.412885361732616, -33.980401810623363 ], [ 18.413021909174169, -33.975896945127722 ], [ 18.40761467440786, -33.975783079252182 ], [ 18.407477842337073, -33.980287925540068 ], [ 18.412885361732616, -33.980401810623363 ] ] ] } },
{ "type": "Feature", "properties": { }, "geometry": { "type": "Polygon", "coordinates": [ [ [ 18.413021909174169, -33.975896945127722 ], [ 18.413158426284681, -33.971392075845138 ], [ 18.40775147608451, -33.971278229175368 ], [ 18.40761467440786, -33.975783079252182 ], [ 18.413021909174169, -33.975896945127722 ] ] ] } },
{ "type": "Feature", "properties": { }, "geometry": { "type": "Polygon", "coordinates": [ [ [ 18.413158426284681, -33.971392075845138 ], [ 18.413294913070608, -33.966887202775979 ], [ 18.407888247373485, -33.966773375309991 ], [ 18.40775147608451, -33.971278229175368 ], [ 18.413158426284681, -33.971392075845138 ] ] ] } },
{ "type": "Feature", "properties": { }, "geometry": { "type": "Polygon", "coordinates": [ [ [ 18.413294913070608, -33.966887202775979 ], [ 18.413431369538412, -33.962382325920551 ], [ 18.408024988281266, -33.962268517656369 ], [ 18.407888247373485, -33.966773375309991 ], [ 18.413294913070608, -33.966887202775979 ] ] ] } },
{ "type": "Feature", "properties": { }, "geometry": { "type": "Polygon", "coordinates": [ [ [ 18.413431369538412, -33.962382325920551 ], [ 18.413567795694544, -33.957877445279237 ], [ 18.408161698814308, -33.957763656214858 ], [ 18.408024988281266, -33.962268517656369 ], [ 18.413431369538412, -33.962382325920551 ] ] ] } },
{ "type": "Feature", "properties": { }, "geometry": { "type": "Polygon", "coordinates": [ [ [ 18.413567795694544, -33.957877445279237 ], [ 18.41370419154546, -33.95337256085233 ], [ 18.40829837897909, -33.953258790985792 ], [ 18.408161698814308, -33.957763656214858 ], [ 18.413567795694544, -33.957877445279237 ] ] ] } },
{ "type": "Feature", "properties": { }, "geometry": { "type": "Polygon", "coordinates": [ [ [ 18.41370419154546, -33.95337256085233 ], [ 18.413840557097608, -33.948867672640205 ], [ 18.408435028782069, -33.948753921969512 ], [ 18.40829837897909, -33.953258790985792 ], [ 18.41370419154546, -33.95337256085233 ] ] ] } },
{ "type": "Feature", "properties": { }, "geometry": { "type": "Polygon", "coordinates": [ [ [ 18.413840557097608, -33.948867672640205 ], [ 18.413976892357439, -33.944362780643175 ], [ 18.40857164822971, -33.944249049166352 ], [ 18.408435028782069, -33.948753921969512 ], [ 18.413840557097608, -33.948867672640205 ] ] ] } },
{ "type": "Feature", "properties": { }, "geometry": { "type": "Polygon", "coordinates": [ [ [ 18.413976892357439, -33.944362780643175 ], [ 18.414113197331393, -33.939857884861603 ], [ 18.408708237328469, -33.939744172576653 ], [ 18.40857164822971, -33.944249049166352 ], [ 18.413976892357439, -33.944362780643175 ] ] ] } },
{ "type": "Feature", "properties": { }, "geometry": { "type": "Polygon", "coordinates": [ [ [ 18.414113197331393, -33.939857884861603 ], [ 18.414249472025922, -33.935352985295815 ], [ 18.408844796084807, -33.935239292200784 ], [ 18.408708237328469, -33.939744172576653 ], [ 18.414113197331393, -33.939857884861603 ] ] ] } },
{ "type": "Feature", "properties": { }, "geometry": { "type": "Polygon", "coordinates": [ [ [ 18.414249472025922, -33.935352985295815 ], [ 18.414385716447466, -33.930848081946159 ], [ 18.408981324505177, -33.930734408039044 ], [ 18.408844796084807, -33.935239292200784 ], [ 18.414249472025922, -33.935352985295815 ] ] ] } },
{ "type": "Feature", "properties": { }, "geometry": { "type": "Polygon", "coordinates": [ [ [ 18.414385716447466, -33.930848081946159 ], [ 18.414521930602458, -33.926343174812963 ], [ 18.409117822596034, -33.926229520091788 ], [ 18.408981324505177, -33.930734408039044 ], [ 18.414385716447466, -33.930848081946159 ] ] ] } },
{ "type": "Feature", "properties": { }, "geometry": { "type": "Polygon", "coordinates": [ [ [ 18.414521930602458, -33.926343174812963 ], [ 18.414658114497342, -33.921838263896589 ], [ 18.409254290363823, -33.921724628359364 ], [ 18.409117822596034, -33.926229520091788 ], [ 18.414521930602458, -33.926343174812963 ] ] ] } },
{ "type": "Feature", "properties": { }, "geometry": { "type": "Polygon", "coordinates": [ [ [ 18.414658114497342, -33.921838263896589 ], [ 18.414794268138554, -33.917333349197342 ], [ 18.409390727815001, -33.917219732842113 ], [ 18.409254290363823, -33.921724628359364 ], [ 18.414658114497342, -33.921838263896589 ] ] ] } },
{ "type": "Feature", "properties": { }, "geometry": { "type": "Polygon", "coordinates": [ [ [ 18.414794268138554, -33.917333349197342 ], [ 18.414930391532526, -33.912828430715585 ], [ 18.409527134956008, -33.912714833540356 ], [ 18.409390727815001, -33.917219732842113 ], [ 18.414794268138554, -33.917333349197342 ] ] ] } },
{ "type": "Feature", "properties": { }, "geometry": { "type": "Polygon", "coordinates": [ [ [ 18.414930391532526, -33.912828430715585 ], [ 18.415066484685681, -33.908323508451659 ], [ 18.409663511793291, -33.908209930454454 ], [ 18.409527134956008, -33.912714833540356 ], [ 18.414930391532526, -33.912828430715585 ] ] ] } },
{ "type": "Feature", "properties": { }, "geometry": { "type": "Polygon", "coordinates": [ [ [ 18.415066484685681, -33.908323508451659 ], [ 18.415202547604459, -33.903818582405911 ], [ 18.40979985833329, -33.903705023584742 ], [ 18.409663511793291, -33.908209930454454 ], [ 18.415066484685681, -33.908323508451659 ] ] ] } },
{ "type": "Feature", "properties": { }, "geometry": { "type": "Polygon", "coordinates": [ [ [ 18.415202547604459, -33.903818582405911 ], [ 18.415338580295273, -33.899313652578662 ], [ 18.409936174582441, -33.89920011293156 ], [ 18.40979985833329, -33.903705023584742 ], [ 18.415202547604459, -33.903818582405911 ] ] ] } },
{ "type": "Feature", "properties": { }, "geometry": { "type": "Polygon", "coordinates": [ [ [ 18.415338580295273, -33.899313652578662 ], [ 18.415474582764563, -33.894808718970246 ], [ 18.410072460547191, -33.894695198495249 ], [ 18.409936174582441, -33.89920011293156 ], [ 18.415338580295273, -33.899313652578662 ] ] ] } },
{ "type": "Feature", "properties": { }, "geometry": { "type": "Polygon", "coordinates": [ [ [ 18.415474582764563, -33.894808718970246 ], [ 18.415610555018741, -33.890303781581025 ], [ 18.410208716233971, -33.89019028027613 ], [ 18.410072460547191, -33.894695198495249 ], [ 18.415474582764563, -33.894808718970246 ] ] ] } },
{ "type": "Feature", "properties": { }, "geometry": { "type": "Polygon", "coordinates": [ [ [ 18.415610555018741, -33.890303781581025 ], [ 18.415746497064234, -33.885798840411333 ], [ 18.410344941649214, -33.885685358274586 ], [ 18.410208716233971, -33.89019028027613 ], [ 18.415610555018741, -33.890303781581025 ] ] ] } },
{ "type": "Feature", "properties": { }, "geometry": { "type": "Polygon", "coordinates": [ [ [ 18.415746497064234, -33.885798840411333 ], [ 18.415882408907446, -33.881293895461511 ], [ 18.410481136799348, -33.881180432490908 ], [ 18.410344941649214, -33.885685358274586 ], [ 18.415746497064234, -33.885798840411333 ] ] ] } },
{ "type": "Feature", "properties": { }, "geometry": { "type": "Polygon", "coordinates": [ [ [ 18.415882408907446, -33.881293895461511 ], [ 18.416018290554806, -33.876788946731892 ], [ 18.410617301690806, -33.876675502925487 ], [ 18.410481136799348, -33.881180432490908 ], [ 18.415882408907446, -33.881293895461511 ] ] ] } },
{ "type": "Feature", "properties": { }, "geometry": { "type": "Polygon", "coordinates": [ [ [ 18.416018290554806, -33.876788946731892 ], [ 18.416154142012726, -33.872283994222819 ], [ 18.410753436330012, -33.872170569578628 ], [ 18.410617301690806, -33.876675502925487 ], [ 18.416018290554806, -33.876788946731892 ] ] ] } },
{ "type": "Feature", "properties": { }, "geometry": { "type": "Polygon", "coordinates": [ [ [ 18.416154142012726, -33.872283994222819 ], [ 18.41628996328761, -33.867779037934632 ], [ 18.410889540723392, -33.867665632450681 ], [ 18.410753436330012, -33.872170569578628 ], [ 18.416154142012726, -33.872283994222819 ] ] ] } },
{ "type": "Feature", "properties": { }, "geometry": { "type": "Polygon", "coordinates": [ [ [ 18.41628996328761, -33.867779037934632 ], [ 18.416425754385873, -33.863274077867672 ], [ 18.411025614877371, -33.863160691541992 ], [ 18.410889540723392, -33.867665632450681 ], [ 18.41628996328761, -33.867779037934632 ] ] ] } },
{ "type": "Feature", "properties": { }, "geometry": { "type": "Polygon", "coordinates": [ [ [ 18.416425754385873, -33.863274077867672 ], [ 18.416561515313916, -33.858769114022287 ], [ 18.41116165879836, -33.858655746852904 ], [ 18.411025614877371, -33.863160691541992 ], [ 18.416425754385873, -33.863274077867672 ] ] ] } },
{ "type": "Feature", "properties": { }, "geometry": { "type": "Polygon", "coordinates": [ [ [ 18.416561515313916, -33.858769114022287 ], [ 18.416697246078147, -33.854264146398819 ], [ 18.411297672492783, -33.854150798383756 ], [ 18.41116165879836, -33.858655746852904 ], [ 18.416561515313916, -33.858769114022287 ] ] ] } },
{ "type": "Feature", "properties": { }, "geometry": { "type": "Polygon", "coordinates": [ [ [ 18.416518737670224, -34.039078614447952 ], [ 18.416655394546865, -34.034573779019638 ], [ 18.411244424258513, -34.034459901067294 ], [ 18.411107481924613, -34.038964717302008 ], [ 18.416518737670224, -34.039078614447952 ] ] ] } },
{ "type": "Feature", "properties": { }, "geometry": { "type": "Polygon", "coordinates": [ [ [ 18.416655394546865, -34.034573779019638 ], [ 18.416792021071569, -34.030068939801964 ], [ 18.4113813361772, -34.029955081041244 ], [ 18.411244424258513, -34.034459901067294 ], [ 18.416655394546865, -34.034573779019638 ] ] ] } },
{ "type": "Feature", "properties": { }, "geometry": { "type": "Polygon", "coordinates": [ [ [ 18.416792021071569, -34.030068939801964 ], [ 18.416928617250807, -34.025564096795286 ], [ 18.41151821768716, -34.025450257224186 ], [ 18.4113813361772, -34.029955081041244 ], [ 18.416792021071569, -34.030068939801964 ] ] ] } },
{ "type": "Feature", "properties": { }, "geometry": { "type": "Polygon", "coordinates": [ [ [ 18.416928617250807, -34.025564096795286 ], [ 18.417065183091065, -34.021059249999936 ], [ 18.411655068794882, -34.020945429616475 ], [ 18.41151821768716, -34.025450257224186 ], [ 18.416928617250807, -34.025564096795286 ] ] ] } },
{ "type": "Feature", "properties": { }, "geometry": { "type": "Polygon", "coordinates": [ [ [ 18.417065183091065, -34.021059249999936 ], [ 18.417201718598797, -34.01655439941625 ], [ 18.411791889506844, -34.016440598218438 ], [ 18.411655068794882, -34.020945429616475 ], [ 18.417065183091065, -34.021059249999936 ] ] ] } },
{ "type": "Feature", "properties": { }, "geometry": { "type": "Polygon", "coordinates": [ [ [ 18.417201718598797, -34.01655439941625 ], [ 18.417338223780476, -34.01204954504459 ], [ 18.411928679829529, -34.011935763030429 ], [ 18.411791889506844, -34.016440598218438 ], [ 18.417201718598797, -34.01655439941625 ] ] ] } },
{ "type": "Feature", "properties": { }, "geometry": { "type": "Polygon", "coordinates": [ [ [ 18.417338223780476, -34.01204954504459 ], [ 18.417474698642575, -34.007544686885261 ], [ 18.412065439769421, -34.00743092405277 ], [ 18.411928679829529, -34.011935763030429 ], [ 18.417338223780476, -34.01204954504459 ] ] ] } },
{ "type": "Feature", "properties": { }, "geometry": { "type": "Polygon", "coordinates": [ [ [ 18.417474698642575, -34.007544686885261 ], [ 18.417611143191547, -34.003039824938604 ], [ 18.412202169332993, -34.002926081285821 ], [ 18.412065439769421, -34.00743092405277 ], [ 18.417474698642575, -34.007544686885261 ] ] ] } },
{ "type": "Feature", "properties": { }, "geometry": { "type": "Polygon", "coordinates": [ [ [ 18.417611143191547, -34.003039824938604 ], [ 18.417747557433863, -33.998534959204981 ], [ 18.412338868526724, -33.998421234729904 ], [ 18.412202169332993, -34.002926081285821 ], [ 18.417611143191547, -34.003039824938604 ] ] ] } },
{ "type": "Feature", "properties": { }, "geometry": { "type": "Polygon", "coordinates": [ [ [ 18.417747557433863, -33.998534959204981 ], [ 18.417883941375976, -33.994030089684721 ], [ 18.412475537357079, -33.993916384385358 ], [ 18.412338868526724, -33.998421234729904 ], [ 18.417747557433863, -33.998534959204981 ] ] ] } },
{ "type": "Feature", "properties": { }, "geometry": { "type": "Polygon", "coordinates": [ [ [ 18.417883941375976, -33.994030089684721 ], [ 18.418020295024341, -33.989525216378148 ], [ 18.412612175830539, -33.989411530252525 ], [ 18.412475537357079, -33.993916384385358 ], [ 18.417883941375976, -33.994030089684721 ] ] ] } },
{ "type": "Feature", "properties": { }, "geometry": { "type": "Polygon", "coordinates": [ [ [ 18.418020295024341, -33.989525216378148 ], [ 18.418156618385421, -33.985020339285633 ], [ 18.41274878395356, -33.984906672331746 ], [ 18.412612175830539, -33.989411530252525 ], [ 18.418020295024341, -33.989525216378148 ] ] ] } },
{ "type": "Feature", "properties": { }, "geometry": { "type": "Polygon", "coordinates": [ [ [ 18.418156618385421, -33.985020339285633 ], [ 18.41829291146566, -33.980515458407496 ], [ 18.412885361732616, -33.980401810623363 ], [ 18.41274878395356, -33.984906672331746 ], [ 18.418156618385421, -33.985020339285633 ] ] ] } },
{ "type": "Feature", "properties": { }, "geometry": { "type": "Polygon", "coordinates": [ [ [ 18.41829291146566, -33.980515458407496 ], [ 18.418429174271516, -33.976010573744055 ], [ 18.413021909174169, -33.975896945127722 ], [ 18.412885361732616, -33.980401810623363 ], [ 18.41829291146566, -33.980515458407496 ] ] ] } },
{ "type": "Feature", "properties": { }, "geometry": { "type": "Polygon", "coordinates": [ [ [ 18.418429174271516, -33.976010573744055 ], [ 18.418565406809432, -33.971505685295668 ], [ 18.413158426284681, -33.971392075845138 ], [ 18.413021909174169, -33.975896945127722 ], [ 18.418429174271516, -33.976010573744055 ] ] ] } },
{ "type": "Feature", "properties": { }, "geometry": { "type": "Polygon", "coordinates": [ [ [ 18.418565406809432, -33.971505685295668 ], [ 18.418701609085854, -33.967000793062688 ], [ 18.413294913070608, -33.966887202775979 ], [ 18.413158426284681, -33.971392075845138 ], [ 18.418565406809432, -33.971505685295668 ] ] ] } },
{ "type": "Feature", "properties": { }, "geometry": { "type": "Polygon", "coordinates": [ [ [ 18.418701609085854, -33.967000793062688 ], [ 18.418837781107229, -33.962495897045414 ], [ 18.413431369538412, -33.962382325920551 ], [ 18.413294913070608, -33.966887202775979 ], [ 18.418701609085854, -33.967000793062688 ] ] ] } },
{ "type": "Feature", "properties": { }, "geometry": { "type": "Polygon", "coordinates": [ [ [ 18.418837781107229, -33.962495897045414 ], [ 18.418973922879996, -33.957990997244231 ], [ 18.413567795694544, -33.957877445279237 ], [ 18.413431369538412, -33.962382325920551 ], [ 18.418837781107229, -33.962495897045414 ] ] ] } },
{ "type": "Feature", "properties": { }, "geometry": { "type": "Polygon", "coordinates": [ [ [ 18.418973922879996, -33.957990997244231 ], [ 18.419110034410597, -33.95348609365945 ], [ 18.41370419154546, -33.95337256085233 ], [ 18.413567795694544, -33.957877445279237 ], [ 18.418973922879996, -33.957990997244231 ] ] ] } },
{ "type": "Feature", "properties": { }, "geometry": { "type": "Polygon", "coordinates": [ [ [ 18.419110034410597, -33.95348609365945 ], [ 18.419246115705462, -33.948981186291419 ], [ 18.413840557097608, -33.948867672640205 ], [ 18.41370419154546, -33.95337256085233 ], [ 18.419110034410597, -33.95348609365945 ] ] ] } },
{ "type": "Feature", "properties": { }, "geometry": { "type": "Polygon", "coordinates": [ [ [ 18.419246115705462, -33.948981186291419 ], [ 18.419382166771037, -33.944476275140474 ], [ 18.413976892357439, -33.944362780643175 ], [ 18.413840557097608, -33.948867672640205 ], [ 18.419246115705462, -33.948981186291419 ] ] ] } },
{ "type": "Feature", "properties": { }, "geometry": { "type": "Polygon", "coordinates": [ [ [ 18.419382166771037, -33.944476275140474 ], [ 18.419518187613747, -33.939971360206961 ], [ 18.414113197331393, -33.939857884861603 ], [ 18.413976892357439, -33.944362780643175 ], [ 18.419382166771037, -33.944476275140474 ] ] ] } },
{ "type": "Feature", "properties": { }, "geometry": { "type": "Polygon", "coordinates": [ [ [ 18.419518187613747, -33.939971360206961 ], [ 18.419654178240027, -33.935466441491201 ], [ 18.414249472025922, -33.935352985295815 ], [ 18.414113197331393, -33.939857884861603 ], [ 18.419518187613747, -33.939971360206961 ] ] ] } },
{ "type": "Feature", "properties": { }, "geometry": { "type": "Polygon", "coordinates": [ [ [ 18.419654178240027, -33.935466441491201 ], [ 18.4197901386563, -33.930961518993563 ], [ 18.414385716447466, -33.930848081946159 ], [ 18.414249472025922, -33.935352985295815 ], [ 18.419654178240027, -33.935466441491201 ] ] ] } },
{ "type": "Feature", "properties": { }, "geometry": { "type": "Polygon", "coordinates": [ [ [ 18.4197901386563, -33.930961518993563 ], [ 18.419926068868996, -33.926456592714359 ], [ 18.414521930602458, -33.926343174812963 ], [ 18.414385716447466, -33.930848081946159 ], [ 18.4197901386563, -33.930961518993563 ] ] ] } },
{ "type": "Feature", "properties": { }, "geometry": { "type": "Polygon", "coordinates": [ [ [ 18.419926068868996, -33.926456592714359 ], [ 18.420061968884539, -33.921951662653932 ], [ 18.414658114497342, -33.921838263896589 ], [ 18.414521930602458, -33.926343174812963 ], [ 18.419926068868996, -33.926456592714359 ] ] ] } },
{ "type": "Feature", "properties": { }, "geometry": { "type": "Polygon", "coordinates": [ [ [ 18.420061968884539, -33.921951662653932 ], [ 18.420197838709353, -33.917446728812635 ], [ 18.414794268138554, -33.917333349197342 ], [ 18.414658114497342, -33.921838263896589 ], [ 18.420061968884539, -33.921951662653932 ] ] ] } },
{ "type": "Feature", "properties": { }, "geometry": { "type": "Polygon", "coordinates": [ [ [ 18.420197838709353, -33.917446728812635 ], [ 18.420333678349849, -33.912941791190796 ], [ 18.414930391532526, -33.912828430715585 ], [ 18.414794268138554, -33.917333349197342 ], [ 18.420197838709353, -33.917446728812635 ] ] ] } },
{ "type": "Feature", "properties": { }, "geometry": { "type": "Polygon", "coordinates": [ [ [ 18.420333678349849, -33.912941791190796 ], [ 18.420469487812458, -33.908436849788757 ], [ 18.415066484685681, -33.908323508451659 ], [ 18.414930391532526, -33.912828430715585 ], [ 18.420333678349849, -33.912941791190796 ] ] ] } },
{ "type": "Feature", "properties": { }, "geometry": { "type": "Polygon", "coordinates": [ [ [ 18.420469487812458, -33.908436849788757 ], [ 18.420605267103582, -33.903931904606871 ], [ 18.415202547604459, -33.903818582405911 ], [ 18.415066484685681, -33.908323508451659 ], [ 18.420469487812458, -33.908436849788757 ] ] ] } },
{ "type": "Feature", "properties": { }, "geometry": { "type": "Polygon", "coordinates": [ [ [ 18.420605267103582, -33.903931904606871 ], [ 18.420741016229641, -33.899426955645446 ], [ 18.415338580295273, -33.899313652578662 ], [ 18.415202547604459, -33.903818582405911 ], [ 18.420605267103582, -33.903931904606871 ] ] ] } },
{ "type": "Feature", "properties": { }, "geometry": { "type": "Polygon", "coordinates": [ [ [ 18.420741016229641, -33.899426955645446 ], [ 18.420876735197044, -33.894922002904849 ], [ 18.415474582764563, -33.894808718970246 ], [ 18.415338580295273, -33.899313652578662 ], [ 18.420741016229641, -33.899426955645446 ] ] ] } },
{ "type": "Feature", "properties": { }, "geometry": { "type": "Polygon", "coordinates": [ [ [ 18.420876735197044, -33.894922002904849 ], [ 18.421012424012201, -33.890417046385402 ], [ 18.415610555018741, -33.890303781581025 ], [ 18.415474582764563, -33.894808718970246 ], [ 18.420876735197044, -33.894922002904849 ] ] ] } },
{ "type": "Feature", "properties": { }, "geometry": { "type": "Polygon", "coordinates": [ [ [ 18.421012424012201, -33.890417046385402 ], [ 18.421148082681523, -33.885912086087465 ], [ 18.415746497064234, -33.885798840411333 ], [ 18.415610555018741, -33.890303781581025 ], [ 18.421012424012201, -33.890417046385402 ] ] ] } },
{ "type": "Feature", "properties": { }, "geometry": { "type": "Polygon", "coordinates": [ [ [ 18.421148082681523, -33.885912086087465 ], [ 18.421283711211405, -33.881407122011368 ], [ 18.415882408907446, -33.881293895461511 ], [ 18.415746497064234, -33.885798840411333 ], [ 18.421148082681523, -33.885912086087465 ] ] ] } },
{ "type": "Feature", "properties": { }, "geometry": { "type": "Polygon", "coordinates": [ [ [ 18.421283711211405, -33.881407122011368 ], [ 18.421419309608254, -33.876902154157435 ], [ 18.416018290554806, -33.876788946731892 ], [ 18.415882408907446, -33.881293895461511 ], [ 18.421283711211405, -33.881407122011368 ] ] ] } },
{ "type": "Feature", "properties": { }, "geometry": { "type": "Polygon", "coordinates": [ [ [ 18.421419309608254, -33.876902154157435 ], [ 18.421554877878467, -33.872397182526036 ], [ 18.416154142012726, -33.872283994222819 ], [ 18.416018290554806, -33.876788946731892 ], [ 18.421419309608254, -33.876902154157435 ] ] ] } },
{ "type": "Feature", "properties": { }, "geometry": { "type": "Polygon", "coordinates": [ [ [ 18.421554877878467, -33.872397182526036 ], [ 18.421690416028451, -33.867892207117478 ], [ 18.41628996328761, -33.867779037934632 ], [ 18.416154142012726, -33.872283994222819 ], [ 18.421554877878467, -33.872397182526036 ] ] ] } },
{ "type": "Feature", "properties": { }, "geometry": { "type": "Polygon", "coordinates": [ [ [ 18.421690416028451, -33.867892207117478 ], [ 18.421825924064592, -33.863387227932115 ], [ 18.416425754385873, -33.863274077867672 ], [ 18.41628996328761, -33.867779037934632 ], [ 18.421690416028451, -33.867892207117478 ] ] ] } },
{ "type": "Feature", "properties": { }, "geometry": { "type": "Polygon", "coordinates": [ [ [ 18.421825924064592, -33.863387227932115 ], [ 18.421961401993286, -33.858882244970303 ], [ 18.416561515313916, -33.858769114022287 ], [ 18.416425754385873, -33.863274077867672 ], [ 18.421825924064592, -33.863387227932115 ] ] ] } },
{ "type": "Feature", "properties": { }, "geometry": { "type": "Polygon", "coordinates": [ [ [ 18.421961401993286, -33.858882244970303 ], [ 18.422096849820925, -33.854377258232361 ], [ 18.416697246078147, -33.854264146398819 ], [ 18.416561515313916, -33.858769114022287 ], [ 18.421961401993286, -33.858882244970303 ] ] ] } },
{ "type": "Feature", "properties": { }, "geometry": { "type": "Polygon", "coordinates": [ [ [ 18.421930023774244, -34.039192273770269 ], [ 18.422066395187151, -34.034687419188373 ], [ 18.416655394546865, -34.034573779019638 ], [ 18.416518737670224, -34.039078614447952 ], [ 18.421930023774244, -34.039192273770269 ] ] ] } },
{ "type": "Feature", "properties": { }, "geometry": { "type": "Polygon", "coordinates": [ [ [ 18.422066395187151, -34.034687419188373 ], [ 18.422202736311398, -34.030182560819121 ], [ 18.416792021071569, -34.030068939801964 ], [ 18.416655394546865, -34.034573779019638 ], [ 18.422066395187151, -34.034687419188373 ] ] ] } },
{ "type": "Feature", "properties": { }, "geometry": { "type": "Polygon", "coordinates": [ [ [ 18.422202736311398, -34.030182560819121 ], [ 18.42233904715345, -34.025677698662832 ], [ 18.416928617250807, -34.025564096795286 ], [ 18.416792021071569, -34.030068939801964 ], [ 18.422202736311398, -34.030182560819121 ] ] ] } },
{ "type": "Feature", "properties": { }, "geometry": { "type": "Polygon", "coordinates": [ [ [ 18.42233904715345, -34.025677698662832 ], [ 18.422475327719763, -34.021172832719863 ], [ 18.417065183091065, -34.021059249999936 ], [ 18.416928617250807, -34.025564096795286 ], [ 18.42233904715345, -34.025677698662832 ] ] ] } },
{ "type": "Feature", "properties": { }, "geometry": { "type": "Polygon", "coordinates": [ [ [ 18.422475327719763, -34.021172832719863 ], [ 18.422611578016799, -34.016667962990539 ], [ 18.417201718598797, -34.01655439941625 ], [ 18.417065183091065, -34.021059249999936 ], [ 18.422475327719763, -34.021172832719863 ] ] ] } },
{ "type": "Feature", "properties": { }, "geometry": { "type": "Polygon", "coordinates": [ [ [ 18.422611578016799, -34.016667962990539 ], [ 18.422747798051013, -34.012163089475209 ], [ 18.417338223780476, -34.01204954504459 ], [ 18.417201718598797, -34.01655439941625 ], [ 18.422611578016799, -34.016667962990539 ] ] ] } },
{ "type": "Feature", "properties": { }, "geometry": { "type": "Polygon", "coordinates": [ [ [ 18.422747798051013, -34.012163089475209 ], [ 18.422883987828847, -34.007658212174206 ], [ 18.417474698642575, -34.007544686885261 ], [ 18.417338223780476, -34.01204954504459 ], [ 18.422747798051013, -34.012163089475209 ] ] ] } },
{ "type": "Feature", "properties": { }, "geometry": { "type": "Polygon", "coordinates": [ [ [ 18.422883987828847, -34.007658212174206 ], [ 18.423020147356763, -34.003153331087873 ], [ 18.417611143191547, -34.003039824938604 ], [ 18.417474698642575, -34.007544686885261 ], [ 18.422883987828847, -34.007658212174206 ] ] ] } },
{ "type": "Feature", "properties": { }, "geometry": { "type": "Polygon", "coordinates": [ [ [ 18.423020147356763, -34.003153331087873 ], [ 18.423156276641201, -33.998648446216549 ], [ 18.417747557433863, -33.998534959204981 ], [ 18.417611143191547, -34.003039824938604 ], [ 18.423020147356763, -34.003153331087873 ] ] ] } },
{ "type": "Feature", "properties": { }, "geometry": { "type": "Polygon", "coordinates": [ [ [ 18.423156276641201, -33.998648446216549 ], [ 18.423292375688611, -33.994143557560548 ], [ 18.417883941375976, -33.994030089684721 ], [ 18.417747557433863, -33.998534959204981 ], [ 18.423156276641201, -33.998648446216549 ] ] ] } },
{ "type": "Feature", "properties": { }, "geometry": { "type": "Polygon", "coordinates": [ [ [ 18.423292375688611, -33.994143557560548 ], [ 18.423428444505436, -33.989638665120239 ], [ 18.418020295024341, -33.989525216378148 ], [ 18.417883941375976, -33.994030089684721 ], [ 18.423292375688611, -33.994143557560548 ] ] ] } },
{ "type": "Feature", "properties": { }, "geometry": { "type": "Polygon", "coordinates": [ [ [ 18.423428444505436, -33.989638665120239 ], [ 18.423564483098115, -33.985133768895949 ], [ 18.418156618385421, -33.985020339285633 ], [ 18.418020295024341, -33.989525216378148 ], [ 18.423428444505436, -33.989638665120239 ] ] ] } },
{ "type": "Feature", "properties": { }, "geometry": { "type": "Polygon", "coordinates": [ [ [ 18.423564483098115, -33.985133768895949 ], [ 18.423700491473092, -33.980628868888004 ], [ 18.41829291146566, -33.980515458407496 ], [ 18.418156618385421, -33.985020339285633 ], [ 18.423564483098115, -33.985133768895949 ] ] ] } },
{ "type": "Feature", "properties": { }, "geometry": { "type": "Polygon", "coordinates": [ [ [ 18.423700491473092, -33.980628868888004 ], [ 18.4238364696368, -33.976123965096761 ], [ 18.418429174271516, -33.976010573744055 ], [ 18.41829291146566, -33.980515458407496 ], [ 18.423700491473092, -33.980628868888004 ] ] ] } },
{ "type": "Feature", "properties": { }, "geometry": { "type": "Polygon", "coordinates": [ [ [ 18.4238364696368, -33.976123965096761 ], [ 18.423972417595675, -33.971619057522538 ], [ 18.418565406809432, -33.971505685295668 ], [ 18.418429174271516, -33.976010573744055 ], [ 18.4238364696368, -33.976123965096761 ] ] ] } },
{ "type": "Feature", "properties": { }, "geometry": { "type": "Polygon", "coordinates": [ [ [ 18.423972417595675, -33.971619057522538 ], [ 18.424108335356149, -33.967114146165692 ], [ 18.418701609085854, -33.967000793062688 ], [ 18.418565406809432, -33.971505685295668 ], [ 18.423972417595675, -33.971619057522538 ] ] ] } },
{ "type": "Feature", "properties": { }, "geometry": { "type": "Polygon", "coordinates": [ [ [ 18.424108335356149, -33.967114146165692 ], [ 18.424244222924653, -33.962609231026548 ], [ 18.418837781107229, -33.962495897045414 ], [ 18.418701609085854, -33.967000793062688 ], [ 18.424108335356149, -33.967114146165692 ] ] ] } },
{ "type": "Feature", "properties": { }, "geometry": { "type": "Polygon", "coordinates": [ [ [ 18.424244222924653, -33.962609231026548 ], [ 18.424380080307614, -33.958104312105462 ], [ 18.418973922879996, -33.957990997244231 ], [ 18.418837781107229, -33.962495897045414 ], [ 18.424244222924653, -33.962609231026548 ] ] ] } },
{ "type": "Feature", "properties": { }, "geometry": { "type": "Polygon", "coordinates": [ [ [ 18.424380080307614, -33.958104312105462 ], [ 18.424515907511459, -33.953599389402754 ], [ 18.419110034410597, -33.95348609365945 ], [ 18.418973922879996, -33.957990997244231 ], [ 18.424380080307614, -33.958104312105462 ] ] ] } },
{ "type": "Feature", "properties": { }, "geometry": { "type": "Polygon", "coordinates": [ [ [ 18.424515907511459, -33.953599389402754 ], [ 18.424651704542615, -33.949094462918772 ], [ 18.419246115705462, -33.948981186291419 ], [ 18.419110034410597, -33.95348609365945 ], [ 18.424515907511459, -33.953599389402754 ] ] ] } },
{ "type": "Feature", "properties": { }, "geometry": { "type": "Polygon", "coordinates": [ [ [ 18.424651704542615, -33.949094462918772 ], [ 18.424787471407498, -33.94458953265385 ], [ 18.419382166771037, -33.944476275140474 ], [ 18.419246115705462, -33.948981186291419 ], [ 18.424651704542615, -33.949094462918772 ] ] ] } },
{ "type": "Feature", "properties": { }, "geometry": { "type": "Polygon", "coordinates": [ [ [ 18.424787471407498, -33.94458953265385 ], [ 18.424923208112535, -33.94008459860833 ], [ 18.419518187613747, -33.939971360206961 ], [ 18.419382166771037, -33.944476275140474 ], [ 18.424787471407498, -33.94458953265385 ] ] ] } },
{ "type": "Feature", "properties": { }, "geometry": { "type": "Polygon", "coordinates": [ [ [ 18.424923208112535, -33.94008459860833 ], [ 18.425058914664131, -33.935579660782551 ], [ 18.419654178240027, -33.935466441491201 ], [ 18.419518187613747, -33.939971360206961 ], [ 18.424923208112535, -33.94008459860833 ] ] ] } },
{ "type": "Feature", "properties": { }, "geometry": { "type": "Polygon", "coordinates": [ [ [ 18.425058914664131, -33.935579660782551 ], [ 18.425194591068713, -33.931074719176848 ], [ 18.4197901386563, -33.930961518993563 ], [ 18.419654178240027, -33.935466441491201 ], [ 18.425058914664131, -33.935579660782551 ] ] ] } },
{ "type": "Feature", "properties": { }, "geometry": { "type": "Polygon", "coordinates": [ [ [ 18.425194591068713, -33.931074719176848 ], [ 18.425330237332684, -33.926569773791563 ], [ 18.419926068868996, -33.926456592714359 ], [ 18.4197901386563, -33.930961518993563 ], [ 18.425194591068713, -33.931074719176848 ] ] ] } },
{ "type": "Feature", "properties": { }, "geometry": { "type": "Polygon", "coordinates": [ [ [ 18.425330237332684, -33.926569773791563 ], [ 18.425465853462466, -33.922064824627014 ], [ 18.420061968884539, -33.921951662653932 ], [ 18.419926068868996, -33.926456592714359 ], [ 18.425330237332684, -33.926569773791563 ] ] ] } },
{ "type": "Feature", "properties": { }, "geometry": { "type": "Polygon", "coordinates": [ [ [ 18.425465853462466, -33.922064824627014 ], [ 18.425601439464458, -33.917559871683586 ], [ 18.420197838709353, -33.917446728812635 ], [ 18.420061968884539, -33.921951662653932 ], [ 18.425465853462466, -33.922064824627014 ] ] ] } },
{ "type": "Feature", "properties": { }, "geometry": { "type": "Polygon", "coordinates": [ [ [ 18.425601439464458, -33.917559871683586 ], [ 18.425736995345073, -33.91305491496157 ], [ 18.420333678349849, -33.912941791190796 ], [ 18.420197838709353, -33.917446728812635 ], [ 18.425601439464458, -33.917559871683586 ] ] ] } },
{ "type": "Feature", "properties": { }, "geometry": { "type": "Polygon", "coordinates": [ [ [ 18.425736995345073, -33.91305491496157 ], [ 18.425872521110708, -33.908549954461336 ], [ 18.420469487812458, -33.908436849788757 ], [ 18.420333678349849, -33.912941791190796 ], [ 18.425736995345073, -33.91305491496157 ] ] ] } },
{ "type": "Feature", "properties": { }, "geometry": { "type": "Polygon", "coordinates": [ [ [ 18.425872521110708, -33.908549954461336 ], [ 18.426008016767771, -33.904044990183216 ], [ 18.420605267103582, -33.903931904606871 ], [ 18.420469487812458, -33.908436849788757 ], [ 18.425872521110708, -33.908549954461336 ] ] ] } },
{ "type": "Feature", "properties": { }, "geometry": { "type": "Polygon", "coordinates": [ [ [ 18.426008016767771, -33.904044990183216 ], [ 18.426143482322662, -33.899540022127525 ], [ 18.420741016229641, -33.899426955645446 ], [ 18.420605267103582, -33.903931904606871 ], [ 18.426008016767771, -33.904044990183216 ] ] ] } },
{ "type": "Feature", "properties": { }, "geometry": { "type": "Polygon", "coordinates": [ [ [ 18.426143482322662, -33.899540022127525 ], [ 18.426278917781772, -33.895035050294638 ], [ 18.420876735197044, -33.894922002904849 ], [ 18.420741016229641, -33.899426955645446 ], [ 18.426143482322662, -33.899540022127525 ] ] ] } },
{ "type": "Feature", "properties": { }, "geometry": { "type": "Polygon", "coordinates": [ [ [ 18.426278917781772, -33.895035050294638 ], [ 18.426414323151505, -33.890530074684875 ], [ 18.421012424012201, -33.890417046385402 ], [ 18.420876735197044, -33.894922002904849 ], [ 18.426278917781772, -33.895035050294638 ] ] ] } },
{ "type": "Feature", "properties": { }, "geometry": { "type": "Polygon", "coordinates": [ [ [ 18.426414323151505, -33.890530074684875 ], [ 18.426549698438247, -33.886025095298578 ], [ 18.421148082681523, -33.885912086087465 ], [ 18.421012424012201, -33.890417046385402 ], [ 18.426414323151505, -33.890530074684875 ] ] ] } },
{ "type": "Feature", "properties": { }, "geometry": { "type": "Polygon", "coordinates": [ [ [ 18.426549698438247, -33.886025095298578 ], [ 18.426685043648394, -33.88152011213608 ], [ 18.421283711211405, -33.881407122011368 ], [ 18.421148082681523, -33.885912086087465 ], [ 18.426549698438247, -33.886025095298578 ] ] ] } },
{ "type": "Feature", "properties": { }, "geometry": { "type": "Polygon", "coordinates": [ [ [ 18.426685043648394, -33.88152011213608 ], [ 18.42682035878833, -33.877015125197737 ], [ 18.421419309608254, -33.876902154157435 ], [ 18.421283711211405, -33.881407122011368 ], [ 18.426685043648394, -33.88152011213608 ] ] ] } },
{ "type": "Feature", "properties": { }, "geometry": { "type": "Polygon", "coordinates": [ [ [ 18.42682035878833, -33.877015125197737 ], [ 18.426955643864449, -33.872510134483868 ], [ 18.421554877878467, -33.872397182526036 ], [ 18.421419309608254, -33.876902154157435 ], [ 18.42682035878833, -33.877015125197737 ] ] ] } },
{ "type": "Feature", "properties": { }, "geometry": { "type": "Polygon", "coordinates": [ [ [ 18.426955643864449, -33.872510134483868 ], [ 18.427090898883129, -33.868005139994821 ], [ 18.421690416028451, -33.867892207117478 ], [ 18.421554877878467, -33.872397182526036 ], [ 18.426955643864449, -33.872510134483868 ] ] ] } },
{ "type": "Feature", "properties": { }, "geometry": { "type": "Polygon", "coordinates": [ [ [ 18.427090898883129, -33.868005139994821 ], [ 18.427226123850755, -33.863500141730938 ], [ 18.421825924064592, -33.863387227932115 ], [ 18.421690416028451, -33.867892207117478 ], [ 18.427090898883129, -33.868005139994821 ] ] ] } },
{ "type": "Feature", "properties": { }, "geometry": { "type": "Polygon", "coordinates": [ [ [ 18.427226123850755, -33.863500141730938 ], [ 18.427361318773706, -33.85899513969256 ], [ 18.421961401993286, -33.858882244970303 ], [ 18.421825924064592, -33.863387227932115 ], [ 18.427226123850755, -33.863500141730938 ] ] ] } },
{ "type": "Feature", "properties": { }, "geometry": { "type": "Polygon", "coordinates": [ [ [ 18.427361318773706, -33.85899513969256 ], [ 18.427496483658366, -33.854490133880013 ], [ 18.422096849820925, -33.854377258232361 ], [ 18.421961401993286, -33.858882244970303 ], [ 18.427361318773706, -33.85899513969256 ] ] ] } },
{ "type": "Feature", "properties": { }, "geometry": { "type": "Polygon", "coordinates": [ [ [ 18.427341340173388, -34.039305695264531 ], [ 18.427477426116091, -34.034800821569107 ], [ 18.422066395187151, -34.034687419188373 ], [ 18.421930023774244, -34.039192273770269 ], [ 18.427341340173388, -34.039305695264531 ] ] ] } },
{ "type": "Feature", "properties": { }, "geometry": { "type": "Polygon", "coordinates": [ [ [ 18.427477426116091, -34.034800821569107 ], [ 18.427613481833426, -34.030295944088273 ], [ 18.422202736311398, -34.030182560819121 ], [ 18.422066395187151, -34.034687419188373 ], [ 18.427477426116091, -34.034800821569107 ] ] ] } },
{ "type": "Feature", "properties": { }, "geometry": { "type": "Polygon", "coordinates": [ [ [ 18.427613481833426, -34.030295944088273 ], [ 18.427749507331825, -34.025791062822393 ], [ 18.42233904715345, -34.025677698662832 ], [ 18.422202736311398, -34.030182560819121 ], [ 18.427613481833426, -34.030295944088273 ] ] ] } },
{ "type": "Feature", "properties": { }, "geometry": { "type": "Polygon", "coordinates": [ [ [ 18.427749507331825, -34.025791062822393 ], [ 18.427885502617748, -34.02128617777182 ], [ 18.422475327719763, -34.021172832719863 ], [ 18.42233904715345, -34.025677698662832 ], [ 18.427749507331825, -34.025791062822393 ] ] ] } },
{ "type": "Feature", "properties": { }, "geometry": { "type": "Polygon", "coordinates": [ [ [ 18.427885502617748, -34.02128617777182 ], [ 18.428021467697633, -34.016781288936869 ], [ 18.422611578016799, -34.016667962990539 ], [ 18.422475327719763, -34.021172832719863 ], [ 18.427885502617748, -34.02128617777182 ] ] ] } },
{ "type": "Feature", "properties": { }, "geometry": { "type": "Polygon", "coordinates": [ [ [ 18.428021467697633, -34.016781288936869 ], [ 18.428157402577916, -34.012276396317894 ], [ 18.422747798051013, -34.012163089475209 ], [ 18.422611578016799, -34.016667962990539 ], [ 18.428021467697633, -34.016781288936869 ] ] ] } },
{ "type": "Feature", "properties": { }, "geometry": { "type": "Polygon", "coordinates": [ [ [ 18.428157402577916, -34.012276396317894 ], [ 18.428293307265044, -34.007771499915229 ], [ 18.422883987828847, -34.007658212174206 ], [ 18.422747798051013, -34.012163089475209 ], [ 18.428157402577916, -34.012276396317894 ] ] ] } },
{ "type": "Feature", "properties": { }, "geometry": { "type": "Polygon", "coordinates": [ [ [ 18.428293307265044, -34.007771499915229 ], [ 18.428429181765452, -34.003266599729201 ], [ 18.423020147356763, -34.003153331087873 ], [ 18.422883987828847, -34.007658212174206 ], [ 18.428293307265044, -34.007771499915229 ] ] ] } },
{ "type": "Feature", "properties": { }, "geometry": { "type": "Polygon", "coordinates": [ [ [ 18.428429181765452, -34.003266599729201 ], [ 18.428565026085568, -33.998761695760159 ], [ 18.423156276641201, -33.998648446216549 ], [ 18.423020147356763, -34.003153331087873 ], [ 18.428429181765452, -34.003266599729201 ] ] ] } },
{ "type": "Feature", "properties": { }, "geometry": { "type": "Polygon", "coordinates": [ [ [ 18.428565026085568, -33.998761695760159 ], [ 18.428700840231834, -33.994256788008421 ], [ 18.423292375688611, -33.994143557560548 ], [ 18.423156276641201, -33.998648446216549 ], [ 18.428565026085568, -33.998761695760159 ] ] ] } },
{ "type": "Feature", "properties": { }, "geometry": { "type": "Polygon", "coordinates": [ [ [ 18.428700840231834, -33.994256788008421 ], [ 18.428836624210675, -33.989751876474337 ], [ 18.423428444505436, -33.989638665120239 ], [ 18.423292375688611, -33.994143557560548 ], [ 18.428700840231834, -33.994256788008421 ] ] ] } },
{ "type": "Feature", "properties": { }, "geometry": { "type": "Polygon", "coordinates": [ [ [ 18.428836624210675, -33.989751876474337 ], [ 18.428972378028519, -33.985246961158268 ], [ 18.423564483098115, -33.985133768895949 ], [ 18.423428444505436, -33.989638665120239 ], [ 18.428836624210675, -33.989751876474337 ] ] ] } },
{ "type": "Feature", "properties": { }, "geometry": { "type": "Polygon", "coordinates": [ [ [ 18.428972378028519, -33.985246961158268 ], [ 18.429108101691792, -33.98074204206052 ], [ 18.423700491473092, -33.980628868888004 ], [ 18.423564483098115, -33.985133768895949 ], [ 18.428972378028519, -33.985246961158268 ] ] ] } },
{ "type": "Feature", "properties": { }, "geometry": { "type": "Polygon", "coordinates": [ [ [ 18.429108101691792, -33.98074204206052 ], [ 18.429243795206919, -33.976237119181427 ], [ 18.4238364696368, -33.976123965096761 ], [ 18.423700491473092, -33.980628868888004 ], [ 18.429108101691792, -33.98074204206052 ] ] ] } },
{ "type": "Feature", "properties": { }, "geometry": { "type": "Polygon", "coordinates": [ [ [ 18.429243795206919, -33.976237119181427 ], [ 18.429379458580321, -33.971732192521344 ], [ 18.423972417595675, -33.971619057522538 ], [ 18.4238364696368, -33.976123965096761 ], [ 18.429243795206919, -33.976237119181427 ] ] ] } },
{ "type": "Feature", "properties": { }, "geometry": { "type": "Polygon", "coordinates": [ [ [ 18.429379458580321, -33.971732192521344 ], [ 18.429515091818413, -33.967227262080605 ], [ 18.424108335356149, -33.967114146165692 ], [ 18.423972417595675, -33.971619057522538 ], [ 18.429379458580321, -33.971732192521344 ] ] ] } },
{ "type": "Feature", "properties": { }, "geometry": { "type": "Polygon", "coordinates": [ [ [ 18.429515091818413, -33.967227262080605 ], [ 18.42965069492762, -33.962722327859552 ], [ 18.424244222924653, -33.962609231026548 ], [ 18.424108335356149, -33.967114146165692 ], [ 18.429515091818413, -33.967227262080605 ] ] ] } },
{ "type": "Feature", "properties": { }, "geometry": { "type": "Polygon", "coordinates": [ [ [ 18.42965069492762, -33.962722327859552 ], [ 18.429786267914352, -33.958217389858511 ], [ 18.424380080307614, -33.958104312105462 ], [ 18.424244222924653, -33.962609231026548 ], [ 18.42965069492762, -33.962722327859552 ] ] ] } },
{ "type": "Feature", "properties": { }, "geometry": { "type": "Polygon", "coordinates": [ [ [ 18.429786267914352, -33.958217389858511 ], [ 18.429921810785022, -33.953712448077837 ], [ 18.424515907511459, -33.953599389402754 ], [ 18.424380080307614, -33.958104312105462 ], [ 18.429786267914352, -33.958217389858511 ] ] ] } },
{ "type": "Feature", "properties": { }, "geometry": { "type": "Polygon", "coordinates": [ [ [ 18.429921810785022, -33.953712448077837 ], [ 18.430057323546038, -33.949207502517844 ], [ 18.424651704542615, -33.949094462918772 ], [ 18.424515907511459, -33.953599389402754 ], [ 18.429921810785022, -33.953712448077837 ] ] ] } },
{ "type": "Feature", "properties": { }, "geometry": { "type": "Polygon", "coordinates": [ [ [ 18.430057323546038, -33.949207502517844 ], [ 18.430192806203813, -33.944702553178885 ], [ 18.424787471407498, -33.94458953265385 ], [ 18.424651704542615, -33.949094462918772 ], [ 18.430057323546038, -33.949207502517844 ] ] ] } },
{ "type": "Feature", "properties": { }, "geometry": { "type": "Polygon", "coordinates": [ [ [ 18.430192806203813, -33.944702553178885 ], [ 18.430328258764753, -33.94019760006131 ], [ 18.424923208112535, -33.94008459860833 ], [ 18.424787471407498, -33.94458953265385 ], [ 18.430192806203813, -33.944702553178885 ] ] ] } },
{ "type": "Feature", "properties": { }, "geometry": { "type": "Polygon", "coordinates": [ [ [ 18.430328258764753, -33.94019760006131 ], [ 18.430463681235256, -33.935692643165432 ], [ 18.425058914664131, -33.935579660782551 ], [ 18.424923208112535, -33.94008459860833 ], [ 18.430328258764753, -33.94019760006131 ] ] ] } },
{ "type": "Feature", "properties": { }, "geometry": { "type": "Polygon", "coordinates": [ [ [ 18.430463681235256, -33.935692643165432 ], [ 18.430599073621732, -33.931187682491611 ], [ 18.425194591068713, -33.931074719176848 ], [ 18.425058914664131, -33.935579660782551 ], [ 18.430463681235256, -33.935692643165432 ] ] ] } },
{ "type": "Feature", "properties": { }, "geometry": { "type": "Polygon", "coordinates": [ [ [ 18.430599073621732, -33.931187682491611 ], [ 18.430734435930571, -33.926682718040169 ], [ 18.425330237332684, -33.926569773791563 ], [ 18.425194591068713, -33.931074719176848 ], [ 18.430599073621732, -33.931187682491611 ] ] ] } },
{ "type": "Feature", "properties": { }, "geometry": { "type": "Polygon", "coordinates": [ [ [ 18.430734435930571, -33.926682718040169 ], [ 18.430869768168179, -33.922177749811446 ], [ 18.425465853462466, -33.922064824627014 ], [ 18.425330237332684, -33.926569773791563 ], [ 18.430734435930571, -33.926682718040169 ] ] ] } },
{ "type": "Feature", "properties": { }, "geometry": { "type": "Polygon", "coordinates": [ [ [ 18.430869768168179, -33.922177749811446 ], [ 18.431005070340948, -33.917672777805791 ], [ 18.425601439464458, -33.917559871683586 ], [ 18.425465853462466, -33.922064824627014 ], [ 18.430869768168179, -33.922177749811446 ] ] ] } },
{ "type": "Feature", "properties": { }, "geometry": { "type": "Polygon", "coordinates": [ [ [ 18.431005070340948, -33.917672777805791 ], [ 18.431140342455272, -33.913167802023523 ], [ 18.425736995345073, -33.91305491496157 ], [ 18.425601439464458, -33.917559871683586 ], [ 18.431005070340948, -33.917672777805791 ] ] ] } },
{ "type": "Feature", "properties": { }, "geometry": { "type": "Polygon", "coordinates": [ [ [ 18.431140342455272, -33.913167802023523 ], [ 18.431275584517536, -33.908662822464997 ], [ 18.425872521110708, -33.908549954461336 ], [ 18.425736995345073, -33.91305491496157 ], [ 18.431140342455272, -33.913167802023523 ] ] ] } },
{ "type": "Feature", "properties": { }, "geometry": { "type": "Polygon", "coordinates": [ [ [ 18.431275584517536, -33.908662822464997 ], [ 18.431410796534138, -33.904157839130555 ], [ 18.426008016767771, -33.904044990183216 ], [ 18.425872521110708, -33.908549954461336 ], [ 18.431275584517536, -33.908662822464997 ] ] ] } },
{ "type": "Feature", "properties": { }, "geometry": { "type": "Polygon", "coordinates": [ [ [ 18.431410796534138, -33.904157839130555 ], [ 18.431545978511458, -33.899652852020516 ], [ 18.426143482322662, -33.899540022127525 ], [ 18.426008016767771, -33.904044990183216 ], [ 18.431410796534138, -33.904157839130555 ] ] ] } },
{ "type": "Feature", "properties": { }, "geometry": { "type": "Polygon", "coordinates": [ [ [ 18.431545978511458, -33.899652852020516 ], [ 18.431681130455882, -33.895147861135221 ], [ 18.426278917781772, -33.895035050294638 ], [ 18.426143482322662, -33.899540022127525 ], [ 18.431545978511458, -33.899652852020516 ] ] ] } },
{ "type": "Feature", "properties": { }, "geometry": { "type": "Polygon", "coordinates": [ [ [ 18.431681130455882, -33.895147861135221 ], [ 18.431816252373793, -33.890642866475034 ], [ 18.426414323151505, -33.890530074684875 ], [ 18.426278917781772, -33.895035050294638 ], [ 18.431681130455882, -33.895147861135221 ] ] ] } },
{ "type": "Feature", "properties": { }, "geometry": { "type": "Polygon", "coordinates": [ [ [ 18.431816252373793, -33.890642866475034 ], [ 18.431951344271567, -33.886137868040272 ], [ 18.426549698438247, -33.886025095298578 ], [ 18.426414323151505, -33.890530074684875 ], [ 18.431816252373793, -33.890642866475034 ] ] ] } },
{ "type": "Feature", "properties": { }, "geometry": { "type": "Polygon", "coordinates": [ [ [ 18.431951344271567, -33.886137868040272 ], [ 18.432086406155587, -33.881632865831286 ], [ 18.426685043648394, -33.88152011213608 ], [ 18.426549698438247, -33.886025095298578 ], [ 18.431951344271567, -33.886137868040272 ] ] ] } },
{ "type": "Feature", "properties": { }, "geometry": { "type": "Polygon", "coordinates": [ [ [ 18.432086406155587, -33.881632865831286 ], [ 18.432221438032229, -33.8771278598484 ], [ 18.42682035878833, -33.877015125197737 ], [ 18.426685043648394, -33.88152011213608 ], [ 18.432086406155587, -33.881632865831286 ] ] ] } },
{ "type": "Feature", "properties": { }, "geometry": { "type": "Polygon", "coordinates": [ [ [ 18.432221438032229, -33.8771278598484 ], [ 18.432356439907863, -33.87262285009195 ], [ 18.426955643864449, -33.872510134483868 ], [ 18.42682035878833, -33.877015125197737 ], [ 18.432221438032229, -33.8771278598484 ] ] ] } },
{ "type": "Feature", "properties": { }, "geometry": { "type": "Polygon", "coordinates": [ [ [ 18.432356439907863, -33.87262285009195 ], [ 18.432491411788863, -33.868117836562284 ], [ 18.427090898883129, -33.868005139994821 ], [ 18.426955643864449, -33.872510134483868 ], [ 18.432356439907863, -33.87262285009195 ] ] ] } },
{ "type": "Feature", "properties": { }, "geometry": { "type": "Polygon", "coordinates": [ [ [ 18.432491411788863, -33.868117836562284 ], [ 18.432626353681592, -33.86361281925975 ], [ 18.427226123850755, -33.863500141730938 ], [ 18.427090898883129, -33.868005139994821 ], [ 18.432491411788863, -33.868117836562284 ] ] ] } },
{ "type": "Feature", "properties": { }, "geometry": { "type": "Polygon", "coordinates": [ [ [ 18.432626353681592, -33.86361281925975 ], [ 18.432761265592426, -33.859107798184667 ], [ 18.427361318773706, -33.85899513969256 ], [ 18.427226123850755, -33.863500141730938 ], [ 18.432626353681592, -33.86361281925975 ] ] ] } },
{ "type": "Feature", "properties": { }, "geometry": { "type": "Polygon", "coordinates": [ [ [ 18.432761265592426, -33.859107798184667 ], [ 18.432896147527725, -33.85460277333739 ], [ 18.427496483658366, -33.854490133880013 ], [ 18.427361318773706, -33.85899513969256 ], [ 18.432761265592426, -33.859107798184667 ] ] ] } },
{ "type": "Feature", "properties": { }, "geometry": { "type": "Polygon", "coordinates": [ [ [ 18.432752686804356, -34.039418878926341 ], [ 18.432888487270411, -34.034913986157385 ], [ 18.427477426116091, -34.034800821569107 ], [ 18.427341340173388, -34.039305695264531 ], [ 18.432752686804356, -34.039418878926341 ] ] ] } },
{ "type": "Feature", "properties": { }, "geometry": { "type": "Polygon", "coordinates": [ [ [ 18.432888487270411, -34.034913986157385 ], [ 18.433024257574374, -34.030409089605016 ], [ 18.427613481833426, -34.030295944088273 ], [ 18.427477426116091, -34.034800821569107 ], [ 18.432888487270411, -34.034913986157385 ] ] ] } },
{ "type": "Feature", "properties": { }, "geometry": { "type": "Polygon", "coordinates": [ [ [ 18.433024257574374, -34.030409089605016 ], [ 18.433159997722683, -34.025904189269575 ], [ 18.427749507331825, -34.025791062822393 ], [ 18.427613481833426, -34.030295944088273 ], [ 18.433024257574374, -34.030409089605016 ] ] ] } },
{ "type": "Feature", "properties": { }, "geometry": { "type": "Polygon", "coordinates": [ [ [ 18.433159997722683, -34.025904189269575 ], [ 18.433295707721769, -34.021399285151411 ], [ 18.427885502617748, -34.02128617777182 ], [ 18.427749507331825, -34.025791062822393 ], [ 18.433159997722683, -34.025904189269575 ] ] ] } },
{ "type": "Feature", "properties": { }, "geometry": { "type": "Polygon", "coordinates": [ [ [ 18.433295707721769, -34.021399285151411 ], [ 18.433431387578057, -34.016894377250857 ], [ 18.428021467697633, -34.016781288936869 ], [ 18.427885502617748, -34.02128617777182 ], [ 18.433295707721769, -34.021399285151411 ] ] ] } },
{ "type": "Feature", "properties": { }, "geometry": { "type": "Polygon", "coordinates": [ [ [ 18.433431387578057, -34.016894377250857 ], [ 18.43356703729798, -34.012389465568226 ], [ 18.428157402577916, -34.012276396317894 ], [ 18.428021467697633, -34.016781288936869 ], [ 18.433431387578057, -34.016894377250857 ] ] ] } },
{ "type": "Feature", "properties": { }, "geometry": { "type": "Polygon", "coordinates": [ [ [ 18.43356703729798, -34.012389465568226 ], [ 18.433702656887959, -34.007884550103896 ], [ 18.428293307265044, -34.007771499915229 ], [ 18.428157402577916, -34.012276396317894 ], [ 18.43356703729798, -34.012389465568226 ] ] ] } },
{ "type": "Feature", "properties": { }, "geometry": { "type": "Polygon", "coordinates": [ [ [ 18.433702656887959, -34.007884550103896 ], [ 18.433838246354423, -34.00337963085817 ], [ 18.428429181765452, -34.003266599729201 ], [ 18.428293307265044, -34.007771499915229 ], [ 18.433702656887959, -34.007884550103896 ] ] ] } },
{ "type": "Feature", "properties": { }, "geometry": { "type": "Polygon", "coordinates": [ [ [ 18.433838246354423, -34.00337963085817 ], [ 18.43397380570379, -33.998874707831412 ], [ 18.428565026085568, -33.998761695760159 ], [ 18.428429181765452, -34.003266599729201 ], [ 18.433838246354423, -34.00337963085817 ] ] ] } },
{ "type": "Feature", "properties": { }, "geometry": { "type": "Polygon", "coordinates": [ [ [ 18.43397380570379, -33.998874707831412 ], [ 18.43410933494248, -33.994369781023934 ], [ 18.428700840231834, -33.994256788008421 ], [ 18.428565026085568, -33.998761695760159 ], [ 18.43397380570379, -33.998874707831412 ] ] ] } },
{ "type": "Feature", "properties": { }, "geometry": { "type": "Polygon", "coordinates": [ [ [ 18.43410933494248, -33.994369781023934 ], [ 18.43424483407691, -33.989864850436078 ], [ 18.428836624210675, -33.989751876474337 ], [ 18.428700840231834, -33.994256788008421 ], [ 18.43410933494248, -33.994369781023934 ] ] ] } },
{ "type": "Feature", "properties": { }, "geometry": { "type": "Polygon", "coordinates": [ [ [ 18.43424483407691, -33.989864850436078 ], [ 18.434380303113493, -33.985359916068191 ], [ 18.428972378028519, -33.985246961158268 ], [ 18.428836624210675, -33.989751876474337 ], [ 18.43424483407691, -33.989864850436078 ] ] ] } },
{ "type": "Feature", "properties": { }, "geometry": { "type": "Polygon", "coordinates": [ [ [ 18.434380303113493, -33.985359916068191 ], [ 18.434515742058636, -33.980854977920615 ], [ 18.429108101691792, -33.98074204206052 ], [ 18.428972378028519, -33.985246961158268 ], [ 18.434380303113493, -33.985359916068191 ] ] ] } },
{ "type": "Feature", "properties": { }, "geometry": { "type": "Polygon", "coordinates": [ [ [ 18.434515742058636, -33.980854977920615 ], [ 18.434651150918761, -33.976350035993661 ], [ 18.429243795206919, -33.976237119181427 ], [ 18.429108101691792, -33.98074204206052 ], [ 18.434515742058636, -33.980854977920615 ] ] ] } },
{ "type": "Feature", "properties": { }, "geometry": { "type": "Polygon", "coordinates": [ [ [ 18.434651150918761, -33.976350035993661 ], [ 18.434786529700272, -33.971845090287687 ], [ 18.429379458580321, -33.971732192521344 ], [ 18.429243795206919, -33.976237119181427 ], [ 18.434651150918761, -33.976350035993661 ] ] ] } },
{ "type": "Feature", "properties": { }, "geometry": { "type": "Polygon", "coordinates": [ [ [ 18.434786529700272, -33.971845090287687 ], [ 18.434921878409568, -33.967340140803032 ], [ 18.429515091818413, -33.967227262080605 ], [ 18.429379458580321, -33.971732192521344 ], [ 18.434786529700272, -33.971845090287687 ] ] ] } },
{ "type": "Feature", "properties": { }, "geometry": { "type": "Polygon", "coordinates": [ [ [ 18.434921878409568, -33.967340140803032 ], [ 18.435057197053059, -33.96283518754003 ], [ 18.42965069492762, -33.962722327859552 ], [ 18.429515091818413, -33.967227262080605 ], [ 18.434921878409568, -33.967340140803032 ] ] ] } },
{ "type": "Feature", "properties": { }, "geometry": { "type": "Polygon", "coordinates": [ [ [ 18.435057197053059, -33.96283518754003 ], [ 18.435192485637145, -33.958330230499001 ], [ 18.429786267914352, -33.958217389858511 ], [ 18.42965069492762, -33.962722327859552 ], [ 18.435057197053059, -33.96283518754003 ] ] ] } },
{ "type": "Feature", "properties": { }, "geometry": { "type": "Polygon", "coordinates": [ [ [ 18.435192485637145, -33.958330230499001 ], [ 18.43532774416823, -33.953825269680294 ], [ 18.429921810785022, -33.953712448077837 ], [ 18.429786267914352, -33.958217389858511 ], [ 18.435192485637145, -33.958330230499001 ] ] ] } },
{ "type": "Feature", "properties": { }, "geometry": { "type": "Polygon", "coordinates": [ [ [ 18.43532774416823, -33.953825269680294 ], [ 18.435462972652704, -33.949320305084264 ], [ 18.430057323546038, -33.949207502517844 ], [ 18.429921810785022, -33.953712448077837 ], [ 18.43532774416823, -33.953825269680294 ] ] ] } },
{ "type": "Feature", "properties": { }, "geometry": { "type": "Polygon", "coordinates": [ [ [ 18.435462972652704, -33.949320305084264 ], [ 18.435598171096963, -33.944815336711216 ], [ 18.430192806203813, -33.944702553178885 ], [ 18.430057323546038, -33.949207502517844 ], [ 18.435462972652704, -33.949320305084264 ] ] ] } },
{ "type": "Feature", "properties": { }, "geometry": { "type": "Polygon", "coordinates": [ [ [ 18.435598171096963, -33.944815336711216 ], [ 18.435733339507401, -33.940310364561512 ], [ 18.430328258764753, -33.94019760006131 ], [ 18.430192806203813, -33.944702553178885 ], [ 18.435598171096963, -33.944815336711216 ] ] ] } },
{ "type": "Feature", "properties": { }, "geometry": { "type": "Polygon", "coordinates": [ [ [ 18.435733339507401, -33.940310364561512 ], [ 18.435868477890409, -33.935805388635487 ], [ 18.430463681235256, -33.935692643165432 ], [ 18.430328258764753, -33.94019760006131 ], [ 18.435733339507401, -33.940310364561512 ] ] ] } },
{ "type": "Feature", "properties": { }, "geometry": { "type": "Polygon", "coordinates": [ [ [ 18.435868477890409, -33.935805388635487 ], [ 18.436003586252379, -33.931300408933474 ], [ 18.430599073621732, -33.931187682491611 ], [ 18.430463681235256, -33.935692643165432 ], [ 18.435868477890409, -33.935805388635487 ] ] ] } },
{ "type": "Feature", "properties": { }, "geometry": { "type": "Polygon", "coordinates": [ [ [ 18.436003586252379, -33.931300408933474 ], [ 18.436138664599689, -33.926795425455801 ], [ 18.430734435930571, -33.926682718040169 ], [ 18.430599073621732, -33.931187682491611 ], [ 18.436003586252379, -33.931300408933474 ] ] ] } },
{ "type": "Feature", "properties": { }, "geometry": { "type": "Polygon", "coordinates": [ [ [ 18.436138664599689, -33.926795425455801 ], [ 18.436273712938728, -33.922290438202815 ], [ 18.430869768168179, -33.922177749811446 ], [ 18.430734435930571, -33.926682718040169 ], [ 18.436138664599689, -33.926795425455801 ] ] ] } },
{ "type": "Feature", "properties": { }, "geometry": { "type": "Polygon", "coordinates": [ [ [ 18.436273712938728, -33.922290438202815 ], [ 18.436408731275879, -33.917785447174865 ], [ 18.431005070340948, -33.917672777805791 ], [ 18.430869768168179, -33.922177749811446 ], [ 18.436273712938728, -33.922290438202815 ] ] ] } },
{ "type": "Feature", "properties": { }, "geometry": { "type": "Polygon", "coordinates": [ [ [ 18.436408731275879, -33.917785447174865 ], [ 18.436543719617521, -33.913280452372263 ], [ 18.431140342455272, -33.913167802023523 ], [ 18.431005070340948, -33.917672777805791 ], [ 18.436408731275879, -33.917785447174865 ] ] ] } },
{ "type": "Feature", "properties": { }, "geometry": { "type": "Polygon", "coordinates": [ [ [ 18.436543719617521, -33.913280452372263 ], [ 18.436678677970029, -33.908775453795364 ], [ 18.431275584517536, -33.908662822464997 ], [ 18.431140342455272, -33.913167802023523 ], [ 18.436543719617521, -33.913280452372263 ] ] ] } },
{ "type": "Feature", "properties": { }, "geometry": { "type": "Polygon", "coordinates": [ [ [ 18.436678677970029, -33.908775453795364 ], [ 18.436813606339783, -33.904270451444503 ], [ 18.431410796534138, -33.904157839130555 ], [ 18.431275584517536, -33.908662822464997 ], [ 18.436678677970029, -33.908775453795364 ] ] ] } },
{ "type": "Feature", "properties": { }, "geometry": { "type": "Polygon", "coordinates": [ [ [ 18.436813606339783, -33.904270451444503 ], [ 18.436948504733149, -33.899765445320014 ], [ 18.431545978511458, -33.899652852020516 ], [ 18.431410796534138, -33.904157839130555 ], [ 18.436813606339783, -33.904270451444503 ] ] ] } },
{ "type": "Feature", "properties": { }, "geometry": { "type": "Polygon", "coordinates": [ [ [ 18.436948504733149, -33.899765445320014 ], [ 18.437083373156501, -33.895260435422244 ], [ 18.431681130455882, -33.895147861135221 ], [ 18.431545978511458, -33.899652852020516 ], [ 18.436948504733149, -33.899765445320014 ] ] ] } },
{ "type": "Feature", "properties": { }, "geometry": { "type": "Polygon", "coordinates": [ [ [ 18.437083373156501, -33.895260435422244 ], [ 18.437218211616216, -33.890755421751521 ], [ 18.431816252373793, -33.890642866475034 ], [ 18.431681130455882, -33.895147861135221 ], [ 18.437083373156501, -33.895260435422244 ] ] ] } },
{ "type": "Feature", "properties": { }, "geometry": { "type": "Polygon", "coordinates": [ [ [ 18.437218211616216, -33.890755421751521 ], [ 18.437353020118646, -33.886250404308193 ], [ 18.431951344271567, -33.886137868040272 ], [ 18.431816252373793, -33.890642866475034 ], [ 18.437218211616216, -33.890755421751521 ] ] ] } },
{ "type": "Feature", "properties": { }, "geometry": { "type": "Polygon", "coordinates": [ [ [ 18.437353020118646, -33.886250404308193 ], [ 18.437487798670166, -33.881745383092571 ], [ 18.432086406155587, -33.881632865831286 ], [ 18.431951344271567, -33.886137868040272 ], [ 18.437353020118646, -33.886250404308193 ] ] ] } },
{ "type": "Feature", "properties": { }, "geometry": { "type": "Polygon", "coordinates": [ [ [ 18.437487798670166, -33.881745383092571 ], [ 18.437622547277133, -33.877240358105041 ], [ 18.432221438032229, -33.8771278598484 ], [ 18.432086406155587, -33.881632865831286 ], [ 18.437487798670166, -33.881745383092571 ] ] ] } },
{ "type": "Feature", "properties": { }, "geometry": { "type": "Polygon", "coordinates": [ [ [ 18.437622547277133, -33.877240358105041 ], [ 18.437757265945915, -33.872735329345907 ], [ 18.432356439907863, -33.87262285009195 ], [ 18.432221438032229, -33.8771278598484 ], [ 18.437622547277133, -33.877240358105041 ] ] ] } },
{ "type": "Feature", "properties": { }, "geometry": { "type": "Polygon", "coordinates": [ [ [ 18.437757265945915, -33.872735329345907 ], [ 18.437891954682861, -33.868230296815504 ], [ 18.432491411788863, -33.868117836562284 ], [ 18.432356439907863, -33.87262285009195 ], [ 18.437757265945915, -33.872735329345907 ] ] ] } },
{ "type": "Feature", "properties": { }, "geometry": { "type": "Polygon", "coordinates": [ [ [ 18.437891954682861, -33.868230296815504 ], [ 18.43802661349433, -33.86372526051418 ], [ 18.432626353681592, -33.86361281925975 ], [ 18.432491411788863, -33.868117836562284 ], [ 18.437891954682861, -33.868230296815504 ] ] ] } },
{ "type": "Feature", "properties": { }, "geometry": { "type": "Polygon", "coordinates": [ [ [ 18.43802661349433, -33.86372526051418 ], [ 18.438161242386681, -33.859220220442275 ], [ 18.432761265592426, -33.859107798184667 ], [ 18.432626353681592, -33.86361281925975 ], [ 18.43802661349433, -33.86372526051418 ] ] ] } },
{ "type": "Feature", "properties": { }, "geometry": { "type": "Polygon", "coordinates": [ [ [ 18.438161242386681, -33.859220220442275 ], [ 18.438295841366259, -33.854715176600116 ], [ 18.432896147527725, -33.85460277333739 ], [ 18.432761265592426, -33.859107798184667 ], [ 18.438161242386681, -33.859220220442275 ] ] ] } },
{ "type": "Feature", "properties": { }, "geometry": { "type": "Polygon", "coordinates": [ [ [ 18.43816406360385, -34.039531824751272 ], [ 18.438299578586815, -34.03502691294883 ], [ 18.432888487270411, -34.034913986157385 ], [ 18.432752686804356, -34.039418878926341 ], [ 18.43816406360385, -34.039531824751272 ] ] ] } },
{ "type": "Feature", "properties": { }, "geometry": { "type": "Polygon", "coordinates": [ [ [ 18.438299578586815, -34.03502691294883 ], [ 18.438435063470983, -34.03052199736495 ], [ 18.433024257574374, -34.030409089605016 ], [ 18.432888487270411, -34.034913986157385 ], [ 18.438299578586815, -34.03502691294883 ] ] ] } },
{ "type": "Feature", "properties": { }, "geometry": { "type": "Polygon", "coordinates": [ [ [ 18.438435063470983, -34.03052199736495 ], [ 18.438570518262765, -34.026017077999967 ], [ 18.433159997722683, -34.025904189269575 ], [ 18.433024257574374, -34.030409089605016 ], [ 18.438435063470983, -34.03052199736495 ] ] ] } },
{ "type": "Feature", "properties": { }, "geometry": { "type": "Polygon", "coordinates": [ [ [ 18.438570518262765, -34.026017077999967 ], [ 18.438705942968578, -34.021512154854214 ], [ 18.433295707721769, -34.021399285151411 ], [ 18.433159997722683, -34.025904189269575 ], [ 18.438570518262765, -34.026017077999967 ] ] ] } },
{ "type": "Feature", "properties": { }, "geometry": { "type": "Polygon", "coordinates": [ [ [ 18.438705942968578, -34.021512154854214 ], [ 18.438841337594848, -34.017007227928055 ], [ 18.433431387578057, -34.016894377250857 ], [ 18.433295707721769, -34.021399285151411 ], [ 18.438705942968578, -34.021512154854214 ] ] ] } },
{ "type": "Feature", "properties": { }, "geometry": { "type": "Polygon", "coordinates": [ [ [ 18.438841337594848, -34.017007227928055 ], [ 18.438976702147983, -34.012502297221815 ], [ 18.43356703729798, -34.012389465568226 ], [ 18.433431387578057, -34.016894377250857 ], [ 18.438841337594848, -34.017007227928055 ] ] ] } },
{ "type": "Feature", "properties": { }, "geometry": { "type": "Polygon", "coordinates": [ [ [ 18.438976702147983, -34.012502297221815 ], [ 18.439112036634395, -34.007997362735821 ], [ 18.433702656887959, -34.007884550103896 ], [ 18.43356703729798, -34.012389465568226 ], [ 18.438976702147983, -34.012502297221815 ] ] ] } },
{ "type": "Feature", "properties": { }, "geometry": { "type": "Polygon", "coordinates": [ [ [ 18.439112036634395, -34.007997362735821 ], [ 18.439247341060494, -34.003492424470402 ], [ 18.433838246354423, -34.00337963085817 ], [ 18.433702656887959, -34.007884550103896 ], [ 18.439112036634395, -34.007997362735821 ] ] ] } },
{ "type": "Feature", "properties": { }, "geometry": { "type": "Polygon", "coordinates": [ [ [ 18.439247341060494, -34.003492424470402 ], [ 18.439382615432692, -33.998987482425918 ], [ 18.43397380570379, -33.998874707831412 ], [ 18.433838246354423, -34.00337963085817 ], [ 18.439247341060494, -34.003492424470402 ] ] ] } },
{ "type": "Feature", "properties": { }, "geometry": { "type": "Polygon", "coordinates": [ [ [ 18.439382615432692, -33.998987482425918 ], [ 18.439517859757387, -33.994482536602696 ], [ 18.43410933494248, -33.994369781023934 ], [ 18.43397380570379, -33.998874707831412 ], [ 18.439382615432692, -33.998987482425918 ] ] ] } },
{ "type": "Feature", "properties": { }, "geometry": { "type": "Polygon", "coordinates": [ [ [ 18.439517859757387, -33.994482536602696 ], [ 18.439653074040987, -33.98997758700105 ], [ 18.43424483407691, -33.989864850436078 ], [ 18.43410933494248, -33.994369781023934 ], [ 18.439517859757387, -33.994482536602696 ] ] ] } },
{ "type": "Feature", "properties": { }, "geometry": { "type": "Polygon", "coordinates": [ [ [ 18.439653074040987, -33.98997758700105 ], [ 18.439788258289894, -33.985472633621342 ], [ 18.434380303113493, -33.985359916068191 ], [ 18.43424483407691, -33.989864850436078 ], [ 18.439653074040987, -33.98997758700105 ] ] ] } },
{ "type": "Feature", "properties": { }, "geometry": { "type": "Polygon", "coordinates": [ [ [ 18.439788258289894, -33.985472633621342 ], [ 18.43992341251051, -33.980967676463919 ], [ 18.434515742058636, -33.980854977920615 ], [ 18.434380303113493, -33.985359916068191 ], [ 18.439788258289894, -33.985472633621342 ] ] ] } },
{ "type": "Feature", "properties": { }, "geometry": { "type": "Polygon", "coordinates": [ [ [ 18.43992341251051, -33.980967676463919 ], [ 18.44005853670922, -33.976462715529074 ], [ 18.434651150918761, -33.976350035993661 ], [ 18.434515742058636, -33.980854977920615 ], [ 18.43992341251051, -33.980967676463919 ] ] ] } },
{ "type": "Feature", "properties": { }, "geometry": { "type": "Polygon", "coordinates": [ [ [ 18.44005853670922, -33.976462715529074 ], [ 18.440193630892431, -33.971957750817175 ], [ 18.434786529700272, -33.971845090287687 ], [ 18.434651150918761, -33.976350035993661 ], [ 18.44005853670922, -33.976462715529074 ] ] ] } },
{ "type": "Feature", "properties": { }, "geometry": { "type": "Polygon", "coordinates": [ [ [ 18.440193630892431, -33.971957750817175 ], [ 18.44032869506653, -33.967452782328579 ], [ 18.434921878409568, -33.967340140803032 ], [ 18.434786529700272, -33.971845090287687 ], [ 18.440193630892431, -33.971957750817175 ] ] ] } },
{ "type": "Feature", "properties": { }, "geometry": { "type": "Polygon", "coordinates": [ [ [ 18.44032869506653, -33.967452782328579 ], [ 18.440463729237905, -33.962947810063561 ], [ 18.435057197053059, -33.96283518754003 ], [ 18.434921878409568, -33.967340140803032 ], [ 18.44032869506653, -33.967452782328579 ] ] ] } },
{ "type": "Feature", "properties": { }, "geometry": { "type": "Polygon", "coordinates": [ [ [ 18.440463729237905, -33.962947810063561 ], [ 18.440598733412948, -33.958442834022527 ], [ 18.435192485637145, -33.958330230499001 ], [ 18.435057197053059, -33.96283518754003 ], [ 18.440463729237905, -33.962947810063561 ] ] ] } },
{ "type": "Feature", "properties": { }, "geometry": { "type": "Polygon", "coordinates": [ [ [ 18.440598733412948, -33.958442834022527 ], [ 18.440733707598046, -33.953937854205755 ], [ 18.43532774416823, -33.953825269680294 ], [ 18.435192485637145, -33.958330230499001 ], [ 18.440598733412948, -33.958442834022527 ] ] ] } },
{ "type": "Feature", "properties": { }, "geometry": { "type": "Polygon", "coordinates": [ [ [ 18.440733707598046, -33.953937854205755 ], [ 18.44086865179958, -33.94943287061362 ], [ 18.435462972652704, -33.949320305084264 ], [ 18.43532774416823, -33.953825269680294 ], [ 18.440733707598046, -33.953937854205755 ] ] ] } },
{ "type": "Feature", "properties": { }, "geometry": { "type": "Polygon", "coordinates": [ [ [ 18.44086865179958, -33.94943287061362 ], [ 18.441003566023934, -33.944927883246443 ], [ 18.435598171096963, -33.944815336711216 ], [ 18.435462972652704, -33.949320305084264 ], [ 18.44086865179958, -33.94943287061362 ] ] ] } },
{ "type": "Feature", "properties": { }, "geometry": { "type": "Polygon", "coordinates": [ [ [ 18.441003566023934, -33.944927883246443 ], [ 18.441138450277482, -33.940422892104564 ], [ 18.435733339507401, -33.940310364561512 ], [ 18.435598171096963, -33.944815336711216 ], [ 18.441003566023934, -33.944927883246443 ] ] ] } },
{ "type": "Feature", "properties": { }, "geometry": { "type": "Polygon", "coordinates": [ [ [ 18.441138450277482, -33.940422892104564 ], [ 18.441273304566607, -33.935917897188311 ], [ 18.435868477890409, -33.935805388635487 ], [ 18.435733339507401, -33.940310364561512 ], [ 18.441138450277482, -33.940422892104564 ] ] ] } },
{ "type": "Feature", "properties": { }, "geometry": { "type": "Polygon", "coordinates": [ [ [ 18.441273304566607, -33.935917897188311 ], [ 18.441408128897681, -33.931412898498046 ], [ 18.436003586252379, -33.931300408933474 ], [ 18.435868477890409, -33.935805388635487 ], [ 18.441273304566607, -33.935917897188311 ] ] ] } },
{ "type": "Feature", "properties": { }, "geometry": { "type": "Polygon", "coordinates": [ [ [ 18.441408128897681, -33.931412898498046 ], [ 18.441542923277076, -33.926907896034081 ], [ 18.436138664599689, -33.926795425455801 ], [ 18.436003586252379, -33.931300408933474 ], [ 18.441408128897681, -33.931412898498046 ] ] ] } },
{ "type": "Feature", "properties": { }, "geometry": { "type": "Polygon", "coordinates": [ [ [ 18.441542923277076, -33.926907896034081 ], [ 18.44167768771117, -33.922402889796771 ], [ 18.436273712938728, -33.922290438202815 ], [ 18.436138664599689, -33.926795425455801 ], [ 18.441542923277076, -33.926907896034081 ] ] ] } },
{ "type": "Feature", "properties": { }, "geometry": { "type": "Polygon", "coordinates": [ [ [ 18.44167768771117, -33.922402889796771 ], [ 18.441812422206322, -33.91789787978643 ], [ 18.436408731275879, -33.917785447174865 ], [ 18.436273712938728, -33.922290438202815 ], [ 18.44167768771117, -33.922402889796771 ] ] ] } },
{ "type": "Feature", "properties": { }, "geometry": { "type": "Polygon", "coordinates": [ [ [ 18.441812422206322, -33.91789787978643 ], [ 18.441947126768902, -33.91339286600342 ], [ 18.436543719617521, -33.913280452372263 ], [ 18.436408731275879, -33.917785447174865 ], [ 18.441812422206322, -33.91789787978643 ] ] ] } },
{ "type": "Feature", "properties": { }, "geometry": { "type": "Polygon", "coordinates": [ [ [ 18.441947126768902, -33.91339286600342 ], [ 18.44208180140528, -33.90888784844806 ], [ 18.436678677970029, -33.908775453795364 ], [ 18.436543719617521, -33.913280452372263 ], [ 18.441947126768902, -33.91339286600342 ] ] ] } },
{ "type": "Feature", "properties": { }, "geometry": { "type": "Polygon", "coordinates": [ [ [ 18.44208180140528, -33.90888784844806 ], [ 18.442216446121808, -33.904382827120699 ], [ 18.436813606339783, -33.904270451444503 ], [ 18.436678677970029, -33.908775453795364 ], [ 18.44208180140528, -33.90888784844806 ] ] ] } },
{ "type": "Feature", "properties": { }, "geometry": { "type": "Polygon", "coordinates": [ [ [ 18.442216446121808, -33.904382827120699 ], [ 18.442351060924853, -33.89987780202167 ], [ 18.436948504733149, -33.899765445320014 ], [ 18.436813606339783, -33.904270451444503 ], [ 18.442216446121808, -33.904382827120699 ] ] ] } },
{ "type": "Feature", "properties": { }, "geometry": { "type": "Polygon", "coordinates": [ [ [ 18.442351060924853, -33.89987780202167 ], [ 18.442485645820767, -33.895372773151308 ], [ 18.437083373156501, -33.895260435422244 ], [ 18.436948504733149, -33.899765445320014 ], [ 18.442351060924853, -33.89987780202167 ] ] ] } },
{ "type": "Feature", "properties": { }, "geometry": { "type": "Polygon", "coordinates": [ [ [ 18.442485645820767, -33.895372773151308 ], [ 18.442620200815913, -33.890867740509947 ], [ 18.437218211616216, -33.890755421751521 ], [ 18.437083373156501, -33.895260435422244 ], [ 18.442485645820767, -33.895372773151308 ] ] ] } },
{ "type": "Feature", "properties": { }, "geometry": { "type": "Polygon", "coordinates": [ [ [ 18.442620200815913, -33.890867740509947 ], [ 18.442754725916636, -33.886362704097934 ], [ 18.437353020118646, -33.886250404308193 ], [ 18.437218211616216, -33.890755421751521 ], [ 18.442620200815913, -33.890867740509947 ] ] ] } },
{ "type": "Feature", "properties": { }, "geometry": { "type": "Polygon", "coordinates": [ [ [ 18.442754725916636, -33.886362704097934 ], [ 18.442889221129292, -33.881857663915603 ], [ 18.437487798670166, -33.881745383092571 ], [ 18.437353020118646, -33.886250404308193 ], [ 18.442754725916636, -33.886362704097934 ] ] ] } },
{ "type": "Feature", "properties": { }, "geometry": { "type": "Polygon", "coordinates": [ [ [ 18.442889221129292, -33.881857663915603 ], [ 18.443023686460233, -33.877352619963297 ], [ 18.437622547277133, -33.877240358105041 ], [ 18.437487798670166, -33.881745383092571 ], [ 18.442889221129292, -33.881857663915603 ] ] ] } },
{ "type": "Feature", "properties": { }, "geometry": { "type": "Polygon", "coordinates": [ [ [ 18.443023686460233, -33.877352619963297 ], [ 18.443158121915797, -33.872847572241348 ], [ 18.437757265945915, -33.872735329345907 ], [ 18.437622547277133, -33.877240358105041 ], [ 18.443023686460233, -33.877352619963297 ] ] ] } },
{ "type": "Feature", "properties": { }, "geometry": { "type": "Polygon", "coordinates": [ [ [ 18.443158121915797, -33.872847572241348 ], [ 18.443292527502336, -33.868342520750097 ], [ 18.437891954682861, -33.868230296815504 ], [ 18.437757265945915, -33.872735329345907 ], [ 18.443158121915797, -33.872847572241348 ] ] ] } },
{ "type": "Feature", "properties": { }, "geometry": { "type": "Polygon", "coordinates": [ [ [ 18.443292527502336, -33.868342520750097 ], [ 18.443426903226189, -33.863837465489858 ], [ 18.43802661349433, -33.86372526051418 ], [ 18.437891954682861, -33.868230296815504 ], [ 18.443292527502336, -33.868342520750097 ] ] ] } },
{ "type": "Feature", "properties": { }, "geometry": { "type": "Polygon", "coordinates": [ [ [ 18.443426903226189, -33.863837465489858 ], [ 18.443561249093705, -33.859332406461007 ], [ 18.438161242386681, -33.859220220442275 ], [ 18.43802661349433, -33.86372526051418 ], [ 18.443426903226189, -33.863837465489858 ] ] ] } },
{ "type": "Feature", "properties": { }, "geometry": { "type": "Polygon", "coordinates": [ [ [ 18.443561249093705, -33.859332406461007 ], [ 18.443695565111206, -33.85482734366385 ], [ 18.438295841366259, -33.854715176600116 ], [ 18.438161242386681, -33.859220220442275 ], [ 18.443561249093705, -33.859332406461007 ] ] ] } },
{ "type": "Feature", "properties": { }, "geometry": { "type": "Polygon", "coordinates": [ [ [ 18.44357547050857, -34.039644532734947 ], [ 18.443710700002029, -34.035139601939036 ], [ 18.438299578586815, -34.03502691294883 ], [ 18.43816406360385, -34.039531824751272 ], [ 18.44357547050857, -34.039644532734947 ] ] ] } },
{ "type": "Feature", "properties": { }, "geometry": { "type": "Polygon", "coordinates": [ [ [ 18.443710700002029, -34.035139601939036 ], [ 18.443845899459976, -34.030634667363664 ], [ 18.438435063470983, -34.03052199736495 ], [ 18.438299578586815, -34.03502691294883 ], [ 18.443710700002029, -34.035139601939036 ] ] ] } },
{ "type": "Feature", "properties": { }, "geometry": { "type": "Polygon", "coordinates": [ [ [ 18.443845899459976, -34.030634667363664 ], [ 18.44398106888881, -34.02612972900917 ], [ 18.438570518262765, -34.026017077999967 ], [ 18.438435063470983, -34.03052199736495 ], [ 18.443845899459976, -34.030634667363664 ] ] ] } },
{ "type": "Feature", "properties": { }, "geometry": { "type": "Polygon", "coordinates": [ [ [ 18.44398106888881, -34.02612972900917 ], [ 18.444116208294943, -34.021624786875876 ], [ 18.438705942968578, -34.021512154854214 ], [ 18.438570518262765, -34.026017077999967 ], [ 18.44398106888881, -34.02612972900917 ] ] ] } },
{ "type": "Feature", "properties": { }, "geometry": { "type": "Polygon", "coordinates": [ [ [ 18.444116208294943, -34.021624786875876 ], [ 18.444251317684774, -34.017119840964128 ], [ 18.438841337594848, -34.017007227928055 ], [ 18.438705942968578, -34.021512154854214 ], [ 18.444116208294943, -34.021624786875876 ] ] ] } },
{ "type": "Feature", "properties": { }, "geometry": { "type": "Polygon", "coordinates": [ [ [ 18.444251317684774, -34.017119840964128 ], [ 18.444386397064708, -34.012614891274261 ], [ 18.438976702147983, -34.012502297221815 ], [ 18.438841337594848, -34.017007227928055 ], [ 18.444251317684774, -34.017119840964128 ] ] ] } },
{ "type": "Feature", "properties": { }, "geometry": { "type": "Polygon", "coordinates": [ [ [ 18.444386397064708, -34.012614891274261 ], [ 18.44452144644114, -34.008109937806609 ], [ 18.439112036634395, -34.007997362735821 ], [ 18.438976702147983, -34.012502297221815 ], [ 18.444386397064708, -34.012614891274261 ] ] ] } },
{ "type": "Feature", "properties": { }, "geometry": { "type": "Polygon", "coordinates": [ [ [ 18.44452144644114, -34.008109937806609 ], [ 18.444656465820469, -34.003604980561512 ], [ 18.439247341060494, -34.003492424470402 ], [ 18.439112036634395, -34.007997362735821 ], [ 18.44452144644114, -34.008109937806609 ] ] ] } },
{ "type": "Feature", "properties": { }, "geometry": { "type": "Polygon", "coordinates": [ [ [ 18.444656465820469, -34.003604980561512 ], [ 18.444791455209089, -33.999100019539306 ], [ 18.439382615432692, -33.998987482425918 ], [ 18.439247341060494, -34.003492424470402 ], [ 18.444656465820469, -34.003604980561512 ] ] ] } },
{ "type": "Feature", "properties": { }, "geometry": { "type": "Polygon", "coordinates": [ [ [ 18.444791455209089, -33.999100019539306 ], [ 18.444926414613391, -33.994595054740309 ], [ 18.439517859757387, -33.994482536602696 ], [ 18.439382615432692, -33.998987482425918 ], [ 18.444791455209089, -33.999100019539306 ] ] ] } },
{ "type": "Feature", "properties": { }, "geometry": { "type": "Polygon", "coordinates": [ [ [ 18.444926414613391, -33.994595054740309 ], [ 18.445061344039765, -33.990090086164869 ], [ 18.439653074040987, -33.98997758700105 ], [ 18.439517859757387, -33.994482536602696 ], [ 18.444926414613391, -33.994595054740309 ] ] ] } },
{ "type": "Feature", "properties": { }, "geometry": { "type": "Polygon", "coordinates": [ [ [ 18.445061344039765, -33.990090086164869 ], [ 18.445196243494596, -33.985585113813343 ], [ 18.439788258289894, -33.985472633621342 ], [ 18.439653074040987, -33.98997758700105 ], [ 18.445061344039765, -33.990090086164869 ] ] ] } },
{ "type": "Feature", "properties": { }, "geometry": { "type": "Polygon", "coordinates": [ [ [ 18.445196243494596, -33.985585113813343 ], [ 18.445331112984274, -33.981080137686035 ], [ 18.43992341251051, -33.980967676463919 ], [ 18.439788258289894, -33.985472633621342 ], [ 18.445196243494596, -33.985585113813343 ] ] ] } },
{ "type": "Feature", "properties": { }, "geometry": { "type": "Polygon", "coordinates": [ [ [ 18.445331112984274, -33.981080137686035 ], [ 18.445465952515182, -33.97657515778328 ], [ 18.44005853670922, -33.976462715529074 ], [ 18.43992341251051, -33.980967676463919 ], [ 18.445331112984274, -33.981080137686035 ] ] ] } },
{ "type": "Feature", "properties": { }, "geometry": { "type": "Polygon", "coordinates": [ [ [ 18.445465952515182, -33.97657515778328 ], [ 18.445600762093704, -33.97207017410544 ], [ 18.440193630892431, -33.971957750817175 ], [ 18.44005853670922, -33.976462715529074 ], [ 18.445465952515182, -33.97657515778328 ] ] ] } },
{ "type": "Feature", "properties": { }, "geometry": { "type": "Polygon", "coordinates": [ [ [ 18.445600762093704, -33.97207017410544 ], [ 18.445735541726211, -33.967565186652848 ], [ 18.44032869506653, -33.967452782328579 ], [ 18.440193630892431, -33.971957750817175 ], [ 18.445600762093704, -33.97207017410544 ] ] ] } },
{ "type": "Feature", "properties": { }, "geometry": { "type": "Polygon", "coordinates": [ [ [ 18.445735541726211, -33.967565186652848 ], [ 18.445870291419084, -33.963060195425825 ], [ 18.440463729237905, -33.962947810063561 ], [ 18.44032869506653, -33.967452782328579 ], [ 18.445735541726211, -33.967565186652848 ] ] ] } },
{ "type": "Feature", "properties": { }, "geometry": { "type": "Polygon", "coordinates": [ [ [ 18.445870291419084, -33.963060195425825 ], [ 18.446005011178698, -33.958555200424705 ], [ 18.440598733412948, -33.958442834022527 ], [ 18.440463729237905, -33.962947810063561 ], [ 18.445870291419084, -33.963060195425825 ] ] ] } },
{ "type": "Feature", "properties": { }, "geometry": { "type": "Polygon", "coordinates": [ [ [ 18.446005011178698, -33.958555200424705 ], [ 18.446139701011429, -33.954050201649828 ], [ 18.440733707598046, -33.953937854205755 ], [ 18.440598733412948, -33.958442834022527 ], [ 18.446005011178698, -33.958555200424705 ] ] ] } },
{ "type": "Feature", "properties": { }, "geometry": { "type": "Polygon", "coordinates": [ [ [ 18.446139701011429, -33.954050201649828 ], [ 18.446274360923638, -33.949545199101557 ], [ 18.44086865179958, -33.94943287061362 ], [ 18.440733707598046, -33.953937854205755 ], [ 18.446139701011429, -33.954050201649828 ] ] ] } },
{ "type": "Feature", "properties": { }, "geometry": { "type": "Polygon", "coordinates": [ [ [ 18.446274360923638, -33.949545199101557 ], [ 18.446408990921704, -33.945040192780191 ], [ 18.441003566023934, -33.944927883246443 ], [ 18.44086865179958, -33.94943287061362 ], [ 18.446274360923638, -33.949545199101557 ] ] ] } },
{ "type": "Feature", "properties": { }, "geometry": { "type": "Polygon", "coordinates": [ [ [ 18.446408990921704, -33.945040192780191 ], [ 18.446543591011988, -33.94053518268607 ], [ 18.441138450277482, -33.940422892104564 ], [ 18.441003566023934, -33.944927883246443 ], [ 18.446408990921704, -33.945040192780191 ] ] ] } },
{ "type": "Feature", "properties": { }, "geometry": { "type": "Polygon", "coordinates": [ [ [ 18.446543591011988, -33.94053518268607 ], [ 18.446678161200854, -33.936030168819549 ], [ 18.441273304566607, -33.935917897188311 ], [ 18.441138450277482, -33.940422892104564 ], [ 18.446543591011988, -33.94053518268607 ] ] ] } },
{ "type": "Feature", "properties": { }, "geometry": { "type": "Polygon", "coordinates": [ [ [ 18.446678161200854, -33.936030168819549 ], [ 18.446812701494661, -33.931525151180971 ], [ 18.441408128897681, -33.931412898498046 ], [ 18.441273304566607, -33.935917897188311 ], [ 18.446678161200854, -33.936030168819549 ] ] ] } },
{ "type": "Feature", "properties": { }, "geometry": { "type": "Polygon", "coordinates": [ [ [ 18.446812701494661, -33.931525151180971 ], [ 18.446947211899776, -33.927020129770646 ], [ 18.441542923277076, -33.926907896034081 ], [ 18.441408128897681, -33.931412898498046 ], [ 18.446812701494661, -33.931525151180971 ] ] ] } },
{ "type": "Feature", "properties": { }, "geometry": { "type": "Polygon", "coordinates": [ [ [ 18.446947211899776, -33.927020129770646 ], [ 18.44708169242255, -33.922515104588925 ], [ 18.44167768771117, -33.922402889796771 ], [ 18.441542923277076, -33.926907896034081 ], [ 18.446947211899776, -33.927020129770646 ] ] ] } },
{ "type": "Feature", "properties": { }, "geometry": { "type": "Polygon", "coordinates": [ [ [ 18.44708169242255, -33.922515104588925 ], [ 18.44721614306934, -33.91801007563614 ], [ 18.441812422206322, -33.91789787978643 ], [ 18.44167768771117, -33.922402889796771 ], [ 18.44708169242255, -33.922515104588925 ] ] ] } },
{ "type": "Feature", "properties": { }, "geometry": { "type": "Polygon", "coordinates": [ [ [ 18.44721614306934, -33.91801007563614 ], [ 18.447350563846499, -33.913505042912625 ], [ 18.441947126768902, -33.91339286600342 ], [ 18.441812422206322, -33.91789787978643 ], [ 18.44721614306934, -33.91801007563614 ] ] ] } },
{ "type": "Feature", "properties": { }, "geometry": { "type": "Polygon", "coordinates": [ [ [ 18.447350563846499, -33.913505042912625 ], [ 18.447484954760373, -33.909000006418729 ], [ 18.44208180140528, -33.90888784844806 ], [ 18.441947126768902, -33.91339286600342 ], [ 18.447350563846499, -33.913505042912625 ] ] ] } },
{ "type": "Feature", "properties": { }, "geometry": { "type": "Polygon", "coordinates": [ [ [ 18.447484954760373, -33.909000006418729 ], [ 18.44761931581732, -33.904494966154779 ], [ 18.442216446121808, -33.904382827120699 ], [ 18.44208180140528, -33.90888784844806 ], [ 18.447484954760373, -33.909000006418729 ] ] ] } },
{ "type": "Feature", "properties": { }, "geometry": { "type": "Polygon", "coordinates": [ [ [ 18.44761931581732, -33.904494966154779 ], [ 18.447753647023681, -33.899989922121115 ], [ 18.442351060924853, -33.89987780202167 ], [ 18.442216446121808, -33.904382827120699 ], [ 18.44761931581732, -33.904494966154779 ] ] ] } },
{ "type": "Feature", "properties": { }, "geometry": { "type": "Polygon", "coordinates": [ [ [ 18.447753647023681, -33.899989922121115 ], [ 18.447887948385805, -33.895484874318058 ], [ 18.442485645820767, -33.895372773151308 ], [ 18.442351060924853, -33.89987780202167 ], [ 18.447753647023681, -33.899989922121115 ] ] ] } },
{ "type": "Feature", "properties": { }, "geometry": { "type": "Polygon", "coordinates": [ [ [ 18.447887948385805, -33.895484874318058 ], [ 18.448022219910026, -33.890979822745983 ], [ 18.442620200815913, -33.890867740509947 ], [ 18.442485645820767, -33.895372773151308 ], [ 18.447887948385805, -33.895484874318058 ] ] ] } },
{ "type": "Feature", "properties": { }, "geometry": { "type": "Polygon", "coordinates": [ [ [ 18.448022219910026, -33.890979822745983 ], [ 18.448156461602693, -33.886474767405183 ], [ 18.442754725916636, -33.886362704097934 ], [ 18.442620200815913, -33.890867740509947 ], [ 18.448022219910026, -33.890979822745983 ] ] ] } },
{ "type": "Feature", "properties": { }, "geometry": { "type": "Polygon", "coordinates": [ [ [ 18.448156461602693, -33.886474767405183 ], [ 18.448290673470137, -33.881969708296019 ], [ 18.442889221129292, -33.881857663915603 ], [ 18.442754725916636, -33.886362704097934 ], [ 18.448156461602693, -33.886474767405183 ] ] ] } },
{ "type": "Feature", "properties": { }, "geometry": { "type": "Polygon", "coordinates": [ [ [ 18.448290673470137, -33.881969708296019 ], [ 18.448424855518699, -33.877464645418833 ], [ 18.443023686460233, -33.877352619963297 ], [ 18.442889221129292, -33.881857663915603 ], [ 18.448290673470137, -33.881969708296019 ] ] ] } },
{ "type": "Feature", "properties": { }, "geometry": { "type": "Polygon", "coordinates": [ [ [ 18.448424855518699, -33.877464645418833 ], [ 18.448559007754707, -33.872959578773951 ], [ 18.443158121915797, -33.872847572241348 ], [ 18.443023686460233, -33.877352619963297 ], [ 18.448424855518699, -33.877464645418833 ] ] ] } },
{ "type": "Feature", "properties": { }, "geometry": { "type": "Polygon", "coordinates": [ [ [ 18.448559007754707, -33.872959578773951 ], [ 18.448693130184498, -33.868454508361708 ], [ 18.443292527502336, -33.868342520750097 ], [ 18.443158121915797, -33.872847572241348 ], [ 18.448559007754707, -33.872959578773951 ] ] ] } },
{ "type": "Feature", "properties": { }, "geometry": { "type": "Polygon", "coordinates": [ [ [ 18.448693130184498, -33.868454508361708 ], [ 18.448827222814398, -33.863949434182437 ], [ 18.443426903226189, -33.863837465489858 ], [ 18.443292527502336, -33.868342520750097 ], [ 18.448693130184498, -33.868454508361708 ] ] ] } },
{ "type": "Feature", "properties": { }, "geometry": { "type": "Polygon", "coordinates": [ [ [ 18.448827222814398, -33.863949434182437 ], [ 18.448961285650736, -33.859444356236494 ], [ 18.443561249093705, -33.859332406461007 ], [ 18.443426903226189, -33.863837465489858 ], [ 18.448827222814398, -33.863949434182437 ] ] ] } },
{ "type": "Feature", "properties": { }, "geometry": { "type": "Polygon", "coordinates": [ [ [ 18.448961285650736, -33.859444356236494 ], [ 18.449095318699833, -33.854939274524206 ], [ 18.443695565111206, -33.85482734366385 ], [ 18.443561249093705, -33.859332406461007 ], [ 18.448961285650736, -33.859444356236494 ] ] ] } },
{ "type": "Feature", "properties": { }, "geometry": { "type": "Polygon", "coordinates": [ [ [ 18.448986907455215, -34.039757002872975 ], [ 18.449121851452755, -34.035252053123642 ], [ 18.443710700002029, -34.035139601939036 ], [ 18.44357547050857, -34.039644532734947 ], [ 18.448986907455215, -34.039757002872975 ] ] ] } },
{ "type": "Feature", "properties": { }, "geometry": { "type": "Polygon", "coordinates": [ [ [ 18.449121851452755, -34.035252053123642 ], [ 18.449256765478072, -34.030747099596802 ], [ 18.443845899459976, -34.030634667363664 ], [ 18.443710700002029, -34.035139601939036 ], [ 18.449121851452755, -34.035252053123642 ] ] ] } },
{ "type": "Feature", "properties": { }, "geometry": { "type": "Polygon", "coordinates": [ [ [ 18.449256765478072, -34.030747099596802 ], [ 18.44939164953756, -34.026242142292801 ], [ 18.44398106888881, -34.02612972900917 ], [ 18.443845899459976, -34.030634667363664 ], [ 18.449256765478072, -34.030747099596802 ] ] ] } },
{ "type": "Feature", "properties": { }, "geometry": { "type": "Polygon", "coordinates": [ [ [ 18.44939164953756, -34.026242142292801 ], [ 18.449526503637607, -34.021737181211989 ], [ 18.444116208294943, -34.021624786875876 ], [ 18.44398106888881, -34.02612972900917 ], [ 18.44939164953756, -34.026242142292801 ] ] ] } },
{ "type": "Feature", "properties": { }, "geometry": { "type": "Polygon", "coordinates": [ [ [ 18.449526503637607, -34.021737181211989 ], [ 18.4496613277846, -34.017232216354657 ], [ 18.444251317684774, -34.017119840964128 ], [ 18.444116208294943, -34.021624786875876 ], [ 18.449526503637607, -34.021737181211989 ] ] ] } },
{ "type": "Feature", "properties": { }, "geometry": { "type": "Polygon", "coordinates": [ [ [ 18.4496613277846, -34.017232216354657 ], [ 18.449796121984935, -34.012727247721187 ], [ 18.444386397064708, -34.012614891274261 ], [ 18.444251317684774, -34.017119840964128 ], [ 18.4496613277846, -34.017232216354657 ] ] ] } },
{ "type": "Feature", "properties": { }, "geometry": { "type": "Polygon", "coordinates": [ [ [ 18.449796121984935, -34.012727247721187 ], [ 18.449930886244992, -34.008222275311894 ], [ 18.44452144644114, -34.008109937806609 ], [ 18.444386397064708, -34.012614891274261 ], [ 18.449796121984935, -34.012727247721187 ] ] ] } },
{ "type": "Feature", "properties": { }, "geometry": { "type": "Polygon", "coordinates": [ [ [ 18.449930886244992, -34.008222275311894 ], [ 18.450065620571152, -34.003717299127111 ], [ 18.444656465820469, -34.003604980561512 ], [ 18.44452144644114, -34.008109937806609 ], [ 18.449930886244992, -34.008222275311894 ] ] ] } },
{ "type": "Feature", "properties": { }, "geometry": { "type": "Polygon", "coordinates": [ [ [ 18.450065620571152, -34.003717299127111 ], [ 18.450200324969803, -33.999212319167164 ], [ 18.444791455209089, -33.999100019539306 ], [ 18.444656465820469, -34.003604980561512 ], [ 18.450065620571152, -34.003717299127111 ] ] ] } },
{ "type": "Feature", "properties": { }, "geometry": { "type": "Polygon", "coordinates": [ [ [ 18.450200324969803, -33.999212319167164 ], [ 18.450334999447321, -33.994707335432409 ], [ 18.444926414613391, -33.994595054740309 ], [ 18.444791455209089, -33.999100019539306 ], [ 18.450200324969803, -33.999212319167164 ] ] ] } },
{ "type": "Feature", "properties": { }, "geometry": { "type": "Polygon", "coordinates": [ [ [ 18.450334999447321, -33.994707335432409 ], [ 18.450469644010077, -33.990202347923166 ], [ 18.445061344039765, -33.990090086164869 ], [ 18.444926414613391, -33.994595054740309 ], [ 18.450334999447321, -33.994707335432409 ] ] ] } },
{ "type": "Feature", "properties": { }, "geometry": { "type": "Polygon", "coordinates": [ [ [ 18.450469644010077, -33.990202347923166 ], [ 18.450604258664448, -33.985697356639797 ], [ 18.445196243494596, -33.985585113813343 ], [ 18.445061344039765, -33.990090086164869 ], [ 18.450469644010077, -33.990202347923166 ] ] ] } },
{ "type": "Feature", "properties": { }, "geometry": { "type": "Polygon", "coordinates": [ [ [ 18.450604258664448, -33.985697356639797 ], [ 18.450738843416815, -33.9811923615826 ], [ 18.445331112984274, -33.981080137686035 ], [ 18.445196243494596, -33.985585113813343 ], [ 18.450604258664448, -33.985697356639797 ] ] ] } },
{ "type": "Feature", "properties": { }, "geometry": { "type": "Polygon", "coordinates": [ [ [ 18.450738843416815, -33.9811923615826 ], [ 18.450873398273533, -33.976687362751925 ], [ 18.445465952515182, -33.97657515778328 ], [ 18.445331112984274, -33.981080137686035 ], [ 18.450738843416815, -33.9811923615826 ] ] ] } },
{ "type": "Feature", "properties": { }, "geometry": { "type": "Polygon", "coordinates": [ [ [ 18.450873398273533, -33.976687362751925 ], [ 18.451007923240983, -33.972182360148103 ], [ 18.445600762093704, -33.97207017410544 ], [ 18.445465952515182, -33.97657515778328 ], [ 18.450873398273533, -33.976687362751925 ] ] ] } },
{ "type": "Feature", "properties": { }, "geometry": { "type": "Polygon", "coordinates": [ [ [ 18.451007923240983, -33.972182360148103 ], [ 18.451142418325524, -33.967677353771499 ], [ 18.445735541726211, -33.967565186652848 ], [ 18.445600762093704, -33.97207017410544 ], [ 18.451007923240983, -33.972182360148103 ] ] ] } },
{ "type": "Feature", "properties": { }, "geometry": { "type": "Polygon", "coordinates": [ [ [ 18.451142418325524, -33.967677353771499 ], [ 18.45127688353352, -33.963172343622411 ], [ 18.445870291419084, -33.963060195425825 ], [ 18.445735541726211, -33.967565186652848 ], [ 18.451142418325524, -33.967677353771499 ] ] ] } },
{ "type": "Feature", "properties": { }, "geometry": { "type": "Polygon", "coordinates": [ [ [ 18.45127688353352, -33.963172343622411 ], [ 18.451411318871333, -33.958667329701193 ], [ 18.446005011178698, -33.958555200424705 ], [ 18.445870291419084, -33.963060195425825 ], [ 18.45127688353352, -33.963172343622411 ] ] ] } },
{ "type": "Feature", "properties": { }, "geometry": { "type": "Polygon", "coordinates": [ [ [ 18.451411318871333, -33.958667329701193 ], [ 18.451545724345323, -33.954162312008165 ], [ 18.446139701011429, -33.954050201649828 ], [ 18.446005011178698, -33.958555200424705 ], [ 18.451411318871333, -33.958667329701193 ] ] ] } },
{ "type": "Feature", "properties": { }, "geometry": { "type": "Polygon", "coordinates": [ [ [ 18.451545724345323, -33.954162312008165 ], [ 18.451680099961845, -33.949657290543698 ], [ 18.446274360923638, -33.949545199101557 ], [ 18.446139701011429, -33.954050201649828 ], [ 18.451545724345323, -33.954162312008165 ] ] ] } },
{ "type": "Feature", "properties": { }, "geometry": { "type": "Polygon", "coordinates": [ [ [ 18.451680099961845, -33.949657290543698 ], [ 18.451814445727258, -33.945152265308081 ], [ 18.446408990921704, -33.945040192780191 ], [ 18.446274360923638, -33.949545199101557 ], [ 18.451680099961845, -33.949657290543698 ] ] ] } },
{ "type": "Feature", "properties": { }, "geometry": { "type": "Polygon", "coordinates": [ [ [ 18.451814445727258, -33.945152265308081 ], [ 18.451948761647909, -33.940647236301686 ], [ 18.446543591011988, -33.94053518268607 ], [ 18.446408990921704, -33.945040192780191 ], [ 18.451814445727258, -33.945152265308081 ] ] ] } },
{ "type": "Feature", "properties": { }, "geometry": { "type": "Polygon", "coordinates": [ [ [ 18.451948761647909, -33.940647236301686 ], [ 18.452083047730152, -33.936142203524838 ], [ 18.446678161200854, -33.936030168819549 ], [ 18.446543591011988, -33.94053518268607 ], [ 18.451948761647909, -33.940647236301686 ] ] ] } },
{ "type": "Feature", "properties": { }, "geometry": { "type": "Polygon", "coordinates": [ [ [ 18.452083047730152, -33.936142203524838 ], [ 18.452217303980341, -33.931637166977879 ], [ 18.446812701494661, -33.931525151180971 ], [ 18.446678161200854, -33.936030168819549 ], [ 18.452083047730152, -33.936142203524838 ] ] ] } },
{ "type": "Feature", "properties": { }, "geometry": { "type": "Polygon", "coordinates": [ [ [ 18.452217303980341, -33.931637166977879 ], [ 18.452351530404808, -33.927132126661114 ], [ 18.446947211899776, -33.927020129770646 ], [ 18.446812701494661, -33.931525151180971 ], [ 18.452217303980341, -33.931637166977879 ] ] ] } },
{ "type": "Feature", "properties": { }, "geometry": { "type": "Polygon", "coordinates": [ [ [ 18.452351530404808, -33.927132126661114 ], [ 18.452485727009908, -33.92262708257492 ], [ 18.44708169242255, -33.922515104588925 ], [ 18.446947211899776, -33.927020129770646 ], [ 18.452351530404808, -33.927132126661114 ] ] ] } },
{ "type": "Feature", "properties": { }, "geometry": { "type": "Polygon", "coordinates": [ [ [ 18.452485727009908, -33.92262708257492 ], [ 18.452619893801984, -33.918122034719609 ], [ 18.44721614306934, -33.91801007563614 ], [ 18.44708169242255, -33.922515104588925 ], [ 18.452485727009908, -33.92262708257492 ] ] ] } },
{ "type": "Feature", "properties": { }, "geometry": { "type": "Polygon", "coordinates": [ [ [ 18.452619893801984, -33.918122034719609 ], [ 18.452754030787364, -33.913616983095515 ], [ 18.447350563846499, -33.913505042912625 ], [ 18.44721614306934, -33.91801007563614 ], [ 18.452619893801984, -33.918122034719609 ] ] ] } },
{ "type": "Feature", "properties": { }, "geometry": { "type": "Polygon", "coordinates": [ [ [ 18.452754030787364, -33.913616983095515 ], [ 18.452888137972401, -33.909111927702995 ], [ 18.447484954760373, -33.909000006418729 ], [ 18.447350563846499, -33.913505042912625 ], [ 18.452754030787364, -33.913616983095515 ] ] ] } },
{ "type": "Feature", "properties": { }, "geometry": { "type": "Polygon", "coordinates": [ [ [ 18.452888137972401, -33.909111927702995 ], [ 18.453022215363418, -33.904606868542373 ], [ 18.44761931581732, -33.904494966154779 ], [ 18.447484954760373, -33.909000006418729 ], [ 18.452888137972401, -33.909111927702995 ] ] ] } },
{ "type": "Feature", "properties": { }, "geometry": { "type": "Polygon", "coordinates": [ [ [ 18.453022215363418, -33.904606868542373 ], [ 18.453156262966754, -33.900101805613978 ], [ 18.447753647023681, -33.899989922121115 ], [ 18.44761931581732, -33.904494966154779 ], [ 18.453022215363418, -33.904606868542373 ] ] ] } },
{ "type": "Feature", "properties": { }, "geometry": { "type": "Polygon", "coordinates": [ [ [ 18.453156262966754, -33.900101805613978 ], [ 18.453290280788739, -33.895596738918151 ], [ 18.447887948385805, -33.895484874318058 ], [ 18.447753647023681, -33.899989922121115 ], [ 18.453156262966754, -33.900101805613978 ] ] ] } },
{ "type": "Feature", "properties": { }, "geometry": { "type": "Polygon", "coordinates": [ [ [ 18.453290280788739, -33.895596738918151 ], [ 18.453424268835704, -33.891091668455232 ], [ 18.448022219910026, -33.890979822745983 ], [ 18.447887948385805, -33.895484874318058 ], [ 18.453290280788739, -33.895596738918151 ] ] ] } },
{ "type": "Feature", "properties": { }, "geometry": { "type": "Polygon", "coordinates": [ [ [ 18.453424268835704, -33.891091668455232 ], [ 18.45355822711397, -33.886586594225562 ], [ 18.448156461602693, -33.886474767405183 ], [ 18.448022219910026, -33.890979822745983 ], [ 18.453424268835704, -33.891091668455232 ] ] ] } },
{ "type": "Feature", "properties": { }, "geometry": { "type": "Polygon", "coordinates": [ [ [ 18.45355822711397, -33.886586594225562 ], [ 18.453692155629867, -33.882081516229455 ], [ 18.448290673470137, -33.881969708296019 ], [ 18.448156461602693, -33.886474767405183 ], [ 18.45355822711397, -33.886586594225562 ] ] ] } },
{ "type": "Feature", "properties": { }, "geometry": { "type": "Polygon", "coordinates": [ [ [ 18.453692155629867, -33.882081516229455 ], [ 18.453826054389712, -33.877576434467272 ], [ 18.448424855518699, -33.877464645418833 ], [ 18.448290673470137, -33.881969708296019 ], [ 18.453692155629867, -33.882081516229455 ] ] ] } },
{ "type": "Feature", "properties": { }, "geometry": { "type": "Polygon", "coordinates": [ [ [ 18.453826054389712, -33.877576434467272 ], [ 18.453959923399836, -33.873071348939348 ], [ 18.448559007754707, -33.872959578773951 ], [ 18.448424855518699, -33.877464645418833 ], [ 18.453826054389712, -33.877576434467272 ] ] ] } },
{ "type": "Feature", "properties": { }, "geometry": { "type": "Polygon", "coordinates": [ [ [ 18.453959923399836, -33.873071348939348 ], [ 18.454093762666549, -33.868566259646002 ], [ 18.448693130184498, -33.868454508361708 ], [ 18.448559007754707, -33.872959578773951 ], [ 18.453959923399836, -33.873071348939348 ] ] ] } },
{ "type": "Feature", "properties": { }, "geometry": { "type": "Polygon", "coordinates": [ [ [ 18.454093762666549, -33.868566259646002 ], [ 18.454227572196164, -33.864061166587575 ], [ 18.448827222814398, -33.863949434182437 ], [ 18.448693130184498, -33.868454508361708 ], [ 18.454093762666549, -33.868566259646002 ] ] ] } },
{ "type": "Feature", "properties": { }, "geometry": { "type": "Polygon", "coordinates": [ [ [ 18.454227572196164, -33.864061166587575 ], [ 18.454361351995001, -33.859556069764423 ], [ 18.448961285650736, -33.859444356236494 ], [ 18.448827222814398, -33.863949434182437 ], [ 18.454227572196164, -33.864061166587575 ] ] ] } },
{ "type": "Feature", "properties": { }, "geometry": { "type": "Polygon", "coordinates": [ [ [ 18.454361351995001, -33.859556069764423 ], [ 18.454495102069369, -33.855050969176865 ], [ 18.449095318699833, -33.854939274524206 ], [ 18.448961285650736, -33.859444356236494 ], [ 18.454361351995001, -33.859556069764423 ] ] ] } },
{ "type": "Feature", "properties": { }, "geometry": { "type": "Polygon", "coordinates": [ [ [ 18.454398374380478, -34.039869235160971 ], [ 18.454533032875709, -34.035364266498235 ], [ 18.449121851452755, -34.035252053123642 ], [ 18.448986907455215, -34.039757002872975 ], [ 18.454398374380478, -34.039869235160971 ] ] ] } },
{ "type": "Feature", "properties": { }, "geometry": { "type": "Polygon", "coordinates": [ [ [ 18.454533032875709, -34.035364266498235 ], [ 18.454667661462004, -34.030859294059979 ], [ 18.449256765478072, -34.030747099596802 ], [ 18.449121851452755, -34.035252053123642 ], [ 18.454533032875709, -34.035364266498235 ] ] ] } },
{ "type": "Feature", "properties": { }, "geometry": { "type": "Polygon", "coordinates": [ [ [ 18.454667661462004, -34.030859294059979 ], [ 18.454802260145748, -34.026354317846504 ], [ 18.44939164953756, -34.026242142292801 ], [ 18.449256765478072, -34.030747099596802 ], [ 18.454667661462004, -34.030859294059979 ] ] ] } },
{ "type": "Feature", "properties": { }, "geometry": { "type": "Polygon", "coordinates": [ [ [ 18.454802260145748, -34.026354317846504 ], [ 18.454936828933317, -34.021849337858164 ], [ 18.449526503637607, -34.021737181211989 ], [ 18.44939164953756, -34.026242142292801 ], [ 18.454802260145748, -34.026354317846504 ] ] ] } },
{ "type": "Feature", "properties": { }, "geometry": { "type": "Polygon", "coordinates": [ [ [ 18.454936828933317, -34.021849337858164 ], [ 18.455071367831088, -34.017344354095293 ], [ 18.4496613277846, -34.017232216354657 ], [ 18.449526503637607, -34.021737181211989 ], [ 18.454936828933317, -34.021849337858164 ] ] ] } },
{ "type": "Feature", "properties": { }, "geometry": { "type": "Polygon", "coordinates": [ [ [ 18.455071367831088, -34.017344354095293 ], [ 18.455205876845437, -34.012839366558225 ], [ 18.449796121984935, -34.012727247721187 ], [ 18.4496613277846, -34.017232216354657 ], [ 18.455071367831088, -34.017344354095293 ] ] ] } },
{ "type": "Feature", "properties": { }, "geometry": { "type": "Polygon", "coordinates": [ [ [ 18.455205876845437, -34.012839366558225 ], [ 18.455340355982734, -34.008334375247294 ], [ 18.449930886244992, -34.008222275311894 ], [ 18.449796121984935, -34.012727247721187 ], [ 18.455205876845437, -34.012839366558225 ] ] ] } },
{ "type": "Feature", "properties": { }, "geometry": { "type": "Polygon", "coordinates": [ [ [ 18.455340355982734, -34.008334375247294 ], [ 18.455474805249352, -34.003829380162813 ], [ 18.450065620571152, -34.003717299127111 ], [ 18.449930886244992, -34.008222275311894 ], [ 18.455340355982734, -34.008334375247294 ] ] ] } },
{ "type": "Feature", "properties": { }, "geometry": { "type": "Polygon", "coordinates": [ [ [ 18.455474805249352, -34.003829380162813 ], [ 18.455609224651656, -33.999324381305158 ], [ 18.450200324969803, -33.999212319167164 ], [ 18.450065620571152, -34.003717299127111 ], [ 18.455474805249352, -34.003829380162813 ] ] ] } },
{ "type": "Feature", "properties": { }, "geometry": { "type": "Polygon", "coordinates": [ [ [ 18.455609224651656, -33.999324381305158 ], [ 18.455743614196006, -33.994819378674634 ], [ 18.450334999447321, -33.994707335432409 ], [ 18.450200324969803, -33.999212319167164 ], [ 18.455609224651656, -33.999324381305158 ] ] ] } },
{ "type": "Feature", "properties": { }, "geometry": { "type": "Polygon", "coordinates": [ [ [ 18.455743614196006, -33.994819378674634 ], [ 18.455877973888775, -33.99031437227157 ], [ 18.450469644010077, -33.990202347923166 ], [ 18.450334999447321, -33.994707335432409 ], [ 18.455743614196006, -33.994819378674634 ] ] ] } },
{ "type": "Feature", "properties": { }, "geometry": { "type": "Polygon", "coordinates": [ [ [ 18.455877973888775, -33.99031437227157 ], [ 18.456012303736316, -33.98580936209634 ], [ 18.450604258664448, -33.985697356639797 ], [ 18.450469644010077, -33.990202347923166 ], [ 18.455877973888775, -33.99031437227157 ] ] ] } },
{ "type": "Feature", "properties": { }, "geometry": { "type": "Polygon", "coordinates": [ [ [ 18.456012303736316, -33.98580936209634 ], [ 18.45614660374499, -33.981304348149251 ], [ 18.450738843416815, -33.9811923615826 ], [ 18.450604258664448, -33.985697356639797 ], [ 18.456012303736316, -33.98580936209634 ] ] ] } },
{ "type": "Feature", "properties": { }, "geometry": { "type": "Polygon", "coordinates": [ [ [ 18.45614660374499, -33.981304348149251 ], [ 18.456280873921159, -33.976799330430623 ], [ 18.450873398273533, -33.976687362751925 ], [ 18.450738843416815, -33.9811923615826 ], [ 18.45614660374499, -33.981304348149251 ] ] ] } },
{ "type": "Feature", "properties": { }, "geometry": { "type": "Polygon", "coordinates": [ [ [ 18.456280873921159, -33.976799330430623 ], [ 18.45641511427117, -33.97229430894081 ], [ 18.451007923240983, -33.972182360148103 ], [ 18.450873398273533, -33.976687362751925 ], [ 18.456280873921159, -33.976799330430623 ] ] ] } },
{ "type": "Feature", "properties": { }, "geometry": { "type": "Polygon", "coordinates": [ [ [ 18.45641511427117, -33.97229430894081 ], [ 18.456549324801379, -33.967789283680155 ], [ 18.451142418325524, -33.967677353771499 ], [ 18.451007923240983, -33.972182360148103 ], [ 18.45641511427117, -33.97229430894081 ] ] ] } },
{ "type": "Feature", "properties": { }, "geometry": { "type": "Polygon", "coordinates": [ [ [ 18.456549324801379, -33.967789283680155 ], [ 18.456683505518139, -33.963284254648968 ], [ 18.45127688353352, -33.963172343622411 ], [ 18.451142418325524, -33.967677353771499 ], [ 18.456549324801379, -33.967789283680155 ] ] ] } },
{ "type": "Feature", "properties": { }, "geometry": { "type": "Polygon", "coordinates": [ [ [ 18.456683505518139, -33.963284254648968 ], [ 18.456817656427791, -33.958779221847614 ], [ 18.451411318871333, -33.958667329701193 ], [ 18.45127688353352, -33.963172343622411 ], [ 18.456683505518139, -33.963284254648968 ] ] ] } },
{ "type": "Feature", "properties": { }, "geometry": { "type": "Polygon", "coordinates": [ [ [ 18.456817656427791, -33.958779221847614 ], [ 18.456951777536684, -33.954274185276411 ], [ 18.451545724345323, -33.954162312008165 ], [ 18.451411318871333, -33.958667329701193 ], [ 18.456817656427791, -33.958779221847614 ] ] ] } },
{ "type": "Feature", "properties": { }, "geometry": { "type": "Polygon", "coordinates": [ [ [ 18.456951777536684, -33.954274185276411 ], [ 18.457085868851166, -33.949769144935694 ], [ 18.451680099961845, -33.949657290543698 ], [ 18.451545724345323, -33.954162312008165 ], [ 18.456951777536684, -33.954274185276411 ] ] ] } },
{ "type": "Feature", "properties": { }, "geometry": { "type": "Polygon", "coordinates": [ [ [ 18.457085868851166, -33.949769144935694 ], [ 18.457219930377569, -33.945264100825796 ], [ 18.451814445727258, -33.945152265308081 ], [ 18.451680099961845, -33.949657290543698 ], [ 18.457085868851166, -33.949769144935694 ] ] ] } },
{ "type": "Feature", "properties": { }, "geometry": { "type": "Polygon", "coordinates": [ [ [ 18.457219930377569, -33.945264100825796 ], [ 18.457353962122241, -33.940759052947051 ], [ 18.451948761647909, -33.940647236301686 ], [ 18.451814445727258, -33.945152265308081 ], [ 18.457219930377569, -33.945264100825796 ] ] ] } },
{ "type": "Feature", "properties": { }, "geometry": { "type": "Polygon", "coordinates": [ [ [ 18.457353962122241, -33.940759052947051 ], [ 18.457487964091516, -33.936254001299822 ], [ 18.452083047730152, -33.936142203524838 ], [ 18.451948761647909, -33.940647236301686 ], [ 18.457353962122241, -33.940759052947051 ] ] ] } },
{ "type": "Feature", "properties": { }, "geometry": { "type": "Polygon", "coordinates": [ [ [ 18.457487964091516, -33.936254001299822 ], [ 18.45762193629173, -33.931748945884401 ], [ 18.452217303980341, -33.931637166977879 ], [ 18.452083047730152, -33.936142203524838 ], [ 18.457487964091516, -33.936254001299822 ] ] ] } },
{ "type": "Feature", "properties": { }, "geometry": { "type": "Polygon", "coordinates": [ [ [ 18.45762193629173, -33.931748945884401 ], [ 18.457755878729213, -33.92724388670117 ], [ 18.452351530404808, -33.927132126661114 ], [ 18.452217303980341, -33.931637166977879 ], [ 18.45762193629173, -33.931748945884401 ] ] ] } },
{ "type": "Feature", "properties": { }, "geometry": { "type": "Polygon", "coordinates": [ [ [ 18.457755878729213, -33.92724388670117 ], [ 18.457889791410299, -33.922738823750414 ], [ 18.452485727009908, -33.92262708257492 ], [ 18.452351530404808, -33.927132126661114 ], [ 18.457755878729213, -33.92724388670117 ] ] ] } },
{ "type": "Feature", "properties": { }, "geometry": { "type": "Polygon", "coordinates": [ [ [ 18.457889791410299, -33.922738823750414 ], [ 18.458023674341316, -33.918233757032503 ], [ 18.452619893801984, -33.918122034719609 ], [ 18.452485727009908, -33.92262708257492 ], [ 18.457889791410299, -33.922738823750414 ] ] ] } },
{ "type": "Feature", "properties": { }, "geometry": { "type": "Polygon", "coordinates": [ [ [ 18.458023674341316, -33.918233757032503 ], [ 18.458157527528588, -33.913728686547756 ], [ 18.452754030787364, -33.913616983095515 ], [ 18.452619893801984, -33.918122034719609 ], [ 18.458023674341316, -33.918233757032503 ] ] ] } },
{ "type": "Feature", "properties": { }, "geometry": { "type": "Polygon", "coordinates": [ [ [ 18.458157527528588, -33.913728686547756 ], [ 18.458291350978442, -33.909223612296536 ], [ 18.452888137972401, -33.909111927702995 ], [ 18.452754030787364, -33.913616983095515 ], [ 18.458157527528588, -33.913728686547756 ] ] ] } },
{ "type": "Feature", "properties": { }, "geometry": { "type": "Polygon", "coordinates": [ [ [ 18.458291350978442, -33.909223612296536 ], [ 18.458425144697198, -33.904718534279141 ], [ 18.453022215363418, -33.904606868542373 ], [ 18.452888137972401, -33.909111927702995 ], [ 18.458291350978442, -33.909223612296536 ] ] ] } },
{ "type": "Feature", "properties": { }, "geometry": { "type": "Polygon", "coordinates": [ [ [ 18.458425144697198, -33.904718534279141 ], [ 18.458558908691174, -33.900213452495933 ], [ 18.453156262966754, -33.900101805613978 ], [ 18.453022215363418, -33.904606868542373 ], [ 18.458425144697198, -33.904718534279141 ] ] ] } },
{ "type": "Feature", "properties": { }, "geometry": { "type": "Polygon", "coordinates": [ [ [ 18.458558908691174, -33.900213452495933 ], [ 18.458692642966696, -33.89570836694724 ], [ 18.453290280788739, -33.895596738918151 ], [ 18.453156262966754, -33.900101805613978 ], [ 18.458558908691174, -33.900213452495933 ] ] ] } },
{ "type": "Feature", "properties": { }, "geometry": { "type": "Polygon", "coordinates": [ [ [ 18.458692642966696, -33.89570836694724 ], [ 18.458826347530071, -33.891203277633373 ], [ 18.453424268835704, -33.891091668455232 ], [ 18.453290280788739, -33.895596738918151 ], [ 18.458692642966696, -33.89570836694724 ] ] ] } },
{ "type": "Feature", "properties": { }, "geometry": { "type": "Polygon", "coordinates": [ [ [ 18.458826347530071, -33.891203277633373 ], [ 18.458960022387615, -33.886698184554717 ], [ 18.45355822711397, -33.886586594225562 ], [ 18.453424268835704, -33.891091668455232 ], [ 18.458826347530071, -33.891203277633373 ] ] ] } },
{ "type": "Feature", "properties": { }, "geometry": { "type": "Polygon", "coordinates": [ [ [ 18.458960022387615, -33.886698184554717 ], [ 18.459093667545645, -33.882193087711578 ], [ 18.453692155629867, -33.882081516229455 ], [ 18.45355822711397, -33.886586594225562 ], [ 18.458960022387615, -33.886698184554717 ] ] ] } },
{ "type": "Feature", "properties": { }, "geometry": { "type": "Polygon", "coordinates": [ [ [ 18.459093667545645, -33.882193087711578 ], [ 18.45922728301046, -33.877687987104295 ], [ 18.453826054389712, -33.877576434467272 ], [ 18.453692155629867, -33.882081516229455 ], [ 18.459093667545645, -33.882193087711578 ] ] ] } },
{ "type": "Feature", "properties": { }, "geometry": { "type": "Polygon", "coordinates": [ [ [ 18.45922728301046, -33.877687987104295 ], [ 18.459360868788377, -33.873182882733204 ], [ 18.453959923399836, -33.873071348939348 ], [ 18.453826054389712, -33.877576434467272 ], [ 18.45922728301046, -33.877687987104295 ] ] ] } },
{ "type": "Feature", "properties": { }, "geometry": { "type": "Polygon", "coordinates": [ [ [ 18.459360868788377, -33.873182882733204 ], [ 18.45949442488569, -33.86867777459863 ], [ 18.454093762666549, -33.868566259646002 ], [ 18.453959923399836, -33.873071348939348 ], [ 18.459360868788377, -33.873182882733204 ] ] ] } },
{ "type": "Feature", "properties": { }, "geometry": { "type": "Polygon", "coordinates": [ [ [ 18.45949442488569, -33.86867777459863 ], [ 18.459627951308711, -33.864172662700938 ], [ 18.454227572196164, -33.864061166587575 ], [ 18.454093762666549, -33.868566259646002 ], [ 18.45949442488569, -33.86867777459863 ] ] ] } },
{ "type": "Feature", "properties": { }, "geometry": { "type": "Polygon", "coordinates": [ [ [ 18.459627951308711, -33.864172662700938 ], [ 18.459761448063734, -33.859667547040438 ], [ 18.454361351995001, -33.859556069764423 ], [ 18.454227572196164, -33.864061166587575 ], [ 18.459627951308711, -33.864172662700938 ] ] ] } },
{ "type": "Feature", "properties": { }, "geometry": { "type": "Polygon", "coordinates": [ [ [ 18.459761448063734, -33.859667547040438 ], [ 18.459894915157065, -33.855162427617486 ], [ 18.454495102069369, -33.855050969176865 ], [ 18.454361351995001, -33.859556069764423 ], [ 18.459761448063734, -33.859667547040438 ] ] ] } },
{ "type": "Feature", "properties": { }, "geometry": { "type": "Polygon", "coordinates": [ [ [ 18.459809871221061, -34.039981229594559 ], [ 18.459944244207591, -34.035476242058493 ], [ 18.454533032875709, -34.035364266498235 ], [ 18.454398374380478, -34.039869235160971 ], [ 18.459809871221061, -34.039981229594559 ] ] ] } },
{ "type": "Feature", "properties": { }, "geometry": { "type": "Polygon", "coordinates": [ [ [ 18.459944244207591, -34.035476242058493 ], [ 18.460078587348484, -34.03097125074882 ], [ 18.454667661462004, -34.030859294059979 ], [ 18.454533032875709, -34.035364266498235 ], [ 18.459944244207591, -34.035476242058493 ] ] ] } },
{ "type": "Feature", "properties": { }, "geometry": { "type": "Polygon", "coordinates": [ [ [ 18.460078587348484, -34.03097125074882 ], [ 18.460212900650106, -34.026466255665902 ], [ 18.454802260145748, -34.026354317846504 ], [ 18.454667661462004, -34.030859294059979 ], [ 18.460078587348484, -34.03097125074882 ] ] ] } },
{ "type": "Feature", "properties": { }, "geometry": { "type": "Polygon", "coordinates": [ [ [ 18.460212900650106, -34.026466255665902 ], [ 18.460347184118827, -34.021961256810066 ], [ 18.454936828933317, -34.021849337858164 ], [ 18.454802260145748, -34.026354317846504 ], [ 18.460212900650106, -34.026466255665902 ] ] ] } },
{ "type": "Feature", "properties": { }, "geometry": { "type": "Polygon", "coordinates": [ [ [ 18.460347184118827, -34.021961256810066 ], [ 18.460481437761, -34.017456254181653 ], [ 18.455071367831088, -34.017344354095293 ], [ 18.454936828933317, -34.021849337858164 ], [ 18.460347184118827, -34.021961256810066 ] ] ] } },
{ "type": "Feature", "properties": { }, "geometry": { "type": "Polygon", "coordinates": [ [ [ 18.460481437761, -34.017456254181653 ], [ 18.460615661582992, -34.012951247781004 ], [ 18.455205876845437, -34.012839366558225 ], [ 18.455071367831088, -34.017344354095293 ], [ 18.460481437761, -34.017456254181653 ] ] ] } },
{ "type": "Feature", "properties": { }, "geometry": { "type": "Polygon", "coordinates": [ [ [ 18.460615661582992, -34.012951247781004 ], [ 18.46074985559116, -34.008446237608446 ], [ 18.455340355982734, -34.008334375247294 ], [ 18.455205876845437, -34.012839366558225 ], [ 18.460615661582992, -34.012951247781004 ] ] ] } },
{ "type": "Feature", "properties": { }, "geometry": { "type": "Polygon", "coordinates": [ [ [ 18.46074985559116, -34.008446237608446 ], [ 18.460884019791862, -34.003941223664299 ], [ 18.455474805249352, -34.003829380162813 ], [ 18.455340355982734, -34.008334375247294 ], [ 18.46074985559116, -34.008446237608446 ] ] ] } },
{ "type": "Feature", "properties": { }, "geometry": { "type": "Polygon", "coordinates": [ [ [ 18.460884019791862, -34.003941223664299 ], [ 18.46101815419145, -33.999436205948911 ], [ 18.455609224651656, -33.999324381305158 ], [ 18.455474805249352, -34.003829380162813 ], [ 18.460884019791862, -34.003941223664299 ] ] ] } },
{ "type": "Feature", "properties": { }, "geometry": { "type": "Polygon", "coordinates": [ [ [ 18.46101815419145, -33.999436205948911 ], [ 18.461152258796279, -33.994931184462615 ], [ 18.455743614196006, -33.994819378674634 ], [ 18.455609224651656, -33.999324381305158 ], [ 18.46101815419145, -33.999436205948911 ] ] ] } },
{ "type": "Feature", "properties": { }, "geometry": { "type": "Polygon", "coordinates": [ [ [ 18.461152258796279, -33.994931184462615 ], [ 18.461286333612694, -33.990426159205747 ], [ 18.455877973888775, -33.99031437227157 ], [ 18.455743614196006, -33.994819378674634 ], [ 18.461152258796279, -33.994931184462615 ] ] ] } },
{ "type": "Feature", "properties": { }, "geometry": { "type": "Polygon", "coordinates": [ [ [ 18.461286333612694, -33.990426159205747 ], [ 18.461420378647045, -33.985921130178632 ], [ 18.456012303736316, -33.98580936209634 ], [ 18.455877973888775, -33.99031437227157 ], [ 18.461286333612694, -33.990426159205747 ] ] ] } },
{ "type": "Feature", "properties": { }, "geometry": { "type": "Polygon", "coordinates": [ [ [ 18.461420378647045, -33.985921130178632 ], [ 18.461554393905679, -33.981416097381612 ], [ 18.45614660374499, -33.981304348149251 ], [ 18.456012303736316, -33.98580936209634 ], [ 18.461420378647045, -33.985921130178632 ] ] ] } },
{ "type": "Feature", "properties": { }, "geometry": { "type": "Polygon", "coordinates": [ [ [ 18.461554393905679, -33.981416097381612 ], [ 18.461688379394939, -33.97691106081502 ], [ 18.456280873921159, -33.976799330430623 ], [ 18.45614660374499, -33.981304348149251 ], [ 18.461554393905679, -33.981416097381612 ] ] ] } },
{ "type": "Feature", "properties": { }, "geometry": { "type": "Polygon", "coordinates": [ [ [ 18.461688379394939, -33.97691106081502 ], [ 18.461822335121159, -33.972406020479191 ], [ 18.45641511427117, -33.97229430894081 ], [ 18.456280873921159, -33.976799330430623 ], [ 18.461688379394939, -33.97691106081502 ] ] ] } },
{ "type": "Feature", "properties": { }, "geometry": { "type": "Polygon", "coordinates": [ [ [ 18.461822335121159, -33.972406020479191 ], [ 18.461956261090691, -33.967900976374466 ], [ 18.456549324801379, -33.967789283680155 ], [ 18.45641511427117, -33.97229430894081 ], [ 18.461822335121159, -33.972406020479191 ] ] ] } },
{ "type": "Feature", "properties": { }, "geometry": { "type": "Polygon", "coordinates": [ [ [ 18.461956261090691, -33.967900976374466 ], [ 18.462090157309859, -33.963395928501157 ], [ 18.456683505518139, -33.963284254648968 ], [ 18.456549324801379, -33.967789283680155 ], [ 18.461956261090691, -33.967900976374466 ] ] ] } },
{ "type": "Feature", "properties": { }, "geometry": { "type": "Polygon", "coordinates": [ [ [ 18.462090157309859, -33.963395928501157 ], [ 18.462224023785009, -33.958890876859627 ], [ 18.456817656427791, -33.958779221847614 ], [ 18.456683505518139, -33.963284254648968 ], [ 18.462090157309859, -33.963395928501157 ] ] ] } },
{ "type": "Feature", "properties": { }, "geometry": { "type": "Polygon", "coordinates": [ [ [ 18.462224023785009, -33.958890876859627 ], [ 18.462357860522463, -33.954385821450195 ], [ 18.456951777536684, -33.954274185276411 ], [ 18.456817656427791, -33.958779221847614 ], [ 18.462224023785009, -33.958890876859627 ] ] ] } },
{ "type": "Feature", "properties": { }, "geometry": { "type": "Polygon", "coordinates": [ [ [ 18.462357860522463, -33.954385821450195 ], [ 18.462491667528557, -33.949880762273189 ], [ 18.457085868851166, -33.949769144935694 ], [ 18.456951777536684, -33.954274185276411 ], [ 18.462357860522463, -33.954385821450195 ] ] ] } },
{ "type": "Feature", "properties": { }, "geometry": { "type": "Polygon", "coordinates": [ [ [ 18.462491667528557, -33.949880762273189 ], [ 18.462625444809614, -33.945375699328956 ], [ 18.457219930377569, -33.945264100825796 ], [ 18.457085868851166, -33.949769144935694 ], [ 18.462491667528557, -33.949880762273189 ] ] ] } },
{ "type": "Feature", "properties": { }, "geometry": { "type": "Polygon", "coordinates": [ [ [ 18.462625444809614, -33.945375699328956 ], [ 18.462759192371969, -33.940870632617823 ], [ 18.457353962122241, -33.940759052947051 ], [ 18.457219930377569, -33.945264100825796 ], [ 18.462625444809614, -33.945375699328956 ] ] ] } },
{ "type": "Feature", "properties": { }, "geometry": { "type": "Polygon", "coordinates": [ [ [ 18.462759192371969, -33.940870632617823 ], [ 18.462892910221942, -33.936365562140139 ], [ 18.457487964091516, -33.936254001299822 ], [ 18.457353962122241, -33.940759052947051 ], [ 18.462759192371969, -33.940870632617823 ] ] ] } },
{ "type": "Feature", "properties": { }, "geometry": { "type": "Polygon", "coordinates": [ [ [ 18.462892910221942, -33.936365562140139 ], [ 18.46302659836585, -33.93186048789623 ], [ 18.45762193629173, -33.931748945884401 ], [ 18.457487964091516, -33.936254001299822 ], [ 18.462892910221942, -33.936365562140139 ] ] ] } },
{ "type": "Feature", "properties": { }, "geometry": { "type": "Polygon", "coordinates": [ [ [ 18.46302659836585, -33.93186048789623 ], [ 18.463160256810013, -33.927355409886431 ], [ 18.457755878729213, -33.92724388670117 ], [ 18.45762193629173, -33.931748945884401 ], [ 18.46302659836585, -33.93186048789623 ] ] ] } },
{ "type": "Feature", "properties": { }, "geometry": { "type": "Polygon", "coordinates": [ [ [ 18.463160256810013, -33.927355409886431 ], [ 18.463293885560759, -33.92285032811106 ], [ 18.457889791410299, -33.922738823750414 ], [ 18.457755878729213, -33.92724388670117 ], [ 18.463160256810013, -33.927355409886431 ] ] ] } },
{ "type": "Feature", "properties": { }, "geometry": { "type": "Polygon", "coordinates": [ [ [ 18.463293885560759, -33.92285032811106 ], [ 18.46342748462439, -33.918345242570489 ], [ 18.458023674341316, -33.918233757032503 ], [ 18.457889791410299, -33.922738823750414 ], [ 18.463293885560759, -33.92285032811106 ] ] ] } },
{ "type": "Feature", "properties": { }, "geometry": { "type": "Polygon", "coordinates": [ [ [ 18.46342748462439, -33.918345242570489 ], [ 18.463561054007226, -33.913840153265014 ], [ 18.458157527528588, -33.913728686547756 ], [ 18.458023674341316, -33.918233757032503 ], [ 18.46342748462439, -33.918345242570489 ] ] ] } },
{ "type": "Feature", "properties": { }, "geometry": { "type": "Polygon", "coordinates": [ [ [ 18.463561054007226, -33.913840153265014 ], [ 18.463694593715577, -33.909335060194991 ], [ 18.458291350978442, -33.909223612296536 ], [ 18.458157527528588, -33.913728686547756 ], [ 18.463561054007226, -33.913840153265014 ] ] ] } },
{ "type": "Feature", "properties": { }, "geometry": { "type": "Polygon", "coordinates": [ [ [ 18.463694593715577, -33.909335060194991 ], [ 18.463828103755752, -33.904829963360761 ], [ 18.458425144697198, -33.904718534279141 ], [ 18.458291350978442, -33.909223612296536 ], [ 18.463694593715577, -33.909335060194991 ] ] ] } },
{ "type": "Feature", "properties": { }, "geometry": { "type": "Polygon", "coordinates": [ [ [ 18.463828103755752, -33.904829963360761 ], [ 18.463961584134058, -33.900324862762645 ], [ 18.458558908691174, -33.900213452495933 ], [ 18.458425144697198, -33.904718534279141 ], [ 18.463828103755752, -33.904829963360761 ] ] ] } },
{ "type": "Feature", "properties": { }, "geometry": { "type": "Polygon", "coordinates": [ [ [ 18.463961584134058, -33.900324862762645 ], [ 18.464095034856797, -33.895819758400968 ], [ 18.458692642966696, -33.89570836694724 ], [ 18.458558908691174, -33.900213452495933 ], [ 18.463961584134058, -33.900324862762645 ] ] ] } },
{ "type": "Feature", "properties": { }, "geometry": { "type": "Polygon", "coordinates": [ [ [ 18.464095034856797, -33.895819758400968 ], [ 18.464228455930272, -33.891314650276101 ], [ 18.458826347530071, -33.891203277633373 ], [ 18.458692642966696, -33.89570836694724 ], [ 18.464095034856797, -33.895819758400968 ] ] ] } },
{ "type": "Feature", "properties": { }, "geometry": { "type": "Polygon", "coordinates": [ [ [ 18.464228455930272, -33.891314650276101 ], [ 18.464361847360784, -33.886809538388349 ], [ 18.458960022387615, -33.886698184554717 ], [ 18.458826347530071, -33.891203277633373 ], [ 18.464228455930272, -33.891314650276101 ] ] ] } },
{ "type": "Feature", "properties": { }, "geometry": { "type": "Polygon", "coordinates": [ [ [ 18.464361847360784, -33.886809538388349 ], [ 18.464495209154631, -33.882304422738052 ], [ 18.459093667545645, -33.882193087711578 ], [ 18.458960022387615, -33.886698184554717 ], [ 18.464361847360784, -33.886809538388349 ] ] ] } },
{ "type": "Feature", "properties": { }, "geometry": { "type": "Polygon", "coordinates": [ [ [ 18.464495209154631, -33.882304422738052 ], [ 18.464628541318106, -33.87779930332556 ], [ 18.45922728301046, -33.877687987104295 ], [ 18.459093667545645, -33.882193087711578 ], [ 18.464495209154631, -33.882304422738052 ] ] ] } },
{ "type": "Feature", "properties": { }, "geometry": { "type": "Polygon", "coordinates": [ [ [ 18.464628541318106, -33.87779930332556 ], [ 18.464761843857509, -33.873294180151198 ], [ 18.459360868788377, -33.873182882733204 ], [ 18.45922728301046, -33.877687987104295 ], [ 18.464628541318106, -33.87779930332556 ] ] ] } },
{ "type": "Feature", "properties": { }, "geometry": { "type": "Polygon", "coordinates": [ [ [ 18.464761843857509, -33.873294180151198 ], [ 18.464895116779125, -33.868789053215288 ], [ 18.45949442488569, -33.86867777459863 ], [ 18.459360868788377, -33.873182882733204 ], [ 18.464761843857509, -33.873294180151198 ] ] ] } },
{ "type": "Feature", "properties": { }, "geometry": { "type": "Polygon", "coordinates": [ [ [ 18.464895116779125, -33.868789053215288 ], [ 18.465028360089253, -33.864283922518197 ], [ 18.459627951308711, -33.864172662700938 ], [ 18.45949442488569, -33.86867777459863 ], [ 18.464895116779125, -33.868789053215288 ] ] ] } },
{ "type": "Feature", "properties": { }, "geometry": { "type": "Polygon", "coordinates": [ [ [ 18.465028360089253, -33.864283922518197 ], [ 18.465161573794166, -33.859778788060218 ], [ 18.459761448063734, -33.859667547040438 ], [ 18.459627951308711, -33.864172662700938 ], [ 18.465028360089253, -33.864283922518197 ] ] ] } },
{ "type": "Feature", "properties": { }, "geometry": { "type": "Polygon", "coordinates": [ [ [ 18.465161573794166, -33.859778788060218 ], [ 18.465294757900161, -33.855273649841735 ], [ 18.459894915157065, -33.855162427617486 ], [ 18.459761448063734, -33.859667547040438 ], [ 18.465161573794166, -33.859778788060218 ] ] ] } },
{ "type": "Feature", "properties": { }, "geometry": { "type": "Polygon", "coordinates": [ [ [ 18.465221397913648, -34.040092986169405 ], [ 18.465355485385111, -34.035587979800006 ], [ 18.459944244207591, -34.035476242058493 ], [ 18.459809871221061, -34.039981229594559 ], [ 18.465221397913648, -34.040092986169405 ] ] ] } },
{ "type": "Feature", "properties": { }, "geometry": { "type": "Polygon", "coordinates": [ [ [ 18.465355485385111, -34.035587979800006 ], [ 18.465489543074238, -34.031082969658982 ], [ 18.460078587348484, -34.03097125074882 ], [ 18.459944244207591, -34.035476242058493 ], [ 18.465355485385111, -34.035587979800006 ] ] ] } },
{ "type": "Feature", "properties": { }, "geometry": { "type": "Polygon", "coordinates": [ [ [ 18.465489543074238, -34.031082969658982 ], [ 18.465623570987372, -34.026577955746632 ], [ 18.460212900650106, -34.026466255665902 ], [ 18.460078587348484, -34.03097125074882 ], [ 18.465489543074238, -34.031082969658982 ] ] ] } },
{ "type": "Feature", "properties": { }, "geometry": { "type": "Polygon", "coordinates": [ [ [ 18.465623570987372, -34.026577955746632 ], [ 18.465757569130876, -34.022072938063324 ], [ 18.460347184118827, -34.021961256810066 ], [ 18.460212900650106, -34.026466255665902 ], [ 18.465623570987372, -34.026577955746632 ] ] ] } },
{ "type": "Feature", "properties": { }, "geometry": { "type": "Polygon", "coordinates": [ [ [ 18.465757569130876, -34.022072938063324 ], [ 18.465891537511091, -34.017567916609401 ], [ 18.460481437761, -34.017456254181653 ], [ 18.460347184118827, -34.021961256810066 ], [ 18.465757569130876, -34.022072938063324 ] ] ] } },
{ "type": "Feature", "properties": { }, "geometry": { "type": "Polygon", "coordinates": [ [ [ 18.465891537511091, -34.017567916609401 ], [ 18.466025476134369, -34.013062891385182 ], [ 18.460615661582992, -34.012951247781004 ], [ 18.460481437761, -34.017456254181653 ], [ 18.465891537511091, -34.017567916609401 ] ] ] } },
{ "type": "Feature", "properties": { }, "geometry": { "type": "Polygon", "coordinates": [ [ [ 18.466025476134369, -34.013062891385182 ], [ 18.466159385007053, -34.008557862391008 ], [ 18.46074985559116, -34.008446237608446 ], [ 18.460615661582992, -34.012951247781004 ], [ 18.466025476134369, -34.013062891385182 ] ] ] } },
{ "type": "Feature", "properties": { }, "geometry": { "type": "Polygon", "coordinates": [ [ [ 18.466159385007053, -34.008557862391008 ], [ 18.466293264135487, -34.004052829627192 ], [ 18.460884019791862, -34.003941223664299 ], [ 18.46074985559116, -34.008446237608446 ], [ 18.466159385007053, -34.008557862391008 ] ] ] } },
{ "type": "Feature", "properties": { }, "geometry": { "type": "Polygon", "coordinates": [ [ [ 18.466293264135487, -34.004052829627192 ], [ 18.466427113526009, -33.999547793094081 ], [ 18.46101815419145, -33.999436205948911 ], [ 18.460884019791862, -34.003941223664299 ], [ 18.466293264135487, -34.004052829627192 ] ] ] } },
{ "type": "Feature", "properties": { }, "geometry": { "type": "Polygon", "coordinates": [ [ [ 18.466427113526009, -33.999547793094081 ], [ 18.466560933184965, -33.99504275279201 ], [ 18.461152258796279, -33.994931184462615 ], [ 18.46101815419145, -33.999436205948911 ], [ 18.466427113526009, -33.999547793094081 ] ] ] } },
{ "type": "Feature", "properties": { }, "geometry": { "type": "Polygon", "coordinates": [ [ [ 18.466560933184965, -33.99504275279201 ], [ 18.466694723118678, -33.990537708721305 ], [ 18.461286333612694, -33.990426159205747 ], [ 18.461152258796279, -33.994931184462615 ], [ 18.466560933184965, -33.99504275279201 ] ] ] } },
{ "type": "Feature", "properties": { }, "geometry": { "type": "Polygon", "coordinates": [ [ [ 18.466694723118678, -33.990537708721305 ], [ 18.466828483333497, -33.986032660882316 ], [ 18.461420378647045, -33.985921130178632 ], [ 18.461286333612694, -33.990426159205747 ], [ 18.466694723118678, -33.990537708721305 ] ] ] } },
{ "type": "Feature", "properties": { }, "geometry": { "type": "Polygon", "coordinates": [ [ [ 18.466828483333497, -33.986032660882316 ], [ 18.466962213835743, -33.981527609275368 ], [ 18.461554393905679, -33.981416097381612 ], [ 18.461420378647045, -33.985921130178632 ], [ 18.466828483333497, -33.986032660882316 ] ] ] } },
{ "type": "Feature", "properties": { }, "geometry": { "type": "Polygon", "coordinates": [ [ [ 18.466962213835743, -33.981527609275368 ], [ 18.467095914631752, -33.977022553900788 ], [ 18.461688379394939, -33.97691106081502 ], [ 18.461554393905679, -33.981416097381612 ], [ 18.466962213835743, -33.981527609275368 ] ] ] } },
{ "type": "Feature", "properties": { }, "geometry": { "type": "Polygon", "coordinates": [ [ [ 18.467095914631752, -33.977022553900788 ], [ 18.467229585727846, -33.972517494758911 ], [ 18.461822335121159, -33.972406020479191 ], [ 18.461688379394939, -33.97691106081502 ], [ 18.467095914631752, -33.977022553900788 ] ] ] } },
{ "type": "Feature", "properties": { }, "geometry": { "type": "Polygon", "coordinates": [ [ [ 18.467229585727846, -33.972517494758911 ], [ 18.467363227130356, -33.968012431850084 ], [ 18.461956261090691, -33.967900976374466 ], [ 18.461822335121159, -33.972406020479191 ], [ 18.467229585727846, -33.972517494758911 ] ] ] } },
{ "type": "Feature", "properties": { }, "geometry": { "type": "Polygon", "coordinates": [ [ [ 18.467363227130356, -33.968012431850084 ], [ 18.467496838845609, -33.963507365174628 ], [ 18.462090157309859, -33.963395928501157 ], [ 18.461956261090691, -33.967900976374466 ], [ 18.467363227130356, -33.968012431850084 ] ] ] } },
{ "type": "Feature", "properties": { }, "geometry": { "type": "Polygon", "coordinates": [ [ [ 18.467496838845609, -33.963507365174628 ], [ 18.467630420879914, -33.959002294732883 ], [ 18.462224023785009, -33.958890876859627 ], [ 18.462090157309859, -33.963395928501157 ], [ 18.467496838845609, -33.963507365174628 ] ] ] } },
{ "type": "Feature", "properties": { }, "geometry": { "type": "Polygon", "coordinates": [ [ [ 18.467630420879914, -33.959002294732883 ], [ 18.467763973239599, -33.954497220525177 ], [ 18.462357860522463, -33.954385821450195 ], [ 18.462224023785009, -33.958890876859627 ], [ 18.467630420879914, -33.959002294732883 ] ] ] } },
{ "type": "Feature", "properties": { }, "geometry": { "type": "Polygon", "coordinates": [ [ [ 18.467763973239599, -33.954497220525177 ], [ 18.467897495930981, -33.949992142551864 ], [ 18.462491667528557, -33.949880762273189 ], [ 18.462357860522463, -33.954385821450195 ], [ 18.467763973239599, -33.954497220525177 ] ] ] } },
{ "type": "Feature", "properties": { }, "geometry": { "type": "Polygon", "coordinates": [ [ [ 18.467897495930981, -33.949992142551864 ], [ 18.468030988960368, -33.94548706081325 ], [ 18.462625444809614, -33.945375699328956 ], [ 18.462491667528557, -33.949880762273189 ], [ 18.467897495930981, -33.949992142551864 ] ] ] } },
{ "type": "Feature", "properties": { }, "geometry": { "type": "Polygon", "coordinates": [ [ [ 18.468030988960368, -33.94548706081325 ], [ 18.468164452334079, -33.940981975309661 ], [ 18.462759192371969, -33.940870632617823 ], [ 18.462625444809614, -33.945375699328956 ], [ 18.468030988960368, -33.94548706081325 ] ] ] } },
{ "type": "Feature", "properties": { }, "geometry": { "type": "Polygon", "coordinates": [ [ [ 18.468164452334079, -33.940981975309661 ], [ 18.468297886058426, -33.936476886041483 ], [ 18.462892910221942, -33.936365562140139 ], [ 18.462759192371969, -33.940870632617823 ], [ 18.468164452334079, -33.940981975309661 ] ] ] } },
{ "type": "Feature", "properties": { }, "geometry": { "type": "Polygon", "coordinates": [ [ [ 18.468297886058426, -33.936476886041483 ], [ 18.468431290139709, -33.931971793009019 ], [ 18.46302659836585, -33.93186048789623 ], [ 18.462892910221942, -33.936365562140139 ], [ 18.468297886058426, -33.936476886041483 ] ] ] } },
{ "type": "Feature", "properties": { }, "geometry": { "type": "Polygon", "coordinates": [ [ [ 18.468431290139709, -33.931971793009019 ], [ 18.468564664584243, -33.927466696212583 ], [ 18.463160256810013, -33.927355409886431 ], [ 18.46302659836585, -33.93186048789623 ], [ 18.468431290139709, -33.931971793009019 ] ] ] } },
{ "type": "Feature", "properties": { }, "geometry": { "type": "Polygon", "coordinates": [ [ [ 18.468564664584243, -33.927466696212583 ], [ 18.468698009398327, -33.922961595652538 ], [ 18.463293885560759, -33.92285032811106 ], [ 18.463160256810013, -33.927355409886431 ], [ 18.468564664584243, -33.927466696212583 ] ] ] } },
{ "type": "Feature", "properties": { }, "geometry": { "type": "Polygon", "coordinates": [ [ [ 18.468698009398327, -33.922961595652538 ], [ 18.468831324588262, -33.918456491329216 ], [ 18.46342748462439, -33.918345242570489 ], [ 18.463293885560759, -33.92285032811106 ], [ 18.468698009398327, -33.922961595652538 ] ] ] } },
{ "type": "Feature", "properties": { }, "geometry": { "type": "Polygon", "coordinates": [ [ [ 18.468831324588262, -33.918456491329216 ], [ 18.468964610160352, -33.913951383242939 ], [ 18.463561054007226, -33.913840153265014 ], [ 18.46342748462439, -33.918345242570489 ], [ 18.468831324588262, -33.918456491329216 ] ] ] } },
{ "type": "Feature", "properties": { }, "geometry": { "type": "Polygon", "coordinates": [ [ [ 18.468964610160352, -33.913951383242939 ], [ 18.46909786612089, -33.909446271394046 ], [ 18.463694593715577, -33.909335060194991 ], [ 18.463561054007226, -33.913840153265014 ], [ 18.468964610160352, -33.913951383242939 ] ] ] } },
{ "type": "Feature", "properties": { }, "geometry": { "type": "Polygon", "coordinates": [ [ [ 18.46909786612089, -33.909446271394046 ], [ 18.469231092476178, -33.904941155782886 ], [ 18.463828103755752, -33.904829963360761 ], [ 18.463694593715577, -33.909335060194991 ], [ 18.46909786612089, -33.909446271394046 ] ] ] } },
{ "type": "Feature", "properties": { }, "geometry": { "type": "Polygon", "coordinates": [ [ [ 18.469231092476178, -33.904941155782886 ], [ 18.469364289232502, -33.900436036409772 ], [ 18.463961584134058, -33.900324862762645 ], [ 18.463828103755752, -33.904829963360761 ], [ 18.469231092476178, -33.904941155782886 ] ] ] } },
{ "type": "Feature", "properties": { }, "geometry": { "type": "Polygon", "coordinates": [ [ [ 18.469364289232502, -33.900436036409772 ], [ 18.469497456396159, -33.895930913275045 ], [ 18.464095034856797, -33.895819758400968 ], [ 18.463961584134058, -33.900324862762645 ], [ 18.469364289232502, -33.900436036409772 ] ] ] } },
{ "type": "Feature", "properties": { }, "geometry": { "type": "Polygon", "coordinates": [ [ [ 18.469497456396159, -33.895930913275045 ], [ 18.469630593973434, -33.891425786379052 ], [ 18.464228455930272, -33.891314650276101 ], [ 18.464095034856797, -33.895819758400968 ], [ 18.469497456396159, -33.895930913275045 ] ] ] } },
{ "type": "Feature", "properties": { }, "geometry": { "type": "Polygon", "coordinates": [ [ [ 18.469630593973434, -33.891425786379052 ], [ 18.469763701970614, -33.886920655722101 ], [ 18.464361847360784, -33.886809538388349 ], [ 18.464228455930272, -33.891314650276101 ], [ 18.469630593973434, -33.891425786379052 ] ] ] } },
{ "type": "Feature", "properties": { }, "geometry": { "type": "Polygon", "coordinates": [ [ [ 18.469763701970614, -33.886920655722101 ], [ 18.469896780393988, -33.882415521304551 ], [ 18.464495209154631, -33.882304422738052 ], [ 18.464361847360784, -33.886809538388349 ], [ 18.469763701970614, -33.886920655722101 ] ] ] } },
{ "type": "Feature", "properties": { }, "geometry": { "type": "Polygon", "coordinates": [ [ [ 18.469896780393988, -33.882415521304551 ], [ 18.470029829249828, -33.877910383126746 ], [ 18.464628541318106, -33.87779930332556 ], [ 18.464495209154631, -33.882304422738052 ], [ 18.469896780393988, -33.882415521304551 ] ] ] } },
{ "type": "Feature", "properties": { }, "geometry": { "type": "Polygon", "coordinates": [ [ [ 18.470029829249828, -33.877910383126746 ], [ 18.470162848544426, -33.873405241188991 ], [ 18.464761843857509, -33.873294180151198 ], [ 18.464628541318106, -33.87779930332556 ], [ 18.470029829249828, -33.877910383126746 ] ] ] } },
{ "type": "Feature", "properties": { }, "geometry": { "type": "Polygon", "coordinates": [ [ [ 18.470162848544426, -33.873405241188991 ], [ 18.470295838284059, -33.868900095491632 ], [ 18.464895116779125, -33.868789053215288 ], [ 18.464761843857509, -33.873294180151198 ], [ 18.470162848544426, -33.873405241188991 ] ] ] } },
{ "type": "Feature", "properties": { }, "geometry": { "type": "Polygon", "coordinates": [ [ [ 18.470295838284059, -33.868900095491632 ], [ 18.470428798474998, -33.864394946035006 ], [ 18.465028360089253, -33.864283922518197 ], [ 18.464895116779125, -33.868789053215288 ], [ 18.470295838284059, -33.868900095491632 ] ] ] } },
{ "type": "Feature", "properties": { }, "geometry": { "type": "Polygon", "coordinates": [ [ [ 18.470428798474998, -33.864394946035006 ], [ 18.470561729123521, -33.859889792819445 ], [ 18.465161573794166, -33.859778788060218 ], [ 18.465028360089253, -33.864283922518197 ], [ 18.470428798474998, -33.864394946035006 ] ] ] } },
{ "type": "Feature", "properties": { }, "geometry": { "type": "Polygon", "coordinates": [ [ [ 18.470561729123521, -33.859889792819445 ], [ 18.470694630235897, -33.855384635845304 ], [ 18.465294757900161, -33.855273649841735 ], [ 18.465161573794166, -33.859778788060218 ], [ 18.470561729123521, -33.859889792819445 ] ] ] } },
{ "type": "Feature", "properties": { }, "geometry": { "type": "Polygon", "coordinates": [ [ [ 18.470632954394933, -34.040204504881153 ], [ 18.470766756344975, -34.03569947971846 ], [ 18.465355485385111, -34.035587979800006 ], [ 18.465221397913648, -34.040092986169405 ], [ 18.470632954394933, -34.040204504881153 ] ] ] } },
{ "type": "Feature", "properties": { }, "geometry": { "type": "Polygon", "coordinates": [ [ [ 18.470766756344975, -34.03569947971846 ], [ 18.470900528575974, -34.031194450786089 ], [ 18.465489543074238, -34.031082969658982 ], [ 18.465355485385111, -34.035587979800006 ], [ 18.470766756344975, -34.03569947971846 ] ] ] } },
{ "type": "Feature", "properties": { }, "geometry": { "type": "Polygon", "coordinates": [ [ [ 18.470900528575974, -34.031194450786089 ], [ 18.471034271094275, -34.026689418084359 ], [ 18.465623570987372, -34.026577955746632 ], [ 18.465489543074238, -34.031082969658982 ], [ 18.470900528575974, -34.031194450786089 ] ] ] } },
{ "type": "Feature", "properties": { }, "geometry": { "type": "Polygon", "coordinates": [ [ [ 18.471034271094275, -34.026689418084359 ], [ 18.471167983906213, -34.02218438161362 ], [ 18.465757569130876, -34.022072938063324 ], [ 18.465623570987372, -34.026577955746632 ], [ 18.471034271094275, -34.026689418084359 ] ] ] } },
{ "type": "Feature", "properties": { }, "geometry": { "type": "Polygon", "coordinates": [ [ [ 18.471167983906213, -34.02218438161362 ], [ 18.471301667018121, -34.017679341374183 ], [ 18.465891537511091, -34.017567916609401 ], [ 18.465757569130876, -34.022072938063324 ], [ 18.471167983906213, -34.02218438161362 ] ] ] } },
{ "type": "Feature", "properties": { }, "geometry": { "type": "Polygon", "coordinates": [ [ [ 18.471301667018121, -34.017679341374183 ], [ 18.471435320436338, -34.013174297366419 ], [ 18.466025476134369, -34.013062891385182 ], [ 18.465891537511091, -34.017567916609401 ], [ 18.471301667018121, -34.017679341374183 ] ] ] } },
{ "type": "Feature", "properties": { }, "geometry": { "type": "Polygon", "coordinates": [ [ [ 18.471435320436338, -34.013174297366419 ], [ 18.471568944167196, -34.008669249590625 ], [ 18.466159385007053, -34.008557862391008 ], [ 18.466025476134369, -34.013062891385182 ], [ 18.471435320436338, -34.013174297366419 ] ] ] } },
{ "type": "Feature", "properties": { }, "geometry": { "type": "Polygon", "coordinates": [ [ [ 18.471568944167196, -34.008669249590625 ], [ 18.47170253821702, -34.00416419804715 ], [ 18.466293264135487, -34.004052829627192 ], [ 18.466159385007053, -34.008557862391008 ], [ 18.471568944167196, -34.008669249590625 ] ] ] } },
{ "type": "Feature", "properties": { }, "geometry": { "type": "Polygon", "coordinates": [ [ [ 18.47170253821702, -34.00416419804715 ], [ 18.471836102592142, -33.99965914273632 ], [ 18.466427113526009, -33.999547793094081 ], [ 18.466293264135487, -34.004052829627192 ], [ 18.47170253821702, -34.00416419804715 ] ] ] } },
{ "type": "Feature", "properties": { }, "geometry": { "type": "Polygon", "coordinates": [ [ [ 18.471836102592142, -33.99965914273632 ], [ 18.471969637298884, -33.995154083658484 ], [ 18.466560933184965, -33.99504275279201 ], [ 18.466427113526009, -33.999547793094081 ], [ 18.471836102592142, -33.99965914273632 ] ] ] } },
{ "type": "Feature", "properties": { }, "geometry": { "type": "Polygon", "coordinates": [ [ [ 18.471969637298884, -33.995154083658484 ], [ 18.472103142343567, -33.990649020813947 ], [ 18.466694723118678, -33.990537708721305 ], [ 18.466560933184965, -33.99504275279201 ], [ 18.471969637298884, -33.995154083658484 ] ] ] } },
{ "type": "Feature", "properties": { }, "geometry": { "type": "Polygon", "coordinates": [ [ [ 18.472103142343567, -33.990649020813947 ], [ 18.472236617732513, -33.986143954203072 ], [ 18.466828483333497, -33.986032660882316 ], [ 18.466694723118678, -33.990537708721305 ], [ 18.472103142343567, -33.990649020813947 ] ] ] } },
{ "type": "Feature", "properties": { }, "geometry": { "type": "Polygon", "coordinates": [ [ [ 18.472236617732513, -33.986143954203072 ], [ 18.472370063472042, -33.981638883826172 ], [ 18.466962213835743, -33.981527609275368 ], [ 18.466828483333497, -33.986032660882316 ], [ 18.472236617732513, -33.986143954203072 ] ] ] } },
{ "type": "Feature", "properties": { }, "geometry": { "type": "Polygon", "coordinates": [ [ [ 18.472370063472042, -33.981638883826172 ], [ 18.472503479568473, -33.977133809683593 ], [ 18.467095914631752, -33.977022553900788 ], [ 18.466962213835743, -33.981527609275368 ], [ 18.472370063472042, -33.981638883826172 ] ] ] } },
{ "type": "Feature", "properties": { }, "geometry": { "type": "Polygon", "coordinates": [ [ [ 18.472503479568473, -33.977133809683593 ], [ 18.472636866028118, -33.972628731775643 ], [ 18.467229585727846, -33.972517494758911 ], [ 18.467095914631752, -33.977022553900788 ], [ 18.472503479568473, -33.977133809683593 ] ] ] } },
{ "type": "Feature", "properties": { }, "geometry": { "type": "Polygon", "coordinates": [ [ [ 18.472636866028118, -33.972628731775643 ], [ 18.472770222857289, -33.968123650102697 ], [ 18.467363227130356, -33.968012431850084 ], [ 18.467229585727846, -33.972517494758911 ], [ 18.472636866028118, -33.972628731775643 ] ] ] } },
{ "type": "Feature", "properties": { }, "geometry": { "type": "Polygon", "coordinates": [ [ [ 18.472770222857289, -33.968123650102697 ], [ 18.472903550062295, -33.963618564665055 ], [ 18.467496838845609, -33.963507365174628 ], [ 18.467363227130356, -33.968012431850084 ], [ 18.472770222857289, -33.968123650102697 ] ] ] } },
{ "type": "Feature", "properties": { }, "geometry": { "type": "Polygon", "coordinates": [ [ [ 18.472903550062295, -33.963618564665055 ], [ 18.473036847649443, -33.959113475463063 ], [ 18.467630420879914, -33.959002294732883 ], [ 18.467496838845609, -33.963507365174628 ], [ 18.472903550062295, -33.963618564665055 ] ] ] } },
{ "type": "Feature", "properties": { }, "geometry": { "type": "Polygon", "coordinates": [ [ [ 18.473036847649443, -33.959113475463063 ], [ 18.473170115625042, -33.954608382497057 ], [ 18.467763973239599, -33.954497220525177 ], [ 18.467630420879914, -33.959002294732883 ], [ 18.473036847649443, -33.959113475463063 ] ] ] } },
{ "type": "Feature", "properties": { }, "geometry": { "type": "Polygon", "coordinates": [ [ [ 18.473170115625042, -33.954608382497057 ], [ 18.473303353995391, -33.950103285767362 ], [ 18.467897495930981, -33.949992142551864 ], [ 18.467763973239599, -33.954497220525177 ], [ 18.473170115625042, -33.954608382497057 ] ] ] } },
{ "type": "Feature", "properties": { }, "geometry": { "type": "Polygon", "coordinates": [ [ [ 18.473303353995391, -33.950103285767362 ], [ 18.4734365627668, -33.945598185274321 ], [ 18.468030988960368, -33.94548706081325 ], [ 18.467897495930981, -33.949992142551864 ], [ 18.473303353995391, -33.950103285767362 ] ] ] } },
{ "type": "Feature", "properties": { }, "geometry": { "type": "Polygon", "coordinates": [ [ [ 18.4734365627668, -33.945598185274321 ], [ 18.47356974194556, -33.941093081018252 ], [ 18.468164452334079, -33.940981975309661 ], [ 18.468030988960368, -33.94548706081325 ], [ 18.4734365627668, -33.945598185274321 ] ] ] } },
{ "type": "Feature", "properties": { }, "geometry": { "type": "Polygon", "coordinates": [ [ [ 18.47356974194556, -33.941093081018252 ], [ 18.473702891537965, -33.936587972999511 ], [ 18.468297886058426, -33.936476886041483 ], [ 18.468164452334079, -33.940981975309661 ], [ 18.47356974194556, -33.941093081018252 ] ] ] } },
{ "type": "Feature", "properties": { }, "geometry": { "type": "Polygon", "coordinates": [ [ [ 18.473702891537965, -33.936587972999511 ], [ 18.473836011550322, -33.932082861218433 ], [ 18.468431290139709, -33.931971793009019 ], [ 18.468297886058426, -33.936476886041483 ], [ 18.473702891537965, -33.936587972999511 ] ] ] } },
{ "type": "Feature", "properties": { }, "geometry": { "type": "Polygon", "coordinates": [ [ [ 18.473836011550322, -33.932082861218433 ], [ 18.473969101988917, -33.9275777456753 ], [ 18.468564664584243, -33.927466696212583 ], [ 18.468431290139709, -33.931971793009019 ], [ 18.473836011550322, -33.932082861218433 ] ] ] } },
{ "type": "Feature", "properties": { }, "geometry": { "type": "Polygon", "coordinates": [ [ [ 18.473969101988917, -33.9275777456753 ], [ 18.474102162860039, -33.923072626370526 ], [ 18.468698009398327, -33.922961595652538 ], [ 18.468564664584243, -33.927466696212583 ], [ 18.473969101988917, -33.9275777456753 ] ] ] } },
{ "type": "Feature", "properties": { }, "geometry": { "type": "Polygon", "coordinates": [ [ [ 18.474102162860039, -33.923072626370526 ], [ 18.474235194169982, -33.918567503304381 ], [ 18.468831324588262, -33.918456491329216 ], [ 18.468698009398327, -33.922961595652538 ], [ 18.474102162860039, -33.923072626370526 ] ] ] } },
{ "type": "Feature", "properties": { }, "geometry": { "type": "Polygon", "coordinates": [ [ [ 18.474235194169982, -33.918567503304381 ], [ 18.474368195925027, -33.914062376477219 ], [ 18.468964610160352, -33.913951383242939 ], [ 18.468831324588262, -33.918456491329216 ], [ 18.474235194169982, -33.918567503304381 ] ] ] } },
{ "type": "Feature", "properties": { }, "geometry": { "type": "Polygon", "coordinates": [ [ [ 18.474368195925027, -33.914062376477219 ], [ 18.474501168131461, -33.909557245889381 ], [ 18.46909786612089, -33.909446271394046 ], [ 18.468964610160352, -33.913951383242939 ], [ 18.474368195925027, -33.914062376477219 ] ] ] } },
{ "type": "Feature", "properties": { }, "geometry": { "type": "Polygon", "coordinates": [ [ [ 18.474501168131461, -33.909557245889381 ], [ 18.474634110795563, -33.90505211154121 ], [ 18.469231092476178, -33.904941155782886 ], [ 18.46909786612089, -33.909446271394046 ], [ 18.474501168131461, -33.909557245889381 ] ] ] } },
{ "type": "Feature", "properties": { }, "geometry": { "type": "Polygon", "coordinates": [ [ [ 18.474634110795563, -33.90505211154121 ], [ 18.474767023923619, -33.900546973433009 ], [ 18.469364289232502, -33.900436036409772 ], [ 18.469231092476178, -33.904941155782886 ], [ 18.474634110795563, -33.90505211154121 ] ] ] } },
{ "type": "Feature", "properties": { }, "geometry": { "type": "Polygon", "coordinates": [ [ [ 18.474767023923619, -33.900546973433009 ], [ 18.474899907521902, -33.896041831565135 ], [ 18.469497456396159, -33.895930913275045 ], [ 18.469364289232502, -33.900436036409772 ], [ 18.474767023923619, -33.900546973433009 ] ] ] } },
{ "type": "Feature", "properties": { }, "geometry": { "type": "Polygon", "coordinates": [ [ [ 18.474899907521902, -33.896041831565135 ], [ 18.475032761596687, -33.891536685937908 ], [ 18.469630593973434, -33.891425786379052 ], [ 18.469497456396159, -33.895930913275045 ], [ 18.474899907521902, -33.896041831565135 ] ] ] } },
{ "type": "Feature", "properties": { }, "geometry": { "type": "Polygon", "coordinates": [ [ [ 18.475032761596687, -33.891536685937908 ], [ 18.475165586154251, -33.887031536551689 ], [ 18.469763701970614, -33.886920655722101 ], [ 18.469630593973434, -33.891425786379052 ], [ 18.475032761596687, -33.891536685937908 ] ] ] } },
{ "type": "Feature", "properties": { }, "geometry": { "type": "Polygon", "coordinates": [ [ [ 18.475165586154251, -33.887031536551689 ], [ 18.475298381200865, -33.882526383406784 ], [ 18.469896780393988, -33.882415521304551 ], [ 18.469763701970614, -33.886920655722101 ], [ 18.475165586154251, -33.887031536551689 ] ] ] } },
{ "type": "Feature", "properties": { }, "geometry": { "type": "Polygon", "coordinates": [ [ [ 18.475298381200865, -33.882526383406784 ], [ 18.4754311467428, -33.878021226503542 ], [ 18.470029829249828, -33.877910383126746 ], [ 18.469896780393988, -33.882415521304551 ], [ 18.475298381200865, -33.882526383406784 ] ] ] } },
{ "type": "Feature", "properties": { }, "geometry": { "type": "Polygon", "coordinates": [ [ [ 18.4754311467428, -33.878021226503542 ], [ 18.475563882786314, -33.873516065842288 ], [ 18.470162848544426, -33.873405241188991 ], [ 18.470029829249828, -33.877910383126746 ], [ 18.4754311467428, -33.878021226503542 ] ] ] } },
{ "type": "Feature", "properties": { }, "geometry": { "type": "Polygon", "coordinates": [ [ [ 18.475563882786314, -33.873516065842288 ], [ 18.475696589337684, -33.869010901423358 ], [ 18.470295838284059, -33.868900095491632 ], [ 18.470162848544426, -33.873405241188991 ], [ 18.475563882786314, -33.873516065842288 ] ] ] } },
{ "type": "Feature", "properties": { }, "geometry": { "type": "Polygon", "coordinates": [ [ [ 18.475696589337684, -33.869010901423358 ], [ 18.475829266403164, -33.864505733247093 ], [ 18.470428798474998, -33.864394946035006 ], [ 18.470295838284059, -33.868900095491632 ], [ 18.475696589337684, -33.869010901423358 ] ] ] } },
{ "type": "Feature", "properties": { }, "geometry": { "type": "Polygon", "coordinates": [ [ [ 18.475829266403164, -33.864505733247093 ], [ 18.475961913989018, -33.860000561313825 ], [ 18.470561729123521, -33.859889792819445 ], [ 18.470428798474998, -33.864394946035006 ], [ 18.475829266403164, -33.864505733247093 ] ] ] } },
{ "type": "Feature", "properties": { }, "geometry": { "type": "Polygon", "coordinates": [ [ [ 18.475961913989018, -33.860000561313825 ], [ 18.476094532101506, -33.85549538562389 ], [ 18.470694630235897, -33.855384635845304 ], [ 18.470561729123521, -33.859889792819445 ], [ 18.475961913989018, -33.860000561313825 ] ] ] } },
{ "type": "Feature", "properties": { }, "geometry": { "type": "Polygon", "coordinates": [ [ [ 18.476044540601599, -34.040315785725454 ], [ 18.476178057023876, -34.035810741809506 ], [ 18.470766756344975, -34.03569947971846 ], [ 18.470632954394933, -34.040204504881153 ], [ 18.476044540601599, -34.040315785725454 ] ] ] } },
{ "type": "Feature", "properties": { }, "geometry": { "type": "Polygon", "coordinates": [ [ [ 18.476178057023876, -34.035810741809506 ], [ 18.476311543790413, -34.031305694125834 ], [ 18.470900528575974, -34.031194450786089 ], [ 18.470766756344975, -34.03569947971846 ], [ 18.476178057023876, -34.035810741809506 ] ] ] } },
{ "type": "Feature", "properties": { }, "geometry": { "type": "Polygon", "coordinates": [ [ [ 18.476311543790413, -34.031305694125834 ], [ 18.476445000907535, -34.026800642674743 ], [ 18.471034271094275, -34.026689418084359 ], [ 18.470900528575974, -34.031194450786089 ], [ 18.476311543790413, -34.031305694125834 ] ] ] } },
{ "type": "Feature", "properties": { }, "geometry": { "type": "Polygon", "coordinates": [ [ [ 18.476445000907535, -34.026800642674743 ], [ 18.476578428381572, -34.022295587456576 ], [ 18.471167983906213, -34.02218438161362 ], [ 18.471034271094275, -34.026689418084359 ], [ 18.476445000907535, -34.026800642674743 ] ] ] } },
{ "type": "Feature", "properties": { }, "geometry": { "type": "Polygon", "coordinates": [ [ [ 18.476578428381572, -34.022295587456576 ], [ 18.476711826218843, -34.017790528471679 ], [ 18.471301667018121, -34.017679341374183 ], [ 18.471167983906213, -34.02218438161362 ], [ 18.476578428381572, -34.022295587456576 ] ] ] } },
{ "type": "Feature", "properties": { }, "geometry": { "type": "Polygon", "coordinates": [ [ [ 18.476711826218843, -34.017790528471679 ], [ 18.476845194425671, -34.013285465720365 ], [ 18.471435320436338, -34.013174297366419 ], [ 18.471301667018121, -34.017679341374183 ], [ 18.476711826218843, -34.017790528471679 ] ] ] } },
{ "type": "Feature", "properties": { }, "geometry": { "type": "Polygon", "coordinates": [ [ [ 18.476845194425671, -34.013285465720365 ], [ 18.476978533008371, -34.008780399202983 ], [ 18.471568944167196, -34.008669249590625 ], [ 18.471435320436338, -34.013174297366419 ], [ 18.476845194425671, -34.013285465720365 ] ] ] } },
{ "type": "Feature", "properties": { }, "geometry": { "type": "Polygon", "coordinates": [ [ [ 18.476978533008371, -34.008780399202983 ], [ 18.477111841973258, -34.004275328919853 ], [ 18.47170253821702, -34.00416419804715 ], [ 18.471568944167196, -34.008669249590625 ], [ 18.476978533008371, -34.008780399202983 ] ] ] } },
{ "type": "Feature", "properties": { }, "geometry": { "type": "Polygon", "coordinates": [ [ [ 18.477111841973258, -34.004275328919853 ], [ 18.47724512132665, -33.999770254871315 ], [ 18.471836102592142, -33.99965914273632 ], [ 18.47170253821702, -34.00416419804715 ], [ 18.477111841973258, -34.004275328919853 ] ] ] } },
{ "type": "Feature", "properties": { }, "geometry": { "type": "Polygon", "coordinates": [ [ [ 18.47724512132665, -33.999770254871315 ], [ 18.477378371074856, -33.995265177057682 ], [ 18.471969637298884, -33.995154083658484 ], [ 18.471836102592142, -33.99965914273632 ], [ 18.47724512132665, -33.999770254871315 ] ] ] } },
{ "type": "Feature", "properties": { }, "geometry": { "type": "Polygon", "coordinates": [ [ [ 18.477378371074856, -33.995265177057682 ], [ 18.477511591224186, -33.990760095479324 ], [ 18.472103142343567, -33.990649020813947 ], [ 18.471969637298884, -33.995154083658484 ], [ 18.477378371074856, -33.995265177057682 ] ] ] } },
{ "type": "Feature", "properties": { }, "geometry": { "type": "Polygon", "coordinates": [ [ [ 18.477511591224186, -33.990760095479324 ], [ 18.477644781780945, -33.986255010136553 ], [ 18.472236617732513, -33.986143954203072 ], [ 18.472103142343567, -33.990649020813947 ], [ 18.477511591224186, -33.990760095479324 ] ] ] } },
{ "type": "Feature", "properties": { }, "geometry": { "type": "Polygon", "coordinates": [ [ [ 18.477644781780945, -33.986255010136553 ], [ 18.477777942751445, -33.981749921029696 ], [ 18.472370063472042, -33.981638883826172 ], [ 18.472236617732513, -33.986143954203072 ], [ 18.477644781780945, -33.986255010136553 ] ] ] } },
{ "type": "Feature", "properties": { }, "geometry": { "type": "Polygon", "coordinates": [ [ [ 18.477777942751445, -33.981749921029696 ], [ 18.477911074141986, -33.977244828159087 ], [ 18.472503479568473, -33.977133809683593 ], [ 18.472370063472042, -33.981638883826172 ], [ 18.477777942751445, -33.981749921029696 ] ] ] } },
{ "type": "Feature", "properties": { }, "geometry": { "type": "Polygon", "coordinates": [ [ [ 18.477911074141986, -33.977244828159087 ], [ 18.478044175958864, -33.972739731525067 ], [ 18.472636866028118, -33.972628731775643 ], [ 18.472503479568473, -33.977133809683593 ], [ 18.477911074141986, -33.977244828159087 ] ] ] } },
{ "type": "Feature", "properties": { }, "geometry": { "type": "Polygon", "coordinates": [ [ [ 18.478044175958864, -33.972739731525067 ], [ 18.478177248208382, -33.968234631127963 ], [ 18.472770222857289, -33.968123650102697 ], [ 18.472636866028118, -33.972628731775643 ], [ 18.478044175958864, -33.972739731525067 ] ] ] } },
{ "type": "Feature", "properties": { }, "geometry": { "type": "Polygon", "coordinates": [ [ [ 18.478177248208382, -33.968234631127963 ], [ 18.478310290896836, -33.963729526968116 ], [ 18.472903550062295, -33.963618564665055 ], [ 18.472770222857289, -33.968123650102697 ], [ 18.478177248208382, -33.968234631127963 ] ] ] } },
{ "type": "Feature", "properties": { }, "geometry": { "type": "Polygon", "coordinates": [ [ [ 18.478310290896836, -33.963729526968116 ], [ 18.478443304030524, -33.959224419045853 ], [ 18.473036847649443, -33.959113475463063 ], [ 18.472903550062295, -33.963618564665055 ], [ 18.478310290896836, -33.963729526968116 ] ] ] } },
{ "type": "Feature", "properties": { }, "geometry": { "type": "Polygon", "coordinates": [ [ [ 18.478443304030524, -33.959224419045853 ], [ 18.478576287615727, -33.954719307361486 ], [ 18.473170115625042, -33.954608382497057 ], [ 18.473036847649443, -33.959113475463063 ], [ 18.478443304030524, -33.959224419045853 ] ] ] } },
{ "type": "Feature", "properties": { }, "geometry": { "type": "Polygon", "coordinates": [ [ [ 18.478576287615727, -33.954719307361486 ], [ 18.478709241658752, -33.950214191915393 ], [ 18.473303353995391, -33.950103285767362 ], [ 18.473170115625042, -33.954608382497057 ], [ 18.478576287615727, -33.954719307361486 ] ] ] } },
{ "type": "Feature", "properties": { }, "geometry": { "type": "Polygon", "coordinates": [ [ [ 18.478709241658752, -33.950214191915393 ], [ 18.478842166165876, -33.945709072707871 ], [ 18.4734365627668, -33.945598185274321 ], [ 18.473303353995391, -33.950103285767362 ], [ 18.478709241658752, -33.950214191915393 ] ] ] } },
{ "type": "Feature", "properties": { }, "geometry": { "type": "Polygon", "coordinates": [ [ [ 18.478842166165876, -33.945709072707871 ], [ 18.47897506114338, -33.941203949739268 ], [ 18.47356974194556, -33.941093081018252 ], [ 18.4734365627668, -33.945598185274321 ], [ 18.478842166165876, -33.945709072707871 ] ] ] } },
{ "type": "Feature", "properties": { }, "geometry": { "type": "Polygon", "coordinates": [ [ [ 18.47897506114338, -33.941203949739268 ], [ 18.479107926597564, -33.93669882300992 ], [ 18.473702891537965, -33.936587972999511 ], [ 18.47356974194556, -33.941093081018252 ], [ 18.47897506114338, -33.941203949739268 ] ] ] } },
{ "type": "Feature", "properties": { }, "geometry": { "type": "Polygon", "coordinates": [ [ [ 18.479107926597564, -33.93669882300992 ], [ 18.479240762534697, -33.932193692520151 ], [ 18.473836011550322, -33.932082861218433 ], [ 18.473702891537965, -33.936587972999511 ], [ 18.479107926597564, -33.93669882300992 ] ] ] } },
{ "type": "Feature", "properties": { }, "geometry": { "type": "Polygon", "coordinates": [ [ [ 18.479240762534697, -33.932193692520151 ], [ 18.479373568961062, -33.92768855827029 ], [ 18.473969101988917, -33.9275777456753 ], [ 18.473836011550322, -33.932082861218433 ], [ 18.479240762534697, -33.932193692520151 ] ] ] } },
{ "type": "Feature", "properties": { }, "geometry": { "type": "Polygon", "coordinates": [ [ [ 18.479373568961062, -33.92768855827029 ], [ 18.479506345882939, -33.923183420260685 ], [ 18.474102162860039, -33.923072626370526 ], [ 18.473969101988917, -33.9275777456753 ], [ 18.479373568961062, -33.92768855827029 ] ] ] } },
{ "type": "Feature", "properties": { }, "geometry": { "type": "Polygon", "coordinates": [ [ [ 18.479506345882939, -33.923183420260685 ], [ 18.479639093306595, -33.918678278491662 ], [ 18.474235194169982, -33.918567503304381 ], [ 18.474102162860039, -33.923072626370526 ], [ 18.479506345882939, -33.923183420260685 ] ] ] } },
{ "type": "Feature", "properties": { }, "geometry": { "type": "Polygon", "coordinates": [ [ [ 18.479639093306595, -33.918678278491662 ], [ 18.479771811238315, -33.914173132963555 ], [ 18.474368195925027, -33.914062376477219 ], [ 18.474235194169982, -33.918567503304381 ], [ 18.479639093306595, -33.918678278491662 ] ] ] } },
{ "type": "Feature", "properties": { }, "geometry": { "type": "Polygon", "coordinates": [ [ [ 18.479771811238315, -33.914173132963555 ], [ 18.479904499684359, -33.909667983676684 ], [ 18.474501168131461, -33.909557245889381 ], [ 18.474368195925027, -33.914062376477219 ], [ 18.479771811238315, -33.914173132963555 ] ] ] } },
{ "type": "Feature", "properties": { }, "geometry": { "type": "Polygon", "coordinates": [ [ [ 18.479904499684359, -33.909667983676684 ], [ 18.480037158650997, -33.905162830631419 ], [ 18.474634110795563, -33.90505211154121 ], [ 18.474501168131461, -33.909557245889381 ], [ 18.479904499684359, -33.909667983676684 ] ] ] } },
{ "type": "Feature", "properties": { }, "geometry": { "type": "Polygon", "coordinates": [ [ [ 18.480037158650997, -33.905162830631419 ], [ 18.480169788144504, -33.90065767382805 ], [ 18.474767023923619, -33.900546973433009 ], [ 18.474634110795563, -33.90505211154121 ], [ 18.480037158650997, -33.905162830631419 ] ] ] } },
{ "type": "Feature", "properties": { }, "geometry": { "type": "Polygon", "coordinates": [ [ [ 18.480169788144504, -33.90065767382805 ], [ 18.48030238817114, -33.896152513266934 ], [ 18.474899907521902, -33.896041831565135 ], [ 18.474767023923619, -33.900546973433009 ], [ 18.480169788144504, -33.90065767382805 ] ] ] } },
{ "type": "Feature", "properties": { }, "geometry": { "type": "Polygon", "coordinates": [ [ [ 18.48030238817114, -33.896152513266934 ], [ 18.480434958737167, -33.891647348948403 ], [ 18.475032761596687, -33.891536685937908 ], [ 18.474899907521902, -33.896041831565135 ], [ 18.48030238817114, -33.896152513266934 ] ] ] } },
{ "type": "Feature", "properties": { }, "geometry": { "type": "Polygon", "coordinates": [ [ [ 18.480434958737167, -33.891647348948403 ], [ 18.480567499848846, -33.887142180872786 ], [ 18.475165586154251, -33.887031536551689 ], [ 18.475032761596687, -33.891536685937908 ], [ 18.480434958737167, -33.891647348948403 ] ] ] } },
{ "type": "Feature", "properties": { }, "geometry": { "type": "Polygon", "coordinates": [ [ [ 18.480567499848846, -33.887142180872786 ], [ 18.480700011512429, -33.882637009040415 ], [ 18.475298381200865, -33.882526383406784 ], [ 18.475165586154251, -33.887031536551689 ], [ 18.480567499848846, -33.887142180872786 ] ] ] } },
{ "type": "Feature", "properties": { }, "geometry": { "type": "Polygon", "coordinates": [ [ [ 18.480700011512429, -33.882637009040415 ], [ 18.48083249373418, -33.87813183345164 ], [ 18.4754311467428, -33.878021226503542 ], [ 18.475298381200865, -33.882526383406784 ], [ 18.480700011512429, -33.882637009040415 ] ] ] } },
{ "type": "Feature", "properties": { }, "geometry": { "type": "Polygon", "coordinates": [ [ [ 18.48083249373418, -33.87813183345164 ], [ 18.480964946520352, -33.873626654106786 ], [ 18.475563882786314, -33.873516065842288 ], [ 18.4754311467428, -33.878021226503542 ], [ 18.48083249373418, -33.87813183345164 ] ] ] } },
{ "type": "Feature", "properties": { }, "geometry": { "type": "Polygon", "coordinates": [ [ [ 18.480964946520352, -33.873626654106786 ], [ 18.48109736987719, -33.869121471006174 ], [ 18.475696589337684, -33.869010901423358 ], [ 18.475563882786314, -33.873516065842288 ], [ 18.480964946520352, -33.873626654106786 ] ] ] } },
{ "type": "Feature", "properties": { }, "geometry": { "type": "Polygon", "coordinates": [ [ [ 18.48109736987719, -33.869121471006174 ], [ 18.481229763810951, -33.864616284150145 ], [ 18.475829266403164, -33.864505733247093 ], [ 18.475696589337684, -33.869010901423358 ], [ 18.48109736987719, -33.869121471006174 ] ] ] } },
{ "type": "Feature", "properties": { }, "geometry": { "type": "Polygon", "coordinates": [ [ [ 18.481229763810951, -33.864616284150145 ], [ 18.481362128327884, -33.860111093539039 ], [ 18.475961913989018, -33.860000561313825 ], [ 18.475829266403164, -33.864505733247093 ], [ 18.481229763810951, -33.864616284150145 ] ] ] } },
{ "type": "Feature", "properties": { }, "geometry": { "type": "Polygon", "coordinates": [ [ [ 18.481362128327884, -33.860111093539039 ], [ 18.481494463434228, -33.855605899173192 ], [ 18.476094532101506, -33.85549538562389 ], [ 18.475961913989018, -33.860000561313825 ], [ 18.481362128327884, -33.860111093539039 ] ] ] } },
{ "type": "Feature", "properties": { }, "geometry": { "type": "Polygon", "coordinates": [ [ [ 18.481456156470333, -34.040426828697967 ], [ 18.481589387358515, -34.035921766068824 ], [ 18.476178057023876, -34.035810741809506 ], [ 18.476044540601599, -34.040315785725454 ], [ 18.481456156470333, -34.040426828697967 ] ] ] } },
{ "type": "Feature", "properties": { }, "geometry": { "type": "Polygon", "coordinates": [ [ [ 18.481589387358515, -34.035921766068824 ], [ 18.481722588654264, -34.031416699673869 ], [ 18.476311543790413, -34.031305694125834 ], [ 18.476178057023876, -34.035810741809506 ], [ 18.481589387358515, -34.035921766068824 ] ] ] } },
{ "type": "Feature", "properties": { }, "geometry": { "type": "Polygon", "coordinates": [ [ [ 18.481722588654264, -34.031416699673869 ], [ 18.481855760363889, -34.026911629513457 ], [ 18.476445000907535, -34.026800642674743 ], [ 18.476311543790413, -34.031305694125834 ], [ 18.481722588654264, -34.031416699673869 ] ] ] } },
{ "type": "Feature", "properties": { }, "geometry": { "type": "Polygon", "coordinates": [ [ [ 18.481855760363889, -34.026911629513457 ], [ 18.481988902493701, -34.022406555587892 ], [ 18.476578428381572, -34.022295587456576 ], [ 18.476445000907535, -34.026800642674743 ], [ 18.481855760363889, -34.026911629513457 ] ] ] } },
{ "type": "Feature", "properties": { }, "geometry": { "type": "Polygon", "coordinates": [ [ [ 18.481988902493701, -34.022406555587892 ], [ 18.482122015050013, -34.017901477897539 ], [ 18.476711826218843, -34.017790528471679 ], [ 18.476578428381572, -34.022295587456576 ], [ 18.481988902493701, -34.022406555587892 ] ] ] } },
{ "type": "Feature", "properties": { }, "geometry": { "type": "Polygon", "coordinates": [ [ [ 18.482122015050013, -34.017901477897539 ], [ 18.482255098039129, -34.013396396442708 ], [ 18.476845194425671, -34.013285465720365 ], [ 18.476711826218843, -34.017790528471679 ], [ 18.482122015050013, -34.017901477897539 ] ] ] } },
{ "type": "Feature", "properties": { }, "geometry": { "type": "Polygon", "coordinates": [ [ [ 18.482255098039129, -34.013396396442708 ], [ 18.482388151467354, -34.008891311223742 ], [ 18.476978533008371, -34.008780399202983 ], [ 18.476845194425671, -34.013285465720365 ], [ 18.482255098039129, -34.013396396442708 ] ] ] } },
{ "type": "Feature", "properties": { }, "geometry": { "type": "Polygon", "coordinates": [ [ [ 18.482388151467354, -34.008891311223742 ], [ 18.482521175340992, -34.004386222240974 ], [ 18.477111841973258, -34.004275328919853 ], [ 18.476978533008371, -34.008780399202983 ], [ 18.482388151467354, -34.008891311223742 ] ] ] } },
{ "type": "Feature", "properties": { }, "geometry": { "type": "Polygon", "coordinates": [ [ [ 18.482521175340992, -34.004386222240974 ], [ 18.482654169666343, -33.999881129494725 ], [ 18.47724512132665, -33.999770254871315 ], [ 18.477111841973258, -34.004275328919853 ], [ 18.482521175340992, -34.004386222240974 ] ] ] } },
{ "type": "Feature", "properties": { }, "geometry": { "type": "Polygon", "coordinates": [ [ [ 18.482654169666343, -33.999881129494725 ], [ 18.482787134449705, -33.99537603298532 ], [ 18.477378371074856, -33.995265177057682 ], [ 18.47724512132665, -33.999770254871315 ], [ 18.482654169666343, -33.999881129494725 ] ] ] } },
{ "type": "Feature", "properties": { }, "geometry": { "type": "Polygon", "coordinates": [ [ [ 18.482787134449705, -33.99537603298532 ], [ 18.482920069697375, -33.990870932713129 ], [ 18.477511591224186, -33.990760095479324 ], [ 18.477378371074856, -33.995265177057682 ], [ 18.482787134449705, -33.99537603298532 ] ] ] } },
{ "type": "Feature", "properties": { }, "geometry": { "type": "Polygon", "coordinates": [ [ [ 18.482920069697375, -33.990870932713129 ], [ 18.483052975415646, -33.986365828678444 ], [ 18.477644781780945, -33.986255010136553 ], [ 18.477511591224186, -33.990760095479324 ], [ 18.482920069697375, -33.990870932713129 ] ] ] } },
{ "type": "Feature", "properties": { }, "geometry": { "type": "Polygon", "coordinates": [ [ [ 18.483052975415646, -33.986365828678444 ], [ 18.483185851610806, -33.98186072088162 ], [ 18.477777942751445, -33.981749921029696 ], [ 18.477644781780945, -33.986255010136553 ], [ 18.483052975415646, -33.986365828678444 ] ] ] } },
{ "type": "Feature", "properties": { }, "geometry": { "type": "Polygon", "coordinates": [ [ [ 18.483185851610806, -33.98186072088162 ], [ 18.483318698289153, -33.97735560932297 ], [ 18.477911074141986, -33.977244828159087 ], [ 18.477777942751445, -33.981749921029696 ], [ 18.483185851610806, -33.98186072088162 ] ] ] } },
{ "type": "Feature", "properties": { }, "geometry": { "type": "Polygon", "coordinates": [ [ [ 18.483318698289153, -33.97735560932297 ], [ 18.48345151545697, -33.972850494002849 ], [ 18.478044175958864, -33.972739731525067 ], [ 18.477911074141986, -33.977244828159087 ], [ 18.483318698289153, -33.97735560932297 ] ] ] } },
{ "type": "Feature", "properties": { }, "geometry": { "type": "Polygon", "coordinates": [ [ [ 18.48345151545697, -33.972850494002849 ], [ 18.483584303120537, -33.968345374921576 ], [ 18.478177248208382, -33.968234631127963 ], [ 18.478044175958864, -33.972739731525067 ], [ 18.48345151545697, -33.972850494002849 ] ] ] } },
{ "type": "Feature", "properties": { }, "geometry": { "type": "Polygon", "coordinates": [ [ [ 18.483584303120537, -33.968345374921576 ], [ 18.483717061286146, -33.963840252079486 ], [ 18.478310290896836, -33.963729526968116 ], [ 18.478177248208382, -33.968234631127963 ], [ 18.483584303120537, -33.968345374921576 ] ] ] } },
{ "type": "Feature", "properties": { }, "geometry": { "type": "Polygon", "coordinates": [ [ [ 18.483717061286146, -33.963840252079486 ], [ 18.483849789960079, -33.959335125476912 ], [ 18.478443304030524, -33.959224419045853 ], [ 18.478310290896836, -33.963729526968116 ], [ 18.483717061286146, -33.963840252079486 ] ] ] } },
{ "type": "Feature", "properties": { }, "geometry": { "type": "Polygon", "coordinates": [ [ [ 18.483849789960079, -33.959335125476912 ], [ 18.483982489148605, -33.954829995114174 ], [ 18.478576287615727, -33.954719307361486 ], [ 18.478443304030524, -33.959224419045853 ], [ 18.483849789960079, -33.959335125476912 ] ] ] } },
{ "type": "Feature", "properties": { }, "geometry": { "type": "Polygon", "coordinates": [ [ [ 18.483982489148605, -33.954829995114174 ], [ 18.484115158858007, -33.950324860991628 ], [ 18.478709241658752, -33.950214191915393 ], [ 18.478576287615727, -33.954719307361486 ], [ 18.483982489148605, -33.954829995114174 ] ] ] } },
{ "type": "Feature", "properties": { }, "geometry": { "type": "Polygon", "coordinates": [ [ [ 18.484115158858007, -33.950324860991628 ], [ 18.484247799094561, -33.945819723109587 ], [ 18.478842166165876, -33.945709072707871 ], [ 18.478709241658752, -33.950214191915393 ], [ 18.484115158858007, -33.950324860991628 ] ] ] } },
{ "type": "Feature", "properties": { }, "geometry": { "type": "Polygon", "coordinates": [ [ [ 18.484247799094561, -33.945819723109587 ], [ 18.484380409864539, -33.94131458146839 ], [ 18.47897506114338, -33.941203949739268 ], [ 18.478842166165876, -33.945709072707871 ], [ 18.484247799094561, -33.945819723109587 ] ] ] } },
{ "type": "Feature", "properties": { }, "geometry": { "type": "Polygon", "coordinates": [ [ [ 18.484380409864539, -33.94131458146839 ], [ 18.48451299117421, -33.936809436068373 ], [ 18.479107926597564, -33.93669882300992 ], [ 18.47897506114338, -33.941203949739268 ], [ 18.484380409864539, -33.94131458146839 ] ] ] } },
{ "type": "Feature", "properties": { }, "geometry": { "type": "Polygon", "coordinates": [ [ [ 18.48451299117421, -33.936809436068373 ], [ 18.484645543029838, -33.932304286909883 ], [ 18.479240762534697, -33.932193692520151 ], [ 18.479107926597564, -33.93669882300992 ], [ 18.48451299117421, -33.936809436068373 ] ] ] } },
{ "type": "Feature", "properties": { }, "geometry": { "type": "Polygon", "coordinates": [ [ [ 18.484645543029838, -33.932304286909883 ], [ 18.484778065437702, -33.927799133993226 ], [ 18.479373568961062, -33.92768855827029 ], [ 18.479240762534697, -33.932193692520151 ], [ 18.484645543029838, -33.932304286909883 ] ] ] } },
{ "type": "Feature", "properties": { }, "geometry": { "type": "Polygon", "coordinates": [ [ [ 18.484778065437702, -33.927799133993226 ], [ 18.484910558404049, -33.923293977318728 ], [ 18.479506345882939, -33.923183420260685 ], [ 18.479373568961062, -33.92768855827029 ], [ 18.484778065437702, -33.927799133993226 ] ] ] } },
{ "type": "Feature", "properties": { }, "geometry": { "type": "Polygon", "coordinates": [ [ [ 18.484910558404049, -33.923293977318728 ], [ 18.485043021935152, -33.918788816886753 ], [ 18.479639093306595, -33.918678278491662 ], [ 18.479506345882939, -33.923183420260685 ], [ 18.484910558404049, -33.923293977318728 ] ] ] } },
{ "type": "Feature", "properties": { }, "geometry": { "type": "Polygon", "coordinates": [ [ [ 18.485043021935152, -33.918788816886753 ], [ 18.485175456037268, -33.914283652697613 ], [ 18.479771811238315, -33.914173132963555 ], [ 18.479639093306595, -33.918678278491662 ], [ 18.485043021935152, -33.918788816886753 ] ] ] } },
{ "type": "Feature", "properties": { }, "geometry": { "type": "Polygon", "coordinates": [ [ [ 18.485175456037268, -33.914283652697613 ], [ 18.485307860716656, -33.909778484751648 ], [ 18.479904499684359, -33.909667983676684 ], [ 18.479771811238315, -33.914173132963555 ], [ 18.485175456037268, -33.914283652697613 ] ] ] } },
{ "type": "Feature", "properties": { }, "geometry": { "type": "Polygon", "coordinates": [ [ [ 18.485307860716656, -33.909778484751648 ], [ 18.485440235979571, -33.905273313049207 ], [ 18.480037158650997, -33.905162830631419 ], [ 18.479904499684359, -33.909667983676684 ], [ 18.485307860716656, -33.909778484751648 ] ] ] } },
{ "type": "Feature", "properties": { }, "geometry": { "type": "Polygon", "coordinates": [ [ [ 18.485440235979571, -33.905273313049207 ], [ 18.485572581832262, -33.900768137590582 ], [ 18.480169788144504, -33.90065767382805 ], [ 18.480037158650997, -33.905162830631419 ], [ 18.485440235979571, -33.905273313049207 ] ] ] } },
{ "type": "Feature", "properties": { }, "geometry": { "type": "Polygon", "coordinates": [ [ [ 18.485572581832262, -33.900768137590582 ], [ 18.485704898280989, -33.896262958376141 ], [ 18.48030238817114, -33.896152513266934 ], [ 18.480169788144504, -33.90065767382805 ], [ 18.485572581832262, -33.900768137590582 ] ] ] } },
{ "type": "Feature", "properties": { }, "geometry": { "type": "Polygon", "coordinates": [ [ [ 18.485704898280989, -33.896262958376141 ], [ 18.485837185331992, -33.891757775406205 ], [ 18.480434958737167, -33.891647348948403 ], [ 18.48030238817114, -33.896152513266934 ], [ 18.485704898280989, -33.896262958376141 ] ] ] } },
{ "type": "Feature", "properties": { }, "geometry": { "type": "Polygon", "coordinates": [ [ [ 18.485837185331992, -33.891757775406205 ], [ 18.485969442991525, -33.887252588681108 ], [ 18.480567499848846, -33.887142180872786 ], [ 18.480434958737167, -33.891647348948403 ], [ 18.485837185331992, -33.891757775406205 ] ] ] } },
{ "type": "Feature", "properties": { }, "geometry": { "type": "Polygon", "coordinates": [ [ [ 18.485969442991525, -33.887252588681108 ], [ 18.486101671265828, -33.882747398201182 ], [ 18.480700011512429, -33.882637009040415 ], [ 18.480567499848846, -33.887142180872786 ], [ 18.485969442991525, -33.887252588681108 ] ] ] } },
{ "type": "Feature", "properties": { }, "geometry": { "type": "Polygon", "coordinates": [ [ [ 18.486101671265828, -33.882747398201182 ], [ 18.486233870161143, -33.878242203966771 ], [ 18.48083249373418, -33.87813183345164 ], [ 18.480700011512429, -33.882637009040415 ], [ 18.486101671265828, -33.882747398201182 ] ] ] } },
{ "type": "Feature", "properties": { }, "geometry": { "type": "Polygon", "coordinates": [ [ [ 18.486233870161143, -33.878242203966771 ], [ 18.486366039683716, -33.873737005978185 ], [ 18.480964946520352, -33.873626654106786 ], [ 18.48083249373418, -33.87813183345164 ], [ 18.486233870161143, -33.878242203966771 ] ] ] } },
{ "type": "Feature", "properties": { }, "geometry": { "type": "Polygon", "coordinates": [ [ [ 18.486366039683716, -33.873737005978185 ], [ 18.486498179839781, -33.869231804235781 ], [ 18.48109736987719, -33.869121471006174 ], [ 18.480964946520352, -33.873626654106786 ], [ 18.486366039683716, -33.873737005978185 ] ] ] } },
{ "type": "Feature", "properties": { }, "geometry": { "type": "Polygon", "coordinates": [ [ [ 18.486498179839781, -33.869231804235781 ], [ 18.486630290635578, -33.864726598739864 ], [ 18.481229763810951, -33.864616284150145 ], [ 18.48109736987719, -33.869121471006174 ], [ 18.486498179839781, -33.869231804235781 ] ] ] } },
{ "type": "Feature", "properties": { }, "geometry": { "type": "Polygon", "coordinates": [ [ [ 18.486630290635578, -33.864726598739864 ], [ 18.486762372077337, -33.860221389490803 ], [ 18.481362128327884, -33.860111093539039 ], [ 18.481229763810951, -33.864616284150145 ], [ 18.486630290635578, -33.864726598739864 ] ] ] } },
{ "type": "Feature", "properties": { }, "geometry": { "type": "Polygon", "coordinates": [ [ [ 18.486762372077337, -33.860221389490803 ], [ 18.48689442417129, -33.855716176488912 ], [ 18.481494463434228, -33.855605899173192 ], [ 18.481362128327884, -33.860111093539039 ], [ 18.486762372077337, -33.860221389490803 ] ] ] } },
{ "type": "Feature", "properties": { }, "geometry": { "type": "Polygon", "coordinates": [ [ [ 18.486867801937816, -34.040537633794408 ], [ 18.487000747285588, -34.036032552492081 ], [ 18.481589387358515, -34.035921766068824 ], [ 18.481456156470333, -34.040426828697967 ], [ 18.486867801937816, -34.040537633794408 ] ] ] } },
{ "type": "Feature", "properties": { }, "geometry": { "type": "Polygon", "coordinates": [ [ [ 18.487000747285588, -34.036032552492081 ], [ 18.487133663104235, -34.031527467425889 ], [ 18.481722588654264, -34.031416699673869 ], [ 18.481589387358515, -34.035921766068824 ], [ 18.487000747285588, -34.036032552492081 ] ] ] } },
{ "type": "Feature", "properties": { }, "geometry": { "type": "Polygon", "coordinates": [ [ [ 18.487133663104235, -34.031527467425889 ], [ 18.487266549400044, -34.027022378596165 ], [ 18.481855760363889, -34.026911629513457 ], [ 18.481722588654264, -34.031416699673869 ], [ 18.487133663104235, -34.031527467425889 ] ] ] } },
{ "type": "Feature", "properties": { }, "geometry": { "type": "Polygon", "coordinates": [ [ [ 18.487266549400044, -34.027022378596165 ], [ 18.487399406179328, -34.022517286003243 ], [ 18.481988902493701, -34.022406555587892 ], [ 18.481855760363889, -34.026911629513457 ], [ 18.487266549400044, -34.027022378596165 ] ] ] } },
{ "type": "Feature", "properties": { }, "geometry": { "type": "Polygon", "coordinates": [ [ [ 18.487399406179328, -34.022517286003243 ], [ 18.487532233448373, -34.01801218964745 ], [ 18.482122015050013, -34.017901477897539 ], [ 18.481988902493701, -34.022406555587892 ], [ 18.487399406179328, -34.022517286003243 ] ] ] } },
{ "type": "Feature", "properties": { }, "geometry": { "type": "Polygon", "coordinates": [ [ [ 18.487532233448373, -34.01801218964745 ], [ 18.487665031213474, -34.013507089529128 ], [ 18.482255098039129, -34.013396396442708 ], [ 18.482122015050013, -34.017901477897539 ], [ 18.487532233448373, -34.01801218964745 ] ] ] } },
{ "type": "Feature", "properties": { }, "geometry": { "type": "Polygon", "coordinates": [ [ [ 18.487665031213474, -34.013507089529128 ], [ 18.487797799480926, -34.009001985648602 ], [ 18.482388151467354, -34.008891311223742 ], [ 18.482255098039129, -34.013396396442708 ], [ 18.487665031213474, -34.013507089529128 ] ] ] } },
{ "type": "Feature", "properties": { }, "geometry": { "type": "Polygon", "coordinates": [ [ [ 18.487797799480926, -34.009001985648602 ], [ 18.487930538257014, -34.004496878006186 ], [ 18.482521175340992, -34.004386222240974 ], [ 18.482388151467354, -34.008891311223742 ], [ 18.487797799480926, -34.009001985648602 ] ] ] } },
{ "type": "Feature", "properties": { }, "geometry": { "type": "Polygon", "coordinates": [ [ [ 18.487930538257014, -34.004496878006186 ], [ 18.488063247548027, -33.999991766602243 ], [ 18.482654169666343, -33.999881129494725 ], [ 18.482521175340992, -34.004386222240974 ], [ 18.487930538257014, -34.004496878006186 ] ] ] } },
{ "type": "Feature", "properties": { }, "geometry": { "type": "Polygon", "coordinates": [ [ [ 18.488063247548027, -33.999991766602243 ], [ 18.488195927360248, -33.995486651437076 ], [ 18.482787134449705, -33.99537603298532 ], [ 18.482654169666343, -33.999881129494725 ], [ 18.488063247548027, -33.999991766602243 ] ] ] } },
{ "type": "Feature", "properties": { }, "geometry": { "type": "Polygon", "coordinates": [ [ [ 18.488195927360248, -33.995486651437076 ], [ 18.488328577699964, -33.990981532511029 ], [ 18.482920069697375, -33.990870932713129 ], [ 18.482787134449705, -33.99537603298532 ], [ 18.488195927360248, -33.995486651437076 ] ] ] } },
{ "type": "Feature", "properties": { }, "geometry": { "type": "Polygon", "coordinates": [ [ [ 18.488328577699964, -33.990981532511029 ], [ 18.488461198573447, -33.986476409824441 ], [ 18.483052975415646, -33.986365828678444 ], [ 18.482920069697375, -33.990870932713129 ], [ 18.488328577699964, -33.990981532511029 ] ] ] } },
{ "type": "Feature", "properties": { }, "geometry": { "type": "Polygon", "coordinates": [ [ [ 18.488461198573447, -33.986476409824441 ], [ 18.488593789986986, -33.981971283377646 ], [ 18.483185851610806, -33.98186072088162 ], [ 18.483052975415646, -33.986365828678444 ], [ 18.488461198573447, -33.986476409824441 ] ] ] } },
{ "type": "Feature", "properties": { }, "geometry": { "type": "Polygon", "coordinates": [ [ [ 18.488593789986986, -33.981971283377646 ], [ 18.488726351946848, -33.977466153170937 ], [ 18.483318698289153, -33.97735560932297 ], [ 18.483185851610806, -33.98186072088162 ], [ 18.488593789986986, -33.981971283377646 ] ] ] } },
{ "type": "Feature", "properties": { }, "geometry": { "type": "Polygon", "coordinates": [ [ [ 18.488726351946848, -33.977466153170937 ], [ 18.488858884459315, -33.972961019204689 ], [ 18.48345151545697, -33.972850494002849 ], [ 18.483318698289153, -33.97735560932297 ], [ 18.488726351946848, -33.977466153170937 ] ] ] } },
{ "type": "Feature", "properties": { }, "geometry": { "type": "Polygon", "coordinates": [ [ [ 18.488858884459315, -33.972961019204689 ], [ 18.48899138753066, -33.96845588147923 ], [ 18.483584303120537, -33.968345374921576 ], [ 18.48345151545697, -33.972850494002849 ], [ 18.488858884459315, -33.972961019204689 ] ] ] } },
{ "type": "Feature", "properties": { }, "geometry": { "type": "Polygon", "coordinates": [ [ [ 18.48899138753066, -33.96845588147923 ], [ 18.489123861167137, -33.963950739994864 ], [ 18.483717061286146, -33.963840252079486 ], [ 18.483584303120537, -33.968345374921576 ], [ 18.48899138753066, -33.96845588147923 ] ] ] } },
{ "type": "Feature", "properties": { }, "geometry": { "type": "Polygon", "coordinates": [ [ [ 18.489123861167137, -33.963950739994864 ], [ 18.489256305375033, -33.959445594751955 ], [ 18.483849789960079, -33.959335125476912 ], [ 18.483717061286146, -33.963840252079486 ], [ 18.489123861167137, -33.963950739994864 ] ] ] } },
{ "type": "Feature", "properties": { }, "geometry": { "type": "Polygon", "coordinates": [ [ [ 18.489256305375033, -33.959445594751955 ], [ 18.489388720160605, -33.954940445750815 ], [ 18.483982489148605, -33.954829995114174 ], [ 18.483849789960079, -33.959335125476912 ], [ 18.489256305375033, -33.959445594751955 ] ] ] } },
{ "type": "Feature", "properties": { }, "geometry": { "type": "Polygon", "coordinates": [ [ [ 18.489388720160605, -33.954940445750815 ], [ 18.489521105530113, -33.95043529299177 ], [ 18.484115158858007, -33.950324860991628 ], [ 18.483982489148605, -33.954829995114174 ], [ 18.489388720160605, -33.954940445750815 ] ] ] } },
{ "type": "Feature", "properties": { }, "geometry": { "type": "Polygon", "coordinates": [ [ [ 18.489521105530113, -33.95043529299177 ], [ 18.489653461489826, -33.94593013647517 ], [ 18.484247799094561, -33.945819723109587 ], [ 18.484115158858007, -33.950324860991628 ], [ 18.489521105530113, -33.95043529299177 ] ] ] } },
{ "type": "Feature", "properties": { }, "geometry": { "type": "Polygon", "coordinates": [ [ [ 18.489653461489826, -33.94593013647517 ], [ 18.489785788046003, -33.94142497620134 ], [ 18.484380409864539, -33.94131458146839 ], [ 18.484247799094561, -33.945819723109587 ], [ 18.489653461489826, -33.94593013647517 ] ] ] } },
{ "type": "Feature", "properties": { }, "geometry": { "type": "Polygon", "coordinates": [ [ [ 18.489785788046003, -33.94142497620134 ], [ 18.489918085204891, -33.936919812170615 ], [ 18.48451299117421, -33.936809436068373 ], [ 18.484380409864539, -33.94131458146839 ], [ 18.489785788046003, -33.94142497620134 ] ] ] } },
{ "type": "Feature", "properties": { }, "geometry": { "type": "Polygon", "coordinates": [ [ [ 18.489918085204891, -33.936919812170615 ], [ 18.490050352972755, -33.932414644383336 ], [ 18.484645543029838, -33.932304286909883 ], [ 18.48451299117421, -33.936809436068373 ], [ 18.489918085204891, -33.936919812170615 ] ] ] } },
{ "type": "Feature", "properties": { }, "geometry": { "type": "Polygon", "coordinates": [ [ [ 18.490050352972755, -33.932414644383336 ], [ 18.490182591355843, -33.927909472839801 ], [ 18.484778065437702, -33.927799133993226 ], [ 18.484645543029838, -33.932304286909883 ], [ 18.490050352972755, -33.932414644383336 ] ] ] } },
{ "type": "Feature", "properties": { }, "geometry": { "type": "Polygon", "coordinates": [ [ [ 18.490182591355843, -33.927909472839801 ], [ 18.490314800360405, -33.923404297540365 ], [ 18.484910558404049, -33.923293977318728 ], [ 18.484778065437702, -33.927799133993226 ], [ 18.490182591355843, -33.927909472839801 ] ] ] } },
{ "type": "Feature", "properties": { }, "geometry": { "type": "Polygon", "coordinates": [ [ [ 18.490314800360405, -33.923404297540365 ], [ 18.490446979992697, -33.918899118485378 ], [ 18.485043021935152, -33.918788816886753 ], [ 18.484910558404049, -33.923293977318728 ], [ 18.490314800360405, -33.923404297540365 ] ] ] } },
{ "type": "Feature", "properties": { }, "geometry": { "type": "Polygon", "coordinates": [ [ [ 18.490446979992697, -33.918899118485378 ], [ 18.490579130258958, -33.914393935675136 ], [ 18.485175456037268, -33.914283652697613 ], [ 18.485043021935152, -33.918788816886753 ], [ 18.490446979992697, -33.918899118485378 ] ] ] } },
{ "type": "Feature", "properties": { }, "geometry": { "type": "Polygon", "coordinates": [ [ [ 18.490579130258958, -33.914393935675136 ], [ 18.490711251165429, -33.909888749110003 ], [ 18.485307860716656, -33.909778484751648 ], [ 18.485175456037268, -33.914283652697613 ], [ 18.490579130258958, -33.914393935675136 ] ] ] } },
{ "type": "Feature", "properties": { }, "geometry": { "type": "Polygon", "coordinates": [ [ [ 18.490711251165429, -33.909888749110003 ], [ 18.49084334271836, -33.905383558790291 ], [ 18.485440235979571, -33.905273313049207 ], [ 18.485307860716656, -33.909778484751648 ], [ 18.490711251165429, -33.909888749110003 ] ] ] } },
{ "type": "Feature", "properties": { }, "geometry": { "type": "Polygon", "coordinates": [ [ [ 18.49084334271836, -33.905383558790291 ], [ 18.49097540492399, -33.900878364716334 ], [ 18.485572581832262, -33.900768137590582 ], [ 18.485440235979571, -33.905273313049207 ], [ 18.49084334271836, -33.905383558790291 ] ] ] } },
{ "type": "Feature", "properties": { }, "geometry": { "type": "Polygon", "coordinates": [ [ [ 18.49097540492399, -33.900878364716334 ], [ 18.491107437788557, -33.896373166888459 ], [ 18.485704898280989, -33.896262958376141 ], [ 18.485572581832262, -33.900768137590582 ], [ 18.49097540492399, -33.900878364716334 ] ] ] } },
{ "type": "Feature", "properties": { }, "geometry": { "type": "Polygon", "coordinates": [ [ [ 18.491107437788557, -33.896373166888459 ], [ 18.491239441318292, -33.891867965307028 ], [ 18.485837185331992, -33.891757775406205 ], [ 18.485704898280989, -33.896262958376141 ], [ 18.491107437788557, -33.896373166888459 ] ] ] } },
{ "type": "Feature", "properties": { }, "geometry": { "type": "Polygon", "coordinates": [ [ [ 18.491239441318292, -33.891867965307028 ], [ 18.491371415519435, -33.887362759972362 ], [ 18.485969442991525, -33.887252588681108 ], [ 18.485837185331992, -33.891757775406205 ], [ 18.491239441318292, -33.891867965307028 ] ] ] } },
{ "type": "Feature", "properties": { }, "geometry": { "type": "Polygon", "coordinates": [ [ [ 18.491371415519435, -33.887362759972362 ], [ 18.491503360398209, -33.882857550884779 ], [ 18.486101671265828, -33.882747398201182 ], [ 18.485969442991525, -33.887252588681108 ], [ 18.491371415519435, -33.887362759972362 ] ] ] } },
{ "type": "Feature", "properties": { }, "geometry": { "type": "Polygon", "coordinates": [ [ [ 18.491503360398209, -33.882857550884779 ], [ 18.491635275960853, -33.878352338044614 ], [ 18.486233870161143, -33.878242203966771 ], [ 18.486101671265828, -33.882747398201182 ], [ 18.491503360398209, -33.882857550884779 ] ] ] } },
{ "type": "Feature", "properties": { }, "geometry": { "type": "Polygon", "coordinates": [ [ [ 18.491635275960853, -33.878352338044614 ], [ 18.491767162213588, -33.873847121452201 ], [ 18.486366039683716, -33.873737005978185 ], [ 18.486233870161143, -33.878242203966771 ], [ 18.491635275960853, -33.878352338044614 ] ] ] } },
{ "type": "Feature", "properties": { }, "geometry": { "type": "Polygon", "coordinates": [ [ [ 18.491767162213588, -33.873847121452201 ], [ 18.491899019162638, -33.869341901107887 ], [ 18.486498179839781, -33.869231804235781 ], [ 18.486366039683716, -33.873737005978185 ], [ 18.491767162213588, -33.873847121452201 ] ] ] } },
{ "type": "Feature", "properties": { }, "geometry": { "type": "Polygon", "coordinates": [ [ [ 18.491899019162638, -33.869341901107887 ], [ 18.492030846814234, -33.864836677011986 ], [ 18.486630290635578, -33.864726598739864 ], [ 18.486498179839781, -33.869231804235781 ], [ 18.491899019162638, -33.869341901107887 ] ] ] } },
{ "type": "Feature", "properties": { }, "geometry": { "type": "Polygon", "coordinates": [ [ [ 18.492030846814234, -33.864836677011986 ], [ 18.492162645174592, -33.860331449164832 ], [ 18.486762372077337, -33.860221389490803 ], [ 18.486630290635578, -33.864726598739864 ], [ 18.492030846814234, -33.864836677011986 ] ] ] } },
{ "type": "Feature", "properties": { }, "geometry": { "type": "Polygon", "coordinates": [ [ [ 18.492162645174592, -33.860331449164832 ], [ 18.492294414249926, -33.855826217566779 ], [ 18.48689442417129, -33.855716176488912 ], [ 18.486762372077337, -33.860221389490803 ], [ 18.492162645174592, -33.860331449164832 ] ] ] } },
{ "type": "Feature", "properties": { }, "geometry": { "type": "Polygon", "coordinates": [ [ [ 18.49227947694073, -34.04064820101042 ], [ 18.492412136741795, -34.036143101074963 ], [ 18.487000747285588, -34.036032552492081 ], [ 18.486867801937816, -34.040537633794408 ], [ 18.49227947694073, -34.04064820101042 ] ] ] } },
{ "type": "Feature", "properties": { }, "geometry": { "type": "Polygon", "coordinates": [ [ [ 18.492412136741795, -34.036143101074963 ], [ 18.492544767077035, -34.031637997377587 ], [ 18.487133663104235, -34.031527467425889 ], [ 18.487000747285588, -34.036032552492081 ], [ 18.492412136741795, -34.036143101074963 ] ] ] } },
{ "type": "Feature", "properties": { }, "geometry": { "type": "Polygon", "coordinates": [ [ [ 18.492544767077035, -34.031637997377587 ], [ 18.492677367952737, -34.027132889918583 ], [ 18.487266549400044, -34.027022378596165 ], [ 18.487133663104235, -34.031527467425889 ], [ 18.492544767077035, -34.031637997377587 ] ] ] } },
{ "type": "Feature", "properties": { }, "geometry": { "type": "Polygon", "coordinates": [ [ [ 18.492677367952737, -34.027132889918583 ], [ 18.492809939375192, -34.022627778698329 ], [ 18.487399406179328, -34.022517286003243 ], [ 18.487266549400044, -34.027022378596165 ], [ 18.492677367952737, -34.027132889918583 ] ] ] } },
{ "type": "Feature", "properties": { }, "geometry": { "type": "Polygon", "coordinates": [ [ [ 18.492809939375192, -34.022627778698329 ], [ 18.492942481350674, -34.018122663717129 ], [ 18.487532233448373, -34.01801218964745 ], [ 18.487399406179328, -34.022517286003243 ], [ 18.492809939375192, -34.022627778698329 ] ] ] } },
{ "type": "Feature", "properties": { }, "geometry": { "type": "Polygon", "coordinates": [ [ [ 18.492942481350674, -34.018122663717129 ], [ 18.493074993885472, -34.013617544975311 ], [ 18.487665031213474, -34.013507089529128 ], [ 18.487532233448373, -34.01801218964745 ], [ 18.492942481350674, -34.018122663717129 ] ] ] } },
{ "type": "Feature", "properties": { }, "geometry": { "type": "Polygon", "coordinates": [ [ [ 18.493074993885472, -34.013617544975311 ], [ 18.493207476985859, -34.009112422473237 ], [ 18.487797799480926, -34.009001985648602 ], [ 18.487665031213474, -34.013507089529128 ], [ 18.493074993885472, -34.013617544975311 ] ] ] } },
{ "type": "Feature", "properties": { }, "geometry": { "type": "Polygon", "coordinates": [ [ [ 18.493207476985859, -34.009112422473237 ], [ 18.493339930658109, -34.004607296211198 ], [ 18.487930538257014, -34.004496878006186 ], [ 18.487797799480926, -34.009001985648602 ], [ 18.493207476985859, -34.009112422473237 ] ] ] } },
{ "type": "Feature", "properties": { }, "geometry": { "type": "Polygon", "coordinates": [ [ [ 18.493339930658109, -34.004607296211198 ], [ 18.493472354908501, -34.000102166189563 ], [ 18.488063247548027, -33.999991766602243 ], [ 18.487930538257014, -34.004496878006186 ], [ 18.493339930658109, -34.004607296211198 ] ] ] } },
{ "type": "Feature", "properties": { }, "geometry": { "type": "Polygon", "coordinates": [ [ [ 18.493472354908501, -34.000102166189563 ], [ 18.493604749743298, -33.995597032408632 ], [ 18.488195927360248, -33.995486651437076 ], [ 18.488063247548027, -33.999991766602243 ], [ 18.493472354908501, -34.000102166189563 ] ] ] } },
{ "type": "Feature", "properties": { }, "geometry": { "type": "Polygon", "coordinates": [ [ [ 18.493604749743298, -33.995597032408632 ], [ 18.493737115168777, -33.991091894868745 ], [ 18.488328577699964, -33.990981532511029 ], [ 18.488195927360248, -33.995486651437076 ], [ 18.493604749743298, -33.995597032408632 ] ] ] } },
{ "type": "Feature", "properties": { }, "geometry": { "type": "Polygon", "coordinates": [ [ [ 18.493737115168777, -33.991091894868745 ], [ 18.493869451191202, -33.986586753570236 ], [ 18.488461198573447, -33.986476409824441 ], [ 18.488328577699964, -33.990981532511029 ], [ 18.493737115168777, -33.991091894868745 ] ] ] } },
{ "type": "Feature", "properties": { }, "geometry": { "type": "Polygon", "coordinates": [ [ [ 18.493869451191202, -33.986586753570236 ], [ 18.494001757816836, -33.982081608513447 ], [ 18.488593789986986, -33.981971283377646 ], [ 18.488461198573447, -33.986476409824441 ], [ 18.493869451191202, -33.986586753570236 ] ] ] } },
{ "type": "Feature", "properties": { }, "geometry": { "type": "Polygon", "coordinates": [ [ [ 18.494001757816836, -33.982081608513447 ], [ 18.494134035051946, -33.977576459698689 ], [ 18.488726351946848, -33.977466153170937 ], [ 18.488593789986986, -33.981971283377646 ], [ 18.494001757816836, -33.982081608513447 ] ] ] } },
{ "type": "Feature", "properties": { }, "geometry": { "type": "Polygon", "coordinates": [ [ [ 18.494134035051946, -33.977576459698689 ], [ 18.494266282902792, -33.973071307126304 ], [ 18.488858884459315, -33.972961019204689 ], [ 18.488726351946848, -33.977466153170937 ], [ 18.494134035051946, -33.977576459698689 ] ] ] } },
{ "type": "Feature", "properties": { }, "geometry": { "type": "Polygon", "coordinates": [ [ [ 18.494266282902792, -33.973071307126304 ], [ 18.494398501375631, -33.968566150796619 ], [ 18.48899138753066, -33.96845588147923 ], [ 18.488858884459315, -33.972961019204689 ], [ 18.494266282902792, -33.973071307126304 ] ] ] } },
{ "type": "Feature", "properties": { }, "geometry": { "type": "Polygon", "coordinates": [ [ [ 18.494398501375631, -33.968566150796619 ], [ 18.494530690476722, -33.96406099070996 ], [ 18.489123861167137, -33.963950739994864 ], [ 18.48899138753066, -33.96845588147923 ], [ 18.494398501375631, -33.968566150796619 ] ] ] } },
{ "type": "Feature", "properties": { }, "geometry": { "type": "Polygon", "coordinates": [ [ [ 18.494530690476722, -33.96406099070996 ], [ 18.494662850212311, -33.959555826866684 ], [ 18.489256305375033, -33.959445594751955 ], [ 18.489123861167137, -33.963950739994864 ], [ 18.494530690476722, -33.96406099070996 ] ] ] } },
{ "type": "Feature", "properties": { }, "geometry": { "type": "Polygon", "coordinates": [ [ [ 18.494662850212311, -33.959555826866684 ], [ 18.494794980588662, -33.955050659267094 ], [ 18.489388720160605, -33.954940445750815 ], [ 18.489256305375033, -33.959445594751955 ], [ 18.494662850212311, -33.959555826866684 ] ] ] } },
{ "type": "Feature", "properties": { }, "geometry": { "type": "Polygon", "coordinates": [ [ [ 18.494794980588662, -33.955050659267094 ], [ 18.494927081612019, -33.95054548791154 ], [ 18.489521105530113, -33.95043529299177 ], [ 18.489388720160605, -33.954940445750815 ], [ 18.494794980588662, -33.955050659267094 ] ] ] } },
{ "type": "Feature", "properties": { }, "geometry": { "type": "Polygon", "coordinates": [ [ [ 18.494927081612019, -33.95054548791154 ], [ 18.495059153288633, -33.946040312800328 ], [ 18.489653461489826, -33.94593013647517 ], [ 18.489521105530113, -33.95043529299177 ], [ 18.494927081612019, -33.95054548791154 ] ] ] } },
{ "type": "Feature", "properties": { }, "geometry": { "type": "Polygon", "coordinates": [ [ [ 18.495059153288633, -33.946040312800328 ], [ 18.495191195624745, -33.941535133933826 ], [ 18.489785788046003, -33.94142497620134 ], [ 18.489653461489826, -33.94593013647517 ], [ 18.495059153288633, -33.946040312800328 ] ] ] } },
{ "type": "Feature", "properties": { }, "geometry": { "type": "Polygon", "coordinates": [ [ [ 18.495191195624745, -33.941535133933826 ], [ 18.495323208626601, -33.937029951312333 ], [ 18.489918085204891, -33.936919812170615 ], [ 18.489785788046003, -33.94142497620134 ], [ 18.495191195624745, -33.941535133933826 ] ] ] } },
{ "type": "Feature", "properties": { }, "geometry": { "type": "Polygon", "coordinates": [ [ [ 18.495323208626601, -33.937029951312333 ], [ 18.49545519230044, -33.932524764936197 ], [ 18.490050352972755, -33.932414644383336 ], [ 18.489918085204891, -33.936919812170615 ], [ 18.495323208626601, -33.937029951312333 ] ] ] } },
{ "type": "Feature", "properties": { }, "geometry": { "type": "Polygon", "coordinates": [ [ [ 18.49545519230044, -33.932524764936197 ], [ 18.495587146652507, -33.928019574805745 ], [ 18.490182591355843, -33.927909472839801 ], [ 18.490050352972755, -33.932414644383336 ], [ 18.49545519230044, -33.932524764936197 ] ] ] } },
{ "type": "Feature", "properties": { }, "geometry": { "type": "Polygon", "coordinates": [ [ [ 18.495587146652507, -33.928019574805745 ], [ 18.495719071689038, -33.923514380921311 ], [ 18.490314800360405, -33.923404297540365 ], [ 18.490182591355843, -33.927909472839801 ], [ 18.495587146652507, -33.928019574805745 ] ] ] } },
{ "type": "Feature", "properties": { }, "geometry": { "type": "Polygon", "coordinates": [ [ [ 18.495719071689038, -33.923514380921311 ], [ 18.495850967416267, -33.919009183283229 ], [ 18.490446979992697, -33.918899118485378 ], [ 18.490314800360405, -33.923404297540365 ], [ 18.495719071689038, -33.923514380921311 ] ] ] } },
{ "type": "Feature", "properties": { }, "geometry": { "type": "Polygon", "coordinates": [ [ [ 18.495850967416267, -33.919009183283229 ], [ 18.495982833840422, -33.914503981891819 ], [ 18.490579130258958, -33.914393935675136 ], [ 18.490446979992697, -33.918899118485378 ], [ 18.495850967416267, -33.919009183283229 ] ] ] } },
{ "type": "Feature", "properties": { }, "geometry": { "type": "Polygon", "coordinates": [ [ [ 18.495982833840422, -33.914503981891819 ], [ 18.496114670967746, -33.909998776747422 ], [ 18.490711251165429, -33.909888749110003 ], [ 18.490579130258958, -33.914393935675136 ], [ 18.495982833840422, -33.914503981891819 ] ] ] } },
{ "type": "Feature", "properties": { }, "geometry": { "type": "Polygon", "coordinates": [ [ [ 18.496114670967746, -33.909998776747422 ], [ 18.496246478804455, -33.905493567850392 ], [ 18.49084334271836, -33.905383558790291 ], [ 18.490711251165429, -33.909888749110003 ], [ 18.496114670967746, -33.909998776747422 ] ] ] } },
{ "type": "Feature", "properties": { }, "geometry": { "type": "Polygon", "coordinates": [ [ [ 18.496246478804455, -33.905493567850392 ], [ 18.496378257356781, -33.900988355201008 ], [ 18.49097540492399, -33.900878364716334 ], [ 18.49084334271836, -33.905383558790291 ], [ 18.496246478804455, -33.905493567850392 ] ] ] } },
{ "type": "Feature", "properties": { }, "geometry": { "type": "Polygon", "coordinates": [ [ [ 18.496378257356781, -33.900988355201008 ], [ 18.496510006630952, -33.896483138799653 ], [ 18.491107437788557, -33.896373166888459 ], [ 18.49097540492399, -33.900878364716334 ], [ 18.496378257356781, -33.900988355201008 ] ] ] } },
{ "type": "Feature", "properties": { }, "geometry": { "type": "Polygon", "coordinates": [ [ [ 18.496510006630952, -33.896483138799653 ], [ 18.496641726633186, -33.891977918646624 ], [ 18.491239441318292, -33.891867965307028 ], [ 18.491107437788557, -33.896373166888459 ], [ 18.496510006630952, -33.896483138799653 ] ] ] } },
{ "type": "Feature", "properties": { }, "geometry": { "type": "Polygon", "coordinates": [ [ [ 18.496641726633186, -33.891977918646624 ], [ 18.496773417369706, -33.887472694742279 ], [ 18.491371415519435, -33.887362759972362 ], [ 18.491239441318292, -33.891867965307028 ], [ 18.496641726633186, -33.891977918646624 ] ] ] } },
{ "type": "Feature", "properties": { }, "geometry": { "type": "Polygon", "coordinates": [ [ [ 18.496773417369706, -33.887472694742279 ], [ 18.496905078846726, -33.882967467086928 ], [ 18.491503360398209, -33.882857550884779 ], [ 18.491371415519435, -33.887362759972362 ], [ 18.496773417369706, -33.887472694742279 ] ] ] } },
{ "type": "Feature", "properties": { }, "geometry": { "type": "Polygon", "coordinates": [ [ [ 18.496905078846726, -33.882967467086928 ], [ 18.497036711070468, -33.878462235680914 ], [ 18.491635275960853, -33.878352338044614 ], [ 18.491503360398209, -33.882857550884779 ], [ 18.496905078846726, -33.882967467086928 ] ] ] } },
{ "type": "Feature", "properties": { }, "geometry": { "type": "Polygon", "coordinates": [ [ [ 18.497036711070468, -33.878462235680914 ], [ 18.497168314047141, -33.87395700052457 ], [ 18.491767162213588, -33.873847121452201 ], [ 18.491635275960853, -33.878352338044614 ], [ 18.497036711070468, -33.878462235680914 ] ] ] } },
{ "type": "Feature", "properties": { }, "geometry": { "type": "Polygon", "coordinates": [ [ [ 18.497168314047141, -33.87395700052457 ], [ 18.497299887782955, -33.869451761618237 ], [ 18.491899019162638, -33.869341901107887 ], [ 18.491767162213588, -33.873847121452201 ], [ 18.497168314047141, -33.87395700052457 ] ] ] } },
{ "type": "Feature", "properties": { }, "geometry": { "type": "Polygon", "coordinates": [ [ [ 18.497299887782955, -33.869451761618237 ], [ 18.497431432284131, -33.864946518962213 ], [ 18.492030846814234, -33.864836677011986 ], [ 18.491899019162638, -33.869341901107887 ], [ 18.497299887782955, -33.869451761618237 ] ] ] } },
{ "type": "Feature", "properties": { }, "geometry": { "type": "Polygon", "coordinates": [ [ [ 18.497431432284131, -33.864946518962213 ], [ 18.497562947556865, -33.860441272556869 ], [ 18.492162645174592, -33.860331449164832 ], [ 18.492030846814234, -33.864836677011986 ], [ 18.497431432284131, -33.864946518962213 ] ] ] } },
{ "type": "Feature", "properties": { }, "geometry": { "type": "Polygon", "coordinates": [ [ [ 18.497562947556865, -33.860441272556869 ], [ 18.497694433607364, -33.855936022402531 ], [ 18.492294414249926, -33.855826217566779 ], [ 18.492162645174592, -33.860331449164832 ], [ 18.497562947556865, -33.860441272556869 ] ] ] } },
{ "type": "Feature", "properties": { }, "geometry": { "type": "Polygon", "coordinates": [ [ [ 18.49769118141576, -34.040758530341726 ], [ 18.497823555663821, -34.036253411813178 ], [ 18.492412136741795, -34.036143101074963 ], [ 18.49227947694073, -34.04064820101042 ], [ 18.49769118141576, -34.040758530341726 ] ] ] } },
{ "type": "Feature", "properties": { }, "geometry": { "type": "Polygon", "coordinates": [ [ [ 18.497823555663821, -34.036253411813178 ], [ 18.497955900509368, -34.031748289524636 ], [ 18.492544767077035, -34.031637997377587 ], [ 18.492412136741795, -34.036143101074963 ], [ 18.497823555663821, -34.036253411813178 ] ] ] } },
{ "type": "Feature", "properties": { }, "geometry": { "type": "Polygon", "coordinates": [ [ [ 18.497955900509368, -34.031748289524636 ], [ 18.498088215958681, -34.027243163476406 ], [ 18.492677367952737, -34.027132889918583 ], [ 18.492544767077035, -34.031637997377587 ], [ 18.497955900509368, -34.031748289524636 ] ] ] } },
{ "type": "Feature", "properties": { }, "geometry": { "type": "Polygon", "coordinates": [ [ [ 18.498088215958681, -34.027243163476406 ], [ 18.498220502018025, -34.022738033668823 ], [ 18.492809939375192, -34.022627778698329 ], [ 18.492677367952737, -34.027132889918583 ], [ 18.498088215958681, -34.027243163476406 ] ] ] } },
{ "type": "Feature", "properties": { }, "geometry": { "type": "Polygon", "coordinates": [ [ [ 18.498220502018025, -34.022738033668823 ], [ 18.498352758693674, -34.018232900102248 ], [ 18.492942481350674, -34.018122663717129 ], [ 18.492809939375192, -34.022627778698329 ], [ 18.498220502018025, -34.022738033668823 ] ] ] } },
{ "type": "Feature", "properties": { }, "geometry": { "type": "Polygon", "coordinates": [ [ [ 18.498352758693674, -34.018232900102248 ], [ 18.498484985991883, -34.013727762776988 ], [ 18.493074993885472, -34.013617544975311 ], [ 18.492942481350674, -34.018122663717129 ], [ 18.498352758693674, -34.018232900102248 ] ] ] } },
{ "type": "Feature", "properties": { }, "geometry": { "type": "Polygon", "coordinates": [ [ [ 18.498484985991883, -34.013727762776988 ], [ 18.498617183918931, -34.009222621693368 ], [ 18.493207476985859, -34.009112422473237 ], [ 18.493074993885472, -34.013617544975311 ], [ 18.498484985991883, -34.013727762776988 ] ] ] } },
{ "type": "Feature", "properties": { }, "geometry": { "type": "Polygon", "coordinates": [ [ [ 18.498617183918931, -34.009222621693368 ], [ 18.49874935248107, -34.004717476851724 ], [ 18.493339930658109, -34.004607296211198 ], [ 18.493207476985859, -34.009112422473237 ], [ 18.498617183918931, -34.009222621693368 ] ] ] } },
{ "type": "Feature", "properties": { }, "geometry": { "type": "Polygon", "coordinates": [ [ [ 18.49874935248107, -34.004717476851724 ], [ 18.498881491684564, -34.000212328252395 ], [ 18.493472354908501, -34.000102166189563 ], [ 18.493339930658109, -34.004607296211198 ], [ 18.49874935248107, -34.004717476851724 ] ] ] } },
{ "type": "Feature", "properties": { }, "geometry": { "type": "Polygon", "coordinates": [ [ [ 18.498881491684564, -34.000212328252395 ], [ 18.499013601535673, -33.995707175895696 ], [ 18.493604749743298, -33.995597032408632 ], [ 18.493472354908501, -34.000102166189563 ], [ 18.498881491684564, -34.000212328252395 ] ] ] } },
{ "type": "Feature", "properties": { }, "geometry": { "type": "Polygon", "coordinates": [ [ [ 18.499013601535673, -33.995707175895696 ], [ 18.499145682040645, -33.99120201978198 ], [ 18.493737115168777, -33.991091894868745 ], [ 18.493604749743298, -33.995597032408632 ], [ 18.499013601535673, -33.995707175895696 ] ] ] } },
{ "type": "Feature", "properties": { }, "geometry": { "type": "Polygon", "coordinates": [ [ [ 18.499145682040645, -33.99120201978198 ], [ 18.499277733205744, -33.986696859911547 ], [ 18.493869451191202, -33.986586753570236 ], [ 18.493737115168777, -33.991091894868745 ], [ 18.499145682040645, -33.99120201978198 ] ] ] } },
{ "type": "Feature", "properties": { }, "geometry": { "type": "Polygon", "coordinates": [ [ [ 18.499277733205744, -33.986696859911547 ], [ 18.499409755037213, -33.982191696284772 ], [ 18.494001757816836, -33.982081608513447 ], [ 18.493869451191202, -33.986586753570236 ], [ 18.499277733205744, -33.986696859911547 ] ] ] } },
{ "type": "Feature", "properties": { }, "geometry": { "type": "Polygon", "coordinates": [ [ [ 18.499409755037213, -33.982191696284772 ], [ 18.499541747541308, -33.977686528901927 ], [ 18.494134035051946, -33.977576459698689 ], [ 18.494001757816836, -33.982081608513447 ], [ 18.499409755037213, -33.982191696284772 ] ] ] } },
{ "type": "Feature", "properties": { }, "geometry": { "type": "Polygon", "coordinates": [ [ [ 18.499541747541308, -33.977686528901927 ], [ 18.499673710724274, -33.97318135776338 ], [ 18.494266282902792, -33.973071307126304 ], [ 18.494134035051946, -33.977576459698689 ], [ 18.499541747541308, -33.977686528901927 ] ] ] } },
{ "type": "Feature", "properties": { }, "geometry": { "type": "Polygon", "coordinates": [ [ [ 18.499673710724274, -33.97318135776338 ], [ 18.499805644592357, -33.968676182869473 ], [ 18.494398501375631, -33.968566150796619 ], [ 18.494266282902792, -33.973071307126304 ], [ 18.499673710724274, -33.97318135776338 ] ] ] } },
{ "type": "Feature", "properties": { }, "geometry": { "type": "Polygon", "coordinates": [ [ [ 18.499805644592357, -33.968676182869473 ], [ 18.499937549151799, -33.964171004220503 ], [ 18.494530690476722, -33.96406099070996 ], [ 18.494398501375631, -33.968566150796619 ], [ 18.499805644592357, -33.968676182869473 ] ] ] } },
{ "type": "Feature", "properties": { }, "geometry": { "type": "Polygon", "coordinates": [ [ [ 18.499937549151799, -33.964171004220503 ], [ 18.500069424408839, -33.95966582181682 ], [ 18.494662850212311, -33.959555826866684 ], [ 18.494530690476722, -33.96406099070996 ], [ 18.499937549151799, -33.964171004220503 ] ] ] } },
{ "type": "Feature", "properties": { }, "geometry": { "type": "Polygon", "coordinates": [ [ [ 18.500069424408839, -33.95966582181682 ], [ 18.500201270369718, -33.95516063565875 ], [ 18.494794980588662, -33.955050659267094 ], [ 18.494662850212311, -33.959555826866684 ], [ 18.500069424408839, -33.95966582181682 ] ] ] } },
{ "type": "Feature", "properties": { }, "geometry": { "type": "Polygon", "coordinates": [ [ [ 18.500201270369718, -33.95516063565875 ], [ 18.500333087040669, -33.950655445746627 ], [ 18.494927081612019, -33.95054548791154 ], [ 18.494794980588662, -33.955050659267094 ], [ 18.500201270369718, -33.95516063565875 ] ] ] } },
{ "type": "Feature", "properties": { }, "geometry": { "type": "Polygon", "coordinates": [ [ [ 18.500333087040669, -33.950655445746627 ], [ 18.500464874427937, -33.946150252080791 ], [ 18.495059153288633, -33.946040312800328 ], [ 18.494927081612019, -33.95054548791154 ], [ 18.500333087040669, -33.950655445746627 ] ] ] } },
{ "type": "Feature", "properties": { }, "geometry": { "type": "Polygon", "coordinates": [ [ [ 18.500464874427937, -33.946150252080791 ], [ 18.500596632537743, -33.941645054661535 ], [ 18.495191195624745, -33.941535133933826 ], [ 18.495059153288633, -33.946040312800328 ], [ 18.500464874427937, -33.946150252080791 ] ] ] } },
{ "type": "Feature", "properties": { }, "geometry": { "type": "Polygon", "coordinates": [ [ [ 18.500596632537743, -33.941645054661535 ], [ 18.500728361376321, -33.937139853489249 ], [ 18.495323208626601, -33.937029951312333 ], [ 18.495191195624745, -33.941535133933826 ], [ 18.500596632537743, -33.941645054661535 ] ] ] } },
{ "type": "Feature", "properties": { }, "geometry": { "type": "Polygon", "coordinates": [ [ [ 18.500728361376321, -33.937139853489249 ], [ 18.500860060949904, -33.932634648564218 ], [ 18.49545519230044, -33.932524764936197 ], [ 18.495323208626601, -33.937029951312333 ], [ 18.500728361376321, -33.937139853489249 ] ] ] } },
{ "type": "Feature", "properties": { }, "geometry": { "type": "Polygon", "coordinates": [ [ [ 18.500860060949904, -33.932634648564218 ], [ 18.500991731264715, -33.928129439886781 ], [ 18.495587146652507, -33.928019574805745 ], [ 18.49545519230044, -33.932524764936197 ], [ 18.500860060949904, -33.932634648564218 ] ] ] } },
{ "type": "Feature", "properties": { }, "geometry": { "type": "Polygon", "coordinates": [ [ [ 18.500991731264715, -33.928129439886781 ], [ 18.501123372326976, -33.923624227457282 ], [ 18.495719071689038, -33.923514380921311 ], [ 18.495587146652507, -33.928019574805745 ], [ 18.500991731264715, -33.928129439886781 ] ] ] } },
{ "type": "Feature", "properties": { }, "geometry": { "type": "Polygon", "coordinates": [ [ [ 18.501123372326976, -33.923624227457282 ], [ 18.501254984142907, -33.919119011276045 ], [ 18.495850967416267, -33.919009183283229 ], [ 18.495719071689038, -33.923514380921311 ], [ 18.501123372326976, -33.923624227457282 ] ] ] } },
{ "type": "Feature", "properties": { }, "geometry": { "type": "Polygon", "coordinates": [ [ [ 18.501254984142907, -33.919119011276045 ], [ 18.501386566718732, -33.914613791343399 ], [ 18.495982833840422, -33.914503981891819 ], [ 18.495850967416267, -33.919009183283229 ], [ 18.501254984142907, -33.919119011276045 ] ] ] } },
{ "type": "Feature", "properties": { }, "geometry": { "type": "Polygon", "coordinates": [ [ [ 18.501386566718732, -33.914613791343399 ], [ 18.50151812006067, -33.91010856765967 ], [ 18.496114670967746, -33.909998776747422 ], [ 18.495982833840422, -33.914503981891819 ], [ 18.501386566718732, -33.914613791343399 ] ] ] } },
{ "type": "Feature", "properties": { }, "geometry": { "type": "Polygon", "coordinates": [ [ [ 18.50151812006067, -33.91010856765967 ], [ 18.501649644174933, -33.905603340225234 ], [ 18.496246478804455, -33.905493567850392 ], [ 18.496114670967746, -33.909998776747422 ], [ 18.50151812006067, -33.91010856765967 ] ] ] } },
{ "type": "Feature", "properties": { }, "geometry": { "type": "Polygon", "coordinates": [ [ [ 18.501649644174933, -33.905603340225234 ], [ 18.501781139067731, -33.901098109040348 ], [ 18.496378257356781, -33.900988355201008 ], [ 18.496246478804455, -33.905493567850392 ], [ 18.501649644174933, -33.905603340225234 ] ] ] } },
{ "type": "Feature", "properties": { }, "geometry": { "type": "Polygon", "coordinates": [ [ [ 18.501781139067731, -33.901098109040348 ], [ 18.501912604745282, -33.896592874105387 ], [ 18.496510006630952, -33.896483138799653 ], [ 18.496378257356781, -33.900988355201008 ], [ 18.501781139067731, -33.901098109040348 ] ] ] } },
{ "type": "Feature", "properties": { }, "geometry": { "type": "Polygon", "coordinates": [ [ [ 18.501912604745282, -33.896592874105387 ], [ 18.502044041213797, -33.892087635420701 ], [ 18.496641726633186, -33.891977918646624 ], [ 18.496510006630952, -33.896483138799653 ], [ 18.501912604745282, -33.896592874105387 ] ] ] } },
{ "type": "Feature", "properties": { }, "geometry": { "type": "Polygon", "coordinates": [ [ [ 18.502044041213797, -33.892087635420701 ], [ 18.502175448479477, -33.88758239298658 ], [ 18.496773417369706, -33.887472694742279 ], [ 18.496641726633186, -33.891977918646624 ], [ 18.502044041213797, -33.892087635420701 ] ] ] } },
{ "type": "Feature", "properties": { }, "geometry": { "type": "Polygon", "coordinates": [ [ [ 18.502175448479477, -33.88758239298658 ], [ 18.502306826548523, -33.883077146803366 ], [ 18.496905078846726, -33.882967467086928 ], [ 18.496773417369706, -33.887472694742279 ], [ 18.502175448479477, -33.88758239298658 ] ] ] } },
{ "type": "Feature", "properties": { }, "geometry": { "type": "Polygon", "coordinates": [ [ [ 18.502306826548523, -33.883077146803366 ], [ 18.502438175427148, -33.878571896871406 ], [ 18.497036711070468, -33.878462235680914 ], [ 18.496905078846726, -33.882967467086928 ], [ 18.502306826548523, -33.883077146803366 ] ] ] } },
{ "type": "Feature", "properties": { }, "geometry": { "type": "Polygon", "coordinates": [ [ [ 18.502438175427148, -33.878571896871406 ], [ 18.502569495121545, -33.874066643191021 ], [ 18.497168314047141, -33.87395700052457 ], [ 18.497036711070468, -33.878462235680914 ], [ 18.502438175427148, -33.878571896871406 ] ] ] } },
{ "type": "Feature", "properties": { }, "geometry": { "type": "Polygon", "coordinates": [ [ [ 18.502569495121545, -33.874066643191021 ], [ 18.50270078563792, -33.869561385762552 ], [ 18.497299887782955, -33.869451761618237 ], [ 18.497168314047141, -33.87395700052457 ], [ 18.502569495121545, -33.874066643191021 ] ] ] } },
{ "type": "Feature", "properties": { }, "geometry": { "type": "Polygon", "coordinates": [ [ [ 18.50270078563792, -33.869561385762552 ], [ 18.502832046982462, -33.86505612458631 ], [ 18.497431432284131, -33.864946518962213 ], [ 18.497299887782955, -33.869451761618237 ], [ 18.50270078563792, -33.869561385762552 ] ] ] } },
{ "type": "Feature", "properties": { }, "geometry": { "type": "Polygon", "coordinates": [ [ [ 18.502832046982462, -33.86505612458631 ], [ 18.502963279161371, -33.860550859662638 ], [ 18.497562947556865, -33.860441272556869 ], [ 18.497431432284131, -33.864946518962213 ], [ 18.502832046982462, -33.86505612458631 ] ] ] } },
{ "type": "Feature", "properties": { }, "geometry": { "type": "Polygon", "coordinates": [ [ [ 18.502963279161371, -33.860550859662638 ], [ 18.503094482180835, -33.856045590991897 ], [ 18.497694433607364, -33.855936022402531 ], [ 18.497562947556865, -33.860441272556869 ], [ 18.502963279161371, -33.860550859662638 ] ] ] } },
{ "type": "Feature", "properties": { }, "geometry": { "type": "Polygon", "coordinates": [ [ [ 18.503102915299571, -34.040868621784028 ], [ 18.503235003988355, -34.036363484702441 ], [ 18.497823555663821, -34.036253411813178 ], [ 18.49769118141576, -34.040758530341726 ], [ 18.503102915299571, -34.040868621784028 ] ] ] } },
{ "type": "Feature", "properties": { }, "geometry": { "type": "Polygon", "coordinates": [ [ [ 18.503235003988355, -34.036363484702441 ], [ 18.50336706333794, -34.031858343862758 ], [ 18.497955900509368, -34.031748289524636 ], [ 18.497823555663821, -34.036253411813178 ], [ 18.503235003988355, -34.036363484702441 ] ] ] } },
{ "type": "Feature", "properties": { }, "geometry": { "type": "Polygon", "coordinates": [ [ [ 18.50336706333794, -34.031858343862758 ], [ 18.503499093354591, -34.027353199265335 ], [ 18.498088215958681, -34.027243163476406 ], [ 18.497955900509368, -34.031748289524636 ], [ 18.50336706333794, -34.031858343862758 ] ] ] } },
{ "type": "Feature", "properties": { }, "geometry": { "type": "Polygon", "coordinates": [ [ [ 18.503499093354591, -34.027353199265335 ], [ 18.503631094044557, -34.022848050910476 ], [ 18.498220502018025, -34.022738033668823 ], [ 18.498088215958681, -34.027243163476406 ], [ 18.503499093354591, -34.027353199265335 ] ] ] } },
{ "type": "Feature", "properties": { }, "geometry": { "type": "Polygon", "coordinates": [ [ [ 18.503631094044557, -34.022848050910476 ], [ 18.503763065414095, -34.018342898798537 ], [ 18.498352758693674, -34.018232900102248 ], [ 18.498220502018025, -34.022738033668823 ], [ 18.503631094044557, -34.022848050910476 ] ] ] } },
{ "type": "Feature", "properties": { }, "geometry": { "type": "Polygon", "coordinates": [ [ [ 18.503763065414095, -34.018342898798537 ], [ 18.50389500746946, -34.013837742929837 ], [ 18.498484985991883, -34.013727762776988 ], [ 18.498352758693674, -34.018232900102248 ], [ 18.503763065414095, -34.018342898798537 ] ] ] } },
{ "type": "Feature", "properties": { }, "geometry": { "type": "Polygon", "coordinates": [ [ [ 18.50389500746946, -34.013837742929837 ], [ 18.504026920216905, -34.009332583304698 ], [ 18.498617183918931, -34.009222621693368 ], [ 18.498484985991883, -34.013727762776988 ], [ 18.50389500746946, -34.013837742929837 ] ] ] } },
{ "type": "Feature", "properties": { }, "geometry": { "type": "Polygon", "coordinates": [ [ [ 18.504026920216905, -34.009332583304698 ], [ 18.504158803662673, -34.004827419923465 ], [ 18.49874935248107, -34.004717476851724 ], [ 18.498617183918931, -34.009222621693368 ], [ 18.504026920216905, -34.009332583304698 ] ] ] } },
{ "type": "Feature", "properties": { }, "geometry": { "type": "Polygon", "coordinates": [ [ [ 18.504158803662673, -34.004827419923465 ], [ 18.504290657813012, -34.000322252786461 ], [ 18.498881491684564, -34.000212328252395 ], [ 18.49874935248107, -34.004717476851724 ], [ 18.504158803662673, -34.004827419923465 ] ] ] } },
{ "type": "Feature", "properties": { }, "geometry": { "type": "Polygon", "coordinates": [ [ [ 18.504290657813012, -34.000322252786461 ], [ 18.504422482674169, -33.99581708189401 ], [ 18.499013601535673, -33.995707175895696 ], [ 18.498881491684564, -34.000212328252395 ], [ 18.504290657813012, -34.000322252786461 ] ] ] } },
{ "type": "Feature", "properties": { }, "geometry": { "type": "Polygon", "coordinates": [ [ [ 18.504422482674169, -33.99581708189401 ], [ 18.504554278252389, -33.991311907246448 ], [ 18.499145682040645, -33.99120201978198 ], [ 18.499013601535673, -33.995707175895696 ], [ 18.504422482674169, -33.99581708189401 ] ] ] } },
{ "type": "Feature", "properties": { }, "geometry": { "type": "Polygon", "coordinates": [ [ [ 18.504554278252389, -33.991311907246448 ], [ 18.50468604455391, -33.986806728844101 ], [ 18.499277733205744, -33.986696859911547 ], [ 18.499145682040645, -33.99120201978198 ], [ 18.504554278252389, -33.991311907246448 ] ] ] } },
{ "type": "Feature", "properties": { }, "geometry": { "type": "Polygon", "coordinates": [ [ [ 18.50468604455391, -33.986806728844101 ], [ 18.504817781584968, -33.98230154668731 ], [ 18.499409755037213, -33.982191696284772 ], [ 18.499277733205744, -33.986696859911547 ], [ 18.50468604455391, -33.986806728844101 ] ] ] } },
{ "type": "Feature", "properties": { }, "geometry": { "type": "Polygon", "coordinates": [ [ [ 18.504817781584968, -33.98230154668731 ], [ 18.504949489351798, -33.977796360776388 ], [ 18.499541747541308, -33.977686528901927 ], [ 18.499409755037213, -33.982191696284772 ], [ 18.504817781584968, -33.98230154668731 ] ] ] } },
{ "type": "Feature", "properties": { }, "geometry": { "type": "Polygon", "coordinates": [ [ [ 18.504949489351798, -33.977796360776388 ], [ 18.505081167860638, -33.973291171111661 ], [ 18.499673710724274, -33.97318135776338 ], [ 18.499541747541308, -33.977686528901927 ], [ 18.504949489351798, -33.977796360776388 ] ] ] } },
{ "type": "Feature", "properties": { }, "geometry": { "type": "Polygon", "coordinates": [ [ [ 18.505081167860638, -33.973291171111661 ], [ 18.505212817117719, -33.9687859776935 ], [ 18.499805644592357, -33.968676182869473 ], [ 18.499673710724274, -33.97318135776338 ], [ 18.505081167860638, -33.973291171111661 ] ] ] } },
{ "type": "Feature", "properties": { }, "geometry": { "type": "Polygon", "coordinates": [ [ [ 18.505212817117719, -33.9687859776935 ], [ 18.505344437129271, -33.964280780522195 ], [ 18.499937549151799, -33.964171004220503 ], [ 18.499805644592357, -33.968676182869473 ], [ 18.505212817117719, -33.9687859776935 ] ] ] } },
{ "type": "Feature", "properties": { }, "geometry": { "type": "Polygon", "coordinates": [ [ [ 18.505344437129271, -33.964280780522195 ], [ 18.505476027901519, -33.959775579598087 ], [ 18.500069424408839, -33.95966582181682 ], [ 18.499937549151799, -33.964171004220503 ], [ 18.505344437129271, -33.964280780522195 ] ] ] } },
{ "type": "Feature", "properties": { }, "geometry": { "type": "Polygon", "coordinates": [ [ [ 18.505476027901519, -33.959775579598087 ], [ 18.50560758944069, -33.955270374921504 ], [ 18.500201270369718, -33.95516063565875 ], [ 18.500069424408839, -33.95966582181682 ], [ 18.505476027901519, -33.959775579598087 ] ] ] } },
{ "type": "Feature", "properties": { }, "geometry": { "type": "Polygon", "coordinates": [ [ [ 18.50560758944069, -33.955270374921504 ], [ 18.50573912175301, -33.950765166492779 ], [ 18.500333087040669, -33.950655445746627 ], [ 18.500201270369718, -33.95516063565875 ], [ 18.50560758944069, -33.955270374921504 ] ] ] } },
{ "type": "Feature", "properties": { }, "geometry": { "type": "Polygon", "coordinates": [ [ [ 18.50573912175301, -33.950765166492779 ], [ 18.505870624844697, -33.946259954312247 ], [ 18.500464874427937, -33.946150252080791 ], [ 18.500333087040669, -33.950655445746627 ], [ 18.50573912175301, -33.950765166492779 ] ] ] } },
{ "type": "Feature", "properties": { }, "geometry": { "type": "Polygon", "coordinates": [ [ [ 18.505870624844697, -33.946259954312247 ], [ 18.506002098721968, -33.94175473838024 ], [ 18.500596632537743, -33.941645054661535 ], [ 18.500464874427937, -33.946150252080791 ], [ 18.505870624844697, -33.946259954312247 ] ] ] } },
{ "type": "Feature", "properties": { }, "geometry": { "type": "Polygon", "coordinates": [ [ [ 18.506002098721968, -33.94175473838024 ], [ 18.506133543391044, -33.93724951869708 ], [ 18.500728361376321, -33.937139853489249 ], [ 18.500596632537743, -33.941645054661535 ], [ 18.506002098721968, -33.94175473838024 ] ] ] } },
{ "type": "Feature", "properties": { }, "geometry": { "type": "Polygon", "coordinates": [ [ [ 18.506133543391044, -33.93724951869708 ], [ 18.506264958858139, -33.932744295263106 ], [ 18.500860060949904, -33.932634648564218 ], [ 18.500728361376321, -33.937139853489249 ], [ 18.506133543391044, -33.93724951869708 ] ] ] } },
{ "type": "Feature", "properties": { }, "geometry": { "type": "Polygon", "coordinates": [ [ [ 18.506264958858139, -33.932744295263106 ], [ 18.506396345129467, -33.928239068078639 ], [ 18.500991731264715, -33.928129439886781 ], [ 18.500860060949904, -33.932634648564218 ], [ 18.506264958858139, -33.932744295263106 ] ] ] } },
{ "type": "Feature", "properties": { }, "geometry": { "type": "Polygon", "coordinates": [ [ [ 18.506396345129467, -33.928239068078639 ], [ 18.506527702211237, -33.923733837144006 ], [ 18.501123372326976, -33.923624227457282 ], [ 18.500991731264715, -33.928129439886781 ], [ 18.506396345129467, -33.928239068078639 ] ] ] } },
{ "type": "Feature", "properties": { }, "geometry": { "type": "Polygon", "coordinates": [ [ [ 18.506527702211237, -33.923733837144006 ], [ 18.506659030109656, -33.919228602459555 ], [ 18.501254984142907, -33.919119011276045 ], [ 18.501123372326976, -33.923624227457282 ], [ 18.506527702211237, -33.923733837144006 ] ] ] } },
{ "type": "Feature", "properties": { }, "geometry": { "type": "Polygon", "coordinates": [ [ [ 18.506659030109656, -33.919228602459555 ], [ 18.506790328830931, -33.914723364025591 ], [ 18.501386566718732, -33.914613791343399 ], [ 18.501254984142907, -33.919119011276045 ], [ 18.506659030109656, -33.919228602459555 ] ] ] } },
{ "type": "Feature", "properties": { }, "geometry": { "type": "Polygon", "coordinates": [ [ [ 18.506790328830931, -33.914723364025591 ], [ 18.506921598381268, -33.91021812184249 ], [ 18.50151812006067, -33.91010856765967 ], [ 18.501386566718732, -33.914613791343399 ], [ 18.506790328830931, -33.914723364025591 ] ] ] } },
{ "type": "Feature", "properties": { }, "geometry": { "type": "Polygon", "coordinates": [ [ [ 18.506921598381268, -33.91021812184249 ], [ 18.507052838766867, -33.905712875910545 ], [ 18.501649644174933, -33.905603340225234 ], [ 18.50151812006067, -33.91010856765967 ], [ 18.506921598381268, -33.91021812184249 ] ] ] } },
{ "type": "Feature", "properties": { }, "geometry": { "type": "Polygon", "coordinates": [ [ [ 18.507052838766867, -33.905712875910545 ], [ 18.507184049993931, -33.901207626230082 ], [ 18.501781139067731, -33.901098109040348 ], [ 18.501649644174933, -33.905603340225234 ], [ 18.507052838766867, -33.905712875910545 ] ] ] } },
{ "type": "Feature", "properties": { }, "geometry": { "type": "Polygon", "coordinates": [ [ [ 18.507184049993931, -33.901207626230082 ], [ 18.507315232068652, -33.89670237280145 ], [ 18.501912604745282, -33.896592874105387 ], [ 18.501781139067731, -33.901098109040348 ], [ 18.507184049993931, -33.901207626230082 ] ] ] } },
{ "type": "Feature", "properties": { }, "geometry": { "type": "Polygon", "coordinates": [ [ [ 18.507315232068652, -33.89670237280145 ], [ 18.507446384997237, -33.892197115624974 ], [ 18.502044041213797, -33.892087635420701 ], [ 18.501912604745282, -33.896592874105387 ], [ 18.507315232068652, -33.89670237280145 ] ] ] } },
{ "type": "Feature", "properties": { }, "geometry": { "type": "Polygon", "coordinates": [ [ [ 18.507446384997237, -33.892197115624974 ], [ 18.507577508785872, -33.887691854700996 ], [ 18.502175448479477, -33.88758239298658 ], [ 18.502044041213797, -33.892087635420701 ], [ 18.507446384997237, -33.892197115624974 ] ] ] } },
{ "type": "Feature", "properties": { }, "geometry": { "type": "Polygon", "coordinates": [ [ [ 18.507577508785872, -33.887691854700996 ], [ 18.507708603440744, -33.88318659002983 ], [ 18.502306826548523, -33.883077146803366 ], [ 18.502175448479477, -33.88758239298658 ], [ 18.507577508785872, -33.887691854700996 ] ] ] } },
{ "type": "Feature", "properties": { }, "geometry": { "type": "Polygon", "coordinates": [ [ [ 18.507708603440744, -33.88318659002983 ], [ 18.507839668968057, -33.878681321611829 ], [ 18.502438175427148, -33.878571896871406 ], [ 18.502306826548523, -33.883077146803366 ], [ 18.507708603440744, -33.88318659002983 ] ] ] } },
{ "type": "Feature", "properties": { }, "geometry": { "type": "Polygon", "coordinates": [ [ [ 18.507839668968057, -33.878681321611829 ], [ 18.507970705373982, -33.874176049447307 ], [ 18.502569495121545, -33.874066643191021 ], [ 18.502438175427148, -33.878571896871406 ], [ 18.507839668968057, -33.878681321611829 ] ] ] } },
{ "type": "Feature", "properties": { }, "geometry": { "type": "Polygon", "coordinates": [ [ [ 18.507970705373982, -33.874176049447307 ], [ 18.508101712664711, -33.869670773536576 ], [ 18.50270078563792, -33.869561385762552 ], [ 18.502569495121545, -33.874066643191021 ], [ 18.507970705373982, -33.874176049447307 ] ] ] } },
{ "type": "Feature", "properties": { }, "geometry": { "type": "Polygon", "coordinates": [ [ [ 18.508101712664711, -33.869670773536576 ], [ 18.50823269084643, -33.865165493879999 ], [ 18.502832046982462, -33.86505612458631 ], [ 18.50270078563792, -33.869561385762552 ], [ 18.508101712664711, -33.869670773536576 ] ] ] } },
{ "type": "Feature", "properties": { }, "geometry": { "type": "Polygon", "coordinates": [ [ [ 18.50823269084643, -33.865165493879999 ], [ 18.508363639925321, -33.86066021047791 ], [ 18.502963279161371, -33.860550859662638 ], [ 18.502832046982462, -33.86505612458631 ], [ 18.50823269084643, -33.865165493879999 ] ] ] } },
{ "type": "Feature", "properties": { }, "geometry": { "type": "Polygon", "coordinates": [ [ [ 18.508363639925321, -33.86066021047791 ], [ 18.508494559907554, -33.856154923330614 ], [ 18.503094482180835, -33.856045590991897 ], [ 18.502963279161371, -33.860550859662638 ], [ 18.508363639925321, -33.86066021047791 ] ] ] } },
{ "type": "Feature", "properties": { }, "geometry": { "type": "Polygon", "coordinates": [ [ [ 18.50851467852884, -34.040978475333034 ], [ 18.508646481652089, -34.036473319738441 ], [ 18.503235003988355, -34.036363484702441 ], [ 18.503102915299571, -34.040868621784028 ], [ 18.50851467852884, -34.040978475333034 ] ] ] } },
{ "type": "Feature", "properties": { }, "geometry": { "type": "Polygon", "coordinates": [ [ [ 18.508646481652089, -34.036473319738441 ], [ 18.508778255499454, -34.031968160387677 ], [ 18.50336706333794, -34.031858343862758 ], [ 18.503235003988355, -34.036363484702441 ], [ 18.508646481652089, -34.036473319738441 ] ] ] } },
{ "type": "Feature", "properties": { }, "geometry": { "type": "Polygon", "coordinates": [ [ [ 18.508778255499454, -34.031968160387677 ], [ 18.508910000077183, -34.027462997281077 ], [ 18.503499093354591, -34.027353199265335 ], [ 18.50336706333794, -34.031858343862758 ], [ 18.508778255499454, -34.031968160387677 ] ] ] } },
{ "type": "Feature", "properties": { }, "geometry": { "type": "Polygon", "coordinates": [ [ [ 18.508910000077183, -34.027462997281077 ], [ 18.509041715391511, -34.022957830418989 ], [ 18.503631094044557, -34.022848050910476 ], [ 18.503499093354591, -34.027353199265335 ], [ 18.508910000077183, -34.027462997281077 ] ] ] } },
{ "type": "Feature", "properties": { }, "geometry": { "type": "Polygon", "coordinates": [ [ [ 18.509041715391511, -34.022957830418989 ], [ 18.509173401448692, -34.018452659801703 ], [ 18.503763065414095, -34.018342898798537 ], [ 18.503631094044557, -34.022848050910476 ], [ 18.509041715391511, -34.022957830418989 ] ] ] } },
{ "type": "Feature", "properties": { }, "geometry": { "type": "Polygon", "coordinates": [ [ [ 18.509173401448692, -34.018452659801703 ], [ 18.509305058254959, -34.01394748542959 ], [ 18.50389500746946, -34.013837742929837 ], [ 18.503763065414095, -34.018342898798537 ], [ 18.509173401448692, -34.018452659801703 ] ] ] } },
{ "type": "Feature", "properties": { }, "geometry": { "type": "Polygon", "coordinates": [ [ [ 18.509305058254959, -34.01394748542959 ], [ 18.509436685816549, -34.009442307302955 ], [ 18.504026920216905, -34.009332583304698 ], [ 18.50389500746946, -34.013837742929837 ], [ 18.509305058254959, -34.01394748542959 ] ] ] } },
{ "type": "Feature", "properties": { }, "geometry": { "type": "Polygon", "coordinates": [ [ [ 18.509436685816549, -34.009442307302955 ], [ 18.5095682841397, -34.004937125422138 ], [ 18.504158803662673, -34.004827419923465 ], [ 18.504026920216905, -34.009332583304698 ], [ 18.509436685816549, -34.009442307302955 ] ] ] } },
{ "type": "Feature", "properties": { }, "geometry": { "type": "Polygon", "coordinates": [ [ [ 18.5095682841397, -34.004937125422138 ], [ 18.509699853230646, -34.000431939787475 ], [ 18.504290657813012, -34.000322252786461 ], [ 18.504158803662673, -34.004827419923465 ], [ 18.5095682841397, -34.004937125422138 ] ] ] } },
{ "type": "Feature", "properties": { }, "geometry": { "type": "Polygon", "coordinates": [ [ [ 18.509699853230646, -34.000431939787475 ], [ 18.50983139309561, -33.995926750399271 ], [ 18.504422482674169, -33.99581708189401 ], [ 18.504290657813012, -34.000322252786461 ], [ 18.509699853230646, -34.000431939787475 ] ] ] } },
{ "type": "Feature", "properties": { }, "geometry": { "type": "Polygon", "coordinates": [ [ [ 18.50983139309561, -33.995926750399271 ], [ 18.509962903740835, -33.991421557257866 ], [ 18.504554278252389, -33.991311907246448 ], [ 18.504422482674169, -33.99581708189401 ], [ 18.50983139309561, -33.995926750399271 ] ] ] } },
{ "type": "Feature", "properties": { }, "geometry": { "type": "Polygon", "coordinates": [ [ [ 18.509962903740835, -33.991421557257866 ], [ 18.510094385172536, -33.986916360363601 ], [ 18.50468604455391, -33.986806728844101 ], [ 18.504554278252389, -33.991311907246448 ], [ 18.509962903740835, -33.991421557257866 ] ] ] } },
{ "type": "Feature", "properties": { }, "geometry": { "type": "Polygon", "coordinates": [ [ [ 18.510094385172536, -33.986916360363601 ], [ 18.510225837396945, -33.982411159716804 ], [ 18.504817781584968, -33.98230154668731 ], [ 18.50468604455391, -33.986806728844101 ], [ 18.510094385172536, -33.986916360363601 ] ] ] } },
{ "type": "Feature", "properties": { }, "geometry": { "type": "Polygon", "coordinates": [ [ [ 18.510225837396945, -33.982411159716804 ], [ 18.510357260420282, -33.977905955317773 ], [ 18.504949489351798, -33.977796360776388 ], [ 18.504817781584968, -33.98230154668731 ], [ 18.510225837396945, -33.982411159716804 ] ] ] } },
{ "type": "Feature", "properties": { }, "geometry": { "type": "Polygon", "coordinates": [ [ [ 18.510357260420282, -33.977905955317773 ], [ 18.510488654248764, -33.973400747166878 ], [ 18.505081167860638, -33.973291171111661 ], [ 18.504949489351798, -33.977796360776388 ], [ 18.510357260420282, -33.977905955317773 ] ] ] } },
{ "type": "Feature", "properties": { }, "geometry": { "type": "Polygon", "coordinates": [ [ [ 18.510488654248764, -33.973400747166878 ], [ 18.510620018888613, -33.968895535264437 ], [ 18.505212817117719, -33.9687859776935 ], [ 18.505081167860638, -33.973291171111661 ], [ 18.510488654248764, -33.973400747166878 ] ] ] } },
{ "type": "Feature", "properties": { }, "geometry": { "type": "Polygon", "coordinates": [ [ [ 18.510620018888613, -33.968895535264437 ], [ 18.510751354346048, -33.964390319610764 ], [ 18.505344437129271, -33.964280780522195 ], [ 18.505212817117719, -33.9687859776935 ], [ 18.510620018888613, -33.968895535264437 ] ] ] } },
{ "type": "Feature", "properties": { }, "geometry": { "type": "Polygon", "coordinates": [ [ [ 18.510751354346048, -33.964390319610764 ], [ 18.510882660627281, -33.959885100206208 ], [ 18.505476027901519, -33.959775579598087 ], [ 18.505344437129271, -33.964280780522195 ], [ 18.510751354346048, -33.964390319610764 ] ] ] } },
{ "type": "Feature", "properties": { }, "geometry": { "type": "Polygon", "coordinates": [ [ [ 18.510882660627281, -33.959885100206208 ], [ 18.511013937738518, -33.955379877051087 ], [ 18.50560758944069, -33.955270374921504 ], [ 18.505476027901519, -33.959775579598087 ], [ 18.510882660627281, -33.959885100206208 ] ] ] } },
{ "type": "Feature", "properties": { }, "geometry": { "type": "Polygon", "coordinates": [ [ [ 18.511013937738518, -33.955379877051087 ], [ 18.511145185685979, -33.950874650145742 ], [ 18.50573912175301, -33.950765166492779 ], [ 18.50560758944069, -33.955270374921504 ], [ 18.511013937738518, -33.955379877051087 ] ] ] } },
{ "type": "Feature", "properties": { }, "geometry": { "type": "Polygon", "coordinates": [ [ [ 18.511145185685979, -33.950874650145742 ], [ 18.511276404475868, -33.946369419490473 ], [ 18.505870624844697, -33.946259954312247 ], [ 18.50573912175301, -33.950765166492779 ], [ 18.511145185685979, -33.950874650145742 ] ] ] } },
{ "type": "Feature", "properties": { }, "geometry": { "type": "Polygon", "coordinates": [ [ [ 18.511276404475868, -33.946369419490473 ], [ 18.511407594114392, -33.941864185085656 ], [ 18.506002098721968, -33.94175473838024 ], [ 18.505870624844697, -33.946259954312247 ], [ 18.511276404475868, -33.946369419490473 ] ] ] } },
{ "type": "Feature", "properties": { }, "geometry": { "type": "Polygon", "coordinates": [ [ [ 18.511407594114392, -33.941864185085656 ], [ 18.511538754607749, -33.937358946931582 ], [ 18.506133543391044, -33.93724951869708 ], [ 18.506002098721968, -33.94175473838024 ], [ 18.511407594114392, -33.941864185085656 ] ] ] } },
{ "type": "Feature", "properties": { }, "geometry": { "type": "Polygon", "coordinates": [ [ [ 18.511538754607749, -33.937358946931582 ], [ 18.511669885962146, -33.932853705028606 ], [ 18.506264958858139, -33.932744295263106 ], [ 18.506133543391044, -33.93724951869708 ], [ 18.511538754607749, -33.937358946931582 ] ] ] } },
{ "type": "Feature", "properties": { }, "geometry": { "type": "Polygon", "coordinates": [ [ [ 18.511669885962146, -33.932853705028606 ], [ 18.511800988183779, -33.928348459377041 ], [ 18.506396345129467, -33.928239068078639 ], [ 18.506264958858139, -33.932744295263106 ], [ 18.511669885962146, -33.932853705028606 ] ] ] } },
{ "type": "Feature", "properties": { }, "geometry": { "type": "Polygon", "coordinates": [ [ [ 18.511800988183779, -33.928348459377041 ], [ 18.511932061278845, -33.923843209977235 ], [ 18.506527702211237, -33.923733837144006 ], [ 18.506396345129467, -33.928239068078639 ], [ 18.511800988183779, -33.928348459377041 ] ] ] } },
{ "type": "Feature", "properties": { }, "geometry": { "type": "Polygon", "coordinates": [ [ [ 18.511932061278845, -33.923843209977235 ], [ 18.512063105253546, -33.919337956829501 ], [ 18.506659030109656, -33.919228602459555 ], [ 18.506527702211237, -33.923733837144006 ], [ 18.511932061278845, -33.923843209977235 ] ] ] } },
{ "type": "Feature", "properties": { }, "geometry": { "type": "Polygon", "coordinates": [ [ [ 18.512063105253546, -33.919337956829501 ], [ 18.512194120114067, -33.914832699934173 ], [ 18.506790328830931, -33.914723364025591 ], [ 18.506659030109656, -33.919228602459555 ], [ 18.512063105253546, -33.919337956829501 ] ] ] } },
{ "type": "Feature", "properties": { }, "geometry": { "type": "Polygon", "coordinates": [ [ [ 18.512194120114067, -33.914832699934173 ], [ 18.512325105866601, -33.910327439291592 ], [ 18.506921598381268, -33.91021812184249 ], [ 18.506790328830931, -33.914723364025591 ], [ 18.512194120114067, -33.914832699934173 ] ] ] } },
{ "type": "Feature", "properties": { }, "geometry": { "type": "Polygon", "coordinates": [ [ [ 18.512325105866601, -33.910327439291592 ], [ 18.512456062517341, -33.905822174902092 ], [ 18.507052838766867, -33.905712875910545 ], [ 18.506921598381268, -33.91021812184249 ], [ 18.512325105866601, -33.910327439291592 ] ] ] } },
{ "type": "Feature", "properties": { }, "geometry": { "type": "Polygon", "coordinates": [ [ [ 18.512456062517341, -33.905822174902092 ], [ 18.512586990072467, -33.901316906765956 ], [ 18.507184049993931, -33.901207626230082 ], [ 18.507052838766867, -33.905712875910545 ], [ 18.512456062517341, -33.905822174902092 ] ] ] } },
{ "type": "Feature", "properties": { }, "geometry": { "type": "Polygon", "coordinates": [ [ [ 18.512586990072467, -33.901316906765956 ], [ 18.51271788853817, -33.896811634883569 ], [ 18.507315232068652, -33.89670237280145 ], [ 18.507184049993931, -33.901207626230082 ], [ 18.512586990072467, -33.901316906765956 ] ] ] } },
{ "type": "Feature", "properties": { }, "geometry": { "type": "Polygon", "coordinates": [ [ [ 18.51271788853817, -33.896811634883569 ], [ 18.512848757920629, -33.892306359255244 ], [ 18.507446384997237, -33.892197115624974 ], [ 18.507315232068652, -33.89670237280145 ], [ 18.51271788853817, -33.896811634883569 ] ] ] } },
{ "type": "Feature", "properties": { }, "geometry": { "type": "Polygon", "coordinates": [ [ [ 18.512848757920629, -33.892306359255244 ], [ 18.512979598226025, -33.887801079881314 ], [ 18.507577508785872, -33.887691854700996 ], [ 18.507446384997237, -33.892197115624974 ], [ 18.512848757920629, -33.892306359255244 ] ] ] } },
{ "type": "Feature", "properties": { }, "geometry": { "type": "Polygon", "coordinates": [ [ [ 18.512979598226025, -33.887801079881314 ], [ 18.513110409460538, -33.883295796762091 ], [ 18.507708603440744, -33.88318659002983 ], [ 18.507577508785872, -33.887691854700996 ], [ 18.512979598226025, -33.887801079881314 ] ] ] } },
{ "type": "Feature", "properties": { }, "geometry": { "type": "Polygon", "coordinates": [ [ [ 18.513110409460538, -33.883295796762091 ], [ 18.513241191630343, -33.878790509897925 ], [ 18.507839668968057, -33.878681321611829 ], [ 18.507708603440744, -33.88318659002983 ], [ 18.513110409460538, -33.883295796762091 ] ] ] } },
{ "type": "Feature", "properties": { }, "geometry": { "type": "Polygon", "coordinates": [ [ [ 18.513241191630343, -33.878790509897925 ], [ 18.513371944741611, -33.874285219289149 ], [ 18.507970705373982, -33.874176049447307 ], [ 18.507839668968057, -33.878681321611829 ], [ 18.513241191630343, -33.878790509897925 ] ] ] } },
{ "type": "Feature", "properties": { }, "geometry": { "type": "Polygon", "coordinates": [ [ [ 18.513371944741611, -33.874285219289149 ], [ 18.513502668800516, -33.869779924936083 ], [ 18.508101712664711, -33.869670773536576 ], [ 18.507970705373982, -33.874176049447307 ], [ 18.513371944741611, -33.874285219289149 ] ] ] } },
{ "type": "Feature", "properties": { }, "geometry": { "type": "Polygon", "coordinates": [ [ [ 18.513502668800516, -33.869779924936083 ], [ 18.513633363813231, -33.865274626839046 ], [ 18.50823269084643, -33.865165493879999 ], [ 18.508101712664711, -33.869670773536576 ], [ 18.513502668800516, -33.869779924936083 ] ] ] } },
{ "type": "Feature", "properties": { }, "geometry": { "type": "Polygon", "coordinates": [ [ [ 18.513633363813231, -33.865274626839046 ], [ 18.513764029785921, -33.860769324998408 ], [ 18.508363639925321, -33.86066021047791 ], [ 18.50823269084643, -33.865165493879999 ], [ 18.513633363813231, -33.865274626839046 ] ] ] } },
{ "type": "Feature", "properties": { }, "geometry": { "type": "Polygon", "coordinates": [ [ [ 18.513764029785921, -33.860769324998408 ], [ 18.513894666724752, -33.856264019414461 ], [ 18.508494559907554, -33.856154923330614 ], [ 18.508363639925321, -33.86066021047791 ], [ 18.513764029785921, -33.860769324998408 ] ] ] } },
{ "type": "Feature", "properties": { }, "geometry": { "type": "Polygon", "coordinates": [ [ [ 18.513926471040243, -34.041088090984474 ], [ 18.514057988591709, -34.036582916916913 ], [ 18.508646481652089, -34.036473319738441 ], [ 18.50851467852884, -34.040978475333034 ], [ 18.513926471040243, -34.041088090984474 ] ] ] } },
{ "type": "Feature", "properties": { }, "geometry": { "type": "Polygon", "coordinates": [ [ [ 18.514057988591709, -34.036582916916913 ], [ 18.514189476930603, -34.032077739095108 ], [ 18.508778255499454, -34.031968160387677 ], [ 18.508646481652089, -34.036473319738441 ], [ 18.514057988591709, -34.036582916916913 ] ] ] } },
{ "type": "Feature", "properties": { }, "geometry": { "type": "Polygon", "coordinates": [ [ [ 18.514189476930603, -34.032077739095108 ], [ 18.514320936063164, -34.027572557519385 ], [ 18.508910000077183, -34.027462997281077 ], [ 18.508778255499454, -34.031968160387677 ], [ 18.514189476930603, -34.032077739095108 ] ] ] } },
{ "type": "Feature", "properties": { }, "geometry": { "type": "Polygon", "coordinates": [ [ [ 18.514320936063164, -34.027572557519385 ], [ 18.514452365995623, -34.02306737219007 ], [ 18.509041715391511, -34.022957830418989 ], [ 18.508910000077183, -34.027462997281077 ], [ 18.514320936063164, -34.027572557519385 ] ] ] } },
{ "type": "Feature", "properties": { }, "geometry": { "type": "Polygon", "coordinates": [ [ [ 18.514452365995623, -34.02306737219007 ], [ 18.514583766734205, -34.018562183107491 ], [ 18.509173401448692, -34.018452659801703 ], [ 18.509041715391511, -34.022957830418989 ], [ 18.514452365995623, -34.02306737219007 ] ] ] } },
{ "type": "Feature", "properties": { }, "geometry": { "type": "Polygon", "coordinates": [ [ [ 18.514583766734205, -34.018562183107491 ], [ 18.514715138285133, -34.014056990271989 ], [ 18.509305058254959, -34.01394748542959 ], [ 18.509173401448692, -34.018452659801703 ], [ 18.514583766734205, -34.018562183107491 ] ] ] } },
{ "type": "Feature", "properties": { }, "geometry": { "type": "Polygon", "coordinates": [ [ [ 18.514715138285133, -34.014056990271989 ], [ 18.514846480654636, -34.00955179368389 ], [ 18.509436685816549, -34.009442307302955 ], [ 18.509305058254959, -34.01394748542959 ], [ 18.514715138285133, -34.014056990271989 ] ] ] } },
{ "type": "Feature", "properties": { }, "geometry": { "type": "Polygon", "coordinates": [ [ [ 18.514846480654636, -34.00955179368389 ], [ 18.514977793848939, -34.005046593343501 ], [ 18.5095682841397, -34.004937125422138 ], [ 18.509436685816549, -34.009442307302955 ], [ 18.514846480654636, -34.00955179368389 ] ] ] } },
{ "type": "Feature", "properties": { }, "geometry": { "type": "Polygon", "coordinates": [ [ [ 18.514977793848939, -34.005046593343501 ], [ 18.51510907787425, -34.000541389251175 ], [ 18.509699853230646, -34.000431939787475 ], [ 18.5095682841397, -34.004937125422138 ], [ 18.514977793848939, -34.005046593343501 ] ] ] } },
{ "type": "Feature", "properties": { }, "geometry": { "type": "Polygon", "coordinates": [ [ [ 18.51510907787425, -34.000541389251175 ], [ 18.515240332736802, -33.996036181407227 ], [ 18.50983139309561, -33.995926750399271 ], [ 18.509699853230646, -34.000431939787475 ], [ 18.51510907787425, -34.000541389251175 ] ] ] } },
{ "type": "Feature", "properties": { }, "geometry": { "type": "Polygon", "coordinates": [ [ [ 18.515240332736802, -33.996036181407227 ], [ 18.515371558442801, -33.991530969811997 ], [ 18.509962903740835, -33.991421557257866 ], [ 18.50983139309561, -33.995926750399271 ], [ 18.515240332736802, -33.996036181407227 ] ] ] } },
{ "type": "Feature", "properties": { }, "geometry": { "type": "Polygon", "coordinates": [ [ [ 18.515371558442801, -33.991530969811997 ], [ 18.515502754998462, -33.987025754465797 ], [ 18.510094385172536, -33.986916360363601 ], [ 18.509962903740835, -33.991421557257866 ], [ 18.515371558442801, -33.991530969811997 ] ] ] } },
{ "type": "Feature", "properties": { }, "geometry": { "type": "Polygon", "coordinates": [ [ [ 18.515502754998462, -33.987025754465797 ], [ 18.515633922409993, -33.98252053536897 ], [ 18.510225837396945, -33.982411159716804 ], [ 18.510094385172536, -33.986916360363601 ], [ 18.515502754998462, -33.987025754465797 ] ] ] } },
{ "type": "Feature", "properties": { }, "geometry": { "type": "Polygon", "coordinates": [ [ [ 18.515633922409993, -33.98252053536897 ], [ 18.515765060683613, -33.978015312521855 ], [ 18.510357260420282, -33.977905955317773 ], [ 18.510225837396945, -33.982411159716804 ], [ 18.515633922409993, -33.98252053536897 ] ] ] } },
{ "type": "Feature", "properties": { }, "geometry": { "type": "Polygon", "coordinates": [ [ [ 18.515765060683613, -33.978015312521855 ], [ 18.515896169825524, -33.973510085924751 ], [ 18.510488654248764, -33.973400747166878 ], [ 18.510357260420282, -33.977905955317773 ], [ 18.515765060683613, -33.978015312521855 ] ] ] } },
{ "type": "Feature", "properties": { }, "geometry": { "type": "Polygon", "coordinates": [ [ [ 18.515896169825524, -33.973510085924751 ], [ 18.516027249841922, -33.969004855578021 ], [ 18.510620018888613, -33.968895535264437 ], [ 18.510488654248764, -33.973400747166878 ], [ 18.515896169825524, -33.973510085924751 ] ] ] } },
{ "type": "Feature", "properties": { }, "geometry": { "type": "Polygon", "coordinates": [ [ [ 18.516027249841922, -33.969004855578021 ], [ 18.516158300739029, -33.964499621481963 ], [ 18.510751354346048, -33.964390319610764 ], [ 18.510620018888613, -33.968895535264437 ], [ 18.516027249841922, -33.969004855578021 ] ] ] } },
{ "type": "Feature", "properties": { }, "geometry": { "type": "Polygon", "coordinates": [ [ [ 18.516158300739029, -33.964499621481963 ], [ 18.516289322523029, -33.959994383636939 ], [ 18.510882660627281, -33.959885100206208 ], [ 18.510751354346048, -33.964390319610764 ], [ 18.516158300739029, -33.964499621481963 ] ] ] } },
{ "type": "Feature", "properties": { }, "geometry": { "type": "Polygon", "coordinates": [ [ [ 18.516289322523029, -33.959994383636939 ], [ 18.516420315200129, -33.955489142043234 ], [ 18.511013937738518, -33.955379877051087 ], [ 18.510882660627281, -33.959885100206208 ], [ 18.516289322523029, -33.959994383636939 ] ] ] } },
{ "type": "Feature", "properties": { }, "geometry": { "type": "Polygon", "coordinates": [ [ [ 18.516420315200129, -33.955489142043234 ], [ 18.516551278776525, -33.950983896701224 ], [ 18.511145185685979, -33.950874650145742 ], [ 18.511013937738518, -33.955379877051087 ], [ 18.516420315200129, -33.955489142043234 ] ] ] } },
{ "type": "Feature", "properties": { }, "geometry": { "type": "Polygon", "coordinates": [ [ [ 18.516551278776525, -33.950983896701224 ], [ 18.516682213258409, -33.946478647611208 ], [ 18.511276404475868, -33.946369419490473 ], [ 18.511145185685979, -33.950874650145742 ], [ 18.516551278776525, -33.950983896701224 ] ] ] } },
{ "type": "Feature", "properties": { }, "geometry": { "type": "Polygon", "coordinates": [ [ [ 18.516682213258409, -33.946478647611208 ], [ 18.516813118651974, -33.94197339477352 ], [ 18.511407594114392, -33.941864185085656 ], [ 18.511276404475868, -33.946369419490473 ], [ 18.516682213258409, -33.946478647611208 ] ] ] } },
{ "type": "Feature", "properties": { }, "geometry": { "type": "Polygon", "coordinates": [ [ [ 18.516813118651974, -33.94197339477352 ], [ 18.516943994963412, -33.9374681381885 ], [ 18.511538754607749, -33.937358946931582 ], [ 18.511407594114392, -33.941864185085656 ], [ 18.516813118651974, -33.94197339477352 ] ] ] } },
{ "type": "Feature", "properties": { }, "geometry": { "type": "Polygon", "coordinates": [ [ [ 18.516943994963412, -33.9374681381885 ], [ 18.517074842198909, -33.932962877856475 ], [ 18.511669885962146, -33.932853705028606 ], [ 18.511538754607749, -33.937358946931582 ], [ 18.516943994963412, -33.9374681381885 ] ] ] } },
{ "type": "Feature", "properties": { }, "geometry": { "type": "Polygon", "coordinates": [ [ [ 18.517074842198909, -33.932962877856475 ], [ 18.517205660364652, -33.928457613777773 ], [ 18.511800988183779, -33.928348459377041 ], [ 18.511669885962146, -33.932853705028606 ], [ 18.517074842198909, -33.932962877856475 ] ] ] } },
{ "type": "Feature", "properties": { }, "geometry": { "type": "Polygon", "coordinates": [ [ [ 18.517205660364652, -33.928457613777773 ], [ 18.517336449466825, -33.923952345952713 ], [ 18.511932061278845, -33.923843209977235 ], [ 18.511800988183779, -33.928348459377041 ], [ 18.517205660364652, -33.928457613777773 ] ] ] } },
{ "type": "Feature", "properties": { }, "geometry": { "type": "Polygon", "coordinates": [ [ [ 18.517336449466825, -33.923952345952713 ], [ 18.517467209511608, -33.919447074381644 ], [ 18.512063105253546, -33.919337956829501 ], [ 18.511932061278845, -33.923843209977235 ], [ 18.517336449466825, -33.923952345952713 ] ] ] } },
{ "type": "Feature", "properties": { }, "geometry": { "type": "Polygon", "coordinates": [ [ [ 18.517467209511608, -33.919447074381644 ], [ 18.517597940505187, -33.914941799064863 ], [ 18.512194120114067, -33.914832699934173 ], [ 18.512063105253546, -33.919337956829501 ], [ 18.517467209511608, -33.919447074381644 ] ] ] } },
{ "type": "Feature", "properties": { }, "geometry": { "type": "Polygon", "coordinates": [ [ [ 18.517597940505187, -33.914941799064863 ], [ 18.517728642453733, -33.910436520002733 ], [ 18.512325105866601, -33.910327439291592 ], [ 18.512194120114067, -33.914832699934173 ], [ 18.517597940505187, -33.914941799064863 ] ] ] } },
{ "type": "Feature", "properties": { }, "geometry": { "type": "Polygon", "coordinates": [ [ [ 18.517728642453733, -33.910436520002733 ], [ 18.51785931536342, -33.905931237195595 ], [ 18.512456062517341, -33.905822174902092 ], [ 18.512325105866601, -33.910327439291592 ], [ 18.517728642453733, -33.910436520002733 ] ] ] } },
{ "type": "Feature", "properties": { }, "geometry": { "type": "Polygon", "coordinates": [ [ [ 18.51785931536342, -33.905931237195595 ], [ 18.517989959240428, -33.901425950643734 ], [ 18.512586990072467, -33.901316906765956 ], [ 18.512456062517341, -33.905822174902092 ], [ 18.51785931536342, -33.905931237195595 ] ] ] } },
{ "type": "Feature", "properties": { }, "geometry": { "type": "Polygon", "coordinates": [ [ [ 18.517989959240428, -33.901425950643734 ], [ 18.518120574090926, -33.896920660347504 ], [ 18.51271788853817, -33.896811634883569 ], [ 18.512586990072467, -33.901316906765956 ], [ 18.517989959240428, -33.901425950643734 ] ] ] } },
{ "type": "Feature", "properties": { }, "geometry": { "type": "Polygon", "coordinates": [ [ [ 18.518120574090926, -33.896920660347504 ], [ 18.518251159921082, -33.892415366307226 ], [ 18.512848757920629, -33.892306359255244 ], [ 18.51271788853817, -33.896811634883569 ], [ 18.518120574090926, -33.896920660347504 ] ] ] } },
{ "type": "Feature", "properties": { }, "geometry": { "type": "Polygon", "coordinates": [ [ [ 18.518251159921082, -33.892415366307226 ], [ 18.518381716737064, -33.887910068523254 ], [ 18.512979598226025, -33.887801079881314 ], [ 18.512848757920629, -33.892306359255244 ], [ 18.518251159921082, -33.892415366307226 ] ] ] } },
{ "type": "Feature", "properties": { }, "geometry": { "type": "Polygon", "coordinates": [ [ [ 18.518381716737064, -33.887910068523254 ], [ 18.518512244545036, -33.883404766995888 ], [ 18.513110409460538, -33.883295796762091 ], [ 18.512979598226025, -33.887801079881314 ], [ 18.518381716737064, -33.887910068523254 ] ] ] } },
{ "type": "Feature", "properties": { }, "geometry": { "type": "Polygon", "coordinates": [ [ [ 18.518512244545036, -33.883404766995888 ], [ 18.518642743351162, -33.878899461725467 ], [ 18.513241191630343, -33.878790509897925 ], [ 18.513110409460538, -33.883295796762091 ], [ 18.518512244545036, -33.883404766995888 ] ] ] } },
{ "type": "Feature", "properties": { }, "geometry": { "type": "Polygon", "coordinates": [ [ [ 18.518642743351162, -33.878899461725467 ], [ 18.518773213161602, -33.874394152712348 ], [ 18.513371944741611, -33.874285219289149 ], [ 18.513241191630343, -33.878790509897925 ], [ 18.518642743351162, -33.878899461725467 ] ] ] } },
{ "type": "Feature", "properties": { }, "geometry": { "type": "Polygon", "coordinates": [ [ [ 18.518773213161602, -33.874394152712348 ], [ 18.518903653982512, -33.869888839956815 ], [ 18.513502668800516, -33.869779924936083 ], [ 18.513371944741611, -33.874285219289149 ], [ 18.518773213161602, -33.874394152712348 ] ] ] } },
{ "type": "Feature", "properties": { }, "geometry": { "type": "Polygon", "coordinates": [ [ [ 18.518903653982512, -33.869888839956815 ], [ 18.519034065820055, -33.865383523459222 ], [ 18.513633363813231, -33.865274626839046 ], [ 18.513502668800516, -33.869779924936083 ], [ 18.518903653982512, -33.869888839956815 ] ] ] } },
{ "type": "Feature", "properties": { }, "geometry": { "type": "Polygon", "coordinates": [ [ [ 18.519034065820055, -33.865383523459222 ], [ 18.519164448680378, -33.860878203219912 ], [ 18.513764029785921, -33.860769324998408 ], [ 18.513633363813231, -33.865274626839046 ], [ 18.519034065820055, -33.865383523459222 ] ] ] } },
{ "type": "Feature", "properties": { }, "geometry": { "type": "Polygon", "coordinates": [ [ [ 18.519164448680378, -33.860878203219912 ], [ 18.519294802569643, -33.856372879239181 ], [ 18.513894666724752, -33.856264019414461 ], [ 18.513764029785921, -33.860769324998408 ], [ 18.519164448680378, -33.860878203219912 ] ] ] } },
{ "type": "Feature", "properties": { }, "geometry": { "type": "Polygon", "coordinates": [ [ [ 18.519338292770453, -34.041197468734076 ], [ 18.519469524743897, -34.036692276233595 ], [ 18.514057988591709, -34.036582916916913 ], [ 18.513926471040243, -34.041088090984474 ], [ 18.519338292770453, -34.041197468734076 ] ] ] } },
{ "type": "Feature", "properties": { }, "geometry": { "type": "Polygon", "coordinates": [ [ [ 18.519469524743897, -34.036692276233595 ], [ 18.51960072756809, -34.032187079980801 ], [ 18.514189476930603, -34.032077739095108 ], [ 18.514057988591709, -34.036582916916913 ], [ 18.519469524743897, -34.036692276233595 ] ] ] } },
{ "type": "Feature", "properties": { }, "geometry": { "type": "Polygon", "coordinates": [ [ [ 18.51960072756809, -34.032187079980801 ], [ 18.519731901249255, -34.027681879975979 ], [ 18.514320936063164, -34.027572557519385 ], [ 18.514189476930603, -34.032077739095108 ], [ 18.51960072756809, -34.032187079980801 ] ] ] } },
{ "type": "Feature", "properties": { }, "geometry": { "type": "Polygon", "coordinates": [ [ [ 18.519731901249255, -34.027681879975979 ], [ 18.519863045793613, -34.023176676219485 ], [ 18.514452365995623, -34.02306737219007 ], [ 18.514320936063164, -34.027572557519385 ], [ 18.519731901249255, -34.027681879975979 ] ] ] } },
{ "type": "Feature", "properties": { }, "geometry": { "type": "Polygon", "coordinates": [ [ [ 18.519863045793613, -34.023176676219485 ], [ 18.519994161207364, -34.018671468711624 ], [ 18.514583766734205, -34.018562183107491 ], [ 18.514452365995623, -34.02306737219007 ], [ 18.519863045793613, -34.023176676219485 ] ] ] } },
{ "type": "Feature", "properties": { }, "geometry": { "type": "Polygon", "coordinates": [ [ [ 18.519994161207364, -34.018671468711624 ], [ 18.520125247496733, -34.014166257452757 ], [ 18.514715138285133, -34.014056990271989 ], [ 18.514583766734205, -34.018562183107491 ], [ 18.519994161207364, -34.018671468711624 ] ] ] } },
{ "type": "Feature", "properties": { }, "geometry": { "type": "Polygon", "coordinates": [ [ [ 18.520125247496733, -34.014166257452757 ], [ 18.520256304667928, -34.009661042443199 ], [ 18.514846480654636, -34.00955179368389 ], [ 18.514715138285133, -34.014056990271989 ], [ 18.520125247496733, -34.014166257452757 ] ] ] } },
{ "type": "Feature", "properties": { }, "geometry": { "type": "Polygon", "coordinates": [ [ [ 18.520256304667928, -34.009661042443199 ], [ 18.520387332727157, -34.005155823683261 ], [ 18.514977793848939, -34.005046593343501 ], [ 18.514846480654636, -34.00955179368389 ], [ 18.520256304667928, -34.009661042443199 ] ] ] } },
{ "type": "Feature", "properties": { }, "geometry": { "type": "Polygon", "coordinates": [ [ [ 18.520387332727157, -34.005155823683261 ], [ 18.520518331680627, -34.000650601173298 ], [ 18.51510907787425, -34.000541389251175 ], [ 18.514977793848939, -34.005046593343501 ], [ 18.520387332727157, -34.005155823683261 ] ] ] } },
{ "type": "Feature", "properties": { }, "geometry": { "type": "Polygon", "coordinates": [ [ [ 18.520518331680627, -34.000650601173298 ], [ 18.52064930153454, -33.996145374913617 ], [ 18.515240332736802, -33.996036181407227 ], [ 18.51510907787425, -34.000541389251175 ], [ 18.520518331680627, -34.000650601173298 ] ] ] } },
{ "type": "Feature", "properties": { }, "geometry": { "type": "Polygon", "coordinates": [ [ [ 18.52064930153454, -33.996145374913617 ], [ 18.5207802422951, -33.991640144904551 ], [ 18.515371558442801, -33.991530969811997 ], [ 18.515240332736802, -33.996036181407227 ], [ 18.52064930153454, -33.996145374913617 ] ] ] } },
{ "type": "Feature", "properties": { }, "geometry": { "type": "Polygon", "coordinates": [ [ [ 18.5207802422951, -33.991640144904551 ], [ 18.520911153968505, -33.987134911146434 ], [ 18.515502754998462, -33.987025754465797 ], [ 18.515371558442801, -33.991530969811997 ], [ 18.5207802422951, -33.991640144904551 ] ] ] } },
{ "type": "Feature", "properties": { }, "geometry": { "type": "Polygon", "coordinates": [ [ [ 18.520911153968505, -33.987134911146434 ], [ 18.52104203656096, -33.9826296736396 ], [ 18.515633922409993, -33.98252053536897 ], [ 18.515502754998462, -33.987025754465797 ], [ 18.520911153968505, -33.987134911146434 ] ] ] } },
{ "type": "Feature", "properties": { }, "geometry": { "type": "Polygon", "coordinates": [ [ [ 18.52104203656096, -33.9826296736396 ], [ 18.521172890078653, -33.978124432384355 ], [ 18.515765060683613, -33.978015312521855 ], [ 18.515633922409993, -33.98252053536897 ], [ 18.52104203656096, -33.9826296736396 ] ] ] } },
{ "type": "Feature", "properties": { }, "geometry": { "type": "Polygon", "coordinates": [ [ [ 18.521172890078653, -33.978124432384355 ], [ 18.521303714527786, -33.973619187381047 ], [ 18.515896169825524, -33.973510085924751 ], [ 18.515765060683613, -33.978015312521855 ], [ 18.521172890078653, -33.978124432384355 ] ] ] } },
{ "type": "Feature", "properties": { }, "geometry": { "type": "Polygon", "coordinates": [ [ [ 18.521303714527786, -33.973619187381047 ], [ 18.521434509914538, -33.969113938630016 ], [ 18.516027249841922, -33.969004855578021 ], [ 18.515896169825524, -33.973510085924751 ], [ 18.521303714527786, -33.973619187381047 ] ] ] } },
{ "type": "Feature", "properties": { }, "geometry": { "type": "Polygon", "coordinates": [ [ [ 18.521434509914538, -33.969113938630016 ], [ 18.521565276245109, -33.964608686131541 ], [ 18.516158300739029, -33.964499621481963 ], [ 18.516027249841922, -33.969004855578021 ], [ 18.521434509914538, -33.969113938630016 ] ] ] } },
{ "type": "Feature", "properties": { }, "geometry": { "type": "Polygon", "coordinates": [ [ [ 18.521565276245109, -33.964608686131541 ], [ 18.521696013525681, -33.960103429886011 ], [ 18.516289322523029, -33.959994383636939 ], [ 18.516158300739029, -33.964499621481963 ], [ 18.521565276245109, -33.964608686131541 ] ] ] } },
{ "type": "Feature", "properties": { }, "geometry": { "type": "Polygon", "coordinates": [ [ [ 18.521696013525681, -33.960103429886011 ], [ 18.521826721762448, -33.955598169893719 ], [ 18.516420315200129, -33.955489142043234 ], [ 18.516289322523029, -33.959994383636939 ], [ 18.521696013525681, -33.960103429886011 ] ] ] } },
{ "type": "Feature", "properties": { }, "geometry": { "type": "Polygon", "coordinates": [ [ [ 18.521826721762448, -33.955598169893719 ], [ 18.521957400961579, -33.951092906155004 ], [ 18.516551278776525, -33.950983896701224 ], [ 18.516420315200129, -33.955489142043234 ], [ 18.521826721762448, -33.955598169893719 ] ] ] } },
{ "type": "Feature", "properties": { }, "geometry": { "type": "Polygon", "coordinates": [ [ [ 18.521957400961579, -33.951092906155004 ], [ 18.522088051129266, -33.946587638670195 ], [ 18.516682213258409, -33.946478647611208 ], [ 18.516551278776525, -33.950983896701224 ], [ 18.521957400961579, -33.951092906155004 ] ] ] } },
{ "type": "Feature", "properties": { }, "geometry": { "type": "Polygon", "coordinates": [ [ [ 18.522088051129266, -33.946587638670195 ], [ 18.522218672271688, -33.942082367439603 ], [ 18.516813118651974, -33.94197339477352 ], [ 18.516682213258409, -33.946478647611208 ], [ 18.522088051129266, -33.946587638670195 ] ] ] } },
{ "type": "Feature", "properties": { }, "geometry": { "type": "Polygon", "coordinates": [ [ [ 18.522218672271688, -33.942082367439603 ], [ 18.522349264395018, -33.937577092463599 ], [ 18.516943994963412, -33.9374681381885 ], [ 18.516813118651974, -33.94197339477352 ], [ 18.522218672271688, -33.942082367439603 ] ] ] } },
{ "type": "Feature", "properties": { }, "geometry": { "type": "Polygon", "coordinates": [ [ [ 18.522349264395018, -33.937577092463599 ], [ 18.522479827505428, -33.933071813742473 ], [ 18.517074842198909, -33.932962877856475 ], [ 18.516943994963412, -33.9374681381885 ], [ 18.522349264395018, -33.937577092463599 ] ] ] } },
{ "type": "Feature", "properties": { }, "geometry": { "type": "Polygon", "coordinates": [ [ [ 18.522479827505428, -33.933071813742473 ], [ 18.522610361609097, -33.928566531276559 ], [ 18.517205660364652, -33.928457613777773 ], [ 18.517074842198909, -33.932962877856475 ], [ 18.522479827505428, -33.933071813742473 ] ] ] } },
{ "type": "Feature", "properties": { }, "geometry": { "type": "Polygon", "coordinates": [ [ [ 18.522610361609097, -33.928566531276559 ], [ 18.522740866712194, -33.924061245066206 ], [ 18.517336449466825, -33.923952345952713 ], [ 18.517205660364652, -33.928457613777773 ], [ 18.522610361609097, -33.928566531276559 ] ] ] } },
{ "type": "Feature", "properties": { }, "geometry": { "type": "Polygon", "coordinates": [ [ [ 18.522740866712194, -33.924061245066206 ], [ 18.522871342820885, -33.919555955111719 ], [ 18.517467209511608, -33.919447074381644 ], [ 18.517336449466825, -33.923952345952713 ], [ 18.522740866712194, -33.924061245066206 ] ] ] } },
{ "type": "Feature", "properties": { }, "geometry": { "type": "Polygon", "coordinates": [ [ [ 18.522871342820885, -33.919555955111719 ], [ 18.523001789941336, -33.915050661413446 ], [ 18.517597940505187, -33.914941799064863 ], [ 18.517467209511608, -33.919447074381644 ], [ 18.522871342820885, -33.919555955111719 ] ] ] } },
{ "type": "Feature", "properties": { }, "geometry": { "type": "Polygon", "coordinates": [ [ [ 18.523001789941336, -33.915050661413446 ], [ 18.523132208079719, -33.910545363971721 ], [ 18.517728642453733, -33.910436520002733 ], [ 18.517597940505187, -33.914941799064863 ], [ 18.523001789941336, -33.915050661413446 ] ] ] } },
{ "type": "Feature", "properties": { }, "geometry": { "type": "Polygon", "coordinates": [ [ [ 18.523132208079719, -33.910545363971721 ], [ 18.523262597242187, -33.90604006278685 ], [ 18.51785931536342, -33.905931237195595 ], [ 18.517728642453733, -33.910436520002733 ], [ 18.523132208079719, -33.910545363971721 ] ] ] } },
{ "type": "Feature", "properties": { }, "geometry": { "type": "Polygon", "coordinates": [ [ [ 18.523262597242187, -33.90604006278685 ], [ 18.523392957434901, -33.901534757859174 ], [ 18.517989959240428, -33.901425950643734 ], [ 18.51785931536342, -33.905931237195595 ], [ 18.523262597242187, -33.90604006278685 ] ] ] } },
{ "type": "Feature", "properties": { }, "geometry": { "type": "Polygon", "coordinates": [ [ [ 18.523392957434901, -33.901534757859174 ], [ 18.523523288664023, -33.89702944918902 ], [ 18.518120574090926, -33.896920660347504 ], [ 18.517989959240428, -33.901425950643734 ], [ 18.523392957434901, -33.901534757859174 ] ] ] } },
{ "type": "Feature", "properties": { }, "geometry": { "type": "Polygon", "coordinates": [ [ [ 18.523523288664023, -33.89702944918902 ], [ 18.523653590935709, -33.892524136776707 ], [ 18.518251159921082, -33.892415366307226 ], [ 18.518120574090926, -33.896920660347504 ], [ 18.523523288664023, -33.89702944918902 ] ] ] } },
{ "type": "Feature", "properties": { }, "geometry": { "type": "Polygon", "coordinates": [ [ [ 18.523653590935709, -33.892524136776707 ], [ 18.52378386425611, -33.888018820622598 ], [ 18.518381716737064, -33.887910068523254 ], [ 18.518251159921082, -33.892415366307226 ], [ 18.523653590935709, -33.892524136776707 ] ] ] } },
{ "type": "Feature", "properties": { }, "geometry": { "type": "Polygon", "coordinates": [ [ [ 18.52378386425611, -33.888018820622598 ], [ 18.523914108631381, -33.883513500726991 ], [ 18.518512244545036, -33.883404766995888 ], [ 18.518381716737064, -33.887910068523254 ], [ 18.52378386425611, -33.888018820622598 ] ] ] } },
{ "type": "Feature", "properties": { }, "geometry": { "type": "Polygon", "coordinates": [ [ [ 18.523914108631381, -33.883513500726991 ], [ 18.524044324067663, -33.879008177090235 ], [ 18.518642743351162, -33.878899461725467 ], [ 18.518512244545036, -33.883404766995888 ], [ 18.523914108631381, -33.883513500726991 ] ] ] } },
{ "type": "Feature", "properties": { }, "geometry": { "type": "Polygon", "coordinates": [ [ [ 18.524044324067663, -33.879008177090235 ], [ 18.524174510571115, -33.874502849712648 ], [ 18.518773213161602, -33.874394152712348 ], [ 18.518642743351162, -33.878899461725467 ], [ 18.524044324067663, -33.879008177090235 ] ] ] } },
{ "type": "Feature", "properties": { }, "geometry": { "type": "Polygon", "coordinates": [ [ [ 18.524174510571115, -33.874502849712648 ], [ 18.524304668147881, -33.869997518594552 ], [ 18.518903653982512, -33.869888839956815 ], [ 18.518773213161602, -33.874394152712348 ], [ 18.524174510571115, -33.874502849712648 ] ] ] } },
{ "type": "Feature", "properties": { }, "geometry": { "type": "Polygon", "coordinates": [ [ [ 18.524304668147881, -33.869997518594552 ], [ 18.524434796804091, -33.865492183736293 ], [ 18.519034065820055, -33.865383523459222 ], [ 18.518903653982512, -33.869888839956815 ], [ 18.524304668147881, -33.869997518594552 ] ] ] } },
{ "type": "Feature", "properties": { }, "geometry": { "type": "Polygon", "coordinates": [ [ [ 18.524434796804091, -33.865492183736293 ], [ 18.524564896545904, -33.860986845138186 ], [ 18.519164448680378, -33.860878203219912 ], [ 18.519034065820055, -33.865383523459222 ], [ 18.524434796804091, -33.865492183736293 ] ] ] } },
{ "type": "Feature", "properties": { }, "geometry": { "type": "Polygon", "coordinates": [ [ [ 18.524564896545904, -33.860986845138186 ], [ 18.524694967379446, -33.856481502800584 ], [ 18.519294802569643, -33.856372879239181 ], [ 18.519164448680378, -33.860878203219912 ], [ 18.524564896545904, -33.860986845138186 ] ] ] } },
{ "type": "Feature", "properties": { }, "geometry": { "type": "Polygon", "coordinates": [ [ [ 18.524750143656128, -34.041306608577585 ], [ 18.52488109004533, -34.036801397684251 ], [ 18.519469524743897, -34.036692276233595 ], [ 18.519338292770453, -34.041197468734076 ], [ 18.524750143656128, -34.041306608577585 ] ] ] } },
{ "type": "Feature", "properties": { }, "geometry": { "type": "Polygon", "coordinates": [ [ [ 18.52488109004533, -34.036801397684251 ], [ 18.525012007348607, -34.032296183040479 ], [ 18.51960072756809, -34.032187079980801 ], [ 18.519469524743897, -34.036692276233595 ], [ 18.52488109004533, -34.036801397684251 ] ] ] } },
{ "type": "Feature", "properties": { }, "geometry": { "type": "Polygon", "coordinates": [ [ [ 18.525012007348607, -34.032296183040479 ], [ 18.525142895572159, -34.027790964646606 ], [ 18.519731901249255, -34.027681879975979 ], [ 18.51960072756809, -34.032187079980801 ], [ 18.525012007348607, -34.032296183040479 ] ] ] } },
{ "type": "Feature", "properties": { }, "geometry": { "type": "Polygon", "coordinates": [ [ [ 18.525142895572159, -34.027790964646606 ], [ 18.525273754722196, -34.023285742502956 ], [ 18.519863045793613, -34.023176676219485 ], [ 18.519731901249255, -34.027681879975979 ], [ 18.525142895572159, -34.027790964646606 ] ] ] } },
{ "type": "Feature", "properties": { }, "geometry": { "type": "Polygon", "coordinates": [ [ [ 18.525273754722196, -34.023285742502956 ], [ 18.52540458480491, -34.018780516609866 ], [ 18.519994161207364, -34.018671468711624 ], [ 18.519863045793613, -34.023176676219485 ], [ 18.525273754722196, -34.023285742502956 ] ] ] } },
{ "type": "Feature", "properties": { }, "geometry": { "type": "Polygon", "coordinates": [ [ [ 18.52540458480491, -34.018780516609866 ], [ 18.525535385826508, -34.01427528696766 ], [ 18.520125247496733, -34.014166257452757 ], [ 18.519994161207364, -34.018671468711624 ], [ 18.52540458480491, -34.018780516609866 ] ] ] } },
{ "type": "Feature", "properties": { }, "geometry": { "type": "Polygon", "coordinates": [ [ [ 18.525535385826508, -34.01427528696766 ], [ 18.525666157793186, -34.009770053576659 ], [ 18.520256304667928, -34.009661042443199 ], [ 18.520125247496733, -34.014166257452757 ], [ 18.525535385826508, -34.01427528696766 ] ] ] } },
{ "type": "Feature", "properties": { }, "geometry": { "type": "Polygon", "coordinates": [ [ [ 18.525666157793186, -34.009770053576659 ], [ 18.525796900711139, -34.005264816437197 ], [ 18.520387332727157, -34.005155823683261 ], [ 18.520256304667928, -34.009661042443199 ], [ 18.525666157793186, -34.009770053576659 ] ] ] } },
{ "type": "Feature", "properties": { }, "geometry": { "type": "Polygon", "coordinates": [ [ [ 18.525796900711139, -34.005264816437197 ], [ 18.525927614586553, -34.000759575549594 ], [ 18.520518331680627, -34.000650601173298 ], [ 18.520387332727157, -34.005155823683261 ], [ 18.525796900711139, -34.005264816437197 ] ] ] } },
{ "type": "Feature", "properties": { }, "geometry": { "type": "Polygon", "coordinates": [ [ [ 18.525927614586553, -34.000759575549594 ], [ 18.526058299425628, -33.996254330914198 ], [ 18.52064930153454, -33.996145374913617 ], [ 18.520518331680627, -34.000650601173298 ], [ 18.525927614586553, -34.000759575549594 ] ] ] } },
{ "type": "Feature", "properties": { }, "geometry": { "type": "Polygon", "coordinates": [ [ [ 18.526058299425628, -33.996254330914198 ], [ 18.526188955234556, -33.9917490825313 ], [ 18.5207802422951, -33.991640144904551 ], [ 18.52064930153454, -33.996145374913617 ], [ 18.526058299425628, -33.996254330914198 ] ] ] } },
{ "type": "Feature", "properties": { }, "geometry": { "type": "Polygon", "coordinates": [ [ [ 18.526188955234556, -33.9917490825313 ], [ 18.526319582019507, -33.987243830401262 ], [ 18.520911153968505, -33.987134911146434 ], [ 18.5207802422951, -33.991640144904551 ], [ 18.526188955234556, -33.9917490825313 ] ] ] } },
{ "type": "Feature", "properties": { }, "geometry": { "type": "Polygon", "coordinates": [ [ [ 18.526319582019507, -33.987243830401262 ], [ 18.526450179786686, -33.982738574524411 ], [ 18.52104203656096, -33.9826296736396 ], [ 18.520911153968505, -33.987134911146434 ], [ 18.526319582019507, -33.987243830401262 ] ] ] } },
{ "type": "Feature", "properties": { }, "geometry": { "type": "Polygon", "coordinates": [ [ [ 18.526450179786686, -33.982738574524411 ], [ 18.526580748542258, -33.978233314901047 ], [ 18.521172890078653, -33.978124432384355 ], [ 18.52104203656096, -33.9826296736396 ], [ 18.526450179786686, -33.982738574524411 ] ] ] } },
{ "type": "Feature", "properties": { }, "geometry": { "type": "Polygon", "coordinates": [ [ [ 18.526580748542258, -33.978233314901047 ], [ 18.526711288292418, -33.973728051531516 ], [ 18.521303714527786, -33.973619187381047 ], [ 18.521172890078653, -33.978124432384355 ], [ 18.526580748542258, -33.978233314901047 ] ] ] } },
{ "type": "Feature", "properties": { }, "geometry": { "type": "Polygon", "coordinates": [ [ [ 18.526711288292418, -33.973728051531516 ], [ 18.526841799043332, -33.969222784416139 ], [ 18.521434509914538, -33.969113938630016 ], [ 18.521303714527786, -33.973619187381047 ], [ 18.526711288292418, -33.973728051531516 ] ] ] } },
{ "type": "Feature", "properties": { }, "geometry": { "type": "Polygon", "coordinates": [ [ [ 18.526841799043332, -33.969222784416139 ], [ 18.526972280801182, -33.964717513555264 ], [ 18.521565276245109, -33.964608686131541 ], [ 18.521434509914538, -33.969113938630016 ], [ 18.526841799043332, -33.969222784416139 ] ] ] } },
{ "type": "Feature", "properties": { }, "geometry": { "type": "Polygon", "coordinates": [ [ [ 18.526972280801182, -33.964717513555264 ], [ 18.527102733572146, -33.960212238949211 ], [ 18.521696013525681, -33.960103429886011 ], [ 18.521565276245109, -33.964608686131541 ], [ 18.526972280801182, -33.964717513555264 ] ] ] } },
{ "type": "Feature", "properties": { }, "geometry": { "type": "Polygon", "coordinates": [ [ [ 18.527102733572146, -33.960212238949211 ], [ 18.527233157362389, -33.955706960598285 ], [ 18.521826721762448, -33.955598169893719 ], [ 18.521696013525681, -33.960103429886011 ], [ 18.527102733572146, -33.960212238949211 ] ] ] } },
{ "type": "Feature", "properties": { }, "geometry": { "type": "Polygon", "coordinates": [ [ [ 18.527233157362389, -33.955706960598285 ], [ 18.52736355217808, -33.951201678502841 ], [ 18.521957400961579, -33.951092906155004 ], [ 18.521826721762448, -33.955598169893719 ], [ 18.527233157362389, -33.955706960598285 ] ] ] } },
{ "type": "Feature", "properties": { }, "geometry": { "type": "Polygon", "coordinates": [ [ [ 18.52736355217808, -33.951201678502841 ], [ 18.527493918025392, -33.946696392663192 ], [ 18.522088051129266, -33.946587638670195 ], [ 18.521957400961579, -33.951092906155004 ], [ 18.52736355217808, -33.951201678502841 ] ] ] } },
{ "type": "Feature", "properties": { }, "geometry": { "type": "Polygon", "coordinates": [ [ [ 18.527493918025392, -33.946696392663192 ], [ 18.527624254910492, -33.942191103079679 ], [ 18.522218672271688, -33.942082367439603 ], [ 18.522088051129266, -33.946587638670195 ], [ 18.527493918025392, -33.946696392663192 ] ] ] } },
{ "type": "Feature", "properties": { }, "geometry": { "type": "Polygon", "coordinates": [ [ [ 18.527624254910492, -33.942191103079679 ], [ 18.527754562839537, -33.937685809752629 ], [ 18.522349264395018, -33.937577092463599 ], [ 18.522218672271688, -33.942082367439603 ], [ 18.527624254910492, -33.942191103079679 ] ] ] } },
{ "type": "Feature", "properties": { }, "geometry": { "type": "Polygon", "coordinates": [ [ [ 18.527754562839537, -33.937685809752629 ], [ 18.527884841818693, -33.933180512682348 ], [ 18.522479827505428, -33.933071813742473 ], [ 18.522349264395018, -33.937577092463599 ], [ 18.527754562839537, -33.937685809752629 ] ] ] } },
{ "type": "Feature", "properties": { }, "geometry": { "type": "Polygon", "coordinates": [ [ [ 18.527884841818693, -33.933180512682348 ], [ 18.528015091854115, -33.928675211869184 ], [ 18.522610361609097, -33.928566531276559 ], [ 18.522479827505428, -33.933071813742473 ], [ 18.527884841818693, -33.933180512682348 ] ] ] } },
{ "type": "Feature", "properties": { }, "geometry": { "type": "Polygon", "coordinates": [ [ [ 18.528015091854115, -33.928675211869184 ], [ 18.528145312951963, -33.92416990731347 ], [ 18.522740866712194, -33.924061245066206 ], [ 18.522610361609097, -33.928566531276559 ], [ 18.528015091854115, -33.928675211869184 ] ] ] } },
{ "type": "Feature", "properties": { }, "geometry": { "type": "Polygon", "coordinates": [ [ [ 18.528145312951963, -33.92416990731347 ], [ 18.528275505118398, -33.919664599015533 ], [ 18.522871342820885, -33.919555955111719 ], [ 18.522740866712194, -33.924061245066206 ], [ 18.528145312951963, -33.92416990731347 ] ] ] } },
{ "type": "Feature", "properties": { }, "geometry": { "type": "Polygon", "coordinates": [ [ [ 18.528275505118398, -33.919664599015533 ], [ 18.528405668359561, -33.915159286975694 ], [ 18.523001789941336, -33.915050661413446 ], [ 18.522871342820885, -33.919555955111719 ], [ 18.528275505118398, -33.919664599015533 ] ] ] } },
{ "type": "Feature", "properties": { }, "geometry": { "type": "Polygon", "coordinates": [ [ [ 18.528405668359561, -33.915159286975694 ], [ 18.528535802681613, -33.910653971194272 ], [ 18.523132208079719, -33.910545363971721 ], [ 18.523001789941336, -33.915050661413446 ], [ 18.528405668359561, -33.915159286975694 ] ] ] } },
{ "type": "Feature", "properties": { }, "geometry": { "type": "Polygon", "coordinates": [ [ [ 18.528535802681613, -33.910653971194272 ], [ 18.528665908090701, -33.906148651671622 ], [ 18.523262597242187, -33.90604006278685 ], [ 18.523132208079719, -33.910545363971721 ], [ 18.528535802681613, -33.910653971194272 ] ] ] } },
{ "type": "Feature", "properties": { }, "geometry": { "type": "Polygon", "coordinates": [ [ [ 18.528665908090701, -33.906148651671622 ], [ 18.528795984592968, -33.901643328408042 ], [ 18.523392957434901, -33.901534757859174 ], [ 18.523262597242187, -33.90604006278685 ], [ 18.528665908090701, -33.906148651671622 ] ] ] } },
{ "type": "Feature", "properties": { }, "geometry": { "type": "Polygon", "coordinates": [ [ [ 18.528795984592968, -33.901643328408042 ], [ 18.528926032194562, -33.897138001403881 ], [ 18.523523288664023, -33.89702944918902 ], [ 18.523392957434901, -33.901534757859174 ], [ 18.528795984592968, -33.901643328408042 ] ] ] } },
{ "type": "Feature", "properties": { }, "geometry": { "type": "Polygon", "coordinates": [ [ [ 18.528926032194562, -33.897138001403881 ], [ 18.52905605090162, -33.892632670659474 ], [ 18.523653590935709, -33.892524136776707 ], [ 18.523523288664023, -33.89702944918902 ], [ 18.528926032194562, -33.897138001403881 ] ] ] } },
{ "type": "Feature", "properties": { }, "geometry": { "type": "Polygon", "coordinates": [ [ [ 18.52905605090162, -33.892632670659474 ], [ 18.52918604072029, -33.888127336175138 ], [ 18.52378386425611, -33.888018820622598 ], [ 18.523653590935709, -33.892524136776707 ], [ 18.52905605090162, -33.892632670659474 ] ] ] } },
{ "type": "Feature", "properties": { }, "geometry": { "type": "Polygon", "coordinates": [ [ [ 18.52918604072029, -33.888127336175138 ], [ 18.529316001656706, -33.883621997951188 ], [ 18.523914108631381, -33.883513500726991 ], [ 18.52378386425611, -33.888018820622598 ], [ 18.52918604072029, -33.888127336175138 ] ] ] } },
{ "type": "Feature", "properties": { }, "geometry": { "type": "Polygon", "coordinates": [ [ [ 18.529316001656706, -33.883621997951188 ], [ 18.529445933717007, -33.879116655987993 ], [ 18.524044324067663, -33.879008177090235 ], [ 18.523914108631381, -33.883513500726991 ], [ 18.529316001656706, -33.883621997951188 ] ] ] } },
{ "type": "Feature", "properties": { }, "geometry": { "type": "Polygon", "coordinates": [ [ [ 18.529445933717007, -33.879116655987993 ], [ 18.52957583690732, -33.874611310285836 ], [ 18.524174510571115, -33.874502849712648 ], [ 18.524044324067663, -33.879008177090235 ], [ 18.529445933717007, -33.879116655987993 ] ] ] } },
{ "type": "Feature", "properties": { }, "geometry": { "type": "Polygon", "coordinates": [ [ [ 18.52957583690732, -33.874611310285836 ], [ 18.529705711233788, -33.870105960845073 ], [ 18.524304668147881, -33.869997518594552 ], [ 18.524174510571115, -33.874502849712648 ], [ 18.52957583690732, -33.874611310285836 ] ] ] } },
{ "type": "Feature", "properties": { }, "geometry": { "type": "Polygon", "coordinates": [ [ [ 18.529705711233788, -33.870105960845073 ], [ 18.529835556702537, -33.865600607666032 ], [ 18.524434796804091, -33.865492183736293 ], [ 18.524304668147881, -33.869997518594552 ], [ 18.529705711233788, -33.870105960845073 ] ] ] } },
{ "type": "Feature", "properties": { }, "geometry": { "type": "Polygon", "coordinates": [ [ [ 18.529835556702537, -33.865600607666032 ], [ 18.529965373319694, -33.861095250749024 ], [ 18.524564896545904, -33.860986845138186 ], [ 18.524434796804091, -33.865492183736293 ], [ 18.529835556702537, -33.865600607666032 ] ] ] } },
{ "type": "Feature", "properties": { }, "geometry": { "type": "Polygon", "coordinates": [ [ [ 18.529965373319694, -33.861095250749024 ], [ 18.530095161091378, -33.856589890094412 ], [ 18.524694967379446, -33.856481502800584 ], [ 18.524564896545904, -33.860986845138186 ], [ 18.529965373319694, -33.861095250749024 ] ] ] } },
{ "type": "Feature", "properties": { }, "geometry": { "type": "Polygon", "coordinates": [ [ [ 18.530162023633942, -34.04141551051076 ], [ 18.530292684432695, -34.036910281264603 ], [ 18.52488109004533, -34.036801397684251 ], [ 18.524750143656128, -34.041306608577585 ], [ 18.530162023633942, -34.04141551051076 ] ] ] } },
{ "type": "Feature", "properties": { }, "geometry": { "type": "Polygon", "coordinates": [ [ [ 18.530292684432695, -34.036910281264603 ], [ 18.530423316208847, -34.032405048269915 ], [ 18.525012007348607, -34.032296183040479 ], [ 18.52488109004533, -34.036801397684251 ], [ 18.530292684432695, -34.036910281264603 ] ] ] } },
{ "type": "Feature", "properties": { }, "geometry": { "type": "Polygon", "coordinates": [ [ [ 18.530423316208847, -34.032405048269915 ], [ 18.530553918968582, -34.027899811527035 ], [ 18.525142895572159, -34.027790964646606 ], [ 18.525012007348607, -34.032296183040479 ], [ 18.530423316208847, -34.032405048269915 ] ] ] } },
{ "type": "Feature", "properties": { }, "geometry": { "type": "Polygon", "coordinates": [ [ [ 18.530553918968582, -34.027899811527035 ], [ 18.530684492718095, -34.023394571036263 ], [ 18.525273754722196, -34.023285742502956 ], [ 18.525142895572159, -34.027790964646606 ], [ 18.530553918968582, -34.027899811527035 ] ] ] } },
{ "type": "Feature", "properties": { }, "geometry": { "type": "Polygon", "coordinates": [ [ [ 18.530684492718095, -34.023394571036263 ], [ 18.530815037463576, -34.018889326797961 ], [ 18.52540458480491, -34.018780516609866 ], [ 18.525273754722196, -34.023285742502956 ], [ 18.530684492718095, -34.023394571036263 ] ] ] } },
{ "type": "Feature", "properties": { }, "geometry": { "type": "Polygon", "coordinates": [ [ [ 18.530815037463576, -34.018889326797961 ], [ 18.5309455532112, -34.014384078812434 ], [ 18.525535385826508, -34.01427528696766 ], [ 18.52540458480491, -34.018780516609866 ], [ 18.530815037463576, -34.018889326797961 ] ] ] } },
{ "type": "Feature", "properties": { }, "geometry": { "type": "Polygon", "coordinates": [ [ [ 18.5309455532112, -34.014384078812434 ], [ 18.531076039967164, -34.00987882708003 ], [ 18.525666157793186, -34.009770053576659 ], [ 18.525535385826508, -34.01427528696766 ], [ 18.5309455532112, -34.014384078812434 ] ] ] } },
{ "type": "Feature", "properties": { }, "geometry": { "type": "Polygon", "coordinates": [ [ [ 18.531076039967164, -34.00987882708003 ], [ 18.531206497737649, -34.005373571601055 ], [ 18.525796900711139, -34.005264816437197 ], [ 18.525666157793186, -34.009770053576659 ], [ 18.531076039967164, -34.00987882708003 ] ] ] } },
{ "type": "Feature", "properties": { }, "geometry": { "type": "Polygon", "coordinates": [ [ [ 18.531206497737649, -34.005373571601055 ], [ 18.531336926528823, -34.000868312375843 ], [ 18.525927614586553, -34.000759575549594 ], [ 18.525796900711139, -34.005264816437197 ], [ 18.531206497737649, -34.005373571601055 ] ] ] } },
{ "type": "Feature", "properties": { }, "geometry": { "type": "Polygon", "coordinates": [ [ [ 18.531336926528823, -34.000868312375843 ], [ 18.531467326346874, -33.996363049404721 ], [ 18.526058299425628, -33.996254330914198 ], [ 18.525927614586553, -34.000759575549594 ], [ 18.531336926528823, -34.000868312375843 ] ] ] } },
{ "type": "Feature", "properties": { }, "geometry": { "type": "Polygon", "coordinates": [ [ [ 18.531467326346874, -33.996363049404721 ], [ 18.531597697197974, -33.991857782688015 ], [ 18.526188955234556, -33.9917490825313 ], [ 18.526058299425628, -33.996254330914198 ], [ 18.531467326346874, -33.996363049404721 ] ] ] } },
{ "type": "Feature", "properties": { }, "geometry": { "type": "Polygon", "coordinates": [ [ [ 18.531597697197974, -33.991857782688015 ], [ 18.531728039088293, -33.987352512226053 ], [ 18.526319582019507, -33.987243830401262 ], [ 18.526188955234556, -33.9917490825313 ], [ 18.531597697197974, -33.991857782688015 ] ] ] } },
{ "type": "Feature", "properties": { }, "geometry": { "type": "Polygon", "coordinates": [ [ [ 18.531728039088293, -33.987352512226053 ], [ 18.53185835202401, -33.982847238019176 ], [ 18.526450179786686, -33.982738574524411 ], [ 18.526319582019507, -33.987243830401262 ], [ 18.531728039088293, -33.987352512226053 ] ] ] } },
{ "type": "Feature", "properties": { }, "geometry": { "type": "Polygon", "coordinates": [ [ [ 18.53185835202401, -33.982847238019176 ], [ 18.531988636011288, -33.978341960067695 ], [ 18.526580748542258, -33.978233314901047 ], [ 18.526450179786686, -33.982738574524411 ], [ 18.53185835202401, -33.982847238019176 ] ] ] } },
{ "type": "Feature", "properties": { }, "geometry": { "type": "Polygon", "coordinates": [ [ [ 18.531988636011288, -33.978341960067695 ], [ 18.532118891056292, -33.973836678371924 ], [ 18.526711288292418, -33.973728051531516 ], [ 18.526580748542258, -33.978233314901047 ], [ 18.531988636011288, -33.978341960067695 ] ] ] } },
{ "type": "Feature", "properties": { }, "geometry": { "type": "Polygon", "coordinates": [ [ [ 18.532118891056292, -33.973836678371924 ], [ 18.532249117165193, -33.969331392932219 ], [ 18.526841799043332, -33.969222784416139 ], [ 18.526711288292418, -33.973728051531516 ], [ 18.532118891056292, -33.973836678371924 ] ] ] } },
{ "type": "Feature", "properties": { }, "geometry": { "type": "Polygon", "coordinates": [ [ [ 18.532249117165193, -33.969331392932219 ], [ 18.532379314344148, -33.964826103748898 ], [ 18.526972280801182, -33.964717513555264 ], [ 18.526841799043332, -33.969222784416139 ], [ 18.532249117165193, -33.969331392932219 ] ] ] } },
{ "type": "Feature", "properties": { }, "geometry": { "type": "Polygon", "coordinates": [ [ [ 18.532379314344148, -33.964826103748898 ], [ 18.532509482599327, -33.960320810822289 ], [ 18.527102733572146, -33.960212238949211 ], [ 18.526972280801182, -33.964717513555264 ], [ 18.532379314344148, -33.964826103748898 ] ] ] } },
{ "type": "Feature", "properties": { }, "geometry": { "type": "Polygon", "coordinates": [ [ [ 18.532509482599327, -33.960320810822289 ], [ 18.532639621936877, -33.955815514152718 ], [ 18.527233157362389, -33.955706960598285 ], [ 18.527102733572146, -33.960212238949211 ], [ 18.532509482599327, -33.960320810822289 ] ] ] } },
{ "type": "Feature", "properties": { }, "geometry": { "type": "Polygon", "coordinates": [ [ [ 18.532639621936877, -33.955815514152718 ], [ 18.532769732362961, -33.951310213740513 ], [ 18.52736355217808, -33.951201678502841 ], [ 18.527233157362389, -33.955706960598285 ], [ 18.532639621936877, -33.955815514152718 ] ] ] } },
{ "type": "Feature", "properties": { }, "geometry": { "type": "Polygon", "coordinates": [ [ [ 18.532769732362961, -33.951310213740513 ], [ 18.532899813883734, -33.946804909586007 ], [ 18.527493918025392, -33.946696392663192 ], [ 18.52736355217808, -33.951201678502841 ], [ 18.532769732362961, -33.951310213740513 ] ] ] } },
{ "type": "Feature", "properties": { }, "geometry": { "type": "Polygon", "coordinates": [ [ [ 18.532899813883734, -33.946804909586007 ], [ 18.533029866505348, -33.942299601689498 ], [ 18.527624254910492, -33.942191103079679 ], [ 18.527493918025392, -33.946696392663192 ], [ 18.532899813883734, -33.946804909586007 ] ] ] } },
{ "type": "Feature", "properties": { }, "geometry": { "type": "Polygon", "coordinates": [ [ [ 18.533029866505348, -33.942299601689498 ], [ 18.533159890233943, -33.93779429005135 ], [ 18.527754562839537, -33.937685809752629 ], [ 18.527624254910492, -33.942191103079679 ], [ 18.533029866505348, -33.942299601689498 ] ] ] } },
{ "type": "Feature", "properties": { }, "geometry": { "type": "Polygon", "coordinates": [ [ [ 18.533159890233943, -33.93779429005135 ], [ 18.533289885075686, -33.933288974671896 ], [ 18.527884841818693, -33.933180512682348 ], [ 18.527754562839537, -33.937685809752629 ], [ 18.533159890233943, -33.93779429005135 ] ] ] } },
{ "type": "Feature", "properties": { }, "geometry": { "type": "Polygon", "coordinates": [ [ [ 18.533289885075686, -33.933288974671896 ], [ 18.533419851036705, -33.928783655551442 ], [ 18.528015091854115, -33.928675211869184 ], [ 18.527884841818693, -33.933180512682348 ], [ 18.533289885075686, -33.933288974671896 ] ] ] } },
{ "type": "Feature", "properties": { }, "geometry": { "type": "Polygon", "coordinates": [ [ [ 18.533419851036705, -33.928783655551442 ], [ 18.533549788123153, -33.924278332690307 ], [ 18.528145312951963, -33.92416990731347 ], [ 18.528015091854115, -33.928675211869184 ], [ 18.533419851036705, -33.928783655551442 ] ] ] } },
{ "type": "Feature", "properties": { }, "geometry": { "type": "Polygon", "coordinates": [ [ [ 18.533549788123153, -33.924278332690307 ], [ 18.533679696341174, -33.919773006088839 ], [ 18.528275505118398, -33.919664599015533 ], [ 18.528145312951963, -33.92416990731347 ], [ 18.533549788123153, -33.924278332690307 ] ] ] } },
{ "type": "Feature", "properties": { }, "geometry": { "type": "Polygon", "coordinates": [ [ [ 18.533679696341174, -33.919773006088839 ], [ 18.533809575696903, -33.915267675747359 ], [ 18.528405668359561, -33.915159286975694 ], [ 18.528275505118398, -33.919664599015533 ], [ 18.533679696341174, -33.919773006088839 ] ] ] } },
{ "type": "Feature", "properties": { }, "geometry": { "type": "Polygon", "coordinates": [ [ [ 18.533809575696903, -33.915267675747359 ], [ 18.533939426196479, -33.910762341666192 ], [ 18.528535802681613, -33.910653971194272 ], [ 18.528405668359561, -33.915159286975694 ], [ 18.533809575696903, -33.915267675747359 ] ] ] } },
{ "type": "Feature", "properties": { }, "geometry": { "type": "Polygon", "coordinates": [ [ [ 18.533939426196479, -33.910762341666192 ], [ 18.534069247846034, -33.906257003845688 ], [ 18.528665908090701, -33.906148651671622 ], [ 18.528535802681613, -33.910653971194272 ], [ 18.533939426196479, -33.910762341666192 ] ] ] } },
{ "type": "Feature", "properties": { }, "geometry": { "type": "Polygon", "coordinates": [ [ [ 18.534069247846034, -33.906257003845688 ], [ 18.534199040651707, -33.901751662286145 ], [ 18.528795984592968, -33.901643328408042 ], [ 18.528665908090701, -33.906148651671622 ], [ 18.534069247846034, -33.906257003845688 ] ] ] } },
{ "type": "Feature", "properties": { }, "geometry": { "type": "Polygon", "coordinates": [ [ [ 18.534199040651707, -33.901751662286145 ], [ 18.534328804619626, -33.897246316987896 ], [ 18.528926032194562, -33.897138001403881 ], [ 18.528795984592968, -33.901643328408042 ], [ 18.534199040651707, -33.901751662286145 ] ] ] } },
{ "type": "Feature", "properties": { }, "geometry": { "type": "Polygon", "coordinates": [ [ [ 18.534328804619626, -33.897246316987896 ], [ 18.534458539755924, -33.892740967951283 ], [ 18.52905605090162, -33.892632670659474 ], [ 18.528926032194562, -33.897138001403881 ], [ 18.534328804619626, -33.897246316987896 ] ] ] } },
{ "type": "Feature", "properties": { }, "geometry": { "type": "Polygon", "coordinates": [ [ [ 18.534458539755924, -33.892740967951283 ], [ 18.534588246066722, -33.88823561517664 ], [ 18.52918604072029, -33.888127336175138 ], [ 18.52905605090162, -33.892632670659474 ], [ 18.534458539755924, -33.892740967951283 ] ] ] } },
{ "type": "Feature", "properties": { }, "geometry": { "type": "Polygon", "coordinates": [ [ [ 18.534588246066722, -33.88823561517664 ], [ 18.534717923558151, -33.883730258664265 ], [ 18.529316001656706, -33.883621997951188 ], [ 18.52918604072029, -33.888127336175138 ], [ 18.534588246066722, -33.88823561517664 ] ] ] } },
{ "type": "Feature", "properties": { }, "geometry": { "type": "Polygon", "coordinates": [ [ [ 18.534717923558151, -33.883730258664265 ], [ 18.534847572236327, -33.87922489841452 ], [ 18.529445933717007, -33.879116655987993 ], [ 18.529316001656706, -33.883621997951188 ], [ 18.534717923558151, -33.883730258664265 ] ] ] } },
{ "type": "Feature", "properties": { }, "geometry": { "type": "Polygon", "coordinates": [ [ [ 18.534847572236327, -33.87922489841452 ], [ 18.53497719210738, -33.874719534427705 ], [ 18.52957583690732, -33.874611310285836 ], [ 18.529445933717007, -33.879116655987993 ], [ 18.534847572236327, -33.87922489841452 ] ] ] } },
{ "type": "Feature", "properties": { }, "geometry": { "type": "Polygon", "coordinates": [ [ [ 18.53497719210738, -33.874719534427705 ], [ 18.535106783177422, -33.870214166704173 ], [ 18.529705711233788, -33.870105960845073 ], [ 18.52957583690732, -33.874611310285836 ], [ 18.53497719210738, -33.874719534427705 ] ] ] } },
{ "type": "Feature", "properties": { }, "geometry": { "type": "Polygon", "coordinates": [ [ [ 18.535106783177422, -33.870214166704173 ], [ 18.535236345452571, -33.865708795244224 ], [ 18.529835556702537, -33.865600607666032 ], [ 18.529705711233788, -33.870105960845073 ], [ 18.535106783177422, -33.870214166704173 ] ] ] } },
{ "type": "Feature", "properties": { }, "geometry": { "type": "Polygon", "coordinates": [ [ [ 18.535236345452571, -33.865708795244224 ], [ 18.535365878938947, -33.861203420048234 ], [ 18.529965373319694, -33.861095250749024 ], [ 18.529835556702537, -33.865600607666032 ], [ 18.535236345452571, -33.865708795244224 ] ] ] } },
{ "type": "Feature", "properties": { }, "geometry": { "type": "Polygon", "coordinates": [ [ [ 18.535365878938947, -33.861203420048234 ], [ 18.535495383642651, -33.856698041116481 ], [ 18.530095161091378, -33.856589890094412 ], [ 18.529965373319694, -33.861095250749024 ], [ 18.535365878938947, -33.861203420048234 ] ] ] } },
{ "type": "Feature", "properties": { }, "geometry": { "type": "Polygon", "coordinates": [ [ [ 18.535573932640553, -34.04152417452935 ], [ 18.535704307842664, -34.037018926970418 ], [ 18.530292684432695, -34.036910281264603 ], [ 18.530162023633942, -34.04141551051076 ], [ 18.535573932640553, -34.04152417452935 ] ] ] } },
{ "type": "Feature", "properties": { }, "geometry": { "type": "Polygon", "coordinates": [ [ [ 18.535704307842664, -34.037018926970418 ], [ 18.535834654085495, -34.032513675664866 ], [ 18.530423316208847, -34.032405048269915 ], [ 18.530292684432695, -34.036910281264603 ], [ 18.535704307842664, -34.037018926970418 ] ] ] } },
{ "type": "Feature", "properties": { }, "geometry": { "type": "Polygon", "coordinates": [ [ [ 18.535834654085495, -34.032513675664866 ], [ 18.535964971375225, -34.028008420613006 ], [ 18.530553918968582, -34.027899811527035 ], [ 18.530423316208847, -34.032405048269915 ], [ 18.535834654085495, -34.032513675664866 ] ] ] } },
{ "type": "Feature", "properties": { }, "geometry": { "type": "Polygon", "coordinates": [ [ [ 18.535964971375225, -34.028008420613006 ], [ 18.536095259718032, -34.023503161815164 ], [ 18.530684492718095, -34.023394571036263 ], [ 18.530553918968582, -34.027899811527035 ], [ 18.535964971375225, -34.028008420613006 ] ] ] } },
{ "type": "Feature", "properties": { }, "geometry": { "type": "Polygon", "coordinates": [ [ [ 18.536095259718032, -34.023503161815164 ], [ 18.536225519120087, -34.018997899271675 ], [ 18.530815037463576, -34.018889326797961 ], [ 18.530684492718095, -34.023394571036263 ], [ 18.536095259718032, -34.023503161815164 ] ] ] } },
{ "type": "Feature", "properties": { }, "geometry": { "type": "Polygon", "coordinates": [ [ [ 18.536225519120087, -34.018997899271675 ], [ 18.53635574958756, -34.014492632982879 ], [ 18.5309455532112, -34.014384078812434 ], [ 18.530815037463576, -34.018889326797961 ], [ 18.536225519120087, -34.018997899271675 ] ] ] } },
{ "type": "Feature", "properties": { }, "geometry": { "type": "Polygon", "coordinates": [ [ [ 18.53635574958756, -34.014492632982879 ], [ 18.536485951126632, -34.009987362949076 ], [ 18.531076039967164, -34.00987882708003 ], [ 18.5309455532112, -34.014384078812434 ], [ 18.53635574958756, -34.014492632982879 ] ] ] } },
{ "type": "Feature", "properties": { }, "geometry": { "type": "Polygon", "coordinates": [ [ [ 18.536485951126632, -34.009987362949076 ], [ 18.536616123743464, -34.005482089170599 ], [ 18.531206497737649, -34.005373571601055 ], [ 18.531076039967164, -34.00987882708003 ], [ 18.536485951126632, -34.009987362949076 ] ] ] } },
{ "type": "Feature", "properties": { }, "geometry": { "type": "Polygon", "coordinates": [ [ [ 18.536616123743464, -34.005482089170599 ], [ 18.536746267444222, -34.000976811647796 ], [ 18.531336926528823, -34.000868312375843 ], [ 18.531206497737649, -34.005373571601055 ], [ 18.536616123743464, -34.005482089170599 ] ] ] } },
{ "type": "Feature", "properties": { }, "geometry": { "type": "Polygon", "coordinates": [ [ [ 18.536746267444222, -34.000976811647796 ], [ 18.536876382235068, -33.996471530380965 ], [ 18.531467326346874, -33.996363049404721 ], [ 18.531336926528823, -34.000868312375843 ], [ 18.536746267444222, -34.000976811647796 ] ] ] } },
{ "type": "Feature", "properties": { }, "geometry": { "type": "Polygon", "coordinates": [ [ [ 18.536876382235068, -33.996471530380965 ], [ 18.537006468122168, -33.991966245370449 ], [ 18.531597697197974, -33.991857782688015 ], [ 18.531467326346874, -33.996363049404721 ], [ 18.536876382235068, -33.996471530380965 ] ] ] } },
{ "type": "Feature", "properties": { }, "geometry": { "type": "Polygon", "coordinates": [ [ [ 18.537006468122168, -33.991966245370449 ], [ 18.537136525111684, -33.987460956616587 ], [ 18.531728039088293, -33.987352512226053 ], [ 18.531597697197974, -33.991857782688015 ], [ 18.537006468122168, -33.991966245370449 ] ] ] } },
{ "type": "Feature", "properties": { }, "geometry": { "type": "Polygon", "coordinates": [ [ [ 18.537136525111684, -33.987460956616587 ], [ 18.537266553209768, -33.982955664119672 ], [ 18.53185835202401, -33.982847238019176 ], [ 18.531728039088293, -33.987352512226053 ], [ 18.537136525111684, -33.987460956616587 ] ] ] } },
{ "type": "Feature", "properties": { }, "geometry": { "type": "Polygon", "coordinates": [ [ [ 18.537266553209768, -33.982955664119672 ], [ 18.537396552422578, -33.97845036788005 ], [ 18.531988636011288, -33.978341960067695 ], [ 18.53185835202401, -33.982847238019176 ], [ 18.537266553209768, -33.982955664119672 ] ] ] } },
{ "type": "Feature", "properties": { }, "geometry": { "type": "Polygon", "coordinates": [ [ [ 18.537396552422578, -33.97845036788005 ], [ 18.537526522756274, -33.973945067898043 ], [ 18.532118891056292, -33.973836678371924 ], [ 18.531988636011288, -33.978341960067695 ], [ 18.537396552422578, -33.97845036788005 ] ] ] } },
{ "type": "Feature", "properties": { }, "geometry": { "type": "Polygon", "coordinates": [ [ [ 18.537526522756274, -33.973945067898043 ], [ 18.537656464216994, -33.969439764173998 ], [ 18.532249117165193, -33.969331392932219 ], [ 18.532118891056292, -33.973836678371924 ], [ 18.537526522756274, -33.973945067898043 ] ] ] } },
{ "type": "Feature", "properties": { }, "geometry": { "type": "Polygon", "coordinates": [ [ [ 18.537656464216994, -33.969439764173998 ], [ 18.537786376810899, -33.964934456708214 ], [ 18.532379314344148, -33.964826103748898 ], [ 18.532249117165193, -33.969331392932219 ], [ 18.537656464216994, -33.969439764173998 ] ] ] } },
{ "type": "Feature", "properties": { }, "geometry": { "type": "Polygon", "coordinates": [ [ [ 18.537786376810899, -33.964934456708214 ], [ 18.537916260544129, -33.960429145501038 ], [ 18.532509482599327, -33.960320810822289 ], [ 18.532379314344148, -33.964826103748898 ], [ 18.537786376810899, -33.964934456708214 ] ] ] } },
{ "type": "Feature", "properties": { }, "geometry": { "type": "Polygon", "coordinates": [ [ [ 18.537916260544129, -33.960429145501038 ], [ 18.538046115422837, -33.955923830552777 ], [ 18.532639621936877, -33.955815514152718 ], [ 18.532509482599327, -33.960320810822289 ], [ 18.537916260544129, -33.960429145501038 ] ] ] } },
{ "type": "Feature", "properties": { }, "geometry": { "type": "Polygon", "coordinates": [ [ [ 18.538046115422837, -33.955923830552777 ], [ 18.538175941453158, -33.951418511863793 ], [ 18.532769732362961, -33.951310213740513 ], [ 18.532639621936877, -33.955815514152718 ], [ 18.538046115422837, -33.955923830552777 ] ] ] } },
{ "type": "Feature", "properties": { }, "geometry": { "type": "Polygon", "coordinates": [ [ [ 18.538175941453158, -33.951418511863793 ], [ 18.538305738641235, -33.946913189434376 ], [ 18.532899813883734, -33.946804909586007 ], [ 18.532769732362961, -33.951310213740513 ], [ 18.538175941453158, -33.951418511863793 ] ] ] } },
{ "type": "Feature", "properties": { }, "geometry": { "type": "Polygon", "coordinates": [ [ [ 18.538305738641235, -33.946913189434376 ], [ 18.53843550699321, -33.942407863264862 ], [ 18.533029866505348, -33.942299601689498 ], [ 18.532899813883734, -33.946804909586007 ], [ 18.538305738641235, -33.946913189434376 ] ] ] } },
{ "type": "Feature", "properties": { }, "geometry": { "type": "Polygon", "coordinates": [ [ [ 18.53843550699321, -33.942407863264862 ], [ 18.538565246515219, -33.937902533355597 ], [ 18.533159890233943, -33.93779429005135 ], [ 18.533029866505348, -33.942299601689498 ], [ 18.53843550699321, -33.942407863264862 ] ] ] } },
{ "type": "Feature", "properties": { }, "geometry": { "type": "Polygon", "coordinates": [ [ [ 18.538565246515219, -33.937902533355597 ], [ 18.538694957213394, -33.933397199706896 ], [ 18.533289885075686, -33.933288974671896 ], [ 18.533159890233943, -33.93779429005135 ], [ 18.538565246515219, -33.937902533355597 ] ] ] } },
{ "type": "Feature", "properties": { }, "geometry": { "type": "Polygon", "coordinates": [ [ [ 18.538694957213394, -33.933397199706896 ], [ 18.538824639093868, -33.928891862319084 ], [ 18.533419851036705, -33.928783655551442 ], [ 18.533289885075686, -33.933288974671896 ], [ 18.538694957213394, -33.933397199706896 ] ] ] } },
{ "type": "Feature", "properties": { }, "geometry": { "type": "Polygon", "coordinates": [ [ [ 18.538824639093868, -33.928891862319084 ], [ 18.538954292162778, -33.924386521192481 ], [ 18.533549788123153, -33.924278332690307 ], [ 18.533419851036705, -33.928783655551442 ], [ 18.538824639093868, -33.928891862319084 ] ] ] } },
{ "type": "Feature", "properties": { }, "geometry": { "type": "Polygon", "coordinates": [ [ [ 18.538954292162778, -33.924386521192481 ], [ 18.539083916426243, -33.919881176327443 ], [ 18.533679696341174, -33.919773006088839 ], [ 18.533549788123153, -33.924278332690307 ], [ 18.538954292162778, -33.924386521192481 ] ] ] } },
{ "type": "Feature", "properties": { }, "geometry": { "type": "Polygon", "coordinates": [ [ [ 18.539083916426243, -33.919881176327443 ], [ 18.539213511890395, -33.915375827724255 ], [ 18.533809575696903, -33.915267675747359 ], [ 18.533679696341174, -33.919773006088839 ], [ 18.539083916426243, -33.919881176327443 ] ] ] } },
{ "type": "Feature", "properties": { }, "geometry": { "type": "Polygon", "coordinates": [ [ [ 18.539213511890395, -33.915375827724255 ], [ 18.539343078561355, -33.910870475383277 ], [ 18.533939426196479, -33.910762341666192 ], [ 18.533809575696903, -33.915267675747359 ], [ 18.539213511890395, -33.915375827724255 ] ] ] } },
{ "type": "Feature", "properties": { }, "geometry": { "type": "Polygon", "coordinates": [ [ [ 18.539343078561355, -33.910870475383277 ], [ 18.539472616445252, -33.906365119304844 ], [ 18.534069247846034, -33.906257003845688 ], [ 18.533939426196479, -33.910762341666192 ], [ 18.539343078561355, -33.910870475383277 ] ] ] } },
{ "type": "Feature", "properties": { }, "geometry": { "type": "Polygon", "coordinates": [ [ [ 18.539472616445252, -33.906365119304844 ], [ 18.5396021255482, -33.901859759489248 ], [ 18.534199040651707, -33.901751662286145 ], [ 18.534069247846034, -33.906257003845688 ], [ 18.539472616445252, -33.906365119304844 ] ] ] } },
{ "type": "Feature", "properties": { }, "geometry": { "type": "Polygon", "coordinates": [ [ [ 18.5396021255482, -33.901859759489248 ], [ 18.539731605876316, -33.897354395936844 ], [ 18.534328804619626, -33.897246316987896 ], [ 18.534199040651707, -33.901751662286145 ], [ 18.5396021255482, -33.901859759489248 ] ] ] } },
{ "type": "Feature", "properties": { }, "geometry": { "type": "Polygon", "coordinates": [ [ [ 18.539731605876316, -33.897354395936844 ], [ 18.539861057435722, -33.892849028647944 ], [ 18.534458539755924, -33.892740967951283 ], [ 18.534328804619626, -33.897246316987896 ], [ 18.539731605876316, -33.897354395936844 ] ] ] } },
{ "type": "Feature", "properties": { }, "geometry": { "type": "Polygon", "coordinates": [ [ [ 18.539861057435722, -33.892849028647944 ], [ 18.539990480232525, -33.888343657622904 ], [ 18.534588246066722, -33.88823561517664 ], [ 18.534458539755924, -33.892740967951283 ], [ 18.539861057435722, -33.892849028647944 ] ] ] } },
{ "type": "Feature", "properties": { }, "geometry": { "type": "Polygon", "coordinates": [ [ [ 18.539990480232525, -33.888343657622904 ], [ 18.54011987427284, -33.883838282862015 ], [ 18.534717923558151, -33.883730258664265 ], [ 18.534588246066722, -33.88823561517664 ], [ 18.539990480232525, -33.888343657622904 ] ] ] } },
{ "type": "Feature", "properties": { }, "geometry": { "type": "Polygon", "coordinates": [ [ [ 18.54011987427284, -33.883838282862015 ], [ 18.54024923956278, -33.879332904365633 ], [ 18.534847572236327, -33.87922489841452 ], [ 18.534717923558151, -33.883730258664265 ], [ 18.54011987427284, -33.883838282862015 ] ] ] } },
{ "type": "Feature", "properties": { }, "geometry": { "type": "Polygon", "coordinates": [ [ [ 18.54024923956278, -33.879332904365633 ], [ 18.540378576108445, -33.874827522134069 ], [ 18.53497719210738, -33.874719534427705 ], [ 18.534847572236327, -33.87922489841452 ], [ 18.54024923956278, -33.879332904365633 ] ] ] } },
{ "type": "Feature", "properties": { }, "geometry": { "type": "Polygon", "coordinates": [ [ [ 18.540378576108445, -33.874827522134069 ], [ 18.540507883915947, -33.870322136167651 ], [ 18.535106783177422, -33.870214166704173 ], [ 18.53497719210738, -33.874719534427705 ], [ 18.540378576108445, -33.874827522134069 ] ] ] } },
{ "type": "Feature", "properties": { }, "geometry": { "type": "Polygon", "coordinates": [ [ [ 18.540507883915947, -33.870322136167651 ], [ 18.540637162991384, -33.86581674646672 ], [ 18.535236345452571, -33.865708795244224 ], [ 18.535106783177422, -33.870214166704173 ], [ 18.540507883915947, -33.870322136167651 ] ] ] } },
{ "type": "Feature", "properties": { }, "geometry": { "type": "Polygon", "coordinates": [ [ [ 18.540637162991384, -33.86581674646672 ], [ 18.540766413340865, -33.861311353031589 ], [ 18.535365878938947, -33.861203420048234 ], [ 18.535236345452571, -33.865708795244224 ], [ 18.540637162991384, -33.86581674646672 ] ] ] } },
{ "type": "Feature", "properties": { }, "geometry": { "type": "Polygon", "coordinates": [ [ [ 18.540766413340865, -33.861311353031589 ], [ 18.540895634970482, -33.856805955862605 ], [ 18.535495383642651, -33.856698041116481 ], [ 18.535365878938947, -33.861203420048234 ], [ 18.540766413340865, -33.861311353031589 ] ] ] } },
{ "type": "Feature", "properties": { }, "geometry": { "type": "Polygon", "coordinates": [ [ [ 18.540985870612626, -34.041632600629136 ], [ 18.541115960211911, -34.037127334797489 ], [ 18.535704307842664, -34.037018926970418 ], [ 18.535573932640553, -34.04152417452935 ], [ 18.540985870612626, -34.041632600629136 ] ] ] } },
{ "type": "Feature", "properties": { }, "geometry": { "type": "Polygon", "coordinates": [ [ [ 18.541115960211911, -34.037127334797489 ], [ 18.541246020915249, -34.032622065221105 ], [ 18.535834654085495, -34.032513675664866 ], [ 18.535704307842664, -34.037018926970418 ], [ 18.541115960211911, -34.037127334797489 ] ] ] } },
{ "type": "Feature", "properties": { }, "geometry": { "type": "Polygon", "coordinates": [ [ [ 18.541246020915249, -34.032622065221105 ], [ 18.541376052728793, -34.02811679190031 ], [ 18.535964971375225, -34.028008420613006 ], [ 18.535834654085495, -34.032513675664866 ], [ 18.541246020915249, -34.032622065221105 ] ] ] } },
{ "type": "Feature", "properties": { }, "geometry": { "type": "Polygon", "coordinates": [ [ [ 18.541376052728793, -34.02811679190031 ], [ 18.541506055658715, -34.023611514835416 ], [ 18.536095259718032, -34.023503161815164 ], [ 18.535964971375225, -34.028008420613006 ], [ 18.541376052728793, -34.02811679190031 ] ] ] } },
{ "type": "Feature", "properties": { }, "geometry": { "type": "Polygon", "coordinates": [ [ [ 18.541506055658715, -34.023611514835416 ], [ 18.541636029711174, -34.019106234026786 ], [ 18.536225519120087, -34.018997899271675 ], [ 18.536095259718032, -34.023503161815164 ], [ 18.541506055658715, -34.023611514835416 ] ] ] } },
{ "type": "Feature", "properties": { }, "geometry": { "type": "Polygon", "coordinates": [ [ [ 18.541636029711174, -34.019106234026786 ], [ 18.541765974892328, -34.01460094947474 ], [ 18.53635574958756, -34.014492632982879 ], [ 18.536225519120087, -34.018997899271675 ], [ 18.541636029711174, -34.019106234026786 ] ] ] } },
{ "type": "Feature", "properties": { }, "geometry": { "type": "Polygon", "coordinates": [ [ [ 18.541765974892328, -34.01460094947474 ], [ 18.541895891208338, -34.01009566117957 ], [ 18.536485951126632, -34.009987362949076 ], [ 18.53635574958756, -34.014492632982879 ], [ 18.541765974892328, -34.01460094947474 ] ] ] } },
{ "type": "Feature", "properties": { }, "geometry": { "type": "Polygon", "coordinates": [ [ [ 18.541895891208338, -34.01009566117957 ], [ 18.542025778665352, -34.005590369141622 ], [ 18.536616123743464, -34.005482089170599 ], [ 18.536485951126632, -34.009987362949076 ], [ 18.541895891208338, -34.01009566117957 ] ] ] } },
{ "type": "Feature", "properties": { }, "geometry": { "type": "Polygon", "coordinates": [ [ [ 18.542025778665352, -34.005590369141622 ], [ 18.542155637269524, -34.001085073361246 ], [ 18.536746267444222, -34.000976811647796 ], [ 18.536616123743464, -34.005482089170599 ], [ 18.542025778665352, -34.005590369141622 ] ] ] } },
{ "type": "Feature", "properties": { }, "geometry": { "type": "Polygon", "coordinates": [ [ [ 18.542155637269524, -34.001085073361246 ], [ 18.542285467027011, -33.996579773838718 ], [ 18.536876382235068, -33.996471530380965 ], [ 18.536746267444222, -34.000976811647796 ], [ 18.542155637269524, -34.001085073361246 ] ] ] } },
{ "type": "Feature", "properties": { }, "geometry": { "type": "Polygon", "coordinates": [ [ [ 18.542285467027011, -33.996579773838718 ], [ 18.542415267943955, -33.992074470574401 ], [ 18.537006468122168, -33.991966245370449 ], [ 18.536876382235068, -33.996471530380965 ], [ 18.542285467027011, -33.996579773838718 ] ] ] } },
{ "type": "Feature", "properties": { }, "geometry": { "type": "Polygon", "coordinates": [ [ [ 18.542415267943955, -33.992074470574401 ], [ 18.542545040026504, -33.987569163568615 ], [ 18.537136525111684, -33.987460956616587 ], [ 18.537006468122168, -33.991966245370449 ], [ 18.542415267943955, -33.992074470574401 ] ] ] } },
{ "type": "Feature", "properties": { }, "geometry": { "type": "Polygon", "coordinates": [ [ [ 18.542545040026504, -33.987569163568615 ], [ 18.542674783280805, -33.98306385282168 ], [ 18.537266553209768, -33.982955664119672 ], [ 18.537136525111684, -33.987460956616587 ], [ 18.542545040026504, -33.987569163568615 ] ] ] } },
{ "type": "Feature", "properties": { }, "geometry": { "type": "Polygon", "coordinates": [ [ [ 18.542674783280805, -33.98306385282168 ], [ 18.542804497712996, -33.978558538333921 ], [ 18.537396552422578, -33.97845036788005 ], [ 18.537266553209768, -33.982955664119672 ], [ 18.542674783280805, -33.98306385282168 ] ] ] } },
{ "type": "Feature", "properties": { }, "geometry": { "type": "Polygon", "coordinates": [ [ [ 18.542804497712996, -33.978558538333921 ], [ 18.542934183329219, -33.974053220105674 ], [ 18.537526522756274, -33.973945067898043 ], [ 18.537396552422578, -33.97845036788005 ], [ 18.542804497712996, -33.978558538333921 ] ] ] } },
{ "type": "Feature", "properties": { }, "geometry": { "type": "Polygon", "coordinates": [ [ [ 18.542934183329219, -33.974053220105674 ], [ 18.543063840135616, -33.969547898137264 ], [ 18.537656464216994, -33.969439764173998 ], [ 18.537526522756274, -33.973945067898043 ], [ 18.542934183329219, -33.974053220105674 ] ] ] } },
{ "type": "Feature", "properties": { }, "geometry": { "type": "Polygon", "coordinates": [ [ [ 18.543063840135616, -33.969547898137264 ], [ 18.54319346813832, -33.965042572429006 ], [ 18.537786376810899, -33.964934456708214 ], [ 18.537656464216994, -33.969439764173998 ], [ 18.543063840135616, -33.969547898137264 ] ] ] } },
{ "type": "Feature", "properties": { }, "geometry": { "type": "Polygon", "coordinates": [ [ [ 18.54319346813832, -33.965042572429006 ], [ 18.543323067343461, -33.960537242981239 ], [ 18.537916260544129, -33.960429145501038 ], [ 18.537786376810899, -33.964934456708214 ], [ 18.54319346813832, -33.965042572429006 ] ] ] } },
{ "type": "Feature", "properties": { }, "geometry": { "type": "Polygon", "coordinates": [ [ [ 18.543323067343461, -33.960537242981239 ], [ 18.543452637757174, -33.956031909794284 ], [ 18.538046115422837, -33.955923830552777 ], [ 18.537916260544129, -33.960429145501038 ], [ 18.543323067343461, -33.960537242981239 ] ] ] } },
{ "type": "Feature", "properties": { }, "geometry": { "type": "Polygon", "coordinates": [ [ [ 18.543452637757174, -33.956031909794284 ], [ 18.543582179385592, -33.951526572868474 ], [ 18.538175941453158, -33.951418511863793 ], [ 18.538046115422837, -33.955923830552777 ], [ 18.543452637757174, -33.956031909794284 ] ] ] } },
{ "type": "Feature", "properties": { }, "geometry": { "type": "Polygon", "coordinates": [ [ [ 18.543582179385592, -33.951526572868474 ], [ 18.543711692234837, -33.947021232204115 ], [ 18.538305738641235, -33.946913189434376 ], [ 18.538175941453158, -33.951418511863793 ], [ 18.543582179385592, -33.951526572868474 ] ] ] } },
{ "type": "Feature", "properties": { }, "geometry": { "type": "Polygon", "coordinates": [ [ [ 18.543711692234837, -33.947021232204115 ], [ 18.543841176311041, -33.942515887801548 ], [ 18.53843550699321, -33.942407863264862 ], [ 18.538305738641235, -33.946913189434376 ], [ 18.543711692234837, -33.947021232204115 ] ] ] } },
{ "type": "Feature", "properties": { }, "geometry": { "type": "Polygon", "coordinates": [ [ [ 18.543841176311041, -33.942515887801548 ], [ 18.543970631620319, -33.938010539661128 ], [ 18.538565246515219, -33.937902533355597 ], [ 18.53843550699321, -33.942407863264862 ], [ 18.543841176311041, -33.942515887801548 ] ] ] } },
{ "type": "Feature", "properties": { }, "geometry": { "type": "Polygon", "coordinates": [ [ [ 18.543970631620319, -33.938010539661128 ], [ 18.544100058168805, -33.93350518778314 ], [ 18.538694957213394, -33.933397199706896 ], [ 18.538565246515219, -33.937902533355597 ], [ 18.543970631620319, -33.938010539661128 ] ] ] } },
{ "type": "Feature", "properties": { }, "geometry": { "type": "Polygon", "coordinates": [ [ [ 18.544100058168805, -33.93350518778314 ], [ 18.544229455962601, -33.928999832167918 ], [ 18.538824639093868, -33.928891862319084 ], [ 18.538694957213394, -33.933397199706896 ], [ 18.544100058168805, -33.93350518778314 ] ] ] } },
{ "type": "Feature", "properties": { }, "geometry": { "type": "Polygon", "coordinates": [ [ [ 18.544229455962601, -33.928999832167918 ], [ 18.544358825007841, -33.924494472815802 ], [ 18.538954292162778, -33.924386521192481 ], [ 18.538824639093868, -33.928891862319084 ], [ 18.544229455962601, -33.928999832167918 ] ] ] } },
{ "type": "Feature", "properties": { }, "geometry": { "type": "Polygon", "coordinates": [ [ [ 18.544358825007841, -33.924494472815802 ], [ 18.544488165310625, -33.919989109727119 ], [ 18.539083916426243, -33.919881176327443 ], [ 18.538954292162778, -33.924386521192481 ], [ 18.544358825007841, -33.924494472815802 ] ] ] } },
{ "type": "Feature", "properties": { }, "geometry": { "type": "Polygon", "coordinates": [ [ [ 18.544488165310625, -33.919989109727119 ], [ 18.544617476877079, -33.915483742902182 ], [ 18.539213511890395, -33.915375827724255 ], [ 18.539083916426243, -33.919881176327443 ], [ 18.544488165310625, -33.919989109727119 ] ] ] } },
{ "type": "Feature", "properties": { }, "geometry": { "type": "Polygon", "coordinates": [ [ [ 18.544617476877079, -33.915483742902182 ], [ 18.544746759713309, -33.910978372341333 ], [ 18.539343078561355, -33.910870475383277 ], [ 18.539213511890395, -33.915375827724255 ], [ 18.544617476877079, -33.915483742902182 ] ] ] } },
{ "type": "Feature", "properties": { }, "geometry": { "type": "Polygon", "coordinates": [ [ [ 18.544746759713309, -33.910978372341333 ], [ 18.544876013825416, -33.90647299804489 ], [ 18.539472616445252, -33.906365119304844 ], [ 18.539343078561355, -33.910870475383277 ], [ 18.544746759713309, -33.910978372341333 ] ] ] } },
{ "type": "Feature", "properties": { }, "geometry": { "type": "Polygon", "coordinates": [ [ [ 18.544876013825416, -33.90647299804489 ], [ 18.54500523921952, -33.901967620013174 ], [ 18.5396021255482, -33.901859759489248 ], [ 18.539472616445252, -33.906365119304844 ], [ 18.544876013825416, -33.90647299804489 ] ] ] } },
{ "type": "Feature", "properties": { }, "geometry": { "type": "Polygon", "coordinates": [ [ [ 18.54500523921952, -33.901967620013174 ], [ 18.545134435901719, -33.897462238246526 ], [ 18.539731605876316, -33.897354395936844 ], [ 18.5396021255482, -33.901859759489248 ], [ 18.54500523921952, -33.901967620013174 ] ] ] } },
{ "type": "Feature", "properties": { }, "geometry": { "type": "Polygon", "coordinates": [ [ [ 18.545134435901719, -33.897462238246526 ], [ 18.545263603878119, -33.892956852745264 ], [ 18.539861057435722, -33.892849028647944 ], [ 18.539731605876316, -33.897354395936844 ], [ 18.545134435901719, -33.897462238246526 ] ] ] } },
{ "type": "Feature", "properties": { }, "geometry": { "type": "Polygon", "coordinates": [ [ [ 18.545263603878119, -33.892956852745264 ], [ 18.545392743154814, -33.888451463509732 ], [ 18.539990480232525, -33.888343657622904 ], [ 18.539861057435722, -33.892849028647944 ], [ 18.545263603878119, -33.892956852745264 ] ] ] } },
{ "type": "Feature", "properties": { }, "geometry": { "type": "Polygon", "coordinates": [ [ [ 18.545392743154814, -33.888451463509732 ], [ 18.54552185373791, -33.883946070540233 ], [ 18.54011987427284, -33.883838282862015 ], [ 18.539990480232525, -33.888343657622904 ], [ 18.545392743154814, -33.888451463509732 ] ] ] } },
{ "type": "Feature", "properties": { }, "geometry": { "type": "Polygon", "coordinates": [ [ [ 18.54552185373791, -33.883946070540233 ], [ 18.5456509356335, -33.879440673837124 ], [ 18.54024923956278, -33.879332904365633 ], [ 18.54011987427284, -33.883838282862015 ], [ 18.54552185373791, -33.883946070540233 ] ] ] } },
{ "type": "Feature", "properties": { }, "geometry": { "type": "Polygon", "coordinates": [ [ [ 18.5456509356335, -33.879440673837124 ], [ 18.545779988847674, -33.874935273400709 ], [ 18.540378576108445, -33.874827522134069 ], [ 18.54024923956278, -33.879332904365633 ], [ 18.5456509356335, -33.879440673837124 ] ] ] } },
{ "type": "Feature", "properties": { }, "geometry": { "type": "Polygon", "coordinates": [ [ [ 18.545779988847674, -33.874935273400709 ], [ 18.545909013386531, -33.870429869231309 ], [ 18.540507883915947, -33.870322136167651 ], [ 18.540378576108445, -33.874827522134069 ], [ 18.545779988847674, -33.874935273400709 ] ] ] } },
{ "type": "Feature", "properties": { }, "geometry": { "type": "Polygon", "coordinates": [ [ [ 18.545909013386531, -33.870429869231309 ], [ 18.546038009256158, -33.865924461329264 ], [ 18.540637162991384, -33.86581674646672 ], [ 18.540507883915947, -33.870322136167651 ], [ 18.545909013386531, -33.870429869231309 ] ] ] } },
{ "type": "Feature", "properties": { }, "geometry": { "type": "Polygon", "coordinates": [ [ [ 18.546038009256158, -33.865924461329264 ], [ 18.546166976462644, -33.861419049694909 ], [ 18.540766413340865, -33.861311353031589 ], [ 18.540637162991384, -33.86581674646672 ], [ 18.546038009256158, -33.865924461329264 ] ] ] } },
{ "type": "Feature", "properties": { }, "geometry": { "type": "Polygon", "coordinates": [ [ [ 18.546166976462644, -33.861419049694909 ], [ 18.546295915012074, -33.856913634328578 ], [ 18.540895634970482, -33.856805955862605 ], [ 18.540766413340865, -33.861311353031589 ], [ 18.546166976462644, -33.861419049694909 ] ] ] } },
{ "type": "Feature", "properties": { }, "geometry": { "type": "Polygon", "coordinates": [ [ [ 18.546397837486818, -34.041740788805889 ], [ 18.546527641477116, -34.037235504741567 ], [ 18.541115960211911, -34.037127334797489 ], [ 18.540985870612626, -34.041632600629136 ], [ 18.546397837486818, -34.041740788805889 ] ] ] } },
{ "type": "Feature", "properties": { }, "geometry": { "type": "Polygon", "coordinates": [ [ [ 18.546527641477116, -34.037235504741567 ], [ 18.546657416634787, -34.032730216934404 ], [ 18.541246020915249, -34.032622065221105 ], [ 18.541115960211911, -34.037127334797489 ], [ 18.546527641477116, -34.037235504741567 ] ] ] } },
{ "type": "Feature", "properties": { }, "geometry": { "type": "Polygon", "coordinates": [ [ [ 18.546657416634787, -34.032730216934404 ], [ 18.546787162965988, -34.028224925384713 ], [ 18.541376052728793, -34.02811679190031 ], [ 18.541246020915249, -34.032622065221105 ], [ 18.546657416634787, -34.032730216934404 ] ] ] } },
{ "type": "Feature", "properties": { }, "geometry": { "type": "Polygon", "coordinates": [ [ [ 18.546787162965988, -34.028224925384713 ], [ 18.546916880476864, -34.023719630092828 ], [ 18.541506055658715, -34.023611514835416 ], [ 18.541376052728793, -34.02811679190031 ], [ 18.546787162965988, -34.028224925384713 ] ] ] } },
{ "type": "Feature", "properties": { }, "geometry": { "type": "Polygon", "coordinates": [ [ [ 18.546916880476864, -34.023719630092828 ], [ 18.54704656917357, -34.019214331059089 ], [ 18.541636029711174, -34.019106234026786 ], [ 18.541506055658715, -34.023611514835416 ], [ 18.546916880476864, -34.023719630092828 ] ] ] } },
{ "type": "Feature", "properties": { }, "geometry": { "type": "Polygon", "coordinates": [ [ [ 18.54704656917357, -34.019214331059089 ], [ 18.547176229062245, -34.014709028283804 ], [ 18.541765974892328, -34.01460094947474 ], [ 18.541636029711174, -34.019106234026786 ], [ 18.54704656917357, -34.019214331059089 ] ] ] } },
{ "type": "Feature", "properties": { }, "geometry": { "type": "Polygon", "coordinates": [ [ [ 18.547176229062245, -34.014709028283804 ], [ 18.547305860149034, -34.010203721767311 ], [ 18.541895891208338, -34.01009566117957 ], [ 18.541765974892328, -34.01460094947474 ], [ 18.547176229062245, -34.014709028283804 ] ] ] } },
{ "type": "Feature", "properties": { }, "geometry": { "type": "Polygon", "coordinates": [ [ [ 18.547305860149034, -34.010203721767311 ], [ 18.547435462440077, -34.005698411509911 ], [ 18.542025778665352, -34.005590369141622 ], [ 18.541895891208338, -34.01009566117957 ], [ 18.547305860149034, -34.010203721767311 ] ] ] } },
{ "type": "Feature", "properties": { }, "geometry": { "type": "Polygon", "coordinates": [ [ [ 18.547435462440077, -34.005698411509911 ], [ 18.547565035941517, -34.001193097511958 ], [ 18.542155637269524, -34.001085073361246 ], [ 18.542025778665352, -34.005590369141622 ], [ 18.547435462440077, -34.005698411509911 ] ] ] } },
{ "type": "Feature", "properties": { }, "geometry": { "type": "Polygon", "coordinates": [ [ [ 18.547565035941517, -34.001193097511958 ], [ 18.547694580659492, -33.996687779773765 ], [ 18.542285467027011, -33.996579773838718 ], [ 18.542155637269524, -34.001085073361246 ], [ 18.547565035941517, -34.001193097511958 ] ] ] } },
{ "type": "Feature", "properties": { }, "geometry": { "type": "Polygon", "coordinates": [ [ [ 18.547694580659492, -33.996687779773765 ], [ 18.547824096600131, -33.992182458295645 ], [ 18.542415267943955, -33.992074470574401 ], [ 18.542285467027011, -33.996579773838718 ], [ 18.547694580659492, -33.996687779773765 ] ] ] } },
{ "type": "Feature", "properties": { }, "geometry": { "type": "Polygon", "coordinates": [ [ [ 18.547824096600131, -33.992182458295645 ], [ 18.547953583769573, -33.987677133077952 ], [ 18.542545040026504, -33.987569163568615 ], [ 18.542415267943955, -33.992074470574401 ], [ 18.547824096600131, -33.992182458295645 ] ] ] } },
{ "type": "Feature", "properties": { }, "geometry": { "type": "Polygon", "coordinates": [ [ [ 18.547953583769573, -33.987677133077952 ], [ 18.548083042173946, -33.983171804120992 ], [ 18.542674783280805, -33.98306385282168 ], [ 18.542545040026504, -33.987569163568615 ], [ 18.547953583769573, -33.987677133077952 ] ] ] } },
{ "type": "Feature", "properties": { }, "geometry": { "type": "Polygon", "coordinates": [ [ [ 18.548083042173946, -33.983171804120992 ], [ 18.548212471819376, -33.978666471425107 ], [ 18.542804497712996, -33.978558538333921 ], [ 18.542674783280805, -33.98306385282168 ], [ 18.548083042173946, -33.983171804120992 ] ] ] } },
{ "type": "Feature", "properties": { }, "geometry": { "type": "Polygon", "coordinates": [ [ [ 18.548212471819376, -33.978666471425107 ], [ 18.548341872711998, -33.974161134990602 ], [ 18.542934183329219, -33.974053220105674 ], [ 18.542804497712996, -33.978558538333921 ], [ 18.548212471819376, -33.978666471425107 ] ] ] } },
{ "type": "Feature", "properties": { }, "geometry": { "type": "Polygon", "coordinates": [ [ [ 18.548341872711998, -33.974161134990602 ], [ 18.548471244857929, -33.969655794817811 ], [ 18.543063840135616, -33.969547898137264 ], [ 18.542934183329219, -33.974053220105674 ], [ 18.548341872711998, -33.974161134990602 ] ] ] } },
{ "type": "Feature", "properties": { }, "geometry": { "type": "Polygon", "coordinates": [ [ [ 18.548471244857929, -33.969655794817811 ], [ 18.548600588263298, -33.965150450907068 ], [ 18.54319346813832, -33.965042572429006 ], [ 18.543063840135616, -33.969547898137264 ], [ 18.548471244857929, -33.969655794817811 ] ] ] } },
{ "type": "Feature", "properties": { }, "geometry": { "type": "Polygon", "coordinates": [ [ [ 18.548600588263298, -33.965150450907068 ], [ 18.548729902934216, -33.960645103258699 ], [ 18.543323067343461, -33.960537242981239 ], [ 18.54319346813832, -33.965042572429006 ], [ 18.548600588263298, -33.965150450907068 ] ] ] } },
{ "type": "Feature", "properties": { }, "geometry": { "type": "Polygon", "coordinates": [ [ [ 18.548729902934216, -33.960645103258699 ], [ 18.548859188876811, -33.95613975187301 ], [ 18.543452637757174, -33.956031909794284 ], [ 18.543323067343461, -33.960537242981239 ], [ 18.548729902934216, -33.960645103258699 ] ] ] } },
{ "type": "Feature", "properties": { }, "geometry": { "type": "Polygon", "coordinates": [ [ [ 18.548859188876811, -33.95613975187301 ], [ 18.548988446097198, -33.95163439675035 ], [ 18.543582179385592, -33.951526572868474 ], [ 18.543452637757174, -33.956031909794284 ], [ 18.548859188876811, -33.95613975187301 ] ] ] } },
{ "type": "Feature", "properties": { }, "geometry": { "type": "Polygon", "coordinates": [ [ [ 18.548988446097198, -33.95163439675035 ], [ 18.54911767460149, -33.947129037891031 ], [ 18.543711692234837, -33.947021232204115 ], [ 18.543582179385592, -33.951526572868474 ], [ 18.548988446097198, -33.95163439675035 ] ] ] } },
{ "type": "Feature", "properties": { }, "geometry": { "type": "Polygon", "coordinates": [ [ [ 18.54911767460149, -33.947129037891031 ], [ 18.549246874395791, -33.94262367529538 ], [ 18.543841176311041, -33.942515887801548 ], [ 18.543711692234837, -33.947021232204115 ], [ 18.54911767460149, -33.947129037891031 ] ] ] } },
{ "type": "Feature", "properties": { }, "geometry": { "type": "Polygon", "coordinates": [ [ [ 18.549246874395791, -33.94262367529538 ], [ 18.549376045486223, -33.938118308963745 ], [ 18.543970631620319, -33.938010539661128 ], [ 18.543841176311041, -33.942515887801548 ], [ 18.549246874395791, -33.94262367529538 ] ] ] } },
{ "type": "Feature", "properties": { }, "geometry": { "type": "Polygon", "coordinates": [ [ [ 18.549376045486223, -33.938118308963745 ], [ 18.549505187878889, -33.933612938896424 ], [ 18.544100058168805, -33.93350518778314 ], [ 18.543970631620319, -33.938010539661128 ], [ 18.549376045486223, -33.938118308963745 ] ] ] } },
{ "type": "Feature", "properties": { }, "geometry": { "type": "Polygon", "coordinates": [ [ [ 18.549505187878889, -33.933612938896424 ], [ 18.549634301579896, -33.929107565093773 ], [ 18.544229455962601, -33.928999832167918 ], [ 18.544100058168805, -33.93350518778314 ], [ 18.549505187878889, -33.933612938896424 ] ] ] } },
{ "type": "Feature", "properties": { }, "geometry": { "type": "Polygon", "coordinates": [ [ [ 18.549634301579896, -33.929107565093773 ], [ 18.549763386595345, -33.924602187556076 ], [ 18.544358825007841, -33.924494472815802 ], [ 18.544229455962601, -33.928999832167918 ], [ 18.549634301579896, -33.929107565093773 ] ] ] } },
{ "type": "Feature", "properties": { }, "geometry": { "type": "Polygon", "coordinates": [ [ [ 18.549763386595345, -33.924602187556076 ], [ 18.549892442931341, -33.920096806283681 ], [ 18.544488165310625, -33.919989109727119 ], [ 18.544358825007841, -33.924494472815802 ], [ 18.549763386595345, -33.924602187556076 ] ] ] } },
{ "type": "Feature", "properties": { }, "geometry": { "type": "Polygon", "coordinates": [ [ [ 18.549892442931341, -33.920096806283681 ], [ 18.550021470593986, -33.915591421276922 ], [ 18.544617476877079, -33.915483742902182 ], [ 18.544488165310625, -33.919989109727119 ], [ 18.549892442931341, -33.920096806283681 ] ] ] } },
{ "type": "Feature", "properties": { }, "geometry": { "type": "Polygon", "coordinates": [ [ [ 18.550021470593986, -33.915591421276922 ], [ 18.550150469589369, -33.911086032536133 ], [ 18.544746759713309, -33.910978372341333 ], [ 18.544617476877079, -33.915483742902182 ], [ 18.550021470593986, -33.915591421276922 ] ] ] } },
{ "type": "Feature", "properties": { }, "geometry": { "type": "Polygon", "coordinates": [ [ [ 18.550150469589369, -33.911086032536133 ], [ 18.550279439923592, -33.906580640061627 ], [ 18.544876013825416, -33.90647299804489 ], [ 18.544746759713309, -33.910978372341333 ], [ 18.550150469589369, -33.911086032536133 ] ] ] } },
{ "type": "Feature", "properties": { }, "geometry": { "type": "Polygon", "coordinates": [ [ [ 18.550279439923592, -33.906580640061627 ], [ 18.550408381602747, -33.90207524385373 ], [ 18.54500523921952, -33.901967620013174 ], [ 18.544876013825416, -33.90647299804489 ], [ 18.550279439923592, -33.906580640061627 ] ] ] } },
{ "type": "Feature", "properties": { }, "geometry": { "type": "Polygon", "coordinates": [ [ [ 18.550408381602747, -33.90207524385373 ], [ 18.550537294632925, -33.897569843912756 ], [ 18.545134435901719, -33.897462238246526 ], [ 18.54500523921952, -33.901967620013174 ], [ 18.550408381602747, -33.90207524385373 ] ] ] } },
{ "type": "Feature", "properties": { }, "geometry": { "type": "Polygon", "coordinates": [ [ [ 18.550537294632925, -33.897569843912756 ], [ 18.550666179020219, -33.893064440239058 ], [ 18.545263603878119, -33.892956852745264 ], [ 18.545134435901719, -33.897462238246526 ], [ 18.550537294632925, -33.897569843912756 ] ] ] } },
{ "type": "Feature", "properties": { }, "geometry": { "type": "Polygon", "coordinates": [ [ [ 18.550666179020219, -33.893064440239058 ], [ 18.550795034770708, -33.888559032832951 ], [ 18.545392743154814, -33.888451463509732 ], [ 18.545263603878119, -33.892956852745264 ], [ 18.550666179020219, -33.893064440239058 ] ] ] } },
{ "type": "Feature", "properties": { }, "geometry": { "type": "Polygon", "coordinates": [ [ [ 18.550795034770708, -33.888559032832951 ], [ 18.550923861890485, -33.884053621694768 ], [ 18.54552185373791, -33.883946070540233 ], [ 18.545392743154814, -33.888451463509732 ], [ 18.550795034770708, -33.888559032832951 ] ] ] } },
{ "type": "Feature", "properties": { }, "geometry": { "type": "Polygon", "coordinates": [ [ [ 18.550923861890485, -33.884053621694768 ], [ 18.551052660385629, -33.879548206824815 ], [ 18.5456509356335, -33.879440673837124 ], [ 18.54552185373791, -33.883946070540233 ], [ 18.550923861890485, -33.884053621694768 ] ] ] } },
{ "type": "Feature", "properties": { }, "geometry": { "type": "Polygon", "coordinates": [ [ [ 18.551052660385629, -33.879548206824815 ], [ 18.551181430262222, -33.875042788223446 ], [ 18.545779988847674, -33.874935273400709 ], [ 18.5456509356335, -33.879440673837124 ], [ 18.551052660385629, -33.879548206824815 ] ] ] } },
{ "type": "Feature", "properties": { }, "geometry": { "type": "Polygon", "coordinates": [ [ [ 18.551181430262222, -33.875042788223446 ], [ 18.551310171526346, -33.870537365890968 ], [ 18.545909013386531, -33.870429869231309 ], [ 18.545779988847674, -33.874935273400709 ], [ 18.551181430262222, -33.875042788223446 ] ] ] } },
{ "type": "Feature", "properties": { }, "geometry": { "type": "Polygon", "coordinates": [ [ [ 18.551310171526346, -33.870537365890968 ], [ 18.551438884184073, -33.866031939827721 ], [ 18.546038009256158, -33.865924461329264 ], [ 18.545909013386531, -33.870429869231309 ], [ 18.551310171526346, -33.870537365890968 ] ] ] } },
{ "type": "Feature", "properties": { }, "geometry": { "type": "Polygon", "coordinates": [ [ [ 18.551438884184073, -33.866031939827721 ], [ 18.551567568241477, -33.861526510034025 ], [ 18.546166976462644, -33.861419049694909 ], [ 18.546038009256158, -33.865924461329264 ], [ 18.551438884184073, -33.866031939827721 ] ] ] } },
{ "type": "Feature", "properties": { }, "geometry": { "type": "Polygon", "coordinates": [ [ [ 18.551567568241477, -33.861526510034025 ], [ 18.551696223704639, -33.857021076510215 ], [ 18.546295915012074, -33.856913634328578 ], [ 18.546166976462644, -33.861419049694909 ], [ 18.551567568241477, -33.861526510034025 ] ] ] } },
{ "type": "Feature", "properties": { }, "geometry": { "type": "Polygon", "coordinates": [ [ [ 18.55180983319979, -34.041848739055411 ], [ 18.551939351574941, -34.037343436798466 ], [ 18.546527641477116, -34.037235504741567 ], [ 18.546397837486818, -34.041740788805889 ], [ 18.55180983319979, -34.041848739055411 ] ] ] } },
{ "type": "Feature", "properties": { }, "geometry": { "type": "Polygon", "coordinates": [ [ [ 18.551939351574941, -34.037343436798466 ], [ 18.552068841180802, -34.03283813080057 ], [ 18.546657416634787, -34.032730216934404 ], [ 18.546527641477116, -34.037235504741567 ], [ 18.551939351574941, -34.037343436798466 ] ] ] } },
{ "type": "Feature", "properties": { }, "geometry": { "type": "Polygon", "coordinates": [ [ [ 18.552068841180802, -34.03283813080057 ], [ 18.552198302023502, -34.028332821062023 ], [ 18.546787162965988, -34.028224925384713 ], [ 18.546657416634787, -34.032730216934404 ], [ 18.552068841180802, -34.03283813080057 ] ] ] } },
{ "type": "Feature", "properties": { }, "geometry": { "type": "Polygon", "coordinates": [ [ [ 18.552198302023502, -34.028332821062023 ], [ 18.552327734109188, -34.023827507583185 ], [ 18.546916880476864, -34.023719630092828 ], [ 18.546787162965988, -34.028224925384713 ], [ 18.552198302023502, -34.028332821062023 ] ] ] } },
{ "type": "Feature", "properties": { }, "geometry": { "type": "Polygon", "coordinates": [ [ [ 18.552327734109188, -34.023827507583185 ], [ 18.552457137443994, -34.019322190364356 ], [ 18.54704656917357, -34.019214331059089 ], [ 18.546916880476864, -34.023719630092828 ], [ 18.552327734109188, -34.023827507583185 ] ] ] } },
{ "type": "Feature", "properties": { }, "geometry": { "type": "Polygon", "coordinates": [ [ [ 18.552457137443994, -34.019322190364356 ], [ 18.552586512034043, -34.014816869405891 ], [ 18.547176229062245, -34.014709028283804 ], [ 18.54704656917357, -34.019214331059089 ], [ 18.552457137443994, -34.019322190364356 ] ] ] } },
{ "type": "Feature", "properties": { }, "geometry": { "type": "Polygon", "coordinates": [ [ [ 18.552586512034043, -34.014816869405891 ], [ 18.552715857885474, -34.010311544708081 ], [ 18.547305860149034, -34.010203721767311 ], [ 18.547176229062245, -34.014709028283804 ], [ 18.552586512034043, -34.014816869405891 ] ] ] } },
{ "type": "Feature", "properties": { }, "geometry": { "type": "Polygon", "coordinates": [ [ [ 18.552715857885474, -34.010311544708081 ], [ 18.552845175004411, -34.00580621627126 ], [ 18.547435462440077, -34.005698411509911 ], [ 18.547305860149034, -34.010203721767311 ], [ 18.552715857885474, -34.010311544708081 ] ] ] } },
{ "type": "Feature", "properties": { }, "geometry": { "type": "Polygon", "coordinates": [ [ [ 18.552845175004411, -34.00580621627126 ], [ 18.552974463396978, -34.001300884095755 ], [ 18.547565035941517, -34.001193097511958 ], [ 18.547435462440077, -34.005698411509911 ], [ 18.552845175004411, -34.00580621627126 ] ] ] } },
{ "type": "Feature", "properties": { }, "geometry": { "type": "Polygon", "coordinates": [ [ [ 18.552974463396978, -34.001300884095755 ], [ 18.553103723069306, -33.996795548181893 ], [ 18.547694580659492, -33.996687779773765 ], [ 18.547565035941517, -34.001193097511958 ], [ 18.552974463396978, -34.001300884095755 ] ] ] } },
{ "type": "Feature", "properties": { }, "geometry": { "type": "Polygon", "coordinates": [ [ [ 18.553103723069306, -33.996795548181893 ], [ 18.553232954027507, -33.992290208530001 ], [ 18.547824096600131, -33.992182458295645 ], [ 18.547694580659492, -33.996687779773765 ], [ 18.553103723069306, -33.996795548181893 ] ] ] } },
{ "type": "Feature", "properties": { }, "geometry": { "type": "Polygon", "coordinates": [ [ [ 18.553232954027507, -33.992290208530001 ], [ 18.553362156277707, -33.987784865140405 ], [ 18.547953583769573, -33.987677133077952 ], [ 18.547824096600131, -33.992182458295645 ], [ 18.553232954027507, -33.992290208530001 ] ] ] } },
{ "type": "Feature", "properties": { }, "geometry": { "type": "Polygon", "coordinates": [ [ [ 18.553362156277707, -33.987784865140405 ], [ 18.553491329826024, -33.983279518013433 ], [ 18.548083042173946, -33.983171804120992 ], [ 18.547953583769573, -33.987677133077952 ], [ 18.553362156277707, -33.987784865140405 ] ] ] } },
{ "type": "Feature", "properties": { }, "geometry": { "type": "Polygon", "coordinates": [ [ [ 18.553491329826024, -33.983279518013433 ], [ 18.553620474678571, -33.978774167149396 ], [ 18.548212471819376, -33.978666471425107 ], [ 18.548083042173946, -33.983171804120992 ], [ 18.553491329826024, -33.983279518013433 ] ] ] } },
{ "type": "Feature", "properties": { }, "geometry": { "type": "Polygon", "coordinates": [ [ [ 18.553620474678571, -33.978774167149396 ], [ 18.553749590841463, -33.97426881254863 ], [ 18.548341872711998, -33.974161134990602 ], [ 18.548212471819376, -33.978666471425107 ], [ 18.553620474678571, -33.978774167149396 ] ] ] } },
{ "type": "Feature", "properties": { }, "geometry": { "type": "Polygon", "coordinates": [ [ [ 18.553749590841463, -33.97426881254863 ], [ 18.55387867832081, -33.969763454211453 ], [ 18.548471244857929, -33.969655794817811 ], [ 18.548341872711998, -33.974161134990602 ], [ 18.553749590841463, -33.97426881254863 ] ] ] } },
{ "type": "Feature", "properties": { }, "geometry": { "type": "Polygon", "coordinates": [ [ [ 18.55387867832081, -33.969763454211453 ], [ 18.554007737122721, -33.9652580921382 ], [ 18.548600588263298, -33.965150450907068 ], [ 18.548471244857929, -33.969655794817811 ], [ 18.55387867832081, -33.969763454211453 ] ] ] } },
{ "type": "Feature", "properties": { }, "geometry": { "type": "Polygon", "coordinates": [ [ [ 18.554007737122721, -33.9652580921382 ], [ 18.554136767253304, -33.960752726329204 ], [ 18.548729902934216, -33.960645103258699 ], [ 18.548600588263298, -33.965150450907068 ], [ 18.554007737122721, -33.9652580921382 ] ] ] } },
{ "type": "Feature", "properties": { }, "geometry": { "type": "Polygon", "coordinates": [ [ [ 18.554136767253304, -33.960752726329204 ], [ 18.554265768718661, -33.956247356784772 ], [ 18.548859188876811, -33.95613975187301 ], [ 18.548729902934216, -33.960645103258699 ], [ 18.554136767253304, -33.960752726329204 ] ] ] } },
{ "type": "Feature", "properties": { }, "geometry": { "type": "Polygon", "coordinates": [ [ [ 18.554265768718661, -33.956247356784772 ], [ 18.554394741524899, -33.951741983505244 ], [ 18.548988446097198, -33.95163439675035 ], [ 18.548859188876811, -33.95613975187301 ], [ 18.554265768718661, -33.956247356784772 ] ] ] } },
{ "type": "Feature", "properties": { }, "geometry": { "type": "Polygon", "coordinates": [ [ [ 18.554394741524899, -33.951741983505244 ], [ 18.55452368567812, -33.947236606490918 ], [ 18.54911767460149, -33.947129037891031 ], [ 18.548988446097198, -33.95163439675035 ], [ 18.554394741524899, -33.951741983505244 ] ] ] } },
{ "type": "Feature", "properties": { }, "geometry": { "type": "Polygon", "coordinates": [ [ [ 18.55452368567812, -33.947236606490918 ], [ 18.554652601184419, -33.942731225742151 ], [ 18.549246874395791, -33.94262367529538 ], [ 18.54911767460149, -33.947129037891031 ], [ 18.55452368567812, -33.947236606490918 ] ] ] } },
{ "type": "Feature", "properties": { }, "geometry": { "type": "Polygon", "coordinates": [ [ [ 18.554652601184419, -33.942731225742151 ], [ 18.554781488049894, -33.938225841259261 ], [ 18.549376045486223, -33.938118308963745 ], [ 18.549246874395791, -33.94262367529538 ], [ 18.554652601184419, -33.942731225742151 ] ] ] } },
{ "type": "Feature", "properties": { }, "geometry": { "type": "Polygon", "coordinates": [ [ [ 18.554781488049894, -33.938225841259261 ], [ 18.554910346280639, -33.933720453042582 ], [ 18.549505187878889, -33.933612938896424 ], [ 18.549376045486223, -33.938118308963745 ], [ 18.554781488049894, -33.938225841259261 ] ] ] } },
{ "type": "Feature", "properties": { }, "geometry": { "type": "Polygon", "coordinates": [ [ [ 18.554910346280639, -33.933720453042582 ], [ 18.555039175882747, -33.929215061092407 ], [ 18.549634301579896, -33.929107565093773 ], [ 18.549505187878889, -33.933612938896424 ], [ 18.554910346280639, -33.933720453042582 ] ] ] } },
{ "type": "Feature", "properties": { }, "geometry": { "type": "Polygon", "coordinates": [ [ [ 18.555039175882747, -33.929215061092407 ], [ 18.555167976862311, -33.924709665409104 ], [ 18.549763386595345, -33.924602187556076 ], [ 18.549634301579896, -33.929107565093773 ], [ 18.555039175882747, -33.929215061092407 ] ] ] } },
{ "type": "Feature", "properties": { }, "geometry": { "type": "Polygon", "coordinates": [ [ [ 18.555167976862311, -33.924709665409104 ], [ 18.555296749225413, -33.920204265992965 ], [ 18.549892442931341, -33.920096806283681 ], [ 18.549763386595345, -33.924602187556076 ], [ 18.555167976862311, -33.924709665409104 ] ] ] } },
{ "type": "Feature", "properties": { }, "geometry": { "type": "Polygon", "coordinates": [ [ [ 18.555296749225413, -33.920204265992965 ], [ 18.555425492978145, -33.91569886284433 ], [ 18.550021470593986, -33.915591421276922 ], [ 18.549892442931341, -33.920096806283681 ], [ 18.555296749225413, -33.920204265992965 ] ] ] } },
{ "type": "Feature", "properties": { }, "geometry": { "type": "Polygon", "coordinates": [ [ [ 18.555425492978145, -33.91569886284433 ], [ 18.555554208126594, -33.911193455963527 ], [ 18.550150469589369, -33.911086032536133 ], [ 18.550021470593986, -33.915591421276922 ], [ 18.555425492978145, -33.91569886284433 ] ] ] } },
{ "type": "Feature", "properties": { }, "geometry": { "type": "Polygon", "coordinates": [ [ [ 18.555554208126594, -33.911193455963527 ], [ 18.555682894676831, -33.90668804535089 ], [ 18.550279439923592, -33.906580640061627 ], [ 18.550150469589369, -33.911086032536133 ], [ 18.555554208126594, -33.911193455963527 ] ] ] } },
{ "type": "Feature", "properties": { }, "geometry": { "type": "Polygon", "coordinates": [ [ [ 18.555682894676831, -33.90668804535089 ], [ 18.55581155263495, -33.902182631006724 ], [ 18.550408381602747, -33.90207524385373 ], [ 18.550279439923592, -33.906580640061627 ], [ 18.555682894676831, -33.90668804535089 ] ] ] } },
{ "type": "Feature", "properties": { }, "geometry": { "type": "Polygon", "coordinates": [ [ [ 18.55581155263495, -33.902182631006724 ], [ 18.555940182007017, -33.897677212931363 ], [ 18.550537294632925, -33.897569843912756 ], [ 18.550408381602747, -33.90207524385373 ], [ 18.55581155263495, -33.902182631006724 ] ] ] } },
{ "type": "Feature", "properties": { }, "geometry": { "type": "Polygon", "coordinates": [ [ [ 18.555940182007017, -33.897677212931363 ], [ 18.556068782799116, -33.893171791125134 ], [ 18.550666179020219, -33.893064440239058 ], [ 18.550537294632925, -33.897569843912756 ], [ 18.555940182007017, -33.897677212931363 ] ] ] } },
{ "type": "Feature", "properties": { }, "geometry": { "type": "Polygon", "coordinates": [ [ [ 18.556068782799116, -33.893171791125134 ], [ 18.556197355017314, -33.888666365588378 ], [ 18.550795034770708, -33.888559032832951 ], [ 18.550666179020219, -33.893064440239058 ], [ 18.556068782799116, -33.893171791125134 ] ] ] } },
{ "type": "Feature", "properties": { }, "geometry": { "type": "Polygon", "coordinates": [ [ [ 18.556197355017314, -33.888666365588378 ], [ 18.556325898667691, -33.8841609363214 ], [ 18.550923861890485, -33.884053621694768 ], [ 18.550795034770708, -33.888559032832951 ], [ 18.556197355017314, -33.888666365588378 ] ] ] } },
{ "type": "Feature", "properties": { }, "geometry": { "type": "Polygon", "coordinates": [ [ [ 18.556325898667691, -33.8841609363214 ], [ 18.556454413756313, -33.879655503324543 ], [ 18.551052660385629, -33.879548206824815 ], [ 18.550923861890485, -33.884053621694768 ], [ 18.556325898667691, -33.8841609363214 ] ] ] } },
{ "type": "Feature", "properties": { }, "geometry": { "type": "Polygon", "coordinates": [ [ [ 18.556454413756313, -33.879655503324543 ], [ 18.556582900289243, -33.875150066598124 ], [ 18.551181430262222, -33.875042788223446 ], [ 18.551052660385629, -33.879548206824815 ], [ 18.556454413756313, -33.879655503324543 ] ] ] } },
{ "type": "Feature", "properties": { }, "geometry": { "type": "Polygon", "coordinates": [ [ [ 18.556582900289243, -33.875150066598124 ], [ 18.556711358272551, -33.870644626142465 ], [ 18.551310171526346, -33.870537365890968 ], [ 18.551181430262222, -33.875042788223446 ], [ 18.556582900289243, -33.875150066598124 ] ] ] } },
{ "type": "Feature", "properties": { }, "geometry": { "type": "Polygon", "coordinates": [ [ [ 18.556711358272551, -33.870644626142465 ], [ 18.556839787712306, -33.866139181957898 ], [ 18.551438884184073, -33.866031939827721 ], [ 18.551310171526346, -33.870537365890968 ], [ 18.556711358272551, -33.870644626142465 ] ] ] } },
{ "type": "Feature", "properties": { }, "geometry": { "type": "Polygon", "coordinates": [ [ [ 18.556839787712306, -33.866139181957898 ], [ 18.556968188614562, -33.861633734044752 ], [ 18.551567568241477, -33.861526510034025 ], [ 18.551438884184073, -33.866031939827721 ], [ 18.556839787712306, -33.866139181957898 ] ] ] } },
{ "type": "Feature", "properties": { }, "geometry": { "type": "Polygon", "coordinates": [ [ [ 18.556968188614562, -33.861633734044752 ], [ 18.557096560985379, -33.857128282403359 ], [ 18.551696223704639, -33.857021076510215 ], [ 18.551567568241477, -33.861526510034025 ], [ 18.556968188614562, -33.861633734044752 ] ] ] } },
{ "type": "Feature", "properties": { }, "geometry": { "type": "Polygon", "coordinates": [ [ [ 18.557221857688194, -34.041956451373473 ], [ 18.557351090442058, -34.037451130963973 ], [ 18.551939351574941, -34.037343436798466 ], [ 18.55180983319979, -34.041848739055411 ], [ 18.557221857688194, -34.041956451373473 ] ] ] } },
{ "type": "Feature", "properties": { }, "geometry": { "type": "Polygon", "coordinates": [ [ [ 18.557351090442058, -34.037451130963973 ], [ 18.557480294489967, -34.032945806815384 ], [ 18.552068841180802, -34.03283813080057 ], [ 18.551939351574941, -34.037343436798466 ], [ 18.557351090442058, -34.037451130963973 ] ] ] } },
{ "type": "Feature", "properties": { }, "geometry": { "type": "Polygon", "coordinates": [ [ [ 18.557480294489967, -34.032945806815384 ], [ 18.557609469838038, -34.028440478928054 ], [ 18.552198302023502, -34.028332821062023 ], [ 18.552068841180802, -34.03283813080057 ], [ 18.557480294489967, -34.032945806815384 ] ] ] } },
{ "type": "Feature", "properties": { }, "geometry": { "type": "Polygon", "coordinates": [ [ [ 18.557609469838038, -34.028440478928054 ], [ 18.557738616492397, -34.023935147302275 ], [ 18.552327734109188, -34.023827507583185 ], [ 18.552198302023502, -34.028332821062023 ], [ 18.557609469838038, -34.028440478928054 ] ] ] } },
{ "type": "Feature", "properties": { }, "geometry": { "type": "Polygon", "coordinates": [ [ [ 18.557738616492397, -34.023935147302275 ], [ 18.557867734459169, -34.019429811938423 ], [ 18.552457137443994, -34.019322190364356 ], [ 18.552327734109188, -34.023827507583185 ], [ 18.557738616492397, -34.023935147302275 ] ] ] } },
{ "type": "Feature", "properties": { }, "geometry": { "type": "Polygon", "coordinates": [ [ [ 18.557867734459169, -34.019429811938423 ], [ 18.557996823744464, -34.014924472836775 ], [ 18.552586512034043, -34.014816869405891 ], [ 18.552457137443994, -34.019322190364356 ], [ 18.557867734459169, -34.019429811938423 ] ] ] } },
{ "type": "Feature", "properties": { }, "geometry": { "type": "Polygon", "coordinates": [ [ [ 18.557996823744464, -34.014924472836775 ], [ 18.558125884354407, -34.010419129997679 ], [ 18.552715857885474, -34.010311544708081 ], [ 18.552586512034043, -34.014816869405891 ], [ 18.557996823744464, -34.014924472836775 ] ] ] } },
{ "type": "Feature", "properties": { }, "geometry": { "type": "Polygon", "coordinates": [ [ [ 18.558125884354407, -34.010419129997679 ], [ 18.558254916295109, -34.005913783421455 ], [ 18.552845175004411, -34.00580621627126 ], [ 18.552715857885474, -34.010311544708081 ], [ 18.558125884354407, -34.010419129997679 ] ] ] } },
{ "type": "Feature", "properties": { }, "geometry": { "type": "Polygon", "coordinates": [ [ [ 18.558254916295109, -34.005913783421455 ], [ 18.558383919572684, -34.001408433108423 ], [ 18.552974463396978, -34.001300884095755 ], [ 18.552845175004411, -34.00580621627126 ], [ 18.558254916295109, -34.005913783421455 ] ] ] } },
{ "type": "Feature", "properties": { }, "geometry": { "type": "Polygon", "coordinates": [ [ [ 18.558383919572684, -34.001408433108423 ], [ 18.558512894193239, -33.996903079058917 ], [ 18.553103723069306, -33.996795548181893 ], [ 18.552974463396978, -34.001300884095755 ], [ 18.558383919572684, -34.001408433108423 ] ] ] } },
{ "type": "Feature", "properties": { }, "geometry": { "type": "Polygon", "coordinates": [ [ [ 18.558512894193239, -33.996903079058917 ], [ 18.558641840162888, -33.992397721273257 ], [ 18.553232954027507, -33.992290208530001 ], [ 18.553103723069306, -33.996795548181893 ], [ 18.558512894193239, -33.996903079058917 ] ] ] } },
{ "type": "Feature", "properties": { }, "geometry": { "type": "Polygon", "coordinates": [ [ [ 18.558641840162888, -33.992397721273257 ], [ 18.558770757487732, -33.987892359751775 ], [ 18.553362156277707, -33.987784865140405 ], [ 18.553232954027507, -33.992290208530001 ], [ 18.558641840162888, -33.992397721273257 ] ] ] } },
{ "type": "Feature", "properties": { }, "geometry": { "type": "Polygon", "coordinates": [ [ [ 18.558770757487732, -33.987892359751775 ], [ 18.558899646173874, -33.983386994494779 ], [ 18.553491329826024, -33.983279518013433 ], [ 18.553362156277707, -33.987784865140405 ], [ 18.558770757487732, -33.987892359751775 ] ] ] } },
{ "type": "Feature", "properties": { }, "geometry": { "type": "Polygon", "coordinates": [ [ [ 18.558899646173874, -33.983386994494779 ], [ 18.559028506227421, -33.978881625502602 ], [ 18.553620474678571, -33.978774167149396 ], [ 18.553491329826024, -33.983279518013433 ], [ 18.558899646173874, -33.983386994494779 ] ] ] } },
{ "type": "Feature", "properties": { }, "geometry": { "type": "Polygon", "coordinates": [ [ [ 18.559028506227421, -33.978881625502602 ], [ 18.559157337654472, -33.974376252775571 ], [ 18.553749590841463, -33.97426881254863 ], [ 18.553620474678571, -33.978774167149396 ], [ 18.559028506227421, -33.978881625502602 ] ] ] } },
{ "type": "Feature", "properties": { }, "geometry": { "type": "Polygon", "coordinates": [ [ [ 18.559157337654472, -33.974376252775571 ], [ 18.559286140461122, -33.969870876314005 ], [ 18.55387867832081, -33.969763454211453 ], [ 18.553749590841463, -33.97426881254863 ], [ 18.559157337654472, -33.974376252775571 ] ] ] } },
{ "type": "Feature", "properties": { }, "geometry": { "type": "Polygon", "coordinates": [ [ [ 18.559286140461122, -33.969870876314005 ], [ 18.559414914653473, -33.965365496118238 ], [ 18.554007737122721, -33.9652580921382 ], [ 18.55387867832081, -33.969763454211453 ], [ 18.559286140461122, -33.969870876314005 ] ] ] } },
{ "type": "Feature", "properties": { }, "geometry": { "type": "Polygon", "coordinates": [ [ [ 18.559414914653473, -33.965365496118238 ], [ 18.559543660237608, -33.960860112188584 ], [ 18.554136767253304, -33.960752726329204 ], [ 18.554007737122721, -33.9652580921382 ], [ 18.559414914653473, -33.965365496118238 ] ] ] } },
{ "type": "Feature", "properties": { }, "geometry": { "type": "Polygon", "coordinates": [ [ [ 18.559543660237608, -33.960860112188584 ], [ 18.559672377219627, -33.956354724525383 ], [ 18.554265768718661, -33.956247356784772 ], [ 18.554136767253304, -33.960752726329204 ], [ 18.559543660237608, -33.960860112188584 ] ] ] } },
{ "type": "Feature", "properties": { }, "geometry": { "type": "Polygon", "coordinates": [ [ [ 18.559672377219627, -33.956354724525383 ], [ 18.559801065605622, -33.951849333128955 ], [ 18.554394741524899, -33.951741983505244 ], [ 18.554265768718661, -33.956247356784772 ], [ 18.559672377219627, -33.956354724525383 ] ] ] } },
{ "type": "Feature", "properties": { }, "geometry": { "type": "Polygon", "coordinates": [ [ [ 18.559801065605622, -33.951849333128955 ], [ 18.559929725401673, -33.947343937999619 ], [ 18.55452368567812, -33.947236606490918 ], [ 18.554394741524899, -33.951741983505244 ], [ 18.559801065605622, -33.951849333128955 ] ] ] } },
{ "type": "Feature", "properties": { }, "geometry": { "type": "Polygon", "coordinates": [ [ [ 18.559929725401673, -33.947343937999619 ], [ 18.560058356613869, -33.942838539137689 ], [ 18.554652601184419, -33.942731225742151 ], [ 18.55452368567812, -33.947236606490918 ], [ 18.559929725401673, -33.947343937999619 ] ] ] } },
{ "type": "Feature", "properties": { }, "geometry": { "type": "Polygon", "coordinates": [ [ [ 18.560058356613869, -33.942838539137689 ], [ 18.560186959248291, -33.938333136543513 ], [ 18.554781488049894, -33.938225841259261 ], [ 18.554652601184419, -33.942731225742151 ], [ 18.560058356613869, -33.942838539137689 ] ] ] } },
{ "type": "Feature", "properties": { }, "geometry": { "type": "Polygon", "coordinates": [ [ [ 18.560186959248291, -33.938333136543513 ], [ 18.560315533311023, -33.933827730217416 ], [ 18.554910346280639, -33.933720453042582 ], [ 18.554781488049894, -33.938225841259261 ], [ 18.560186959248291, -33.938333136543513 ] ] ] } },
{ "type": "Feature", "properties": { }, "geometry": { "type": "Polygon", "coordinates": [ [ [ 18.560315533311023, -33.933827730217416 ], [ 18.560444078808143, -33.929322320159706 ], [ 18.555039175882747, -33.929215061092407 ], [ 18.554910346280639, -33.933720453042582 ], [ 18.560315533311023, -33.933827730217416 ] ] ] } },
{ "type": "Feature", "properties": { }, "geometry": { "type": "Polygon", "coordinates": [ [ [ 18.560444078808143, -33.929322320159706 ], [ 18.560572595745732, -33.924816906370715 ], [ 18.555167976862311, -33.924709665409104 ], [ 18.555039175882747, -33.929215061092407 ], [ 18.560444078808143, -33.929322320159706 ] ] ] } },
{ "type": "Feature", "properties": { }, "geometry": { "type": "Polygon", "coordinates": [ [ [ 18.560572595745732, -33.924816906370715 ], [ 18.560701084129857, -33.920311488850778 ], [ 18.555296749225413, -33.920204265992965 ], [ 18.555167976862311, -33.924709665409104 ], [ 18.560572595745732, -33.924816906370715 ] ] ] } },
{ "type": "Feature", "properties": { }, "geometry": { "type": "Polygon", "coordinates": [ [ [ 18.560701084129857, -33.920311488850778 ], [ 18.560829543966594, -33.915806067600208 ], [ 18.555425492978145, -33.91569886284433 ], [ 18.555296749225413, -33.920204265992965 ], [ 18.560701084129857, -33.920311488850778 ] ] ] } },
{ "type": "Feature", "properties": { }, "geometry": { "type": "Polygon", "coordinates": [ [ [ 18.560829543966594, -33.915806067600208 ], [ 18.560957975262021, -33.911300642619331 ], [ 18.555554208126594, -33.911193455963527 ], [ 18.555425492978145, -33.91569886284433 ], [ 18.560829543966594, -33.915806067600208 ] ] ] } },
{ "type": "Feature", "properties": { }, "geometry": { "type": "Polygon", "coordinates": [ [ [ 18.560957975262021, -33.911300642619331 ], [ 18.5610863780222, -33.906795213908488 ], [ 18.555682894676831, -33.90668804535089 ], [ 18.555554208126594, -33.911193455963527 ], [ 18.560957975262021, -33.911300642619331 ] ] ] } },
{ "type": "Feature", "properties": { }, "geometry": { "type": "Polygon", "coordinates": [ [ [ 18.5610863780222, -33.906795213908488 ], [ 18.561214752253196, -33.902289781467985 ], [ 18.55581155263495, -33.902182631006724 ], [ 18.555682894676831, -33.90668804535089 ], [ 18.5610863780222, -33.906795213908488 ] ] ] } },
{ "type": "Feature", "properties": { }, "geometry": { "type": "Polygon", "coordinates": [ [ [ 18.561214752253196, -33.902289781467985 ], [ 18.561343097961078, -33.897784345298163 ], [ 18.555940182007017, -33.897677212931363 ], [ 18.55581155263495, -33.902182631006724 ], [ 18.561214752253196, -33.902289781467985 ] ] ] } },
{ "type": "Feature", "properties": { }, "geometry": { "type": "Polygon", "coordinates": [ [ [ 18.561343097961078, -33.897784345298163 ], [ 18.56147141515191, -33.893278905399335 ], [ 18.556068782799116, -33.893171791125134 ], [ 18.555940182007017, -33.897677212931363 ], [ 18.561343097961078, -33.897784345298163 ] ] ] } },
{ "type": "Feature", "properties": { }, "geometry": { "type": "Polygon", "coordinates": [ [ [ 18.56147141515191, -33.893278905399335 ], [ 18.56159970383175, -33.888773461771841 ], [ 18.556197355017314, -33.888666365588378 ], [ 18.556068782799116, -33.893171791125134 ], [ 18.56147141515191, -33.893278905399335 ] ] ] } },
{ "type": "Feature", "properties": { }, "geometry": { "type": "Polygon", "coordinates": [ [ [ 18.56159970383175, -33.888773461771841 ], [ 18.561727964006653, -33.88426801441598 ], [ 18.556325898667691, -33.8841609363214 ], [ 18.556197355017314, -33.888666365588378 ], [ 18.56159970383175, -33.888773461771841 ] ] ] } },
{ "type": "Feature", "properties": { }, "geometry": { "type": "Polygon", "coordinates": [ [ [ 18.561727964006653, -33.88426801441598 ], [ 18.56185619568268, -33.879762563332129 ], [ 18.556454413756313, -33.879655503324543 ], [ 18.556325898667691, -33.8841609363214 ], [ 18.561727964006653, -33.88426801441598 ] ] ] } },
{ "type": "Feature", "properties": { }, "geometry": { "type": "Polygon", "coordinates": [ [ [ 18.56185619568268, -33.879762563332129 ], [ 18.561984398865885, -33.875257108520557 ], [ 18.556582900289243, -33.875150066598124 ], [ 18.556454413756313, -33.879655503324543 ], [ 18.56185619568268, -33.879762563332129 ] ] ] } },
{ "type": "Feature", "properties": { }, "geometry": { "type": "Polygon", "coordinates": [ [ [ 18.561984398865885, -33.875257108520557 ], [ 18.56211257356232, -33.870751649981628 ], [ 18.556711358272551, -33.870644626142465 ], [ 18.556582900289243, -33.875150066598124 ], [ 18.561984398865885, -33.875257108520557 ] ] ] } },
{ "type": "Feature", "properties": { }, "geometry": { "type": "Polygon", "coordinates": [ [ [ 18.56211257356232, -33.870751649981628 ], [ 18.562240719778039, -33.866246187715632 ], [ 18.556839787712306, -33.866139181957898 ], [ 18.556711358272551, -33.870644626142465 ], [ 18.56211257356232, -33.870751649981628 ] ] ] } },
{ "type": "Feature", "properties": { }, "geometry": { "type": "Polygon", "coordinates": [ [ [ 18.562240719778039, -33.866246187715632 ], [ 18.562368837519081, -33.861740721722931 ], [ 18.556968188614562, -33.861633734044752 ], [ 18.556839787712306, -33.866139181957898 ], [ 18.562240719778039, -33.866246187715632 ] ] ] } },
{ "type": "Feature", "properties": { }, "geometry": { "type": "Polygon", "coordinates": [ [ [ 18.562368837519081, -33.861740721722931 ], [ 18.562496926791496, -33.857235252003839 ], [ 18.557096560985379, -33.857128282403359 ], [ 18.556968188614562, -33.861633734044752 ], [ 18.562368837519081, -33.861740721722931 ] ] ] } },
{ "type": "Feature", "properties": { }, "geometry": { "type": "Polygon", "coordinates": [ [ [ 18.562633910888685, -34.042063925755912 ], [ 18.562762858015134, -34.037558587233889 ], [ 18.557351090442058, -34.037451130963973 ], [ 18.557221857688194, -34.041956451373473 ], [ 18.562633910888685, -34.042063925755912 ] ] ] } },
{ "type": "Feature", "properties": { }, "geometry": { "type": "Polygon", "coordinates": [ [ [ 18.562762858015134, -34.037558587233889 ], [ 18.562891776498962, -34.033053244974674 ], [ 18.557480294489967, -34.032945806815384 ], [ 18.557351090442058, -34.037451130963973 ], [ 18.562762858015134, -34.037558587233889 ] ] ] } },
{ "type": "Feature", "properties": { }, "geometry": { "type": "Polygon", "coordinates": [ [ [ 18.562891776498962, -34.033053244974674 ], [ 18.563020666346279, -34.028547898978573 ], [ 18.557609469838038, -34.028440478928054 ], [ 18.557480294489967, -34.032945806815384 ], [ 18.562891776498962, -34.033053244974674 ] ] ] } },
{ "type": "Feature", "properties": { }, "geometry": { "type": "Polygon", "coordinates": [ [ [ 18.563020666346279, -34.028547898978573 ], [ 18.563149527563194, -34.024042549245934 ], [ 18.557738616492397, -34.023935147302275 ], [ 18.557609469838038, -34.028440478928054 ], [ 18.563020666346279, -34.028547898978573 ] ] ] } },
{ "type": "Feature", "properties": { }, "geometry": { "type": "Polygon", "coordinates": [ [ [ 18.563149527563194, -34.024042549245934 ], [ 18.563278360155813, -34.019537195777055 ], [ 18.557867734459169, -34.019429811938423 ], [ 18.557738616492397, -34.023935147302275 ], [ 18.563149527563194, -34.024042549245934 ] ] ] } },
{ "type": "Feature", "properties": { }, "geometry": { "type": "Polygon", "coordinates": [ [ [ 18.563278360155813, -34.019537195777055 ], [ 18.56340716413024, -34.015031838572284 ], [ 18.557996823744464, -34.014924472836775 ], [ 18.557867734459169, -34.019429811938423 ], [ 18.563278360155813, -34.019537195777055 ] ] ] } },
{ "type": "Feature", "properties": { }, "geometry": { "type": "Polygon", "coordinates": [ [ [ 18.56340716413024, -34.015031838572284 ], [ 18.563535939492581, -34.010526477631949 ], [ 18.558125884354407, -34.010419129997679 ], [ 18.557996823744464, -34.014924472836775 ], [ 18.56340716413024, -34.015031838572284 ] ] ] } },
{ "type": "Feature", "properties": { }, "geometry": { "type": "Polygon", "coordinates": [ [ [ 18.563535939492581, -34.010526477631949 ], [ 18.563664686248938, -34.00602111295634 ], [ 18.558254916295109, -34.005913783421455 ], [ 18.558125884354407, -34.010419129997679 ], [ 18.563535939492581, -34.010526477631949 ] ] ] } },
{ "type": "Feature", "properties": { }, "geometry": { "type": "Polygon", "coordinates": [ [ [ 18.563664686248938, -34.00602111295634 ], [ 18.563793404405406, -34.001515744545813 ], [ 18.558383919572684, -34.001408433108423 ], [ 18.558254916295109, -34.005913783421455 ], [ 18.563664686248938, -34.00602111295634 ] ] ] } },
{ "type": "Feature", "properties": { }, "geometry": { "type": "Polygon", "coordinates": [ [ [ 18.563793404405406, -34.001515744545813 ], [ 18.563922093968085, -33.997010372400666 ], [ 18.558512894193239, -33.996903079058917 ], [ 18.558383919572684, -34.001408433108423 ], [ 18.563793404405406, -34.001515744545813 ] ] ] } },
{ "type": "Feature", "properties": { }, "geometry": { "type": "Polygon", "coordinates": [ [ [ 18.563922093968085, -33.997010372400666 ], [ 18.564050754943068, -33.992504996521241 ], [ 18.558641840162888, -33.992397721273257 ], [ 18.558512894193239, -33.996903079058917 ], [ 18.563922093968085, -33.997010372400666 ] ] ] } },
{ "type": "Feature", "properties": { }, "geometry": { "type": "Polygon", "coordinates": [ [ [ 18.564050754943068, -33.992504996521241 ], [ 18.564179387336452, -33.987999616907878 ], [ 18.558770757487732, -33.987892359751775 ], [ 18.558641840162888, -33.992397721273257 ], [ 18.564050754943068, -33.992504996521241 ] ] ] } },
{ "type": "Feature", "properties": { }, "geometry": { "type": "Polygon", "coordinates": [ [ [ 18.564179387336452, -33.987999616907878 ], [ 18.564307991154319, -33.983494233560862 ], [ 18.558899646173874, -33.983386994494779 ], [ 18.558770757487732, -33.987892359751775 ], [ 18.564179387336452, -33.987999616907878 ] ] ] } },
{ "type": "Feature", "properties": { }, "geometry": { "type": "Polygon", "coordinates": [ [ [ 18.564307991154319, -33.983494233560862 ], [ 18.564436566402769, -33.978988846480547 ], [ 18.559028506227421, -33.978881625502602 ], [ 18.558899646173874, -33.983386994494779 ], [ 18.564307991154319, -33.983494233560862 ] ] ] } },
{ "type": "Feature", "properties": { }, "geometry": { "type": "Polygon", "coordinates": [ [ [ 18.564436566402769, -33.978988846480547 ], [ 18.56456511308788, -33.97448345566724 ], [ 18.559157337654472, -33.974376252775571 ], [ 18.559028506227421, -33.978881625502602 ], [ 18.564436566402769, -33.978988846480547 ] ] ] } },
{ "type": "Feature", "properties": { }, "geometry": { "type": "Polygon", "coordinates": [ [ [ 18.56456511308788, -33.97448345566724 ], [ 18.564693631215743, -33.969978061121282 ], [ 18.559286140461122, -33.969870876314005 ], [ 18.559157337654472, -33.974376252775571 ], [ 18.56456511308788, -33.97448345566724 ] ] ] } },
{ "type": "Feature", "properties": { }, "geometry": { "type": "Polygon", "coordinates": [ [ [ 18.564693631215743, -33.969978061121282 ], [ 18.564822120792432, -33.965472662842984 ], [ 18.559414914653473, -33.965365496118238 ], [ 18.559286140461122, -33.969870876314005 ], [ 18.564693631215743, -33.969978061121282 ] ] ] } },
{ "type": "Feature", "properties": { }, "geometry": { "type": "Polygon", "coordinates": [ [ [ 18.564822120792432, -33.965472662842984 ], [ 18.564950581824036, -33.960967260832675 ], [ 18.559543660237608, -33.960860112188584 ], [ 18.559414914653473, -33.965365496118238 ], [ 18.564822120792432, -33.965472662842984 ] ] ] } },
{ "type": "Feature", "properties": { }, "geometry": { "type": "Polygon", "coordinates": [ [ [ 18.564950581824036, -33.960967260832675 ], [ 18.565079014316623, -33.95646185509068 ], [ 18.559672377219627, -33.956354724525383 ], [ 18.559543660237608, -33.960860112188584 ], [ 18.564950581824036, -33.960967260832675 ] ] ] } },
{ "type": "Feature", "properties": { }, "geometry": { "type": "Polygon", "coordinates": [ [ [ 18.565079014316623, -33.95646185509068 ], [ 18.565207418276284, -33.951956445617327 ], [ 18.559801065605622, -33.951849333128955 ], [ 18.559672377219627, -33.956354724525383 ], [ 18.565079014316623, -33.95646185509068 ] ] ] } },
{ "type": "Feature", "properties": { }, "geometry": { "type": "Polygon", "coordinates": [ [ [ 18.565207418276284, -33.951956445617327 ], [ 18.565335793709078, -33.947451032412921 ], [ 18.559929725401673, -33.947343937999619 ], [ 18.559801065605622, -33.951849333128955 ], [ 18.565207418276284, -33.951956445617327 ] ] ] } },
{ "type": "Feature", "properties": { }, "geometry": { "type": "Polygon", "coordinates": [ [ [ 18.565335793709078, -33.947451032412921 ], [ 18.565464140621089, -33.942945615477811 ], [ 18.560058356613869, -33.942838539137689 ], [ 18.559929725401673, -33.947343937999619 ], [ 18.565335793709078, -33.947451032412921 ] ] ] } },
{ "type": "Feature", "properties": { }, "geometry": { "type": "Polygon", "coordinates": [ [ [ 18.565464140621089, -33.942945615477811 ], [ 18.565592459018379, -33.93844019481233 ], [ 18.560186959248291, -33.938333136543513 ], [ 18.560058356613869, -33.942838539137689 ], [ 18.565464140621089, -33.942945615477811 ] ] ] } },
{ "type": "Feature", "properties": { }, "geometry": { "type": "Polygon", "coordinates": [ [ [ 18.565592459018379, -33.93844019481233 ], [ 18.565720748907019, -33.933934770416762 ], [ 18.560315533311023, -33.933827730217416 ], [ 18.560186959248291, -33.938333136543513 ], [ 18.565592459018379, -33.93844019481233 ] ] ] } },
{ "type": "Feature", "properties": { }, "geometry": { "type": "Polygon", "coordinates": [ [ [ 18.565720748907019, -33.933934770416762 ], [ 18.565849010293075, -33.929429342291463 ], [ 18.560444078808143, -33.929322320159706 ], [ 18.560315533311023, -33.933827730217416 ], [ 18.565720748907019, -33.933934770416762 ] ] ] } },
{ "type": "Feature", "properties": { }, "geometry": { "type": "Polygon", "coordinates": [ [ [ 18.565849010293075, -33.929429342291463 ], [ 18.565977243182608, -33.924923910436753 ], [ 18.560572595745732, -33.924816906370715 ], [ 18.560444078808143, -33.929322320159706 ], [ 18.565849010293075, -33.929429342291463 ] ] ] } },
{ "type": "Feature", "properties": { }, "geometry": { "type": "Polygon", "coordinates": [ [ [ 18.565977243182608, -33.924923910436753 ], [ 18.566105447581684, -33.920418474852951 ], [ 18.560701084129857, -33.920311488850778 ], [ 18.560572595745732, -33.924816906370715 ], [ 18.565977243182608, -33.924923910436753 ] ] ] } },
{ "type": "Feature", "properties": { }, "geometry": { "type": "Polygon", "coordinates": [ [ [ 18.566105447581684, -33.920418474852951 ], [ 18.566233623496359, -33.915913035540392 ], [ 18.560829543966594, -33.915806067600208 ], [ 18.560701084129857, -33.920311488850778 ], [ 18.566105447581684, -33.920418474852951 ] ] ] } },
{ "type": "Feature", "properties": { }, "geometry": { "type": "Polygon", "coordinates": [ [ [ 18.566233623496359, -33.915913035540392 ], [ 18.566361770932698, -33.911407592499387 ], [ 18.560957975262021, -33.911300642619331 ], [ 18.560829543966594, -33.915806067600208 ], [ 18.566233623496359, -33.915913035540392 ] ] ] } },
{ "type": "Feature", "properties": { }, "geometry": { "type": "Polygon", "coordinates": [ [ [ 18.566361770932698, -33.911407592499387 ], [ 18.566489889896744, -33.906902145730285 ], [ 18.5610863780222, -33.906795213908488 ], [ 18.560957975262021, -33.911300642619331 ], [ 18.566361770932698, -33.911407592499387 ] ] ] } },
{ "type": "Feature", "properties": { }, "geometry": { "type": "Polygon", "coordinates": [ [ [ 18.566489889896744, -33.906902145730285 ], [ 18.566617980394561, -33.902396695233385 ], [ 18.561214752253196, -33.902289781467985 ], [ 18.5610863780222, -33.906795213908488 ], [ 18.566489889896744, -33.906902145730285 ] ] ] } },
{ "type": "Feature", "properties": { }, "geometry": { "type": "Polygon", "coordinates": [ [ [ 18.566617980394561, -33.902396695233385 ], [ 18.566746042432193, -33.897891241009006 ], [ 18.561343097961078, -33.897784345298163 ], [ 18.561214752253196, -33.902289781467985 ], [ 18.566617980394561, -33.902396695233385 ] ] ] } },
{ "type": "Feature", "properties": { }, "geometry": { "type": "Polygon", "coordinates": [ [ [ 18.566746042432193, -33.897891241009006 ], [ 18.566874076015697, -33.893385783057489 ], [ 18.56147141515191, -33.893278905399335 ], [ 18.561343097961078, -33.897784345298163 ], [ 18.566746042432193, -33.897891241009006 ] ] ] } },
{ "type": "Feature", "properties": { }, "geometry": { "type": "Polygon", "coordinates": [ [ [ 18.566874076015697, -33.893385783057489 ], [ 18.567002081151113, -33.888880321379183 ], [ 18.56159970383175, -33.888773461771841 ], [ 18.56147141515191, -33.893278905399335 ], [ 18.566874076015697, -33.893385783057489 ] ] ] } },
{ "type": "Feature", "properties": { }, "geometry": { "type": "Polygon", "coordinates": [ [ [ 18.567002081151113, -33.888880321379183 ], [ 18.567130057844491, -33.884374855974379 ], [ 18.561727964006653, -33.88426801441598 ], [ 18.56159970383175, -33.888773461771841 ], [ 18.567002081151113, -33.888880321379183 ] ] ] } },
{ "type": "Feature", "properties": { }, "geometry": { "type": "Polygon", "coordinates": [ [ [ 18.567130057844491, -33.884374855974379 ], [ 18.567258006101873, -33.87986938684341 ], [ 18.56185619568268, -33.879762563332129 ], [ 18.561727964006653, -33.88426801441598 ], [ 18.567130057844491, -33.884374855974379 ] ] ] } },
{ "type": "Feature", "properties": { }, "geometry": { "type": "Polygon", "coordinates": [ [ [ 18.567258006101873, -33.87986938684341 ], [ 18.567385925929297, -33.875363913986611 ], [ 18.561984398865885, -33.875257108520557 ], [ 18.56185619568268, -33.879762563332129 ], [ 18.567258006101873, -33.87986938684341 ] ] ] } },
{ "type": "Feature", "properties": { }, "geometry": { "type": "Polygon", "coordinates": [ [ [ 18.567385925929297, -33.875363913986611 ], [ 18.567513817332806, -33.870858437404287 ], [ 18.56211257356232, -33.870751649981628 ], [ 18.561984398865885, -33.875257108520557 ], [ 18.567385925929297, -33.875363913986611 ] ] ] } },
{ "type": "Feature", "properties": { }, "geometry": { "type": "Polygon", "coordinates": [ [ [ 18.567513817332806, -33.870858437404287 ], [ 18.567641680318438, -33.86635295709678 ], [ 18.562240719778039, -33.866246187715632 ], [ 18.56211257356232, -33.870751649981628 ], [ 18.567513817332806, -33.870858437404287 ] ] ] } },
{ "type": "Feature", "properties": { }, "geometry": { "type": "Polygon", "coordinates": [ [ [ 18.567641680318438, -33.86635295709678 ], [ 18.567769514892223, -33.861847473064415 ], [ 18.562368837519081, -33.861740721722931 ], [ 18.562240719778039, -33.866246187715632 ], [ 18.567641680318438, -33.86635295709678 ] ] ] } },
{ "type": "Feature", "properties": { }, "geometry": { "type": "Polygon", "coordinates": [ [ [ 18.567769514892223, -33.861847473064415 ], [ 18.567897321060197, -33.857341985307521 ], [ 18.562496926791496, -33.857235252003839 ], [ 18.562368837519081, -33.861740721722931 ], [ 18.567769514892223, -33.861847473064415 ] ] ] } },
{ "type": "Feature", "properties": { }, "geometry": { "type": "Polygon", "coordinates": [ [ [ 18.568045992737911, -34.042171162198535 ], [ 18.568174654230834, -34.037665805604057 ], [ 18.562762858015134, -34.037558587233889 ], [ 18.562633910888685, -34.042063925755912 ], [ 18.568045992737911, -34.042171162198535 ] ] ] } },
{ "type": "Feature", "properties": { }, "geometry": { "type": "Polygon", "coordinates": [ [ [ 18.568174654230834, -34.037665805604057 ], [ 18.568303287144474, -34.033160445274248 ], [ 18.562891776498962, -34.033053244974674 ], [ 18.562762858015134, -34.037558587233889 ], [ 18.568174654230834, -34.037665805604057 ] ] ] } },
{ "type": "Feature", "properties": { }, "geometry": { "type": "Polygon", "coordinates": [ [ [ 18.568303287144474, -34.033160445274248 ], [ 18.568431891484924, -34.028655081209443 ], [ 18.563020666346279, -34.028547898978573 ], [ 18.562891776498962, -34.033053244974674 ], [ 18.568303287144474, -34.033160445274248 ] ] ] } },
{ "type": "Feature", "properties": { }, "geometry": { "type": "Polygon", "coordinates": [ [ [ 18.568431891484924, -34.028655081209443 ], [ 18.568560467258287, -34.024149713409948 ], [ 18.563149527563194, -34.024042549245934 ], [ 18.563020666346279, -34.028547898978573 ], [ 18.568431891484924, -34.028655081209443 ] ] ] } },
{ "type": "Feature", "properties": { }, "geometry": { "type": "Polygon", "coordinates": [ [ [ 18.568560467258287, -34.024149713409948 ], [ 18.568689014470646, -34.019644341876116 ], [ 18.563278360155813, -34.019537195777055 ], [ 18.563149527563194, -34.024042549245934 ], [ 18.568560467258287, -34.024149713409948 ] ] ] } },
{ "type": "Feature", "properties": { }, "geometry": { "type": "Polygon", "coordinates": [ [ [ 18.568689014470646, -34.019644341876116 ], [ 18.568817533128101, -34.015138966608255 ], [ 18.56340716413024, -34.015031838572284 ], [ 18.563278360155813, -34.019537195777055 ], [ 18.568689014470646, -34.019644341876116 ] ] ] } },
{ "type": "Feature", "properties": { }, "geometry": { "type": "Polygon", "coordinates": [ [ [ 18.568817533128101, -34.015138966608255 ], [ 18.568946023236741, -34.010633587606684 ], [ 18.563535939492581, -34.010526477631949 ], [ 18.56340716413024, -34.015031838572284 ], [ 18.568817533128101, -34.015138966608255 ] ] ] } },
{ "type": "Feature", "properties": { }, "geometry": { "type": "Polygon", "coordinates": [ [ [ 18.568946023236741, -34.010633587606684 ], [ 18.569074484802648, -34.006128204871729 ], [ 18.563664686248938, -34.00602111295634 ], [ 18.563535939492581, -34.010526477631949 ], [ 18.568946023236741, -34.010633587606684 ] ] ] } },
{ "type": "Feature", "properties": { }, "geometry": { "type": "Polygon", "coordinates": [ [ [ 18.569074484802648, -34.006128204871729 ], [ 18.569202917831916, -34.001622818403717 ], [ 18.563793404405406, -34.001515744545813 ], [ 18.563664686248938, -34.00602111295634 ], [ 18.569074484802648, -34.006128204871729 ] ] ] } },
{ "type": "Feature", "properties": { }, "geometry": { "type": "Polygon", "coordinates": [ [ [ 18.569202917831916, -34.001622818403717 ], [ 18.569331322330619, -33.997117428202955 ], [ 18.563922093968085, -33.997010372400666 ], [ 18.563793404405406, -34.001515744545813 ], [ 18.569202917831916, -34.001622818403717 ] ] ] } },
{ "type": "Feature", "properties": { }, "geometry": { "type": "Polygon", "coordinates": [ [ [ 18.569331322330619, -33.997117428202955 ], [ 18.569459698304851, -33.99261203426979 ], [ 18.564050754943068, -33.992504996521241 ], [ 18.563922093968085, -33.997010372400666 ], [ 18.569331322330619, -33.997117428202955 ] ] ] } },
{ "type": "Feature", "properties": { }, "geometry": { "type": "Polygon", "coordinates": [ [ [ 18.569459698304851, -33.99261203426979 ], [ 18.569588045760682, -33.988106636604542 ], [ 18.564179387336452, -33.987999616907878 ], [ 18.564050754943068, -33.992504996521241 ], [ 18.569459698304851, -33.99261203426979 ] ] ] } },
{ "type": "Feature", "properties": { }, "geometry": { "type": "Polygon", "coordinates": [ [ [ 18.569588045760682, -33.988106636604542 ], [ 18.569716364704188, -33.98360123520753 ], [ 18.564307991154319, -33.983494233560862 ], [ 18.564179387336452, -33.987999616907878 ], [ 18.569588045760682, -33.988106636604542 ] ] ] } },
{ "type": "Feature", "properties": { }, "geometry": { "type": "Polygon", "coordinates": [ [ [ 18.569716364704188, -33.98360123520753 ], [ 18.569844655141452, -33.979095830079068 ], [ 18.564436566402769, -33.978988846480547 ], [ 18.564307991154319, -33.983494233560862 ], [ 18.569716364704188, -33.98360123520753 ] ] ] } },
{ "type": "Feature", "properties": { }, "geometry": { "type": "Polygon", "coordinates": [ [ [ 18.569844655141452, -33.979095830079068 ], [ 18.569972917078541, -33.974590421219489 ], [ 18.56456511308788, -33.97448345566724 ], [ 18.564436566402769, -33.978988846480547 ], [ 18.569844655141452, -33.979095830079068 ] ] ] } },
{ "type": "Feature", "properties": { }, "geometry": { "type": "Polygon", "coordinates": [ [ [ 18.569972917078541, -33.974590421219489 ], [ 18.570101150521527, -33.97008500862912 ], [ 18.564693631215743, -33.969978061121282 ], [ 18.56456511308788, -33.97448345566724 ], [ 18.569972917078541, -33.974590421219489 ] ] ] } },
{ "type": "Feature", "properties": { }, "geometry": { "type": "Polygon", "coordinates": [ [ [ 18.570101150521527, -33.97008500862912 ], [ 18.570229355476481, -33.965579592308274 ], [ 18.564822120792432, -33.965472662842984 ], [ 18.564693631215743, -33.969978061121282 ], [ 18.570101150521527, -33.97008500862912 ] ] ] } },
{ "type": "Feature", "properties": { }, "geometry": { "type": "Polygon", "coordinates": [ [ [ 18.570229355476481, -33.965579592308274 ], [ 18.570357531949472, -33.961074172257291 ], [ 18.564950581824036, -33.960967260832675 ], [ 18.564822120792432, -33.965472662842984 ], [ 18.570229355476481, -33.965579592308274 ] ] ] } },
{ "type": "Feature", "properties": { }, "geometry": { "type": "Polygon", "coordinates": [ [ [ 18.570357531949472, -33.961074172257291 ], [ 18.570485679946554, -33.956568748476492 ], [ 18.565079014316623, -33.95646185509068 ], [ 18.564950581824036, -33.960967260832675 ], [ 18.570357531949472, -33.961074172257291 ] ] ] } },
{ "type": "Feature", "properties": { }, "geometry": { "type": "Polygon", "coordinates": [ [ [ 18.570485679946554, -33.956568748476492 ], [ 18.570613799473804, -33.952063320966182 ], [ 18.565207418276284, -33.951956445617327 ], [ 18.565079014316623, -33.95646185509068 ], [ 18.570485679946554, -33.956568748476492 ] ] ] } },
{ "type": "Feature", "properties": { }, "geometry": { "type": "Polygon", "coordinates": [ [ [ 18.570613799473804, -33.952063320966182 ], [ 18.570741890537278, -33.947557889726703 ], [ 18.565335793709078, -33.947451032412921 ], [ 18.565207418276284, -33.951956445617327 ], [ 18.570613799473804, -33.952063320966182 ] ] ] } },
{ "type": "Feature", "properties": { }, "geometry": { "type": "Polygon", "coordinates": [ [ [ 18.570741890537278, -33.947557889726703 ], [ 18.570869953143028, -33.943052454758373 ], [ 18.565464140621089, -33.942945615477811 ], [ 18.565335793709078, -33.947451032412921 ], [ 18.570741890537278, -33.947557889726703 ] ] ] } },
{ "type": "Feature", "properties": { }, "geometry": { "type": "Polygon", "coordinates": [ [ [ 18.570869953143028, -33.943052454758373 ], [ 18.570997987297119, -33.938547016061527 ], [ 18.565592459018379, -33.93844019481233 ], [ 18.565464140621089, -33.942945615477811 ], [ 18.570869953143028, -33.943052454758373 ] ] ] } },
{ "type": "Feature", "properties": { }, "geometry": { "type": "Polygon", "coordinates": [ [ [ 18.570997987297119, -33.938547016061527 ], [ 18.571125993005598, -33.93404157363647 ], [ 18.565720748907019, -33.933934770416762 ], [ 18.565592459018379, -33.93844019481233 ], [ 18.570997987297119, -33.938547016061527 ] ] ] } },
{ "type": "Feature", "properties": { }, "geometry": { "type": "Polygon", "coordinates": [ [ [ 18.571125993005598, -33.93404157363647 ], [ 18.571253970274526, -33.929536127483537 ], [ 18.565849010293075, -33.929429342291463 ], [ 18.565720748907019, -33.933934770416762 ], [ 18.571125993005598, -33.93404157363647 ] ] ] } },
{ "type": "Feature", "properties": { }, "geometry": { "type": "Polygon", "coordinates": [ [ [ 18.571253970274526, -33.929536127483537 ], [ 18.57138191910995, -33.925030677603061 ], [ 18.565977243182608, -33.924923910436753 ], [ 18.565849010293075, -33.929429342291463 ], [ 18.571253970274526, -33.929536127483537 ] ] ] } },
{ "type": "Feature", "properties": { }, "geometry": { "type": "Polygon", "coordinates": [ [ [ 18.57138191910995, -33.925030677603061 ], [ 18.571509839517912, -33.920525223995348 ], [ 18.566105447581684, -33.920418474852951 ], [ 18.565977243182608, -33.924923910436753 ], [ 18.57138191910995, -33.925030677603061 ] ] ] } },
{ "type": "Feature", "properties": { }, "geometry": { "type": "Polygon", "coordinates": [ [ [ 18.571509839517912, -33.920525223995348 ], [ 18.571637731504467, -33.916019766660732 ], [ 18.566233623496359, -33.915913035540392 ], [ 18.566105447581684, -33.920418474852951 ], [ 18.571509839517912, -33.920525223995348 ] ] ] } },
{ "type": "Feature", "properties": { }, "geometry": { "type": "Polygon", "coordinates": [ [ [ 18.571637731504467, -33.916019766660732 ], [ 18.571765595075654, -33.911514305599532 ], [ 18.566361770932698, -33.911407592499387 ], [ 18.566233623496359, -33.915913035540392 ], [ 18.571637731504467, -33.916019766660732 ] ] ] } },
{ "type": "Feature", "properties": { }, "geometry": { "type": "Polygon", "coordinates": [ [ [ 18.571765595075654, -33.911514305599532 ], [ 18.571893430237523, -33.907008840812097 ], [ 18.566489889896744, -33.906902145730285 ], [ 18.566361770932698, -33.911407592499387 ], [ 18.571765595075654, -33.911514305599532 ] ] ] } },
{ "type": "Feature", "properties": { }, "geometry": { "type": "Polygon", "coordinates": [ [ [ 18.571893430237523, -33.907008840812097 ], [ 18.572021236996104, -33.902503372298717 ], [ 18.566617980394561, -33.902396695233385 ], [ 18.566489889896744, -33.906902145730285 ], [ 18.571893430237523, -33.907008840812097 ] ] ] } },
{ "type": "Feature", "properties": { }, "geometry": { "type": "Polygon", "coordinates": [ [ [ 18.572021236996104, -33.902503372298717 ], [ 18.572149015357439, -33.897997900059735 ], [ 18.566746042432193, -33.897891241009006 ], [ 18.566617980394561, -33.902396695233385 ], [ 18.572021236996104, -33.902503372298717 ] ] ] } },
{ "type": "Feature", "properties": { }, "geometry": { "type": "Polygon", "coordinates": [ [ [ 18.572149015357439, -33.897997900059735 ], [ 18.572276765327569, -33.893492424095463 ], [ 18.566874076015697, -33.893385783057489 ], [ 18.566746042432193, -33.897891241009006 ], [ 18.572149015357439, -33.897997900059735 ] ] ] } },
{ "type": "Feature", "properties": { }, "geometry": { "type": "Polygon", "coordinates": [ [ [ 18.572276765327569, -33.893492424095463 ], [ 18.572404486912518, -33.888986944406255 ], [ 18.567002081151113, -33.888880321379183 ], [ 18.566874076015697, -33.893385783057489 ], [ 18.572276765327569, -33.893492424095463 ] ] ] } },
{ "type": "Feature", "properties": { }, "geometry": { "type": "Polygon", "coordinates": [ [ [ 18.572404486912518, -33.888986944406255 ], [ 18.572532180118326, -33.884481460992404 ], [ 18.567130057844491, -33.884374855974379 ], [ 18.567002081151113, -33.888880321379183 ], [ 18.572404486912518, -33.888986944406255 ] ] ] } },
{ "type": "Feature", "properties": { }, "geometry": { "type": "Polygon", "coordinates": [ [ [ 18.572532180118326, -33.884481460992404 ], [ 18.572659844951019, -33.879975973854251 ], [ 18.567258006101873, -33.87986938684341 ], [ 18.567130057844491, -33.884374855974379 ], [ 18.572532180118326, -33.884481460992404 ] ] ] } },
{ "type": "Feature", "properties": { }, "geometry": { "type": "Polygon", "coordinates": [ [ [ 18.572659844951019, -33.879975973854251 ], [ 18.572787481416626, -33.875470482992121 ], [ 18.567385925929297, -33.875363913986611 ], [ 18.567258006101873, -33.87986938684341 ], [ 18.572659844951019, -33.879975973854251 ] ] ] } },
{ "type": "Feature", "properties": { }, "geometry": { "type": "Polygon", "coordinates": [ [ [ 18.572787481416626, -33.875470482992121 ], [ 18.572915089521175, -33.870964988406321 ], [ 18.567513817332806, -33.870858437404287 ], [ 18.567385925929297, -33.875363913986611 ], [ 18.572787481416626, -33.875470482992121 ] ] ] } },
{ "type": "Feature", "properties": { }, "geometry": { "type": "Polygon", "coordinates": [ [ [ 18.572915089521175, -33.870964988406321 ], [ 18.573042669270681, -33.866459490097192 ], [ 18.567641680318438, -33.86635295709678 ], [ 18.567513817332806, -33.870858437404287 ], [ 18.572915089521175, -33.870964988406321 ] ] ] } },
{ "type": "Feature", "properties": { }, "geometry": { "type": "Polygon", "coordinates": [ [ [ 18.573042669270681, -33.866459490097192 ], [ 18.57317022067118, -33.861953988065061 ], [ 18.567769514892223, -33.861847473064415 ], [ 18.567641680318438, -33.86635295709678 ], [ 18.573042669270681, -33.866459490097192 ] ] ] } },
{ "type": "Feature", "properties": { }, "geometry": { "type": "Polygon", "coordinates": [ [ [ 18.57317022067118, -33.861953988065061 ], [ 18.573297743728681, -33.857448482310247 ], [ 18.567897321060197, -33.857341985307521 ], [ 18.567769514892223, -33.861847473064415 ], [ 18.57317022067118, -33.861953988065061 ] ] ] } },
{ "type": "Feature", "properties": { }, "geometry": { "type": "Polygon", "coordinates": [ [ [ 18.573458103172523, -34.042278160697165 ], [ 18.57358647902582, -34.037772786070278 ], [ 18.568174654230834, -34.037665805604057 ], [ 18.568045992737911, -34.042171162198535 ], [ 18.573458103172523, -34.042278160697165 ] ] ] } },
{ "type": "Feature", "properties": { }, "geometry": { "type": "Polygon", "coordinates": [ [ [ 18.57358647902582, -34.037772786070278 ], [ 18.573714826363176, -34.033267407709928 ], [ 18.568303287144474, -34.033160445274248 ], [ 18.568174654230834, -34.037665805604057 ], [ 18.57358647902582, -34.037772786070278 ] ] ] } },
{ "type": "Feature", "properties": { }, "geometry": { "type": "Polygon", "coordinates": [ [ [ 18.573714826363176, -34.033267407709928 ], [ 18.573843145190665, -34.028762025616459 ], [ 18.568431891484924, -34.028655081209443 ], [ 18.568303287144474, -34.033160445274248 ], [ 18.573714826363176, -34.033267407709928 ] ] ] } },
{ "type": "Feature", "properties": { }, "geometry": { "type": "Polygon", "coordinates": [ [ [ 18.573843145190665, -34.028762025616459 ], [ 18.573971435514377, -34.024256639790181 ], [ 18.568560467258287, -34.024149713409948 ], [ 18.568431891484924, -34.028655081209443 ], [ 18.573843145190665, -34.028762025616459 ] ] ] } },
{ "type": "Feature", "properties": { }, "geometry": { "type": "Polygon", "coordinates": [ [ [ 18.573971435514377, -34.024256639790181 ], [ 18.574099697340387, -34.019751250231423 ], [ 18.568689014470646, -34.019644341876116 ], [ 18.568560467258287, -34.024149713409948 ], [ 18.573971435514377, -34.024256639790181 ] ] ] } },
{ "type": "Feature", "properties": { }, "geometry": { "type": "Polygon", "coordinates": [ [ [ 18.574099697340387, -34.019751250231423 ], [ 18.57422793067478, -34.015245856940489 ], [ 18.568817533128101, -34.015138966608255 ], [ 18.568689014470646, -34.019644341876116 ], [ 18.574099697340387, -34.019751250231423 ] ] ] } },
{ "type": "Feature", "properties": { }, "geometry": { "type": "Polygon", "coordinates": [ [ [ 18.57422793067478, -34.015245856940489 ], [ 18.574356135523626, -34.010740459917734 ], [ 18.568946023236741, -34.010633587606684 ], [ 18.568817533128101, -34.015138966608255 ], [ 18.57422793067478, -34.015245856940489 ] ] ] } },
{ "type": "Feature", "properties": { }, "geometry": { "type": "Polygon", "coordinates": [ [ [ 18.574356135523626, -34.010740459917734 ], [ 18.574484311893006, -34.006235059163451 ], [ 18.569074484802648, -34.006128204871729 ], [ 18.568946023236741, -34.010633587606684 ], [ 18.574356135523626, -34.010740459917734 ] ] ] } },
{ "type": "Feature", "properties": { }, "geometry": { "type": "Polygon", "coordinates": [ [ [ 18.574484311893006, -34.006235059163451 ], [ 18.574612459788987, -34.001729654677973 ], [ 18.569202917831916, -34.001622818403717 ], [ 18.569074484802648, -34.006128204871729 ], [ 18.574484311893006, -34.006235059163451 ] ] ] } },
{ "type": "Feature", "properties": { }, "geometry": { "type": "Polygon", "coordinates": [ [ [ 18.574612459788987, -34.001729654677973 ], [ 18.574740579217639, -33.997224246461627 ], [ 18.569331322330619, -33.997117428202955 ], [ 18.569202917831916, -34.001622818403717 ], [ 18.574612459788987, -34.001729654677973 ] ] ] } },
{ "type": "Feature", "properties": { }, "geometry": { "type": "Polygon", "coordinates": [ [ [ 18.574740579217639, -33.997224246461627 ], [ 18.574868670185033, -33.992718834514719 ], [ 18.569459698304851, -33.99261203426979 ], [ 18.569331322330619, -33.997117428202955 ], [ 18.574740579217639, -33.997224246461627 ] ] ] } },
{ "type": "Feature", "properties": { }, "geometry": { "type": "Polygon", "coordinates": [ [ [ 18.574868670185033, -33.992718834514719 ], [ 18.574996732697233, -33.98821341883761 ], [ 18.569588045760682, -33.988106636604542 ], [ 18.569459698304851, -33.99261203426979 ], [ 18.574868670185033, -33.992718834514719 ] ] ] } },
{ "type": "Feature", "properties": { }, "geometry": { "type": "Polygon", "coordinates": [ [ [ 18.574996732697233, -33.98821341883761 ], [ 18.575124766760304, -33.983707999430592 ], [ 18.569716364704188, -33.98360123520753 ], [ 18.569588045760682, -33.988106636604542 ], [ 18.574996732697233, -33.98821341883761 ] ] ] } },
{ "type": "Feature", "properties": { }, "geometry": { "type": "Polygon", "coordinates": [ [ [ 18.575124766760304, -33.983707999430592 ], [ 18.575252772380306, -33.979202576293993 ], [ 18.569844655141452, -33.979095830079068 ], [ 18.569716364704188, -33.98360123520753 ], [ 18.575124766760304, -33.983707999430592 ] ] ] } },
{ "type": "Feature", "properties": { }, "geometry": { "type": "Polygon", "coordinates": [ [ [ 18.575252772380306, -33.979202576293993 ], [ 18.575380749563305, -33.974697149428145 ], [ 18.569972917078541, -33.974590421219489 ], [ 18.569844655141452, -33.979095830079068 ], [ 18.575252772380306, -33.979202576293993 ] ] ] } },
{ "type": "Feature", "properties": { }, "geometry": { "type": "Polygon", "coordinates": [ [ [ 18.575380749563305, -33.974697149428145 ], [ 18.575508698315346, -33.970191718833355 ], [ 18.570101150521527, -33.97008500862912 ], [ 18.569972917078541, -33.974590421219489 ], [ 18.575380749563305, -33.974697149428145 ] ] ] } },
{ "type": "Feature", "properties": { }, "geometry": { "type": "Polygon", "coordinates": [ [ [ 18.575508698315346, -33.970191718833355 ], [ 18.575636618642498, -33.965686284509964 ], [ 18.570229355476481, -33.965579592308274 ], [ 18.570101150521527, -33.97008500862912 ], [ 18.575508698315346, -33.970191718833355 ] ] ] } },
{ "type": "Feature", "properties": { }, "geometry": { "type": "Polygon", "coordinates": [ [ [ 18.575636618642498, -33.965686284509964 ], [ 18.575764510550808, -33.961180846458291 ], [ 18.570357531949472, -33.961074172257291 ], [ 18.570229355476481, -33.965579592308274 ], [ 18.575636618642498, -33.965686284509964 ] ] ] } },
{ "type": "Feature", "properties": { }, "geometry": { "type": "Polygon", "coordinates": [ [ [ 18.575764510550808, -33.961180846458291 ], [ 18.575892374046322, -33.956675404678649 ], [ 18.570485679946554, -33.956568748476492 ], [ 18.570357531949472, -33.961074172257291 ], [ 18.575764510550808, -33.961180846458291 ] ] ] } },
{ "type": "Feature", "properties": { }, "geometry": { "type": "Polygon", "coordinates": [ [ [ 18.575892374046322, -33.956675404678649 ], [ 18.576020209135105, -33.952169959171385 ], [ 18.570613799473804, -33.952063320966182 ], [ 18.570485679946554, -33.956568748476492 ], [ 18.575892374046322, -33.956675404678649 ] ] ] } },
{ "type": "Feature", "properties": { }, "geometry": { "type": "Polygon", "coordinates": [ [ [ 18.576020209135105, -33.952169959171385 ], [ 18.57614801582319, -33.947664509936786 ], [ 18.570741890537278, -33.947557889726703 ], [ 18.570613799473804, -33.952063320966182 ], [ 18.576020209135105, -33.952169959171385 ] ] ] } },
{ "type": "Feature", "properties": { }, "geometry": { "type": "Polygon", "coordinates": [ [ [ 18.57614801582319, -33.947664509936786 ], [ 18.576275794116629, -33.943159056975205 ], [ 18.570869953143028, -33.943052454758373 ], [ 18.570741890537278, -33.947557889726703 ], [ 18.57614801582319, -33.947664509936786 ] ] ] } },
{ "type": "Feature", "properties": { }, "geometry": { "type": "Polygon", "coordinates": [ [ [ 18.576275794116629, -33.943159056975205 ], [ 18.576403544021463, -33.938653600286969 ], [ 18.570997987297119, -33.938547016061527 ], [ 18.570869953143028, -33.943052454758373 ], [ 18.576275794116629, -33.943159056975205 ] ] ] } },
{ "type": "Feature", "properties": { }, "geometry": { "type": "Polygon", "coordinates": [ [ [ 18.576403544021463, -33.938653600286969 ], [ 18.576531265543736, -33.934148139872384 ], [ 18.571125993005598, -33.93404157363647 ], [ 18.570997987297119, -33.938547016061527 ], [ 18.576403544021463, -33.938653600286969 ] ] ] } },
{ "type": "Feature", "properties": { }, "geometry": { "type": "Polygon", "coordinates": [ [ [ 18.576531265543736, -33.934148139872384 ], [ 18.576658958689482, -33.929642675731778 ], [ 18.571253970274526, -33.929536127483537 ], [ 18.571125993005598, -33.93404157363647 ], [ 18.576531265543736, -33.934148139872384 ] ] ] } },
{ "type": "Feature", "properties": { }, "geometry": { "type": "Polygon", "coordinates": [ [ [ 18.576658958689482, -33.929642675731778 ], [ 18.576786623464741, -33.925137207865468 ], [ 18.57138191910995, -33.925030677603061 ], [ 18.571253970274526, -33.929536127483537 ], [ 18.576658958689482, -33.929642675731778 ] ] ] } },
{ "type": "Feature", "properties": { }, "geometry": { "type": "Polygon", "coordinates": [ [ [ 18.576786623464741, -33.925137207865468 ], [ 18.576914259875551, -33.920631736273798 ], [ 18.571509839517912, -33.920525223995348 ], [ 18.57138191910995, -33.925030677603061 ], [ 18.576786623464741, -33.925137207865468 ] ] ] } },
{ "type": "Feature", "properties": { }, "geometry": { "type": "Polygon", "coordinates": [ [ [ 18.576914259875551, -33.920631736273798 ], [ 18.577041867927939, -33.916126260957078 ], [ 18.571637731504467, -33.916019766660732 ], [ 18.571509839517912, -33.920525223995348 ], [ 18.576914259875551, -33.920631736273798 ] ] ] } },
{ "type": "Feature", "properties": { }, "geometry": { "type": "Polygon", "coordinates": [ [ [ 18.577041867927939, -33.916126260957078 ], [ 18.577169447627941, -33.91162078191563 ], [ 18.571765595075654, -33.911514305599532 ], [ 18.571637731504467, -33.916019766660732 ], [ 18.577041867927939, -33.916126260957078 ] ] ] } },
{ "type": "Feature", "properties": { }, "geometry": { "type": "Polygon", "coordinates": [ [ [ 18.577169447627941, -33.91162078191563 ], [ 18.577296998981584, -33.907115299149801 ], [ 18.571893430237523, -33.907008840812097 ], [ 18.571765595075654, -33.911514305599532 ], [ 18.577169447627941, -33.91162078191563 ] ] ] } },
{ "type": "Feature", "properties": { }, "geometry": { "type": "Polygon", "coordinates": [ [ [ 18.577296998981584, -33.907115299149801 ], [ 18.577424521994892, -33.902609812659875 ], [ 18.572021236996104, -33.902503372298717 ], [ 18.571893430237523, -33.907008840812097 ], [ 18.577296998981584, -33.907115299149801 ] ] ] } },
{ "type": "Feature", "properties": { }, "geometry": { "type": "Polygon", "coordinates": [ [ [ 18.577424521994892, -33.902609812659875 ], [ 18.577552016673895, -33.898104322446201 ], [ 18.572149015357439, -33.897997900059735 ], [ 18.572021236996104, -33.902503372298717 ], [ 18.577424521994892, -33.902609812659875 ] ] ] } },
{ "type": "Feature", "properties": { }, "geometry": { "type": "Polygon", "coordinates": [ [ [ 18.577552016673895, -33.898104322446201 ], [ 18.577679483024614, -33.893598828509106 ], [ 18.572276765327569, -33.893492424095463 ], [ 18.572149015357439, -33.897997900059735 ], [ 18.577552016673895, -33.898104322446201 ] ] ] } },
{ "type": "Feature", "properties": { }, "geometry": { "type": "Polygon", "coordinates": [ [ [ 18.577679483024614, -33.893598828509106 ], [ 18.577806921053064, -33.889093330848915 ], [ 18.572404486912518, -33.888986944406255 ], [ 18.572276765327569, -33.893492424095463 ], [ 18.577679483024614, -33.893598828509106 ] ] ] } },
{ "type": "Feature", "properties": { }, "geometry": { "type": "Polygon", "coordinates": [ [ [ 18.577806921053064, -33.889093330848915 ], [ 18.577934330765274, -33.884587829465936 ], [ 18.572532180118326, -33.884481460992404 ], [ 18.572404486912518, -33.888986944406255 ], [ 18.577806921053064, -33.889093330848915 ] ] ] } },
{ "type": "Feature", "properties": { }, "geometry": { "type": "Polygon", "coordinates": [ [ [ 18.577934330765274, -33.884587829465936 ], [ 18.578061712167251, -33.880082324360501 ], [ 18.572659844951019, -33.879975973854251 ], [ 18.572532180118326, -33.884481460992404 ], [ 18.577934330765274, -33.884587829465936 ] ] ] } },
{ "type": "Feature", "properties": { }, "geometry": { "type": "Polygon", "coordinates": [ [ [ 18.578061712167251, -33.880082324360501 ], [ 18.578189065265015, -33.875576815532952 ], [ 18.572787481416626, -33.875470482992121 ], [ 18.572659844951019, -33.879975973854251 ], [ 18.578061712167251, -33.880082324360501 ] ] ] } },
{ "type": "Feature", "properties": { }, "geometry": { "type": "Polygon", "coordinates": [ [ [ 18.578189065265015, -33.875576815532952 ], [ 18.578316390064575, -33.87107130298358 ], [ 18.572915089521175, -33.870964988406321 ], [ 18.572787481416626, -33.875470482992121 ], [ 18.578189065265015, -33.875576815532952 ] ] ] } },
{ "type": "Feature", "properties": { }, "geometry": { "type": "Polygon", "coordinates": [ [ [ 18.578316390064575, -33.87107130298358 ], [ 18.578443686571944, -33.866565786712727 ], [ 18.573042669270681, -33.866459490097192 ], [ 18.572915089521175, -33.870964988406321 ], [ 18.578316390064575, -33.87107130298358 ] ] ] } },
{ "type": "Feature", "properties": { }, "geometry": { "type": "Polygon", "coordinates": [ [ [ 18.578443686571944, -33.866565786712727 ], [ 18.578570954793129, -33.862060266720718 ], [ 18.57317022067118, -33.861953988065061 ], [ 18.573042669270681, -33.866459490097192 ], [ 18.578443686571944, -33.866565786712727 ] ] ] } },
{ "type": "Feature", "properties": { }, "geometry": { "type": "Polygon", "coordinates": [ [ [ 18.578570954793129, -33.862060266720718 ], [ 18.578698194734137, -33.857554743007881 ], [ 18.573297743728681, -33.857448482310247 ], [ 18.57317022067118, -33.861953988065061 ], [ 18.578570954793129, -33.862060266720718 ] ] ] } }
]
}
